{
  "timestamp": 1778523972,
  "usdToBrl": 4.9019,
  "metals": {
    "XAU": {
      "name": "Ouro",
      "usd_oz": 4724.799805,
      "usd_g": 151.9058411180579,
      "brl_oz": 23160.4961641295,
      "brl_g": 744.6272425766081,
      "chg_1h": 0.0677674291254592,
      "chg_24h": 0.19296413308139282
    },
    "XAG": {
      "name": "Prata",
      "usd_oz": 85.742996,
      "usd_g": 2.756701334430883,
      "brl_oz": 420.30359209240004,
      "brl_g": 13.513074271246747,
      "chg_1h": 0.17992850179094735,
      "chg_24h": 6.5553932853956125
    },
    "XPT": {
      "name": "Platina",
      "usd_oz": 2131,
      "usd_g": 68.51324093774623,
      "brl_oz": 10445.948900000001,
      "brl_g": 335.8450557527383,
      "chg_1h": 0.5188679245283019,
      "chg_24h": 3.096274794388002
    },
    "XPD": {
      "name": "Paládio",
      "usd_oz": 1533,
      "usd_g": 49.287094489706696,
      "brl_oz": 7514.612700000001,
      "brl_g": 241.60040847909326,
      "chg_1h": 0.13063357282821686,
      "chg_24h": 1.054713249835201
    },
    "XCU": {
      "name": "Cobre",
      "usd_oz": 6.161141,
      "usd_g": 0.19808528286458316,
      "brl_oz": 30.2012970679,
      "brl_g": 0.9709942480739002,
      "chg_1h": -1.100724864853333,
      "chg_24h": 0.37928522656345176
    }
  }
}
