{
  "timestamp": 1779916926,
  "usdToBrl": 5.0458,
  "metals": {
    "XAU": {
      "name": "Ouro",
      "usd_oz": 4457.5,
      "usd_g": 143.31195282965922,
      "brl_oz": 22491.6535,
      "brl_g": 723.1234515878945,
      "chg_1h": 0.11903788616584549,
      "chg_24h": -1.1224262305632569
    },
    "XAG": {
      "name": "Prata",
      "usd_oz": 74.772003,
      "usd_g": 2.403975718881691,
      "brl_oz": 377.28457273739997,
      "brl_g": 12.129980682333237,
      "chg_1h": 0.05486344134842779,
      "chg_24h": -2.980442201144435
    },
    "XPT": {
      "name": "Platina",
      "usd_oz": 1934,
      "usd_g": 62.179543863726515,
      "brl_oz": 9758.5772,
      "brl_g": 313.74554242759126,
      "chg_1h": 0.15535991714137753,
      "chg_24h": -1.627670396744659
    },
    "XPD": {
      "name": "Paládio",
      "usd_oz": 1411,
      "usd_g": 45.36470340833408,
      "brl_oz": 7119.623799999999,
      "brl_g": 228.9012204577721,
      "chg_1h": -0.0708215297450425,
      "chg_24h": 0.28429282160625446
    },
    "XCU": {
      "name": "Cobre",
      "usd_oz": 6.161136,
      "usd_g": 0.19808512211085033,
      "brl_oz": 31.087860028799998,
      "brl_g": 0.9994979091469286,
      "chg_1h": 0,
      "chg_24h": 0.30016126464299125
    }
  }
}
