{
  "timestamp": 1774625405,
  "usdToBrl": 5.2366,
  "metals": {
    "XAU": {
      "name": "Ouro",
      "usd_oz": 4550.700195,
      "usd_g": 146.30840867925096,
      "brl_oz": 23830.196641137,
      "brl_g": 766.1586128897655,
      "chg_1h": 1.92850636361744,
      "chg_24h": 2.407903218142285
    },
    "XAG": {
      "name": "Prata",
      "usd_oz": 71.498001,
      "usd_g": 2.29871411031451,
      "brl_oz": 374.4064320366,
      "brl_g": 12.037446310072962,
      "chg_1h": 3.516774529818007,
      "chg_24h": 3.874707560914306
    },
    "XPT": {
      "name": "Platina",
      "usd_oz": 1909,
      "usd_g": 61.37577519951082,
      "brl_oz": 9996.6694,
      "brl_g": 321.4003844097584,
      "chg_1h": 2.085561497326203,
      "chg_24h": 2.2495982860203534
    },
    "XPD": {
      "name": "Paládio",
      "usd_oz": 1434,
      "usd_g": 46.104170579412525,
      "brl_oz": 7509.2844000000005,
      "brl_g": 241.42909965615164,
      "chg_1h": 1.991465149359886,
      "chg_24h": 3.6127167630057806
    },
    "XCU": {
      "name": "Cobre",
      "usd_oz": 5.49444,
      "usd_g": 0.1766503479765323,
      "brl_oz": 28.772184504000002,
      "brl_g": 0.9250472122139092,
      "chg_1h": 0.2911569230129014,
      "chg_24h": 0.6606540146809176
    }
  }
}
