{
  "timestamp": 1773574500,
  "usdToBrl": 5.2433,
  "metals": {
    "XAU": {
      "name": "Ouro",
      "usd_oz": 5019.700195,
      "usd_g": 161.38710881993748,
      "brl_oz": 26319.7940324435,
      "brl_g": 846.2010276755782,
      "chg_1h": 0,
      "chg_24h": 0
    },
    "XAG": {
      "name": "Prata",
      "usd_oz": 80.695,
      "usd_g": 2.5944044943554347,
      "brl_oz": 423.10809349999994,
      "brl_g": 13.60324108525385,
      "chg_1h": 0,
      "chg_24h": 0
    },
    "XPT": {
      "name": "Platina",
      "usd_oz": 2037,
      "usd_g": 65.4910707602952,
      "brl_oz": 10680.6021,
      "brl_g": 343.3893313174558,
      "chg_1h": 0,
      "chg_24h": 0
    },
    "XPD": {
      "name": "Paládio",
      "usd_oz": 1576,
      "usd_g": 50.669576592157696,
      "brl_oz": 8263.4408,
      "brl_g": 265.6757909456604,
      "chg_1h": 0,
      "chg_24h": 0
    },
    "XCU": {
      "name": "Cobre",
      "usd_oz": 5.872388,
      "usd_g": 0.18880165834065213,
      "brl_oz": 30.790692000399996,
      "brl_g": 0.9899437351775412,
      "chg_1h": 0,
      "chg_24h": 0
    }
  }
}
