{
  "timestamp": 1777419133,
  "usdToBrl": 5.0017,
  "metals": {
    "XAU": {
      "name": "Ouro",
      "usd_oz": 4593.299805,
      "usd_g": 147.6780179442833,
      "brl_oz": 22974.307634668497,
      "brl_g": 738.6411423519218,
      "chg_1h": -0.08918295313437495,
      "chg_24h": -2.0534862458969574
    },
    "XAG": {
      "name": "Prata",
      "usd_oz": 73.306999,
      "usd_g": 2.356874746555665,
      "brl_oz": 366.6596168983,
      "brl_g": 11.788380419847469,
      "chg_1h": -0.005453479237222387,
      "chg_24h": -3.592895703613984
    },
    "XPT": {
      "name": "Platina",
      "usd_oz": 1947,
      "usd_g": 62.59750356911868,
      "brl_oz": 9738.309899999998,
      "brl_g": 313.09393360166086,
      "chg_1h": 0,
      "chg_24h": -2.6013006503251628
    },
    "XPD": {
      "name": "Paládio",
      "usd_oz": 1485,
      "usd_g": 47.743858654412556,
      "brl_oz": 7427.5244999999995,
      "brl_g": 238.80045783177525,
      "chg_1h": 0.06738544474393532,
      "chg_24h": -1
    },
    "XCU": {
      "name": "Cobre",
      "usd_oz": 5.857435,
      "usd_g": 0.18832090822721143,
      "brl_oz": 29.297132639499996,
      "brl_g": 0.9419246866800433,
      "chg_1h": 0,
      "chg_24h": -1.7504300720320376
    }
  }
}
