{
  "timestamp": 1777893858,
  "usdToBrl": 4.9814,
  "metals": {
    "XAU": {
      "name": "Ouro",
      "usd_oz": 4565.700195,
      "usd_g": 146.79066987778037,
      "brl_oz": 22743.578951373,
      "brl_g": 731.2230429291751,
      "chg_1h": -0.3774777438359077,
      "chg_24h": -1.0768234184531507
    },
    "XAG": {
      "name": "Prata",
      "usd_oz": 73.553001,
      "usd_g": 2.36478389451304,
      "brl_oz": 366.39691918139994,
      "brl_g": 11.779934492127257,
      "chg_1h": -1.4576412622773163,
      "chg_24h": -2.542663504345982
    },
    "XPT": {
      "name": "Platina",
      "usd_oz": 1951,
      "usd_g": 62.726106555393194,
      "brl_oz": 9718.7114,
      "brl_g": 312.46382719503566,
      "chg_1h": -1.1150532184490625,
      "chg_24h": -2.2055137844611528
    },
    "XPD": {
      "name": "Paládio",
      "usd_oz": 1497,
      "usd_g": 48.12966761323609,
      "brl_oz": 7457.1557999999995,
      "brl_g": 239.75312624857423,
      "chg_1h": -0.9265387160820648,
      "chg_24h": -3.4193548387096775
    },
    "XCU": {
      "name": "Cobre",
      "usd_oz": 5.875257,
      "usd_g": 0.18889389883255753,
      "brl_oz": 29.2670052198,
      "brl_g": 0.940956067644502,
      "chg_1h": 0,
      "chg_24h": -0.03986320947325034
    }
  }
}
