{
  "timestamp": 1776194765,
  "usdToBrl": 4.9815,
  "metals": {
    "XAU": {
      "name": "Ouro",
      "usd_oz": 4841.299805,
      "usd_g": 155.65140309330306,
      "brl_oz": 24116.934978607496,
      "brl_g": 775.3774645092891,
      "chg_1h": 0.11579729458391912,
      "chg_24h": 2.0918939910576255
    },
    "XAG": {
      "name": "Prata",
      "usd_oz": 79.441002,
      "usd_g": 2.5540875224598687,
      "brl_oz": 395.735351463,
      "brl_g": 12.723186993133835,
      "chg_1h": -0.003773727405474502,
      "chg_24h": 5.061237470871468
    },
    "XPT": {
      "name": "Platina",
      "usd_oz": 2107,
      "usd_g": 67.74162302009915,
      "brl_oz": 10496.020499999999,
      "brl_g": 337.4548950746239,
      "chg_1h": 0,
      "chg_24h": 1.2493993272465163
    },
    "XPD": {
      "name": "Paládio",
      "usd_oz": 1605,
      "usd_g": 51.60194824264791,
      "brl_oz": 7995.307499999999,
      "brl_g": 257.05510517075055,
      "chg_1h": 0,
      "chg_24h": 0.3125
    },
    "XCU": {
      "name": "Cobre",
      "usd_oz": 5.938734,
      "usd_g": 0.19093473177249434,
      "brl_oz": 29.583803421,
      "brl_g": 0.9511413663246805,
      "chg_1h": -0.08267649766607005,
      "chg_24h": 3.299289483351698
    }
  }
}
