{
  "timestamp": 1778453997,
  "usdToBrl": 4.914,
  "metals": {
    "XAU": {
      "name": "Ouro",
      "usd_oz": 4694.299805,
      "usd_g": 150.92524334771474,
      "brl_oz": 23067.78924177,
      "brl_g": 741.6466458106702,
      "chg_1h": -0.4538115044440542,
      "chg_24h": -0.4538115044440542
    },
    "XAG": {
      "name": "Prata",
      "usd_oz": 80.147003,
      "usd_g": 2.5767859816880665,
      "brl_oz": 393.84237274199995,
      "brl_g": 12.662326314015157,
      "chg_1h": -0.3989150867695217,
      "chg_24h": -0.3989150867695217
    },
    "XPT": {
      "name": "Platina",
      "usd_oz": 2044,
      "usd_g": 65.7161259862756,
      "brl_oz": 10044.215999999999,
      "brl_g": 322.9290430965583,
      "chg_1h": -1.1127237542331883,
      "chg_24h": -1.1127237542331883
    },
    "XPD": {
      "name": "Paládio",
      "usd_oz": 1502,
      "usd_g": 48.29042134607923,
      "brl_oz": 7380.8279999999995,
      "brl_g": 237.29913049463332,
      "chg_1h": -0.988793671720501,
      "chg_24h": -0.988793671720501
    },
    "XCU": {
      "name": "Cobre",
      "usd_oz": 6.137861,
      "usd_g": 0.19733681348446552,
      "brl_oz": 30.161448953999997,
      "brl_g": 0.9697131014626635,
      "chg_1h": 0,
      "chg_24h": 0
    }
  }
}
