{
  "timestamp": 1774854605,
  "usdToBrl": 5.2561,
  "metals": {
    "XAU": {
      "name": "Ouro",
      "usd_oz": 4531.5,
      "usd_g": 145.6911080757377,
      "brl_oz": 23818.01715,
      "brl_g": 765.767033156885,
      "chg_1h": 0.5012330832621772,
      "chg_24h": 0.8120133481646273
    },
    "XAG": {
      "name": "Prata",
      "usd_oz": 70.538002,
      "usd_g": 2.267849425759374,
      "brl_oz": 370.75479231220004,
      "brl_g": 11.920043366733845,
      "chg_1h": 0.2814984521750706,
      "chg_24h": 0.950283353603866
    },
    "XPT": {
      "name": "Platina",
      "usd_oz": 1923,
      "usd_g": 61.82588565147161,
      "brl_oz": 10107.4803,
      "brl_g": 324.96303757269993,
      "chg_1h": -0.1038961038961039,
      "chg_24h": 2.669514148424987
    },
    "XPD": {
      "name": "Paládio",
      "usd_oz": 1442,
      "usd_g": 46.36137655196155,
      "brl_oz": 7579.2962,
      "brl_g": 243.6800312947651,
      "chg_1h": -0.20761245674740486,
      "chg_24h": 2.7797576621525306
    },
    "XCU": {
      "name": "Cobre",
      "usd_oz": 5.484159,
      "usd_g": 0.17631980615106027,
      "brl_oz": 28.8252881199,
      "brl_g": 0.9267545331105879,
      "chg_1h": -0.04959102440731701,
      "chg_24h": -0.04820656979910765
    }
  }
}
