{
  "timestamp": 1772775017,
  "usdToBrl": 5.2484,
  "metals": {
    "XAU": {
      "name": "Ouro",
      "usd_oz": 5128.700195,
      "usd_g": 164.8915401959179,
      "brl_oz": 26917.470103438,
      "brl_g": 865.4167595642556,
      "chg_1h": -0.06624779203594443,
      "chg_24h": -0.8793629601724368
    },
    "XAG": {
      "name": "Prata",
      "usd_oz": 84.301003,
      "usd_g": 2.710340182934147,
      "brl_oz": 442.44538414519997,
      "brl_g": 14.224949416111578,
      "chg_1h": -0.021343943832360743,
      "chg_24h": -0.45697263097617946
    },
    "XPT": {
      "name": "Platina",
      "usd_oz": 2153,
      "usd_g": 69.22055736225605,
      "brl_oz": 11299.8052,
      "brl_g": 363.29717326006465,
      "chg_1h": -0.2779064381658175,
      "chg_24h": -1.5546410608139003
    },
    "XPD": {
      "name": "Paládio",
      "usd_oz": 1687,
      "usd_g": 54.238309461275406,
      "brl_oz": 8854.0508,
      "brl_g": 284.66434337655784,
      "chg_1h": -0.05924170616113744,
      "chg_24h": -0.9976525821596244
    },
    "XCU": {
      "name": "Cobre",
      "usd_oz": 5.837129,
      "usd_g": 0.18766805516738888,
      "brl_oz": 30.6355878436,
      "brl_g": 0.9849570207405238,
      "chg_1h": 0.315720296324407,
      "chg_24h": -0.27768557089122636
    }
  }
}
