{
  "timestamp": 1778266884,
  "usdToBrl": 4.914,
  "metals": {
    "XAU": {
      "name": "Ouro",
      "usd_oz": 4723.100098,
      "usd_g": 151.85119426906,
      "brl_oz": 23209.313881571998,
      "brl_g": 746.1967686381607,
      "chg_1h": 0.03813130015792839,
      "chg_24h": 0.25258750440341965
    },
    "XAG": {
      "name": "Prata",
      "usd_oz": 80.615997,
      "usd_g": 2.5918644889242732,
      "brl_oz": 396.14700925799997,
      "brl_g": 12.736422098573877,
      "chg_1h": 0.09684248188822359,
      "chg_24h": 1.5007969127318193
    },
    "XPT": {
      "name": "Platina",
      "usd_oz": 2062,
      "usd_g": 66.2948394245109,
      "brl_oz": 10132.668,
      "brl_g": 325.7728409320465,
      "chg_1h": 0.048520135856380396,
      "chg_24h": 1.02890739833415
    },
    "XPD": {
      "name": "Paládio",
      "usd_oz": 1514,
      "usd_g": 48.67623030490277,
      "brl_oz": 7439.795999999999,
      "brl_g": 239.19499571829218,
      "chg_1h": 0.06609385327164573,
      "chg_24h": 0.06609385327164573
    },
    "XCU": {
      "name": "Cobre",
      "usd_oz": 6.137861,
      "usd_g": 0.19733681348446552,
      "brl_oz": 30.161448953999997,
      "brl_g": 0.9697131014626635,
      "chg_1h": 0.1752044922856227,
      "chg_24h": 1.5763893922589007
    }
  }
}
