{
  "timestamp": 1779327270,
  "usdToBrl": 5.0299,
  "metals": {
    "XAU": {
      "name": "Ouro",
      "usd_oz": 4565,
      "usd_g": 146.76815808578672,
      "brl_oz": 22961.493499999997,
      "brl_g": 738.2291583556986,
      "chg_1h": 0.4135278736883616,
      "chg_24h": 1.8018777370843866
    },
    "XAG": {
      "name": "Prata",
      "usd_oz": 76.974998,
      "usd_g": 2.474803652818646,
      "brl_oz": 387.17654244019997,
      "brl_g": 12.448014893312505,
      "chg_1h": 1.413662354088164,
      "chg_24h": 3.569601242829857
    },
    "XPT": {
      "name": "Platina",
      "usd_oz": 1964,
      "usd_g": 63.14406626078536,
      "brl_oz": 9878.7236,
      "brl_g": 317.6083388851242,
      "chg_1h": 0.35769034236075625,
      "chg_24h": 1.9730010384215992
    },
    "XPD": {
      "name": "Paládio",
      "usd_oz": 1404,
      "usd_g": 45.13964818235369,
      "brl_oz": 7061.9796,
      "brl_g": 227.0479163924208,
      "chg_1h": 0.9345794392523363,
      "chg_24h": 1.371841155234657
    },
    "XCU": {
      "name": "Cobre",
      "usd_oz": 6.158953,
      "usd_g": 0.19801493703109102,
      "brl_oz": 30.978917694699998,
      "brl_g": 0.9959953317726846,
      "chg_1h": 0.5777179870062923,
      "chg_24h": 1.1321169253171697
    }
  }
}
