{
  "timestamp": 1782859296,
  "usdToBrl": 5.1784,
  "metals": {
    "XAU": {
      "name": "Ouro",
      "usd_oz": 4018.399902,
      "usd_g": 129.19455686060152,
      "brl_oz": 20808.8820525168,
      "brl_g": 669.0210932469389,
      "chg_1h": 0.24197248780319244,
      "chg_24h": 0.06474059884150787
    },
    "XAG": {
      "name": "Prata",
      "usd_oz": 58.964001,
      "usd_g": 1.895736652823327,
      "brl_oz": 305.3391827784,
      "brl_g": 9.816882682980317,
      "chg_1h": 0.4240841352294981,
      "chg_24h": 1.0124543708143445
    },
    "XPT": {
      "name": "Platina",
      "usd_oz": 1557,
      "usd_g": 50.05871240735377,
      "brl_oz": 8062.7688,
      "brl_g": 259.2240363302407,
      "chg_1h": 0.19305019305019305,
      "chg_24h": -1.9521410579345089
    },
    "XPD": {
      "name": "Paládio",
      "usd_oz": 1236,
      "usd_g": 39.73832275882418,
      "brl_oz": 6400.5024,
      "brl_g": 205.78093057429516,
      "chg_1h": 0.4878048780487805,
      "chg_24h": -0.8821170809943866
    },
    "XCU": {
      "name": "Cobre",
      "usd_oz": 6.051028,
      "usd_g": 0.19454506770767183,
      "brl_oz": 31.334643395199997,
      "brl_g": 1.0074321786174079,
      "chg_1h": 0,
      "chg_24h": 0.37533999480127406
    }
  }
}
