{
  "timestamp": 1775678667,
  "usdToBrl": 5.0818,
  "metals": {
    "XAU": {
      "name": "Ouro",
      "usd_oz": 4731.200195,
      "usd_g": 152.1116184348883,
      "brl_oz": 24043.013150951003,
      "brl_g": 773.0008225624155,
      "chg_1h": 0.3350785368871613,
      "chg_24h": 0.9107432014503647
    },
    "XAG": {
      "name": "Prata",
      "usd_oz": 74.630997,
      "usd_g": 2.399442270711035,
      "brl_oz": 379.2598005546,
      "brl_g": 12.193485731299338,
      "chg_1h": 0.5456295784665495,
      "chg_24h": 2.9109212456255205
    },
    "XPT": {
      "name": "Platina",
      "usd_oz": 2053,
      "usd_g": 66.00548270539325,
      "brl_oz": 10432.9354,
      "brl_g": 335.42666201226746,
      "chg_1h": 0.19521717911176184,
      "chg_24h": 4.8518896833503575
    },
    "XPD": {
      "name": "Paládio",
      "usd_oz": 1599,
      "usd_g": 51.40904376323614,
      "brl_oz": 8125.7982,
      "brl_g": 261.25047859601347,
      "chg_1h": 0.4396984924623116,
      "chg_24h": 7.749326145552561
    },
    "XCU": {
      "name": "Cobre",
      "usd_oz": 5.658565,
      "usd_g": 0.1819270892571084,
      "brl_oz": 28.755695617000004,
      "brl_g": 0.9245170821867735,
      "chg_1h": 0,
      "chg_24h": 2.2876856694040804
    }
  }
}
