{
  "timestamp": 1776185498,
  "usdToBrl": 4.9815,
  "metals": {
    "XAU": {
      "name": "Ouro",
      "usd_oz": 4818.100098,
      "usd_g": 154.90551519307962,
      "brl_oz": 24001.365638187,
      "brl_g": 771.6618239343261,
      "chg_1h": 0.17881480403368102,
      "chg_24h": 1.6927372392596354
    },
    "XAG": {
      "name": "Prata",
      "usd_oz": 79.507004,
      "usd_g": 2.556209536034891,
      "brl_oz": 396.06414042599994,
      "brl_g": 12.73375780375781,
      "chg_1h": 0.28254103461805347,
      "chg_24h": 5.2222802195158895
    },
    "XPT": {
      "name": "Platina",
      "usd_oz": 2098,
      "usd_g": 67.4522663009815,
      "brl_oz": 10451.187,
      "brl_g": 336.0134645783393,
      "chg_1h": 0.09541984732824427,
      "chg_24h": 1.108433734939759
    },
    "XPD": {
      "name": "Paládio",
      "usd_oz": 1603,
      "usd_g": 51.53764674951066,
      "brl_oz": 7985.344499999999,
      "brl_g": 256.7347872826873,
      "chg_1h": 0.2501563477173233,
      "chg_24h": 0.43859649122807015
    },
    "XCU": {
      "name": "Cobre",
      "usd_oz": 5.943799,
      "usd_g": 0.19109757530386443,
      "brl_oz": 29.6090347185,
      "brl_g": 0.9519525713762006,
      "chg_1h": 0.05854902453925157,
      "chg_24h": 1.574856570221975
    }
  }
}
