{
  "timestamp": 1776831613,
  "usdToBrl": 4.9639,
  "metals": {
    "XAU": {
      "name": "Ouro",
      "usd_oz": 4757.5,
      "usd_g": 152.95717680024762,
      "brl_oz": 23615.754249999998,
      "brl_g": 759.2641299187492,
      "chg_1h": 0,
      "chg_24h": -0.711664105989003
    },
    "XAG": {
      "name": "Prata",
      "usd_oz": 78.125999,
      "usd_g": 2.511809194269883,
      "brl_oz": 387.80964643609997,
      "brl_g": 12.46836965943627,
      "chg_1h": 0,
      "chg_24h": -1.304966004053849
    },
    "XPT": {
      "name": "Platina",
      "usd_oz": 2071,
      "usd_g": 66.58419614362855,
      "brl_oz": 10280.2369,
      "brl_g": 330.5172912373577,
      "chg_1h": 0,
      "chg_24h": -0.861656294877932
    },
    "XPD": {
      "name": "Paládio",
      "usd_oz": 1587,
      "usd_g": 51.02323480441261,
      "brl_oz": 7877.7092999999995,
      "brl_g": 253.27423524562374,
      "chg_1h": 0,
      "chg_24h": 0.6979695431472082
    },
    "XCU": {
      "name": "Cobre",
      "usd_oz": 5.98689,
      "usd_g": 0.19248298312425316,
      "brl_oz": 29.718323271,
      "brl_g": 0.9554662799304802,
      "chg_1h": 0,
      "chg_24h": 0.5395514614272413
    }
  }
}
