{
  "timestamp": 1774632567,
  "usdToBrl": 5.2561,
  "metals": {
    "XAU": {
      "name": "Ouro",
      "usd_oz": 4489.799805,
      "usd_g": 144.3504156744303,
      "brl_oz": 23598.8367550605,
      "brl_g": 758.7202198263732,
      "chg_1h": -0.8830412318850811,
      "chg_24h": 2.336288937518826
    },
    "XAG": {
      "name": "Prata",
      "usd_oz": 69.717003,
      "usd_g": 2.241453694977277,
      "brl_oz": 366.43953946830004,
      "brl_g": 11.781304766170065,
      "chg_1h": -1.625534367966205,
      "chg_24h": 3.1743977264902288
    },
    "XPT": {
      "name": "Platina",
      "usd_oz": 1879,
      "usd_g": 60.411252802451976,
      "brl_oz": 9876.2119,
      "brl_g": 317.5275858549678,
      "chg_1h": -0.8443271767810026,
      "chg_24h": 1.5675675675675675
    },
    "XPD": {
      "name": "Paládio",
      "usd_oz": 1408,
      "usd_g": 45.2682511686282,
      "brl_oz": 7400.5887999999995,
      "brl_g": 237.93445496742666,
      "chg_1h": -1.5384615384615385,
      "chg_24h": 2.5491624180626364
    },
    "XCU": {
      "name": "Cobre",
      "usd_oz": 5.486804,
      "usd_g": 0.1764048448757343,
      "brl_oz": 28.8391905044,
      "brl_g": 0.927201505151347,
      "chg_1h": 0,
      "chg_24h": 0.9696524473547914
    }
  }
}
