{
  "timestamp": 1770990213,
  "usdToBrl": 5.1761,
  "metals": {
    "XAU": {
      "name": "Ouro",
      "usd_oz": 4988.600098,
      "usd_g": 160.3872174830307,
      "brl_oz": 25821.4929672578,
      "brl_g": 830.1802764139152,
      "chg_1h": 0.3399220052929909,
      "chg_24h": -1.5433747140124034
    },
    "XAG": {
      "name": "Prata",
      "usd_oz": 78.931999,
      "usd_g": 2.5377226960041974,
      "brl_oz": 408.5599200239,
      "brl_g": 13.135506446787327,
      "chg_1h": 1.6719426409069718,
      "chg_24h": -4.543535250993406
    },
    "XPT": {
      "name": "Platina",
      "usd_oz": 2054,
      "usd_g": 66.03763345196187,
      "brl_oz": 10631.7094,
      "brl_g": 341.8173945106998,
      "chg_1h": 1.3820335636722607,
      "chg_24h": -2.654028436018957
    },
    "XPD": {
      "name": "Paládio",
      "usd_oz": 1680,
      "usd_g": 54.01325423529501,
      "brl_oz": 8695.848,
      "brl_g": 279.5780052473105,
      "chg_1h": 0.5988023952095809,
      "chg_24h": -1.9836639439906651
    },
    "XCU": {
      "name": "Cobre",
      "usd_oz": 5.860035,
      "usd_g": 0.18840450016828986,
      "brl_oz": 30.332127163499997,
      "brl_g": 0.9752005333210851,
      "chg_1h": -1.2006743940990594,
      "chg_24h": -2.0298098436716114
    }
  }
}
