{
  "timestamp": 1773209406,
  "usdToBrl": 5.1779,
  "metals": {
    "XAU": {
      "name": "Ouro",
      "usd_oz": 5204.100098,
      "usd_g": 167.31570336857004,
      "brl_oz": 26946.3098974342,
      "brl_g": 866.3439804721188,
      "chg_1h": 0.15589103156273845,
      "chg_24h": 0.5234710836391712
    },
    "XAG": {
      "name": "Prata",
      "usd_oz": 88.009003,
      "usd_g": 2.82955515121062,
      "brl_oz": 455.70181663370005,
      "brl_g": 14.65115361745347,
      "chg_1h": 0.5059052484776106,
      "chg_24h": -1.2698937780582724
    },
    "XPT": {
      "name": "Platina",
      "usd_oz": 2191,
      "usd_g": 70.4422857318639,
      "brl_oz": 11344.778900000001,
      "brl_g": 364.7431112910181,
      "chg_1h": 0.22872827081427266,
      "chg_24h": -0.6799637352674524
    },
    "XPD": {
      "name": "Paládio",
      "usd_oz": 1692,
      "usd_g": 54.39906319411855,
      "brl_oz": 8761.006800000001,
      "brl_g": 281.67290931282645,
      "chg_1h": 0.23696682464454977,
      "chg_24h": -0.7624633431085044
    },
    "XCU": {
      "name": "Cobre",
      "usd_oz": 5.846125,
      "usd_g": 0.18795728328352024,
      "brl_oz": 30.2706506375,
      "brl_g": 0.9732240171137395,
      "chg_1h": 0.11003991815330509,
      "chg_24h": 0.12169852504332304
    }
  }
}
