{
  "timestamp": 1783985461,
  "usdToBrl": 5.1155,
  "metals": {
    "XAU": {
      "name": "Ouro",
      "usd_oz": 3998.699951,
      "usd_g": 128.56118872858613,
      "brl_oz": 20455.3495993405,
      "brl_g": 657.6547609410824,
      "chg_1h": -0.14982395868388992,
      "chg_24h": -1.7928629535207123
    },
    "XAG": {
      "name": "Prata",
      "usd_oz": 57.627998,
      "usd_g": 1.8527831589554,
      "brl_oz": 294.796023769,
      "brl_g": 9.477912249636349,
      "chg_1h": -0.2941312848195504,
      "chg_24h": -2.0048651011761365
    },
    "XPT": {
      "name": "Platina",
      "usd_oz": 1605,
      "usd_g": 51.60194824264791,
      "brl_oz": 8210.3775,
      "brl_g": 263.96976623526535,
      "chg_1h": -0.37243947858473,
      "chg_24h": -0.49597024178549287
    },
    "XPD": {
      "name": "Paládio",
      "usd_oz": 1271,
      "usd_g": 40.863598888726166,
      "brl_oz": 6501.8005,
      "brl_g": 209.0377401152787,
      "chg_1h": -0.23547880690737832,
      "chg_24h": -0.78064012490242
    },
    "XCU": {
      "name": "Cobre",
      "usd_oz": 6.123633,
      "usd_g": 0.19687937266228706,
      "brl_oz": 31.3254446115,
      "brl_g": 1.0071364308539295,
      "chg_1h": 0,
      "chg_24h": 1.2016515830149517
    }
  }
}
