{
  "timestamp": 1775532382,
  "usdToBrl": 5.1818,
  "metals": {
    "XAU": {
      "name": "Ouro",
      "usd_oz": 4642.299805,
      "usd_g": 149.25340452614608,
      "brl_oz": 24055.469129548997,
      "brl_g": 773.4012915735838,
      "chg_1h": 0,
      "chg_24h": 0.2526607081672412
    },
    "XAG": {
      "name": "Prata",
      "usd_oz": 72.291,
      "usd_g": 2.3242096201926854,
      "brl_oz": 374.59750379999997,
      "brl_g": 12.043589409914457,
      "chg_1h": 0,
      "chg_24h": 0.3177874784373213
    },
    "XPT": {
      "name": "Platina",
      "usd_oz": 1960,
      "usd_g": 63.01546327451084,
      "brl_oz": 10156.328,
      "brl_g": 326.5335275958603,
      "chg_1h": 0,
      "chg_24h": -0.9600808489135927
    },
    "XPD": {
      "name": "Paládio",
      "usd_oz": 1499,
      "usd_g": 48.193969106373345,
      "brl_oz": 7767.5181999999995,
      "brl_g": 249.7315091154054,
      "chg_1h": 0,
      "chg_24h": -1.6404199475065617
    },
    "XCU": {
      "name": "Cobre",
      "usd_oz": 5.526494,
      "usd_g": 0.17768090800704311,
      "brl_oz": 28.637186609199997,
      "brl_g": 0.920706929110896,
      "chg_1h": 0,
      "chg_24h": 0.05032845654209397
    }
  }
}
