{
  "timestamp": 1771443078,
  "usdToBrl": 5.2229,
  "metals": {
    "XAU": {
      "name": "Ouro",
      "usd_oz": 4980.100098,
      "usd_g": 160.11393613719736,
      "brl_oz": 26010.5648018442,
      "brl_g": 836.2590770509681,
      "chg_1h": -0.18239590804795233,
      "chg_24h": 2.034508624965007
    },
    "XAG": {
      "name": "Prata",
      "usd_oz": 76.896004,
      "usd_g": 2.472263936744204,
      "brl_oz": 401.6201392916,
      "brl_g": 12.912387315221302,
      "chg_1h": -1.069117593723571,
      "chg_24h": 4.325180441743103
    },
    "XPT": {
      "name": "Platina",
      "usd_oz": 2087,
      "usd_g": 67.09860808872659,
      "brl_oz": 10900.1923,
      "brl_g": 350.4493201866101,
      "chg_1h": -0.2866698518872432,
      "chg_24h": 2.6561731431382194
    },
    "XPD": {
      "name": "Paládio",
      "usd_oz": 1733,
      "usd_g": 55.71724380343229,
      "brl_oz": 9051.2857,
      "brl_g": 291.0055926609465,
      "chg_1h": -0.7445589919816723,
      "chg_24h": 1.1085180863477246
    },
    "XCU": {
      "name": "Cobre",
      "usd_oz": 5.81135,
      "usd_g": 0.18683924107159622,
      "brl_oz": 30.352099915,
      "brl_g": 0.9758426721928399,
      "chg_1h": 0.42852800276780323,
      "chg_24h": 1.7236846297085309
    }
  }
}
