{
  "timestamp": 1781021759,
  "usdToBrl": 5.163,
  "metals": {
    "XAU": {
      "name": "Ouro",
      "usd_oz": 4260.700195,
      "usd_g": 136.98469217434882,
      "brl_oz": 21997.995106785,
      "brl_g": 707.251965696163,
      "chg_1h": 0,
      "chg_24h": -1.9108132760990424
    },
    "XAG": {
      "name": "Prata",
      "usd_oz": 65.293999,
      "usd_g": 2.0992508143012487,
      "brl_oz": 337.112916837,
      "brl_g": 10.838431954237347,
      "chg_1h": 0,
      "chg_24h": -5.192397044036716
    },
    "XPT": {
      "name": "Platina",
      "usd_oz": 1719,
      "usd_g": 55.2671333514715,
      "brl_oz": 8875.197,
      "brl_g": 285.3442094936474,
      "chg_1h": 0,
      "chg_24h": -2.274019329164298
    },
    "XPD": {
      "name": "Paládio",
      "usd_oz": 1248,
      "usd_g": 40.12413171764772,
      "brl_oz": 6443.424,
      "brl_g": 207.16089205821518,
      "chg_1h": 0,
      "chg_24h": 1.8775510204081631
    },
    "XCU": {
      "name": "Cobre",
      "usd_oz": 6.221473,
      "usd_g": 0.20002500170656162,
      "brl_oz": 32.121465099,
      "brl_g": 1.0327290838109777,
      "chg_1h": 0,
      "chg_24h": -0.26299007450932305
    }
  }
}
