{
  "timestamp": 1782757843,
  "usdToBrl": 5.1639,
  "metals": {
    "XAU": {
      "name": "Ouro",
      "usd_oz": 4022.199951,
      "usd_g": 129.31673127294889,
      "brl_oz": 20770.2383269689,
      "brl_g": 667.7786686203807,
      "chg_1h": 0,
      "chg_24h": -1.6721298919794785
    },
    "XAG": {
      "name": "Prata",
      "usd_oz": 58.403999,
      "usd_g": 1.877732170443402,
      "brl_oz": 301.5924104361,
      "brl_g": 9.696421154952684,
      "chg_1h": 0,
      "chg_24h": -1.507641067152354
    },
    "XPT": {
      "name": "Platina",
      "usd_oz": 1589,
      "usd_g": 51.08753629754986,
      "brl_oz": 8205.4371,
      "brl_g": 263.81092868691775,
      "chg_1h": 0,
      "chg_24h": -2.215384615384615
    },
    "XPD": {
      "name": "Paládio",
      "usd_oz": 1241,
      "usd_g": 39.89907649166732,
      "brl_oz": 6408.3999,
      "brl_g": 206.0348410953209,
      "chg_1h": 0,
      "chg_24h": 1.0586319218241043
    },
    "XCU": {
      "name": "Cobre",
      "usd_oz": 6.028401,
      "usd_g": 0.19381759276506347,
      "brl_oz": 31.1300599239,
      "brl_g": 1.0008546672795113,
      "chg_1h": 0,
      "chg_24h": -0.13941121620881372
    }
  }
}
