{
  "timestamp": 1774966357,
  "usdToBrl": 5.2402,
  "metals": {
    "XAU": {
      "name": "Ouro",
      "usd_oz": 4608.799805,
      "usd_g": 148.17635451609704,
      "brl_oz": 24151.032738160997,
      "brl_g": 776.4737329352516,
      "chg_1h": 0.49277417118943057,
      "chg_24h": 1.8857036586713751
    },
    "XAG": {
      "name": "Prata",
      "usd_oz": 73.797997,
      "usd_g": 2.372660698819368,
      "brl_oz": 386.71626387939995,
      "brl_g": 12.43321659395325,
      "chg_1h": 0.651932624113478,
      "chg_24h": 4.881824323605071
    },
    "XPT": {
      "name": "Platina",
      "usd_oz": 1933,
      "usd_g": 62.14739311715789,
      "brl_oz": 10129.3066,
      "brl_g": 325.66476941253075,
      "chg_1h": 0.4155844155844156,
      "chg_24h": 2.0052770448548816
    },
    "XPD": {
      "name": "Paládio",
      "usd_oz": 1480,
      "usd_g": 47.583104921569415,
      "brl_oz": 7755.495999999999,
      "brl_g": 249.34498641000803,
      "chg_1h": 0.27100271002710025,
      "chg_24h": 3.4965034965034967
    },
    "XCU": {
      "name": "Cobre",
      "usd_oz": 5.552576,
      "usd_g": 0.1785194637790461,
      "brl_oz": 29.0966087552,
      "brl_g": 0.9354776940949573,
      "chg_1h": 0.20329124281239325,
      "chg_24h": 1.1764182817317967
    }
  }
}
