{
  "timestamp": 1782414905,
  "usdToBrl": 5.2019,
  "metals": {
    "XAU": {
      "name": "Ouro",
      "usd_oz": 4041.100098,
      "usd_g": 129.9243851092557,
      "brl_oz": 21021.3985997862,
      "brl_g": 675.8536588998372,
      "chg_1h": 0,
      "chg_24h": 1.481630259109574
    },
    "XAG": {
      "name": "Prata",
      "usd_oz": 58.298,
      "usd_g": 1.874324223457874,
      "brl_oz": 303.2603662,
      "brl_g": 9.750047178005515,
      "chg_1h": 0,
      "chg_24h": 2.6120340516780014
    },
    "XPT": {
      "name": "Platina",
      "usd_oz": 1610,
      "usd_g": 51.76270197549105,
      "brl_oz": 8375.059000000001,
      "brl_g": 269.2643994063069,
      "chg_1h": 0,
      "chg_24h": 2.027883396704689
    },
    "XPD": {
      "name": "Paládio",
      "usd_oz": 1209,
      "usd_g": 38.87025260147123,
      "brl_oz": 6289.0971,
      "brl_g": 202.1991670075932,
      "chg_1h": 0,
      "chg_24h": 2.457627118644068
    },
    "XCU": {
      "name": "Cobre",
      "usd_oz": 6.011686,
      "usd_g": 0.1932801930361689,
      "brl_oz": 31.272189403400002,
      "brl_g": 1.0054242361548469,
      "chg_1h": 0,
      "chg_24h": -0.8999421226751964
    }
  }
}
