{
  "timestamp": 1776807519,
  "usdToBrl": 4.9639,
  "metals": {
    "XAU": {
      "name": "Ouro",
      "usd_oz": 4721.100098,
      "usd_g": 151.78689277592272,
      "brl_oz": 23435.068776462198,
      "brl_g": 753.4549570504028,
      "chg_1h": 0.1548706627773353,
      "chg_24h": -2.2404843635505
    },
    "XAG": {
      "name": "Prata",
      "usd_oz": 76.792,
      "usd_g": 2.46892013049808,
      "brl_oz": 381.18780879999997,
      "brl_g": 12.25547263577942,
      "chg_1h": 0.014329066157755388,
      "chg_24h": -4.041187813445773
    },
    "XPT": {
      "name": "Platina",
      "usd_oz": 2042,
      "usd_g": 65.65182449313834,
      "brl_oz": 10136.2838,
      "brl_g": 325.8890916014894,
      "chg_1h": 0,
      "chg_24h": -2.8081865778200856
    },
    "XPD": {
      "name": "Paládio",
      "usd_oz": 1569,
      "usd_g": 50.444521366177305,
      "brl_oz": 7788.3591,
      "brl_g": 250.4015596095675,
      "chg_1h": 0.19157088122605362,
      "chg_24h": -1.5683814303638646
    },
    "XCU": {
      "name": "Cobre",
      "usd_oz": 5.990292,
      "usd_g": 0.19259235996407964,
      "brl_oz": 29.7352104588,
      "brl_g": 0.9560092156256949,
      "chg_1h": 0,
      "chg_24h": -0.06684684898100095
    }
  }
}
