{
  "timestamp": 1784133610,
  "usdToBrl": 5.081,
  "metals": {
    "XAU": {
      "name": "Ouro",
      "usd_oz": 4031.5,
      "usd_g": 129.6157347914237,
      "brl_oz": 20484.0515,
      "brl_g": 658.5775484752239,
      "chg_1h": -0.7215339008680145,
      "chg_24h": -0.7386433583651361
    },
    "XAG": {
      "name": "Prata",
      "usd_oz": 56.847,
      "usd_g": 1.8276734901867948,
      "brl_oz": 288.83960700000006,
      "brl_g": 9.286409003639106,
      "chg_1h": -2.3515871925243914,
      "chg_24h": -3.410133550820672
    },
    "XPT": {
      "name": "Platina",
      "usd_oz": 1627,
      "usd_g": 52.30926466715773,
      "brl_oz": 8266.787,
      "brl_g": 265.78337377382843,
      "chg_1h": -1.4536644457904302,
      "chg_24h": -0.4892966360856269
    },
    "XPD": {
      "name": "Paládio",
      "usd_oz": 1305,
      "usd_g": 41.95672427205952,
      "brl_oz": 6630.705000000001,
      "brl_g": 213.18211602633443,
      "chg_1h": -1.583710407239819,
      "chg_24h": -1.2112036336109009
    },
    "XCU": {
      "name": "Cobre",
      "usd_oz": 6.113215,
      "usd_g": 0.1965444261845351,
      "brl_oz": 31.061245415000005,
      "brl_g": 0.9986422294436229,
      "chg_1h": -0.3401650548794486,
      "chg_24h": -0.8715955301196747
    }
  }
}
