{
  "timestamp": 1771445174,
  "usdToBrl": 5.2229,
  "metals": {
    "XAU": {
      "name": "Ouro",
      "usd_oz": 4984.899902,
      "usd_g": 160.26825341918047,
      "brl_oz": 26035.6336981558,
      "brl_g": 837.0650607830377,
      "chg_1h": 0.09637966919435646,
      "chg_24h": 2.201945709892365
    },
    "XAG": {
      "name": "Prata",
      "usd_oz": 76.943001,
      "usd_g": 2.473774925380689,
      "brl_oz": 401.8655999229,
      "brl_g": 12.920279057770802,
      "chg_1h": 0.061117610220669465,
      "chg_24h": 4.647335573166834
    },
    "XPT": {
      "name": "Platina",
      "usd_oz": 2086,
      "usd_g": 67.06645734215797,
      "brl_oz": 10894.9694,
      "brl_g": 350.2814000523569,
      "chg_1h": -0.04791566842357451,
      "chg_24h": 2.708025603151157
    },
    "XPD": {
      "name": "Paládio",
      "usd_oz": 1728,
      "usd_g": 55.55649007058915,
      "brl_oz": 9025.1712,
      "brl_g": 290.1659919896801,
      "chg_1h": -0.28851702250432776,
      "chg_24h": 0.9345794392523363
    },
    "XCU": {
      "name": "Cobre",
      "usd_oz": 5.81135,
      "usd_g": 0.18683924107159622,
      "brl_oz": 30.352099915,
      "brl_g": 0.9758426721928399,
      "chg_1h": 0,
      "chg_24h": 1.7236846297085309
    }
  }
}
