{
  "timestamp": 1775772327,
  "usdToBrl": 5.0992,
  "metals": {
    "XAU": {
      "name": "Ouro",
      "usd_oz": 4773.700195,
      "usd_g": 153.478025164055,
      "brl_oz": 24342.052034344,
      "brl_g": 782.6151459165492,
      "chg_1h": 0.1300512847404373,
      "chg_24h": 1.1184370373460257
    },
    "XAG": {
      "name": "Prata",
      "usd_oz": 75.678001,
      "usd_g": 2.4331042309713746,
      "brl_oz": 385.8972626991999,
      "brl_g": 12.406885094569233,
      "chg_1h": 0.279589743347817,
      "chg_24h": 1.921862357703769
    },
    "XPT": {
      "name": "Platina",
      "usd_oz": 2109,
      "usd_g": 67.8059245132364,
      "brl_oz": 10754.2128,
      "brl_g": 345.7559702778951,
      "chg_1h": -0.047393364928909956,
      "chg_24h": 3.3317001469867713
    },
    "XPD": {
      "name": "Paládio",
      "usd_oz": 1573,
      "usd_g": 50.57312435245181,
      "brl_oz": 8021.0416,
      "brl_g": 257.8824756980223,
      "chg_1h": -0.1903553299492386,
      "chg_24h": -0.819672131147541
    },
    "XCU": {
      "name": "Cobre",
      "usd_oz": 5.640701,
      "usd_g": 0.18135274832040643,
      "brl_oz": 28.7630625392,
      "brl_g": 0.9247539342354164,
      "chg_1h": 0,
      "chg_24h": -0.31569841470408705
    }
  }
}
