{
  "timestamp": 1777327846,
  "usdToBrl": 4.9681,
  "metals": {
    "XAU": {
      "name": "Ouro",
      "usd_oz": 4690.200195,
      "usd_g": 150.79343782557456,
      "brl_oz": 23301.3835887795,
      "brl_g": 749.1568784612369,
      "chg_1h": 0.14947044133354628,
      "chg_24h": 0.014931122720979826
    },
    "XAG": {
      "name": "Prata",
      "usd_oz": 76.007004,
      "usd_g": 2.443681923044693,
      "brl_oz": 377.61039657239996,
      "brl_g": 12.140456161878339,
      "chg_1h": 0.4891825364678287,
      "chg_24h": 0.7970267829357528
    },
    "XPT": {
      "name": "Platina",
      "usd_oz": 1993,
      "usd_g": 64.07643791127556,
      "brl_oz": 9901.4233,
      "brl_g": 318.3381511870081,
      "chg_1h": 0,
      "chg_24h": -0.8950770760815515
    },
    "XPD": {
      "name": "Paládio",
      "usd_oz": 1499,
      "usd_g": 48.193969106373345,
      "brl_oz": 7447.1819,
      "brl_g": 239.4324579173734,
      "chg_1h": 0.26755852842809363,
      "chg_24h": -1.186552406064601
    },
    "XCU": {
      "name": "Cobre",
      "usd_oz": 5.961792,
      "usd_g": 0.19167606368687376,
      "brl_oz": 29.618778835199997,
      "brl_g": 0.9522658520027575,
      "chg_1h": 0,
      "chg_24h": -0.9435283644195734
    }
  }
}
