{
  "timestamp": 1774008182,
  "usdToBrl": 5.2987,
  "metals": {
    "XAU": {
      "name": "Ouro",
      "usd_oz": 4683.799805,
      "usd_g": 150.58766050874414,
      "brl_oz": 24818.0500267535,
      "brl_g": 797.9188367376826,
      "chg_1h": 0.6359762958155112,
      "chg_24h": 0.3685704075515528
    },
    "XAG": {
      "name": "Prata",
      "usd_oz": 72.543999,
      "usd_g": 2.332343726923802,
      "brl_oz": 384.3888875013,
      "brl_g": 12.358389705851149,
      "chg_1h": 0.43471685858853293,
      "chg_24h": 2.589342946389329
    },
    "XPT": {
      "name": "Platina",
      "usd_oz": 1986,
      "usd_g": 63.85138268529517,
      "brl_oz": 10523.218200000001,
      "brl_g": 338.32932143457356,
      "chg_1h": 0.9146341463414633,
      "chg_24h": 2.055498458376156
    },
    "XPD": {
      "name": "Paládio",
      "usd_oz": 1477,
      "usd_g": 47.486652681863525,
      "brl_oz": 7826.1799,
      "brl_g": 251.61752656539028,
      "chg_1h": 0.33967391304347827,
      "chg_24h": 0.5445881552076242
    },
    "XCU": {
      "name": "Cobre",
      "usd_oz": 5.432071,
      "usd_g": 0.17464513806379356,
      "brl_oz": 28.7829146077,
      "brl_g": 0.925392193058623,
      "chg_1h": -0.048686987749322924,
      "chg_24h": -2.385556557683865
    }
  }
}
