{
  "timestamp": 1780012551,
  "usdToBrl": 5.0726,
  "metals": {
    "XAU": {
      "name": "Ouro",
      "usd_oz": 4493.399902,
      "usd_g": 144.4661614806998,
      "brl_oz": 22793.2203428852,
      "brl_g": 732.819050726998,
      "chg_1h": -0.0711692374294784,
      "chg_24h": 0.9911693734470758
    },
    "XAG": {
      "name": "Prata",
      "usd_oz": 75.752998,
      "usd_g": 2.4355154405117827,
      "brl_oz": 384.26465765480003,
      "brl_g": 12.35439562354007,
      "chg_1h": -0.10418161061053915,
      "chg_24h": 1.4463072909742862
    },
    "XPT": {
      "name": "Platina",
      "usd_oz": 1928,
      "usd_g": 61.98663938431475,
      "brl_oz": 9779.972800000001,
      "brl_g": 314.43342694087505,
      "chg_1h": 0,
      "chg_24h": -0.3102378490175801
    },
    "XPD": {
      "name": "Paládio",
      "usd_oz": 1399,
      "usd_g": 44.97889444951055,
      "brl_oz": 7096.567400000001,
      "brl_g": 228.15993998458723,
      "chg_1h": 0.3586800573888092,
      "chg_24h": -0.6392045454545455
    },
    "XCU": {
      "name": "Cobre",
      "usd_oz": 6.096461,
      "usd_g": 0.1960057725765243,
      "brl_oz": 30.9249080686,
      "brl_g": 0.9942588819716772,
      "chg_1h": 0,
      "chg_24h": -1.0497252454742154
    }
  }
}
