{
  "timestamp": 1772010429,
  "usdToBrl": 5.1769,
  "metals": {
    "XAU": {
      "name": "Ouro",
      "usd_oz": 5182.700195,
      "usd_g": 166.62768051062383,
      "brl_oz": 26830.3206394955,
      "brl_g": 862.6148392354485,
      "chg_1h": -0.109854812806597,
      "chg_24h": 0.2514652592924685
    },
    "XAG": {
      "name": "Prata",
      "usd_oz": 90.630997,
      "usd_g": 2.9138542158090828,
      "brl_oz": 469.18760836929994,
      "brl_g": 15.08473188982204,
      "chg_1h": 0.07839995756183706,
      "chg_24h": 2.836686393097312
    },
    "XPT": {
      "name": "Platina",
      "usd_oz": 2297,
      "usd_g": 73.85026486813847,
      "brl_oz": 11891.3393,
      "brl_g": 382.315436195866,
      "chg_1h": 0.17444395987788924,
      "chg_24h": 6.096997690531178
    },
    "XPD": {
      "name": "Paládio",
      "usd_oz": 1845,
      "usd_g": 59.318127419118625,
      "brl_oz": 9551.3805,
      "brl_g": 307.0840138360352,
      "chg_1h": 0.7096069868995634,
      "chg_24h": 4.119638826185101
    },
    "XCU": {
      "name": "Cobre",
      "usd_oz": 5.90358,
      "usd_g": 0.18980450442762078,
      "brl_oz": 30.562243302,
      "brl_g": 0.98259893897135,
      "chg_1h": 0.010232126981374292,
      "chg_24h": 1.5249953438604162
    }
  }
}
