{
  "timestamp": 1784001476,
  "usdToBrl": 5.1155,
  "metals": {
    "XAU": {
      "name": "Ouro",
      "usd_oz": 4017.5,
      "usd_g": 129.1656243394629,
      "brl_oz": 20551.521249999998,
      "brl_g": 660.7467513085224,
      "chg_1h": 0,
      "chg_24h": -0.9687450336549713
    },
    "XAG": {
      "name": "Prata",
      "usd_oz": 57.771999,
      "usd_g": 1.8574128986120293,
      "brl_oz": 295.5326608845,
      "brl_g": 9.501595682849835,
      "chg_1h": 0,
      "chg_24h": -0.8359223611102584
    },
    "XPT": {
      "name": "Platina",
      "usd_oz": 1609,
      "usd_g": 51.73055122892242,
      "brl_oz": 8230.8395,
      "brl_g": 264.62763481155264,
      "chg_1h": 0,
      "chg_24h": 0.3117206982543641
    },
    "XPD": {
      "name": "Paládio",
      "usd_oz": 1282,
      "usd_g": 41.21725710098107,
      "brl_oz": 6558.071,
      "brl_g": 210.8468787000687,
      "chg_1h": 0,
      "chg_24h": 0.865460267505901
    },
    "XCU": {
      "name": "Cobre",
      "usd_oz": 6.120246,
      "usd_g": 0.19677047808365913,
      "brl_oz": 31.308118413,
      "brl_g": 1.0065793806369583,
      "chg_1h": 0,
      "chg_24h": 0.8835028641026942
    }
  }
}
