{
  "timestamp": 1771525865,
  "usdToBrl": 5.2343,
  "metals": {
    "XAU": {
      "name": "Ouro",
      "usd_oz": 4979.399902,
      "usd_g": 160.091424313053,
      "brl_oz": 26063.672907038603,
      "brl_g": 837.9665422818134,
      "chg_1h": -0.27038395050924857,
      "chg_24h": -0.19643014144474988
    },
    "XAG": {
      "name": "Prata",
      "usd_oz": 77.666,
      "usd_g": 2.497019882999061,
      "brl_oz": 406.5271438,
      "brl_g": 13.070151173581985,
      "chg_1h": -0.48816356124503774,
      "chg_24h": -0.07847595089773045
    },
    "XPT": {
      "name": "Platina",
      "usd_oz": 2061,
      "usd_g": 66.26268867794226,
      "brl_oz": 10787.8923,
      "brl_g": 346.8387913469532,
      "chg_1h": -0.7225433526011561,
      "chg_24h": -1.5289058767319637
    },
    "XPD": {
      "name": "Paládio",
      "usd_oz": 1691,
      "usd_g": 54.366912447549915,
      "brl_oz": 8851.2013,
      "brl_g": 284.5727298242105,
      "chg_1h": -0.6462984723854289,
      "chg_24h": -3.150057273768614
    },
    "XCU": {
      "name": "Cobre",
      "usd_oz": 5.736961,
      "usd_g": 0.18444757918510254,
      "brl_oz": 30.0289749623,
      "brl_g": 0.9654539637285823,
      "chg_1h": 0.13195096660191508,
      "chg_24h": -0.8570214426446908
    }
  }
}
