{
  "timestamp": 1784110420,
  "usdToBrl": 5.1233,
  "metals": {
    "XAU": {
      "name": "Ouro",
      "usd_oz": 4032.5,
      "usd_g": 129.64788553799232,
      "brl_oz": 20659.707250000003,
      "brl_g": 664.2250119767962,
      "chg_1h": 0,
      "chg_24h": 0.30844759328677074
    },
    "XAG": {
      "name": "Prata",
      "usd_oz": 58.346001,
      "usd_g": 1.8758674914439148,
      "brl_oz": 298.9240669233,
      "brl_g": 9.61063191891461,
      "chg_1h": 0,
      "chg_24h": 0.438968170628841
    },
    "XPT": {
      "name": "Platina",
      "usd_oz": 1635,
      "usd_g": 52.56647063970675,
      "brl_oz": 8376.595500000001,
      "brl_g": 269.3137990284096,
      "chg_1h": 0,
      "chg_24h": 1.7423771001866835
    },
    "XPD": {
      "name": "Paládio",
      "usd_oz": 1320,
      "usd_g": 42.43898547058893,
      "brl_oz": 6762.756,
      "brl_g": 217.4276542614683,
      "chg_1h": 0,
      "chg_24h": 2.9641185647425896
    },
    "XCU": {
      "name": "Cobre",
      "usd_oz": 6.135139,
      "usd_g": 0.19724929915230568,
      "brl_oz": 31.4321576387,
      "brl_g": 1.0105673343470079,
      "chg_1h": 0,
      "chg_24h": -0.25687134923627886
    }
  }
}
