{
  "timestamp": 1774440163,
  "usdToBrl": 5.2669,
  "metals": {
    "XAU": {
      "name": "Ouro",
      "usd_oz": 4582.600098,
      "usd_g": 147.33401437616774,
      "brl_oz": 24136.0964561562,
      "brl_g": 775.9935203178378,
      "chg_1h": -0.017450015645617604,
      "chg_24h": 4.107417443079292
    },
    "XAG": {
      "name": "Prata",
      "usd_oz": 73.436996,
      "usd_g": 2.361054247157347,
      "brl_oz": 386.78531423239997,
      "brl_g": 12.43543661435303,
      "chg_1h": 0.047677175008845094,
      "chg_24h": 5.373636782218362
    },
    "XPT": {
      "name": "Platina",
      "usd_oz": 1980,
      "usd_g": 63.658478205883405,
      "brl_oz": 10428.462,
      "brl_g": 335.2828388625673,
      "chg_1h": -0.6024096385542169,
      "chg_24h": 4.100946372239748
    },
    "XPD": {
      "name": "Paládio",
      "usd_oz": 1482,
      "usd_g": 47.647406414706666,
      "brl_oz": 7805.5458,
      "brl_g": 250.9541248456185,
      "chg_1h": -0.20202020202020202,
      "chg_24h": 3.9270687237026647
    },
    "XCU": {
      "name": "Cobre",
      "usd_oz": 5.445074,
      "usd_g": 0.17506319422142544,
      "brl_oz": 28.678660250599997,
      "brl_g": 0.9220403376448256,
      "chg_1h": 0.030550696980252787,
      "chg_24h": 0.0861519594102343
    }
  }
}
