{
  "timestamp": 1775120288,
  "usdToBrl": 5.1598,
  "metals": {
    "XAU": {
      "name": "Ouro",
      "usd_oz": 4624,
      "usd_g": 148.6650521333358,
      "brl_oz": 23858.9152,
      "brl_g": 767.081935997586,
      "chg_1h": -0.4713812708399612,
      "chg_24h": -2.2637461854860104
    },
    "XAG": {
      "name": "Prata",
      "usd_oz": 71.397003,
      "usd_g": 2.2954669492125714,
      "brl_oz": 368.39425607939995,
      "brl_g": 11.844150364547026,
      "chg_1h": -0.3600530369137339,
      "chg_24h": -4.341007752977641
    },
    "XPT": {
      "name": "Platina",
      "usd_oz": 1921,
      "usd_g": 61.76158415833435,
      "brl_oz": 9911.9758,
      "brl_g": 318.6774219401736,
      "chg_1h": 0.7341373885684321,
      "chg_24h": -2.832574607991907
    },
    "XPD": {
      "name": "Paládio",
      "usd_oz": 1491,
      "usd_g": 47.93676313382432,
      "brl_oz": 7693.261799999999,
      "brl_g": 247.34411041790673,
      "chg_1h": 0.40404040404040403,
      "chg_24h": -0.9302325581395349
    },
    "XCU": {
      "name": "Cobre",
      "usd_oz": 5.531332,
      "usd_g": 0.17783645331894216,
      "brl_oz": 28.540566853599998,
      "brl_g": 0.9176005318350777,
      "chg_1h": -0.0778410305148061,
      "chg_24h": -0.46659668016371714
    }
  }
}
