{
  "timestamp": 1774296318,
  "usdToBrl": 5.2552,
  "metals": {
    "XAU": {
      "name": "Ouro",
      "usd_oz": 4393.799805,
      "usd_g": 141.26394400384203,
      "brl_oz": 23090.296735236,
      "brl_g": 742.3702785289906,
      "chg_1h": -0.40348836260272103,
      "chg_24h": -2.19047205664441
    },
    "XAG": {
      "name": "Prata",
      "usd_oz": 69.018997,
      "usd_g": 2.219012280967895,
      "brl_oz": 362.7086330344,
      "brl_g": 11.661353338942481,
      "chg_1h": -0.5833817939973581,
      "chg_24h": 1.5911462456271046
    },
    "XPT": {
      "name": "Platina",
      "usd_oz": 1882,
      "usd_g": 60.50770504215786,
      "brl_oz": 9890.2864,
      "brl_g": 317.980091537548,
      "chg_1h": -0.15915119363395225,
      "chg_24h": -2.688728024819028
    },
    "XPD": {
      "name": "Paládio",
      "usd_oz": 1454,
      "usd_g": 46.74718551078509,
      "brl_oz": 7641.0608,
      "brl_g": 245.6658092962778,
      "chg_1h": -0.3427004797806717,
      "chg_24h": 1.536312849162011
    },
    "XCU": {
      "name": "Cobre",
      "usd_oz": 5.485744,
      "usd_g": 0.17637076508437155,
      "brl_oz": 28.828681868800004,
      "brl_g": 0.9268636446713894,
      "chg_1h": 0,
      "chg_24h": 1.5363503585866352
    }
  }
}
