{
  "timestamp": 1770811081,
  "usdToBrl": 5.2067,
  "metals": {
    "XAU": {
      "name": "Ouro",
      "usd_oz": 5059.299805,
      "usd_g": 162.66026584526395,
      "brl_oz": 26342.256294693496,
      "brl_g": 846.9232061765357,
      "chg_1h": -0.6987398709447787,
      "chg_24h": 0.06130315020090501
    },
    "XAG": {
      "name": "Prata",
      "usd_oz": 83.856003,
      "usd_g": 2.696033100711108,
      "brl_oz": 436.6130508201,
      "brl_g": 14.037435545472524,
      "chg_1h": -2.1802216898272757,
      "chg_24h": 1.8745507089013476
    },
    "XPT": {
      "name": "Platina",
      "usd_oz": 2190,
      "usd_g": 70.41013498529527,
      "brl_oz": 11402.672999999999,
      "brl_g": 366.6044498279369,
      "chg_1h": -0.22779043280182232,
      "chg_24h": 3.7914691943127963
    },
    "XPD": {
      "name": "Paládio",
      "usd_oz": 1771,
      "usd_g": 56.938972173040156,
      "brl_oz": 9221.0657,
      "brl_g": 296.46414641336816,
      "chg_1h": -1.1166945840312674,
      "chg_24h": 1.489971346704871
    },
    "XCU": {
      "name": "Cobre",
      "usd_oz": 5.990821,
      "usd_g": 0.19260936770901446,
      "brl_oz": 31.1924077007,
      "brl_g": 1.0028591948505254,
      "chg_1h": 0.13013462231125664,
      "chg_24h": 1.9267643418866411
    }
  }
}
