{
  "timestamp": 1782818331,
  "usdToBrl": 5.1639,
  "metals": {
    "XAU": {
      "name": "Ouro",
      "usd_oz": 4031.800049,
      "usd_g": 129.62538159078088,
      "brl_oz": 20819.8122730311,
      "brl_g": 669.3725079966333,
      "chg_1h": 0,
      "chg_24h": -0.360810927085678
    },
    "XAG": {
      "name": "Prata",
      "usd_oz": 59.09,
      "usd_g": 1.8997876147402275,
      "brl_oz": 305.134851,
      "brl_g": 9.810313263757061,
      "chg_1h": 0,
      "chg_24h": 0.9033298457449626
    },
    "XPT": {
      "name": "Platina",
      "usd_oz": 1599,
      "usd_g": 51.40904376323614,
      "brl_oz": 8257.0761,
      "brl_g": 265.4711610889751,
      "chg_1h": 0,
      "chg_24h": 0.3766478342749529
    },
    "XPD": {
      "name": "Paládio",
      "usd_oz": 1265,
      "usd_g": 40.67069440931439,
      "brl_oz": 6532.3335,
      "brl_g": 210.0193988602586,
      "chg_1h": 0,
      "chg_24h": 3.013029315960912
    },
    "XCU": {
      "name": "Cobre",
      "usd_oz": 6.04306,
      "usd_g": 0.194288890559013,
      "brl_oz": 31.205757533999996,
      "brl_g": 1.003288401957687,
      "chg_1h": 0,
      "chg_24h": 0.2156364359408117
    }
  }
}
