{
  "timestamp": 1776771477,
  "usdToBrl": 4.9831,
  "metals": {
    "XAU": {
      "name": "Ouro",
      "usd_oz": 4791.200195,
      "usd_g": 154.040663229006,
      "brl_oz": 23875.0296917045,
      "brl_g": 767.6000289364598,
      "chg_1h": 0.13584968200917757,
      "chg_24h": -0.08966333020539362
    },
    "XAG": {
      "name": "Prata",
      "usd_oz": 79.161003,
      "usd_g": 2.5450853455713993,
      "brl_oz": 394.4671940493,
      "brl_g": 12.68241478551684,
      "chg_1h": 0.07712389575533797,
      "chg_24h": -0.5090101171603465
    },
    "XPT": {
      "name": "Platina",
      "usd_oz": 2084,
      "usd_g": 67.00215584902071,
      "brl_oz": 10384.780400000001,
      "brl_g": 333.8784428112551,
      "chg_1h": 0.09606147934678194,
      "chg_24h": -0.23934897079942558
    },
    "XPD": {
      "name": "Paládio",
      "usd_oz": 1581,
      "usd_g": 50.83033032500084,
      "brl_oz": 7878.2811,
      "brl_g": 253.2926190425117,
      "chg_1h": 0,
      "chg_24h": 1.2812299807815504
    },
    "XCU": {
      "name": "Cobre",
      "usd_oz": 5.969881,
      "usd_g": 0.19193613107586738,
      "brl_oz": 29.748514011100003,
      "brl_g": 0.9564369347641548,
      "chg_1h": 0.025333554275882707,
      "chg_24h": 0.6461883837484702
    }
  }
}
