{
  "timestamp": 1772028587,
  "usdToBrl": 5.1769,
  "metals": {
    "XAU": {
      "name": "Ouro",
      "usd_oz": 5191.200195,
      "usd_g": 166.90096185645717,
      "brl_oz": 26874.3242894955,
      "brl_g": 864.0295894346931,
      "chg_1h": 0.15242008560607845,
      "chg_24h": 1.240348228887963
    },
    "XAG": {
      "name": "Prata",
      "usd_oz": 90.899002,
      "usd_g": 2.922470776643208,
      "brl_oz": 470.57504345379994,
      "brl_g": 15.129338963604223,
      "chg_1h": 0.25809407976512583,
      "chg_24h": 4.446797095758848
    },
    "XPT": {
      "name": "Platina",
      "usd_oz": 2321,
      "usd_g": 74.62188278578554,
      "brl_oz": 12015.5849,
      "brl_g": 386.3100249937332,
      "chg_1h": -0.12908777969018934,
      "chg_24h": 8.306112925804946
    },
    "XPD": {
      "name": "Paládio",
      "usd_oz": 1843,
      "usd_g": 59.25382592598137,
      "brl_oz": 9541.0267,
      "brl_g": 306.7511314362129,
      "chg_1h": -0.646900269541779,
      "chg_24h": 5.314285714285714
    },
    "XCU": {
      "name": "Cobre",
      "usd_oz": 5.929662,
      "usd_g": 0.19064306019962374,
      "brl_oz": 30.6972672078,
      "brl_g": 0.9869400583474321,
      "chg_1h": -0.11207289370592922,
      "chg_24h": 1.2691472361425438
    }
  }
}
