{
  "timestamp": 1778715277,
  "usdToBrl": 4.9039,
  "metals": {
    "XAU": {
      "name": "Ouro",
      "usd_oz": 4697.299805,
      "usd_g": 151.02169558742062,
      "brl_oz": 23035.088513739498,
      "brl_g": 740.5952929911521,
      "chg_1h": 0.03406542014122991,
      "chg_24h": -0.4788257689622601
    },
    "XAG": {
      "name": "Prata",
      "usd_oz": 87.827003,
      "usd_g": 2.8237037153351294,
      "brl_oz": 430.6948400117,
      "brl_g": 13.847160649631942,
      "chg_1h": -0.11940590592055102,
      "chg_24h": 1.1365811209848575
    },
    "XPT": {
      "name": "Platina",
      "usd_oz": 2148,
      "usd_g": 69.0598036294129,
      "brl_oz": 10533.5772,
      "brl_g": 338.6623710182779,
      "chg_1h": -0.18587360594795538,
      "chg_24h": 0.7977475363679024
    },
    "XPD": {
      "name": "Paládio",
      "usd_oz": 1525,
      "usd_g": 49.02988851715767,
      "brl_oz": 7478.4475,
      "brl_g": 240.43767029928952,
      "chg_1h": 0.06561679790026247,
      "chg_24h": 0.5273566249176005
    },
    "XCU": {
      "name": "Cobre",
      "usd_oz": 6.336459,
      "usd_g": 0.20372188745150188,
      "brl_oz": 31.0733612901,
      "brl_g": 0.9990317638734201,
      "chg_1h": 0,
      "chg_24h": 1.8407801955889171
    }
  }
}
