{
  "timestamp": 1771261293,
  "usdToBrl": 5.2244,
  "metals": {
    "XAU": {
      "name": "Ouro",
      "usd_oz": 4989.200195,
      "usd_g": 160.40651104959431,
      "brl_oz": 26065.577498758004,
      "brl_g": 838.0277763275005,
      "chg_1h": 0.22096339177054727,
      "chg_24h": -1.070748689562977
    },
    "XAG": {
      "name": "Prata",
      "usd_oz": 76.504997,
      "usd_g": 2.459692769780644,
      "brl_oz": 399.6927063268,
      "brl_g": 12.850418906441998,
      "chg_1h": 0.5414361231273338,
      "chg_24h": -1.3729573288642392
    },
    "XPT": {
      "name": "Platina",
      "usd_oz": 2040,
      "usd_g": 65.58752300000108,
      "brl_oz": 10657.776,
      "brl_g": 342.6554551612057,
      "chg_1h": 0.2457002457002457,
      "chg_24h": -1.5918958031837915
    },
    "XPD": {
      "name": "Paládio",
      "usd_oz": 1757,
      "usd_g": 56.48886172107936,
      "brl_oz": 9179.2708,
      "brl_g": 295.120409175607,
      "chg_1h": 1.443418013856813,
      "chg_24h": 2.270081490104773
    },
    "XCU": {
      "name": "Cobre",
      "usd_oz": 5.76788,
      "usd_g": 0.18544164811825795,
      "brl_oz": 30.133712272,
      "brl_g": 0.9688213464290268,
      "chg_1h": -0.005252954006482113,
      "chg_24h": -1.8635425684247218
    }
  }
}
