{
  "timestamp": 1773694226,
  "usdToBrl": 5.2703,
  "metals": {
    "XAU": {
      "name": "Ouro",
      "usd_oz": 5009.799805,
      "usd_g": 161.06880389011687,
      "brl_oz": 26403.147912291497,
      "brl_g": 848.8809171420829,
      "chg_1h": -0.12360835326954445,
      "chg_24h": -0.19723070333686923
    },
    "XAG": {
      "name": "Prata",
      "usd_oz": 81.011002,
      "usd_g": 2.604564194572615,
      "brl_oz": 426.9522838406,
      "brl_g": 13.72683467465605,
      "chg_1h": -0.10111846642450557,
      "chg_24h": 0.39160047090899275
    },
    "XPT": {
      "name": "Platina",
      "usd_oz": 2130,
      "usd_g": 68.4810901911776,
      "brl_oz": 11225.739,
      "brl_g": 360.9158896345633,
      "chg_1h": 0.046970408642555195,
      "chg_24h": 4.565537555228277
    },
    "XPD": {
      "name": "Paládio",
      "usd_oz": 1639,
      "usd_g": 52.69507362598126,
      "brl_oz": 8638.0217,
      "brl_g": 277.71884653100904,
      "chg_1h": 0.06105006105006105,
      "chg_24h": 3.9974619289340105
    },
    "XCU": {
      "name": "Cobre",
      "usd_oz": 5.833047,
      "usd_g": 0.18753681581989573,
      "brl_oz": 30.741907604099996,
      "brl_g": 0.9883752804155964,
      "chg_1h": 0,
      "chg_24h": -0.6699318914213483
    }
  }
}
