{
  "timestamp": 1772170685,
  "usdToBrl": 5.1258,
  "metals": {
    "XAU": {
      "name": "Ouro",
      "usd_oz": 5191.299805,
      "usd_g": 166.90416439232285,
      "brl_oz": 26609.564540468997,
      "brl_g": 855.5173658421685,
      "chg_1h": 0.0674659804070832,
      "chg_24h": -0.0654588305841719
    },
    "XAG": {
      "name": "Prata",
      "usd_oz": 89.928001,
      "usd_g": 2.8912523695743233,
      "brl_oz": 460.95294752579997,
      "brl_g": 14.819981395964065,
      "chg_1h": 0.20167693178207768,
      "chg_24h": 0.3045028197479441
    },
    "XPT": {
      "name": "Platina",
      "usd_oz": 2410,
      "usd_g": 77.48329923039344,
      "brl_oz": 12353.178,
      "brl_g": 397.1638951951507,
      "chg_1h": 0.6683375104427736,
      "chg_24h": 4.828186167899086
    },
    "XPD": {
      "name": "Paládio",
      "usd_oz": 1857,
      "usd_g": 59.70393637794216,
      "brl_oz": 9518.6106,
      "brl_g": 306.03043708605594,
      "chg_1h": 0.4326663061114116,
      "chg_24h": 3.224013340744859
    },
    "XCU": {
      "name": "Cobre",
      "usd_oz": 5.997701,
      "usd_g": 0.19283056484540662,
      "brl_oz": 30.7430157858,
      "brl_g": 0.9884109092845852,
      "chg_1h": 0.44820421042652975,
      "chg_24h": 0.6584917424202346
    }
  }
}
