{
  "timestamp": 1772694329,
  "usdToBrl": 5.2198,
  "metals": {
    "XAU": {
      "name": "Ouro",
      "usd_oz": 5171.5,
      "usd_g": 166.2675858796596,
      "brl_oz": 26994.1957,
      "brl_g": 867.8835447746472,
      "chg_1h": 0.39407913168864234,
      "chg_24h": 0.023213257359654196
    },
    "XAG": {
      "name": "Prata",
      "usd_oz": 83.721001,
      "usd_g": 2.69169268562285,
      "brl_oz": 437.0068810198,
      "brl_g": 14.050097480414152,
      "chg_1h": 0.6249985276618535,
      "chg_24h": -1.6516475577859815
    },
    "XPT": {
      "name": "Platina",
      "usd_oz": 2168,
      "usd_g": 69.70281856078546,
      "brl_oz": 11316.5264,
      "brl_g": 363.83477232358797,
      "chg_1h": 0.5565862708719851,
      "chg_24h": 0.5099675475197033
    },
    "XPD": {
      "name": "Paládio",
      "usd_oz": 1687,
      "usd_g": 54.238309461275406,
      "brl_oz": 8805.8026,
      "brl_g": 283.1131277259654,
      "chg_1h": -0.11841326228537595,
      "chg_24h": -1.1137162954279016
    },
    "XCU": {
      "name": "Cobre",
      "usd_oz": 5.841362,
      "usd_g": 0.18780414927761388,
      "brl_oz": 30.490741367600002,
      "brl_g": 0.980300098399289,
      "chg_1h": 0.2764168466300227,
      "chg_24h": -0.28393673944753584
    }
  }
}
