{
  "timestamp": 1779270173,
  "usdToBrl": 5.0232,
  "metals": {
    "XAU": {
      "name": "Ouro",
      "usd_oz": 4484.399902,
      "usd_g": 144.17680476158216,
      "brl_oz": 22526.0375877264,
      "brl_g": 724.2289256783795,
      "chg_1h": 0,
      "chg_24h": -1.2812088835560047
    },
    "XAG": {
      "name": "Prata",
      "usd_oz": 75.518997,
      "usd_g": 2.427992133663977,
      "brl_oz": 379.3470257304,
      "brl_g": 12.19629008582089,
      "chg_1h": 0,
      "chg_24h": -0.47706278819714876
    },
    "XPT": {
      "name": "Platina",
      "usd_oz": 1942,
      "usd_g": 62.43674983627554,
      "brl_oz": 9755.0544,
      "brl_g": 313.6322817775793,
      "chg_1h": 0,
      "chg_24h": -1.3712544438801422
    },
    "XPD": {
      "name": "Paládio",
      "usd_oz": 1391,
      "usd_g": 44.721688476961525,
      "brl_oz": 6987.2712,
      "brl_g": 224.64598555747313,
      "chg_1h": 0,
      "chg_24h": -1.834862385321101
    },
    "XCU": {
      "name": "Cobre",
      "usd_oz": 6.093182,
      "usd_g": 0.19590035027852576,
      "brl_oz": 30.607271822399998,
      "brl_g": 0.9840466395190907,
      "chg_1h": 0,
      "chg_24h": -0.17709721768967274
    }
  }
}
