{
  "timestamp": 1773252101,
  "usdToBrl": 5.1711,
  "metals": {
    "XAU": {
      "name": "Ouro",
      "usd_oz": 5170.700195,
      "usd_g": 166.2418715518003,
      "brl_oz": 26738.207778364504,
      "brl_g": 859.6533419815146,
      "chg_1h": -0.18916716533152497,
      "chg_24h": -1.1130392260471265
    },
    "XAG": {
      "name": "Prata",
      "usd_oz": 85.387001,
      "usd_g": 2.745255829406184,
      "brl_oz": 441.54472087109997,
      "brl_g": 14.195992419442318,
      "chg_1h": -0.322193938522033,
      "chg_24h": -4.268223198869885
    },
    "XPT": {
      "name": "Platina",
      "usd_oz": 2185,
      "usd_g": 70.24938125245214,
      "brl_oz": 11298.8535,
      "brl_g": 363.2665753945553,
      "chg_1h": -1.0864644635581713,
      "chg_24h": -2.237136465324385
    },
    "XPD": {
      "name": "Paládio",
      "usd_oz": 1651,
      "usd_g": 53.0808825848048,
      "brl_oz": 8537.4861,
      "brl_g": 274.4865519342841,
      "chg_1h": -0.78125,
      "chg_24h": -3.2806092560046864
    },
    "XCU": {
      "name": "Cobre",
      "usd_oz": 5.807721,
      "usd_g": 0.18672256601229867,
      "brl_oz": 30.0323060631,
      "brl_g": 0.9655610611061977,
      "chg_1h": -0.06894679172871906,
      "chg_24h": -1.4015304888141897
    }
  }
}
