{
  "timestamp": 1771318818,
  "usdToBrl": 5.2244,
  "metals": {
    "XAU": {
      "name": "Ouro",
      "usd_oz": 4921.399902,
      "usd_g": 158.2266810120726,
      "brl_oz": 25711.361648008802,
      "brl_g": 826.6394722794721,
      "chg_1h": 0.034548995520645984,
      "chg_24h": -1.848790295131435
    },
    "XAG": {
      "name": "Prata",
      "usd_oz": 75.172997,
      "usd_g": 2.416867975351231,
      "brl_oz": 392.7338055268,
      "brl_g": 12.626685050424973,
      "chg_1h": -0.07045569538340848,
      "chg_24h": -2.808202174565879
    },
    "XPT": {
      "name": "Platina",
      "usd_oz": 2011,
      "usd_g": 64.65515134951087,
      "brl_oz": 10506.2684,
      "brl_g": 337.7843727103846,
      "chg_1h": -0.248015873015873,
      "chg_24h": -2.1887159533073928
    },
    "XPD": {
      "name": "Paládio",
      "usd_oz": 1699,
      "usd_g": 54.62411842009894,
      "brl_oz": 8876.2556,
      "brl_g": 285.3782442739649,
      "chg_1h": -1.2783265543288787,
      "chg_24h": -0.6432748538011697
    },
    "XCU": {
      "name": "Cobre",
      "usd_oz": 5.770149,
      "usd_g": 0.18551459816222218,
      "brl_oz": 30.1455664356,
      "brl_g": 0.9692024666387136,
      "chg_1h": -0.07984747418073995,
      "chg_24h": -0.04451974883933213
    }
  }
}
