{
  "timestamp": 1771529218,
  "usdToBrl": 5.2343,
  "metals": {
    "XAU": {
      "name": "Ouro",
      "usd_oz": 4990.299805,
      "usd_g": 160.44186433202862,
      "brl_oz": 26120.7262693115,
      "brl_g": 839.8008504731374,
      "chg_1h": 0.21889993201031194,
      "chg_24h": 0.20480927690782655
    },
    "XAG": {
      "name": "Prata",
      "usd_oz": 78.163002,
      "usd_g": 2.512998868345162,
      "brl_oz": 409.1286013686,
      "brl_g": 13.153789976579082,
      "chg_1h": 0.6399222310921241,
      "chg_24h": 1.6476772967292304
    },
    "XPT": {
      "name": "Platina",
      "usd_oz": 2072,
      "usd_g": 66.61634689019718,
      "brl_oz": 10845.4696,
      "brl_g": 348.6899445273591,
      "chg_1h": 0.5337214944201845,
      "chg_24h": -0.7187350263536176
    },
    "XPD": {
      "name": "Paládio",
      "usd_oz": 1696,
      "usd_g": 54.527666180393055,
      "brl_oz": 8877.372800000001,
      "brl_g": 285.4141630880314,
      "chg_1h": 0.29568302779420463,
      "chg_24h": -2.1350259665320253
    },
    "XCU": {
      "name": "Cobre",
      "usd_oz": 5.734183,
      "usd_g": 0.1843582644111349,
      "brl_oz": 30.0144340769,
      "brl_g": 0.9649864634072034,
      "chg_1h": -0.04842284965855911,
      "chg_24h": -1.327867018851045
    }
  }
}
