{
  "timestamp": 1772134132,
  "usdToBrl": 5.1258,
  "metals": {
    "XAU": {
      "name": "Ouro",
      "usd_oz": 5187.399902,
      "usd_g": 166.77877959932763,
      "brl_oz": 26589.5744176716,
      "brl_g": 854.8746684702336,
      "chg_1h": 0.15252248286514355,
      "chg_24h": -0.32282180489792317
    },
    "XAG": {
      "name": "Prata",
      "usd_oz": 88.109001,
      "usd_g": 2.8327701615659895,
      "brl_oz": 451.62911732580005,
      "brl_g": 14.52021329415495,
      "chg_1h": 0.9799012304284448,
      "chg_24h": -3.2141515586685694
    },
    "XPT": {
      "name": "Platina",
      "usd_oz": 2271,
      "usd_g": 73.01434545735414,
      "brl_oz": 11640.6918,
      "brl_g": 374.25693194530584,
      "chg_1h": 1.0680907877169559,
      "chg_24h": -2.8241335044929397
    },
    "XPD": {
      "name": "Paládio",
      "usd_oz": 1801,
      "usd_g": 57.90349457009899,
      "brl_oz": 9231.5658,
      "brl_g": 296.8017324674134,
      "chg_1h": 0.8398656215005599,
      "chg_24h": -1.3691128148959473
    },
    "XCU": {
      "name": "Cobre",
      "usd_oz": 5.970556,
      "usd_g": 0.19195783282980122,
      "brl_oz": 30.603875944800002,
      "brl_g": 0.9839374595189951,
      "chg_1h": 0.3761147940278888,
      "chg_24h": 1.1064451811939977
    }
  }
}
