{
  "timestamp": 1784760306,
  "usdToBrl": 5.0797,
  "metals": {
    "XAU": {
      "name": "Ouro",
      "usd_oz": 4123.5,
      "usd_g": 132.57360347573749,
      "brl_oz": 20946.14295,
      "brl_g": 673.4341335757036,
      "chg_1h": -0.19121610561533364,
      "chg_24h": 0.9227067048772278
    },
    "XAG": {
      "name": "Prata",
      "usd_oz": 59.502998,
      "usd_g": 1.9130658087715775,
      "brl_oz": 302.2573789406,
      "brl_g": 9.717800388816983,
      "chg_1h": -0.5615117137400157,
      "chg_24h": 0.8029934575038266
    },
    "XPT": {
      "name": "Platina",
      "usd_oz": 1635,
      "usd_g": 52.56647063970675,
      "brl_oz": 8305.3095,
      "brl_g": 267.0219009085184,
      "chg_1h": -0.7285974499089253,
      "chg_24h": -0.061124694376528114
    },
    "XPD": {
      "name": "Paládio",
      "usd_oz": 1309,
      "usd_g": 42.085327258334026,
      "brl_oz": 6649.3273,
      "brl_g": 213.78083687415935,
      "chg_1h": -0.5319148936170213,
      "chg_24h": 0.3834355828220859
    },
    "XCU": {
      "name": "Cobre",
      "usd_oz": 6.271353,
      "usd_g": 0.20162868094540481,
      "brl_oz": 31.8565918341,
      "brl_g": 1.0242132105983728,
      "chg_1h": 0,
      "chg_24h": -0.11222606272713609
    }
  }
}
