{
  "timestamp": 1777305832,
  "usdToBrl": 4.9681,
  "metals": {
    "XAU": {
      "name": "Ouro",
      "usd_oz": 4670.100098,
      "usd_g": 150.14720470092269,
      "brl_oz": 23201.5242968738,
      "brl_g": 745.946327674654,
      "chg_1h": -0.559999245140948,
      "chg_24h": -0.8639659651170374
    },
    "XAG": {
      "name": "Prata",
      "usd_oz": 74.964996,
      "usd_g": 2.41018058791421,
      "brl_oz": 372.43359662759997,
      "brl_g": 11.974018178816587,
      "chg_1h": -0.6586122991336578,
      "chg_24h": -1.110719341363197
    },
    "XPT": {
      "name": "Platina",
      "usd_oz": 1996,
      "usd_g": 64.17289015098144,
      "brl_oz": 9916.327599999999,
      "brl_g": 318.8173355590909,
      "chg_1h": -0.7952286282306162,
      "chg_24h": -1.2858555885262115
    },
    "XPD": {
      "name": "Paládio",
      "usd_oz": 1493,
      "usd_g": 48.00106462696158,
      "brl_oz": 7417.373299999999,
      "brl_g": 238.4740891732078,
      "chg_1h": -0.665335994677312,
      "chg_24h": -2.0341207349081363
    },
    "XCU": {
      "name": "Cobre",
      "usd_oz": 5.963304,
      "usd_g": 0.1917246756156855,
      "brl_oz": 29.626290602399997,
      "brl_g": 0.9525073609262872,
      "chg_1h": -0.2327004240939707,
      "chg_24h": -0.38286244932739577
    }
  }
}
