{
  "timestamp": 1776987116,
  "usdToBrl": 4.963,
  "metals": {
    "XAU": {
      "name": "Ouro",
      "usd_oz": 4696.299805,
      "usd_g": 150.989544840852,
      "brl_oz": 23307.735932214997,
      "brl_g": 749.3611110451485,
      "chg_1h": 0.053261751754663945,
      "chg_24h": -0.6578689690889717
    },
    "XAG": {
      "name": "Prata",
      "usd_oz": 75.678001,
      "usd_g": 2.4331042309713746,
      "brl_oz": 375.589918963,
      "brl_g": 12.075496298310933,
      "chg_1h": 0.11111860435698523,
      "chg_24h": -2.4692643124658122
    },
    "XPT": {
      "name": "Platina",
      "usd_oz": 2015,
      "usd_g": 64.78375433578539,
      "brl_oz": 10000.445,
      "brl_g": 321.5217727685029,
      "chg_1h": 0.14910536779324055,
      "chg_24h": -3.218059558117195
    },
    "XPD": {
      "name": "Paládio",
      "usd_oz": 1495,
      "usd_g": 48.06536612009883,
      "brl_oz": 7419.685,
      "brl_g": 238.5484120540505,
      "chg_1h": 0.20107238605898123,
      "chg_24h": -4.716379859783301
    },
    "XCU": {
      "name": "Cobre",
      "usd_oz": 5.989801,
      "usd_g": 0.19257657394751446,
      "brl_oz": 29.727382363,
      "brl_g": 0.9557575365015143,
      "chg_1h": 0,
      "chg_24h": -0.9791814624224251
    }
  }
}
