{
  "timestamp": 1777425578,
  "usdToBrl": 5.0017,
  "metals": {
    "XAU": {
      "name": "Ouro",
      "usd_oz": 4582.799805,
      "usd_g": 147.3404351053127,
      "brl_oz": 22921.789784668497,
      "brl_g": 736.9526542662425,
      "chg_1h": -0.22859383114009474,
      "chg_24h": -2.4624921783548017
    },
    "XAG": {
      "name": "Prata",
      "usd_oz": 73.167,
      "usd_g": 2.3523736741868038,
      "brl_oz": 365.9593839,
      "brl_g": 11.765867406180135,
      "chg_1h": -0.1909763077329125,
      "chg_24h": -3.9096936295582134
    },
    "XPT": {
      "name": "Platina",
      "usd_oz": 1926,
      "usd_g": 61.92233789117749,
      "brl_oz": 9633.2742,
      "brl_g": 309.71695743030244,
      "chg_1h": -1.078582434514638,
      "chg_24h": -3.988035892323031
    },
    "XPD": {
      "name": "Paládio",
      "usd_oz": 1464,
      "usd_g": 47.06869297647136,
      "brl_oz": 7322.488799999999,
      "brl_g": 235.4234816604168,
      "chg_1h": -1.4141414141414141,
      "chg_24h": -2.4
    },
    "XCU": {
      "name": "Cobre",
      "usd_oz": 5.870543,
      "usd_g": 0.188742340213233,
      "brl_oz": 29.362694923099994,
      "brl_g": 0.9440325630445274,
      "chg_1h": 0.2237839600439424,
      "chg_24h": -1.7771668930992714
    }
  }
}
