{
  "timestamp": 1778049555,
  "usdToBrl": 4.9525,
  "metals": {
    "XAU": {
      "name": "Ouro",
      "usd_oz": 4666.899902,
      "usd_g": 150.04431601035677,
      "brl_oz": 23112.821764655,
      "brl_g": 743.0944750412918,
      "chg_1h": 0,
      "chg_24h": 2.747623374811856
    },
    "XAG": {
      "name": "Prata",
      "usd_oz": 75.916,
      "usd_g": 2.4407560765039618,
      "brl_oz": 375.97398999999996,
      "brl_g": 12.08784446888587,
      "chg_1h": 0,
      "chg_24h": 3.7926254079085937
    },
    "XPT": {
      "name": "Platina",
      "usd_oz": 2009,
      "usd_g": 64.59084985637361,
      "brl_oz": 9949.5725,
      "brl_g": 319.8861839136903,
      "chg_1h": 0,
      "chg_24h": 1.7215189873417722
    },
    "XPD": {
      "name": "Paládio",
      "usd_oz": 1546,
      "usd_g": 49.70505419509886,
      "brl_oz": 7656.565,
      "brl_g": 246.1642809012271,
      "chg_1h": 0,
      "chg_24h": 2.046204620462046
    },
    "XCU": {
      "name": "Cobre",
      "usd_oz": 5.93571,
      "usd_g": 0.1908375079148708,
      "brl_oz": 29.396603775,
      "brl_g": 0.9451227579483976,
      "chg_1h": 0,
      "chg_24h": 1.5048105131014562
    }
  }
}
