{
  "timestamp": 1777962888,
  "usdToBrl": 4.9661,
  "metals": {
    "XAU": {
      "name": "Ouro",
      "usd_oz": 4542.100098,
      "usd_g": 146.0319091401383,
      "brl_oz": 22556.5232966778,
      "brl_g": 725.2090639808408,
      "chg_1h": 0,
      "chg_24h": -1.0629681553008998
    },
    "XAG": {
      "name": "Prata",
      "usd_oz": 73.141998,
      "usd_g": 2.3515698412210946,
      "brl_oz": 363.2304762678,
      "brl_g": 11.678130988488078,
      "chg_1h": 0,
      "chg_24h": -2.4383126258728414
    },
    "XPT": {
      "name": "Platina",
      "usd_oz": 1975,
      "usd_g": 63.497724473040265,
      "brl_oz": 9808.0475,
      "brl_g": 315.33604950556526,
      "chg_1h": 0,
      "chg_24h": -1.0521042084168337
    },
    "XPD": {
      "name": "Paládio",
      "usd_oz": 1515,
      "usd_g": 48.70838105147139,
      "brl_oz": 7523.6415,
      "brl_g": 241.8906911397121,
      "chg_1h": 0,
      "chg_24h": -1.7509727626459144
    },
    "XCU": {
      "name": "Cobre",
      "usd_oz": 5.847713,
      "usd_g": 0.18800833866907124,
      "brl_oz": 29.040327529299997,
      "brl_g": 0.9336682106644747,
      "chg_1h": 0,
      "chg_24h": -0.46881353445475965
    }
  }
}
