{
  "timestamp": 1773923384,
  "usdToBrl": 5.2243,
  "metals": {
    "XAU": {
      "name": "Ouro",
      "usd_oz": 4606.200195,
      "usd_g": 148.0927751138098,
      "brl_oz": 24064.171678738505,
      "brl_g": 773.6810850270766,
      "chg_1h": -1.2943020985639113,
      "chg_24h": -6.6512587856321606
    },
    "XAG": {
      "name": "Prata",
      "usd_oz": 68.557999,
      "usd_g": 2.2041908511012505,
      "brl_oz": 358.1675541757,
      "brl_g": 11.515354263408264,
      "chg_1h": -3.0475274580711185,
      "chg_24h": -12.952175131013291
    },
    "XPT": {
      "name": "Platina",
      "usd_oz": 1903,
      "usd_g": 61.18287072009905,
      "brl_oz": 9941.842900000001,
      "brl_g": 319.63767150301345,
      "chg_1h": -2.2096608427543676,
      "chg_24h": -9.077878643096035
    },
    "XPD": {
      "name": "Paládio",
      "usd_oz": 1445,
      "usd_g": 46.45782879166743,
      "brl_oz": 7549.1135,
      "brl_g": 242.70963495630818,
      "chg_1h": -1.6337644656228727,
      "chg_24h": -10.192666252330639
    },
    "XCU": {
      "name": "Cobre",
      "usd_oz": 5.52468,
      "usd_g": 0.17762258655276764,
      "brl_oz": 28.862585724000002,
      "brl_g": 0.927953678927624,
      "chg_1h": -0.7213706527592989,
      "chg_24h": -3.422789695969572
    }
  }
}
