{
  "timestamp": 1778833627,
  "usdToBrl": 4.997,
  "metals": {
    "XAU": {
      "name": "Ouro",
      "usd_oz": 4561.200195,
      "usd_g": 146.64599151822154,
      "brl_oz": 22792.317374415,
      "brl_g": 732.790019616553,
      "chg_1h": 0,
      "chg_24h": -2.940794779801222
    },
    "XAG": {
      "name": "Prata",
      "usd_oz": 78.406998,
      "usd_g": 2.5208435219049212,
      "brl_oz": 391.799769006,
      "brl_g": 12.596655078958891,
      "chg_1h": 0,
      "chg_24h": -10.178483709847407
    },
    "XPT": {
      "name": "Platina",
      "usd_oz": 2010,
      "usd_g": 64.62300060294224,
      "brl_oz": 10043.97,
      "brl_g": 322.92113401290237,
      "chg_1h": 0,
      "chg_24h": -5.500705218617771
    },
    "XPD": {
      "name": "Paládio",
      "usd_oz": 1447,
      "usd_g": 46.52213028480469,
      "brl_oz": 7230.659,
      "brl_g": 232.47108503316903,
      "chg_1h": 0,
      "chg_24h": -4.614370468029005
    },
    "XCU": {
      "name": "Cobre",
      "usd_oz": 6.289739,
      "usd_g": 0.2022198045718156,
      "brl_oz": 31.429825783,
      "brl_g": 1.0104923634453624,
      "chg_1h": 0,
      "chg_24h": -0.9323300359808486
    }
  }
}
