{
  "timestamp": 1779788548,
  "usdToBrl": 5.0026,
  "metals": {
    "XAU": {
      "name": "Ouro",
      "usd_oz": 4517.5,
      "usd_g": 145.2409976237769,
      "brl_oz": 22599.2455,
      "brl_g": 726.5826147127063,
      "chg_1h": 0,
      "chg_24h": -0.8689758212109365
    },
    "XAG": {
      "name": "Prata",
      "usd_oz": 76.036003,
      "usd_g": 2.4446142625444365,
      "brl_oz": 380.3777086078,
      "brl_g": 12.229427309804798,
      "chg_1h": 0,
      "chg_24h": -2.512948035464703
    },
    "XPT": {
      "name": "Platina",
      "usd_oz": 1948,
      "usd_g": 62.629654315687304,
      "brl_oz": 9745.0648,
      "brl_g": 313.3111086796573,
      "chg_1h": 0,
      "chg_24h": -1.2671059300557528
    },
    "XPD": {
      "name": "Paládio",
      "usd_oz": 1395,
      "usd_g": 44.85029146323603,
      "brl_oz": 6978.627,
      "brl_g": 224.36806807398457,
      "chg_1h": 0,
      "chg_24h": -0.99361249112846
    },
    "XCU": {
      "name": "Cobre",
      "usd_oz": 6.132796,
      "usd_g": 0.1971739699530954,
      "brl_oz": 30.6799252696,
      "brl_g": 0.9863825020873551,
      "chg_1h": 0,
      "chg_24h": 0.0925393079887746
    }
  }
}
