{
  "timestamp": 1772833608,
  "usdToBrl": 5.2765,
  "metals": {
    "XAU": {
      "name": "Ouro",
      "usd_oz": 5170.700195,
      "usd_g": 166.2418715518003,
      "brl_oz": 27283.199578917505,
      "brl_g": 877.1752352430743,
      "chg_1h": 0.2403968452547263,
      "chg_24h": 1.8536046799721837
    },
    "XAG": {
      "name": "Prata",
      "usd_oz": 84.468002,
      "usd_g": 2.7157093254603613,
      "brl_oz": 445.69541255300004,
      "brl_g": 14.329440255791598,
      "chg_1h": 0.46027163734646537,
      "chg_24h": 2.82166761237571
    },
    "XPT": {
      "name": "Platina",
      "usd_oz": 2148,
      "usd_g": 69.0598036294129,
      "brl_oz": 11333.922,
      "brl_g": 364.3940538505972,
      "chg_1h": -0.04653327128897162,
      "chg_24h": 1.03480714957667
    },
    "XPD": {
      "name": "Paládio",
      "usd_oz": 1652,
      "usd_g": 53.11303333137342,
      "brl_oz": 8716.778,
      "brl_g": 280.2509203729919,
      "chg_1h": -0.9592326139088728,
      "chg_24h": -0.06049606775559589
    },
    "XCU": {
      "name": "Cobre",
      "usd_oz": 5.796064,
      "usd_g": 0.1863477847595482,
      "brl_oz": 30.582931696000003,
      "brl_g": 0.9832640862837561,
      "chg_1h": 0,
      "chg_24h": -1.2250952291361537
    }
  }
}
