{
  "timestamp": 1774370645,
  "usdToBrl": 5.2669,
  "metals": {
    "XAU": {
      "name": "Ouro",
      "usd_oz": 4418.100098,
      "usd_g": 142.04521656562844,
      "brl_oz": 23269.6914061562,
      "brl_g": 748.1379511295083,
      "chg_1h": -0.17848852236782897,
      "chg_24h": 0.7318763793889623
    },
    "XAG": {
      "name": "Prata",
      "usd_oz": 69.788002,
      "usd_g": 2.243736365832903,
      "brl_oz": 367.5664277338,
      "brl_g": 11.817535065205314,
      "chg_1h": -0.7551273482273593,
      "chg_24h": 1.3314747475287225
    },
    "XPT": {
      "name": "Platina",
      "usd_oz": 1914,
      "usd_g": 61.53652893235395,
      "brl_oz": 10080.846599999999,
      "brl_g": 324.106744233815,
      "chg_1h": -0.46801872074883,
      "chg_24h": 2.4077046548956664
    },
    "XPD": {
      "name": "Paládio",
      "usd_oz": 1440,
      "usd_g": 46.29707505882429,
      "brl_oz": 7584.335999999999,
      "brl_g": 243.84206462732163,
      "chg_1h": -0.48375950241879756,
      "chg_24h": -0.34602076124567477
    },
    "XCU": {
      "name": "Cobre",
      "usd_oz": 5.47229,
      "usd_g": 0.17593820894003723,
      "brl_oz": 28.822004201,
      "brl_g": 0.926648952666282,
      "chg_1h": -0.18613788065470227,
      "chg_24h": -1.1201274384152142
    }
  }
}
