{
  "timestamp": 1780356028,
  "usdToBrl": 5.0245,
  "metals": {
    "XAU": {
      "name": "Ouro",
      "usd_oz": 4487.799805,
      "usd_g": 144.28611418129307,
      "brl_oz": 22548.950120222496,
      "brl_g": 724.965580703907,
      "chg_1h": 0.03788829858605982,
      "chg_24h": -1.2520163610044401
    },
    "XAG": {
      "name": "Prata",
      "usd_oz": 75.154999,
      "usd_g": 2.4162893262144896,
      "brl_oz": 377.6162924755,
      "brl_g": 12.140645719564702,
      "chg_1h": 0.21869558555143712,
      "chg_24h": -0.588623031445048
    },
    "XPT": {
      "name": "Platina",
      "usd_oz": 1936,
      "usd_g": 62.24384535686377,
      "brl_oz": 9727.431999999999,
      "brl_g": 312.744200995562,
      "chg_1h": 0.2070393374741201,
      "chg_24h": -0.513874614594039
    },
    "XPD": {
      "name": "Paládio",
      "usd_oz": 1385,
      "usd_g": 44.52878399754975,
      "brl_oz": 6958.9325,
      "brl_g": 223.73487519568872,
      "chg_1h": -0.14419610670511895,
      "chg_24h": -0.28797696184305255
    },
    "XCU": {
      "name": "Cobre",
      "usd_oz": 6.245098,
      "usd_g": 0.20078456309424544,
      "brl_oz": 31.378494900999996,
      "brl_g": 1.0088420372670361,
      "chg_1h": 0,
      "chg_24h": 0.8454087557954817
    }
  }
}
