{
  "timestamp": 1770699817,
  "usdToBrl": 5.1931,
  "metals": {
    "XAU": {
      "name": "Ouro",
      "usd_oz": 5033.399902,
      "usd_g": 161.82756462775893,
      "brl_oz": 26138.9490310762,
      "brl_g": 840.3867258684149,
      "chg_1h": 0.15719633867277108,
      "chg_24h": 0.1671622288557236
    },
    "XAG": {
      "name": "Prata",
      "usd_oz": 81.384003,
      "usd_g": 2.6165564551934595,
      "brl_oz": 422.6352659793001,
      "brl_g": 13.588039327465156,
      "chg_1h": -0.029473762878587516,
      "chg_24h": 0.08608603366877338
    },
    "XPT": {
      "name": "Platina",
      "usd_oz": 2095,
      "usd_g": 67.35581406127562,
      "brl_oz": 10879.5445,
      "brl_g": 349.78547800161044,
      "chg_1h": -0.047709923664122134,
      "chg_24h": 0.3833253473885961
    },
    "XPD": {
      "name": "Paládio",
      "usd_oz": 1746,
      "usd_g": 56.13520350882445,
      "brl_oz": 9067.152600000001,
      "brl_g": 291.5157253416763,
      "chg_1h": 0.46029919447640966,
      "chg_24h": 1.1587485515643106
    },
    "XCU": {
      "name": "Cobre",
      "usd_oz": 5.872434,
      "usd_g": 0.1888031372749943,
      "brl_oz": 30.4961370054,
      "brl_g": 0.9804735721827729,
      "chg_1h": 0.2930862489246831,
      "chg_24h": 0.11342053172459081
    }
  }
}
