{
  "timestamp": 1778879914,
  "usdToBrl": 5.0324,
  "metals": {
    "XAU": {
      "name": "Ouro",
      "usd_oz": 4541.200195,
      "usd_g": 146.00297658684897,
      "brl_oz": 22853.135861318002,
      "brl_g": 734.7453793756588,
      "chg_1h": 0.03524753206136837,
      "chg_24h": -2.4027467225445873
    },
    "XAG": {
      "name": "Prata",
      "usd_oz": 76.092003,
      "usd_g": 2.4464147043522804,
      "brl_oz": 382.9253958972,
      "brl_g": 12.311337358182415,
      "chg_1h": -0.03940910539897447,
      "chg_24h": -8.996095366711193
    },
    "XPT": {
      "name": "Platina",
      "usd_oz": 1989,
      "usd_g": 63.947834925001054,
      "brl_oz": 10009.4436,
      "brl_g": 321.8110844765753,
      "chg_1h": 0.6069802731411229,
      "chg_24h": -3.6337209302325584
    },
    "XPD": {
      "name": "Paládio",
      "usd_oz": 1434,
      "usd_g": 46.104170579412525,
      "brl_oz": 7216.4616,
      "brl_g": 232.0146280238356,
      "chg_1h": -0.20876826722338201,
      "chg_24h": -2.1828103683492497
    },
    "XCU": {
      "name": "Cobre",
      "usd_oz": 6.230834,
      "usd_g": 0.20032596484519055,
      "brl_oz": 31.356049021599997,
      "brl_g": 1.008120385486937,
      "chg_1h": 0,
      "chg_24h": -2.1432164564598
    }
  }
}
