{
  "timestamp": 1774027523,
  "usdToBrl": 5.2552,
  "metals": {
    "XAU": {
      "name": "Ouro",
      "usd_oz": 4571.5,
      "usd_g": 146.97713793848283,
      "brl_oz": 24024.146800000002,
      "brl_g": 772.394255294315,
      "chg_1h": -0.39437200656953375,
      "chg_24h": -0.7253122263416381
    },
    "XAG": {
      "name": "Prata",
      "usd_oz": 69.657997,
      "usd_g": 2.2395566080252483,
      "brl_oz": 366.0667058344,
      "brl_g": 11.769317886494285,
      "chg_1h": -0.585151558697958,
      "chg_24h": -2.4752974067441516
    },
    "XPT": {
      "name": "Platina",
      "usd_oz": 1979,
      "usd_g": 63.62632745931477,
      "brl_oz": 10400.0408,
      "brl_g": 334.369076064191,
      "chg_1h": -0.5027652086475616,
      "chg_24h": 0.8664627930682977
    },
    "XPD": {
      "name": "Paládio",
      "usd_oz": 1460,
      "usd_g": 46.94008999019685,
      "brl_oz": 7672.592000000001,
      "brl_g": 246.67956091648253,
      "chg_1h": -0.3412969283276451,
      "chg_24h": -0.9497964721845319
    },
    "XCU": {
      "name": "Cobre",
      "usd_oz": 5.392079,
      "usd_g": 0.173359365407021,
      "brl_oz": 28.336453560800003,
      "brl_g": 0.9110381370869768,
      "chg_1h": -0.28659786074243626,
      "chg_24h": -1.9358474877430791
    }
  }
}
