{
  "timestamp": 1778606793,
  "usdToBrl": 4.9038,
  "metals": {
    "XAU": {
      "name": "Ouro",
      "usd_oz": 4681.5,
      "usd_g": 150.5137200610319,
      "brl_oz": 22957.139700000003,
      "brl_g": 738.0891804352883,
      "chg_1h": 0,
      "chg_24h": -0.8492904347614213
    },
    "XAG": {
      "name": "Prata",
      "usd_oz": 85.102997,
      "usd_g": 2.7361248887777077,
      "brl_oz": 417.32807668860005,
      "brl_g": 13.417409229588124,
      "chg_1h": 0,
      "chg_24h": -0.5678299980545446
    },
    "XPT": {
      "name": "Platina",
      "usd_oz": 2109,
      "usd_g": 67.8059245132364,
      "brl_oz": 10342.1142,
      "brl_g": 332.5066926280087,
      "chg_1h": 0,
      "chg_24h": -0.5188679245283019
    },
    "XPD": {
      "name": "Paládio",
      "usd_oz": 1497,
      "usd_g": 48.12966761323609,
      "brl_oz": 7340.988600000001,
      "brl_g": 236.01826404178715,
      "chg_1h": 0,
      "chg_24h": -2.2207707380796866
    },
    "XCU": {
      "name": "Cobre",
      "usd_oz": 6.289058,
      "usd_g": 0.20219790991340233,
      "brl_oz": 30.8402826204,
      "brl_g": 0.9915381106333424,
      "chg_1h": 0,
      "chg_24h": 0.9526121026763116
    }
  }
}
