{
  "timestamp": 1773144093,
  "usdToBrl": 5.2302,
  "metals": {
    "XAU": {
      "name": "Ouro",
      "usd_oz": 5175.799805,
      "usd_g": 166.4058278205091,
      "brl_oz": 27070.468140111,
      "brl_g": 870.3357606668267,
      "chg_1h": -0.01352641746354388,
      "chg_24h": 1.5380371269132485
    },
    "XAG": {
      "name": "Prata",
      "usd_oz": 88.501999,
      "usd_g": 2.845405340665967,
      "brl_oz": 462.8831551698,
      "brl_g": 14.88203901275114,
      "chg_1h": -0.036142048347824536,
      "chg_24h": 5.9485498886146795
    },
    "XPT": {
      "name": "Platina",
      "usd_oz": 2209,
      "usd_g": 71.02099917009922,
      "brl_oz": 11553.5118,
      "brl_g": 371.45402985945293,
      "chg_1h": 0.1359927470534905,
      "chg_24h": 3.9529411764705884
    },
    "XPD": {
      "name": "Paládio",
      "usd_oz": 1715,
      "usd_g": 55.138530365196985,
      "brl_oz": 8969.793,
      "brl_g": 288.38554151605325,
      "chg_1h": 0.46865846514352666,
      "chg_24h": 5.214723926380368
    },
    "XCU": {
      "name": "Cobre",
      "usd_oz": 5.832215,
      "usd_g": 0.18751006639875062,
      "brl_oz": 30.503650893,
      "brl_g": 0.9807151492787455,
      "chg_1h": -0.13592109658771306,
      "chg_24h": 0.739088814676964
    }
  }
}
