{
  "timestamp": 1780084722,
  "usdToBrl": 5.0453,
  "metals": {
    "XAU": {
      "name": "Ouro",
      "usd_oz": 4545.299805,
      "usd_g": 146.13478210898919,
      "brl_oz": 22932.4011061665,
      "brl_g": 737.2938161744831,
      "chg_1h": 0,
      "chg_24h": 1.0785447896985043
    },
    "XAG": {
      "name": "Prata",
      "usd_oz": 75.643997,
      "usd_g": 2.432010976985055,
      "brl_oz": 381.6466580641,
      "brl_g": 12.270224982182699,
      "chg_1h": 0,
      "chg_24h": -0.1834184520308636
    },
    "XPT": {
      "name": "Platina",
      "usd_oz": 1933,
      "usd_g": 62.14739311715789,
      "brl_oz": 9752.5649,
      "brl_g": 313.5522424939967,
      "chg_1h": 0,
      "chg_24h": 0.20736132711249353
    },
    "XPD": {
      "name": "Paládio",
      "usd_oz": 1383,
      "usd_g": 44.4644825044125,
      "brl_oz": 6977.6499,
      "brl_g": 224.3366535795124,
      "chg_1h": 0,
      "chg_24h": -0.5035971223021583
    },
    "XCU": {
      "name": "Cobre",
      "usd_oz": 6.198187,
      "usd_g": 0.19927633942196457,
      "brl_oz": 31.2717128711,
      "brl_g": 1.0054089152856378,
      "chg_1h": 0,
      "chg_24h": 1.6686074101023562
    }
  }
}
