{
  "timestamp": 1772531385,
  "usdToBrl": 5.2067,
  "metals": {
    "XAU": {
      "name": "Ouro",
      "usd_oz": 5269.600098,
      "usd_g": 169.42157726881518,
      "brl_oz": 27437.226830256597,
      "brl_g": 882.12732636554,
      "chg_1h": -0.6466902587484055,
      "chg_24h": -2.2464632166397163
    },
    "XAG": {
      "name": "Prata",
      "usd_oz": 84.272003,
      "usd_g": 2.709407811283657,
      "brl_oz": 438.77903802009996,
      "brl_g": 14.107073651010616,
      "chg_1h": -1.7717234707198846,
      "chg_24h": -11.804167037367465
    },
    "XPT": {
      "name": "Platina",
      "usd_oz": 2131,
      "usd_g": 68.51324093774623,
      "brl_oz": 11095.4777,
      "brl_g": 356.7278915905633,
      "chg_1h": -1.5249537892791127,
      "chg_24h": -10.799497697781499
    },
    "XPD": {
      "name": "Paládio",
      "usd_oz": 1721,
      "usd_g": 55.33143484460876,
      "brl_oz": 8960.7307,
      "brl_g": 288.0941818054244,
      "chg_1h": -0.28968713789107764,
      "chg_24h": -6.5689467969598265
    },
    "XCU": {
      "name": "Cobre",
      "usd_oz": 5.894131,
      "usd_g": 0.1895007120232938,
      "brl_oz": 30.6889718777,
      "brl_g": 0.9866733572916837,
      "chg_1h": -0.12425730293364552,
      "chg_24h": -3.6778899422603213
    }
  }
}
