{
  "timestamp": 1774622148,
  "usdToBrl": 5.2366,
  "metals": {
    "XAU": {
      "name": "Ouro",
      "usd_oz": 4464.600098,
      "usd_g": 143.54022628106964,
      "brl_oz": 23379.3248731868,
      "brl_g": 751.6627489434493,
      "chg_1h": 0.8470556158633303,
      "chg_24h": 0.37546249618815675
    },
    "XAG": {
      "name": "Prata",
      "usd_oz": 69.069,
      "usd_g": 2.220619914748566,
      "brl_oz": 361.6867254,
      "brl_g": 11.62849824557234,
      "chg_1h": 1.2697344133072956,
      "chg_24h": -0.07234334673491136
    },
    "XPT": {
      "name": "Platina",
      "usd_oz": 1870,
      "usd_g": 60.12189608333433,
      "brl_oz": 9792.442000000001,
      "brl_g": 314.83432102998853,
      "chg_1h": 1.5752308527973928,
      "chg_24h": -0.42598509052183176
    },
    "XPD": {
      "name": "Paládio",
      "usd_oz": 1406,
      "usd_g": 45.20394967549094,
      "brl_oz": 7362.6596,
      "brl_g": 236.71500287067585,
      "chg_1h": 0.5003573981415297,
      "chg_24h": 0.7163323782234957
    },
    "XCU": {
      "name": "Cobre",
      "usd_oz": 5.478489,
      "usd_g": 0.17613751141801612,
      "brl_oz": 28.6886554974,
      "brl_g": 0.9223616922915833,
      "chg_1h": 0.08425472475906635,
      "chg_24h": 0.15618070086979877
    }
  }
}
