{
  "timestamp": 1779414592,
  "usdToBrl": 5.012,
  "metals": {
    "XAU": {
      "name": "Ouro",
      "usd_oz": 4528.5,
      "usd_g": 145.59465583603182,
      "brl_oz": 22696.841999999997,
      "brl_g": 729.7204150501914,
      "chg_1h": 0,
      "chg_24h": -0.7995618838992333
    },
    "XAG": {
      "name": "Prata",
      "usd_oz": 76.445,
      "usd_g": 2.457763821438766,
      "brl_oz": 383.14233999999993,
      "brl_g": 12.318312273051093,
      "chg_1h": 0,
      "chg_24h": -0.6885326583574659
    },
    "XPT": {
      "name": "Platina",
      "usd_oz": 1963,
      "usd_g": 63.111915514216726,
      "brl_oz": 9838.555999999999,
      "brl_g": 316.3169205572542,
      "chg_1h": 0,
      "chg_24h": -0.05091649694501018
    },
    "XPD": {
      "name": "Paládio",
      "usd_oz": 1399,
      "usd_g": 44.97889444951055,
      "brl_oz": 7011.788,
      "brl_g": 225.43421898094684,
      "chg_1h": 0,
      "chg_24h": -0.3561253561253561
    },
    "XCU": {
      "name": "Cobre",
      "usd_oz": 6.112082,
      "usd_g": 0.19650799938867286,
      "brl_oz": 30.633754983999996,
      "brl_g": 0.9848980929360283,
      "chg_1h": 0,
      "chg_24h": -0.7610222062094049
    }
  }
}
