{
  "timestamp": 1772687083,
  "usdToBrl": 5.2198,
  "metals": {
    "XAU": {
      "name": "Ouro",
      "usd_oz": 5174.200195,
      "usd_g": 166.3543991647905,
      "brl_oz": 27008.290177861003,
      "brl_g": 868.3366927603735,
      "chg_1h": -0.32171121222286597,
      "chg_24h": 0.3101857119758416
    },
    "XAG": {
      "name": "Prata",
      "usd_oz": 84.688004,
      "usd_g": 2.722782554006953,
      "brl_oz": 442.05444327920003,
      "brl_g": 14.212380375405493,
      "chg_1h": -0.591601317123656,
      "chg_24h": -0.037767941008392855
    },
    "XPT": {
      "name": "Platina",
      "usd_oz": 2187,
      "usd_g": 70.31368274558939,
      "brl_oz": 11415.7026,
      "brl_g": 367.0233611954275,
      "chg_1h": 0.1832340815391663,
      "chg_24h": 2.291861552853134
    },
    "XPD": {
      "name": "Paládio",
      "usd_oz": 1704,
      "usd_g": 54.78487215294208,
      "brl_oz": 8894.539200000001,
      "brl_g": 285.9660756639271,
      "chg_1h": 0,
      "chg_24h": 0.35335689045936397
    },
    "XCU": {
      "name": "Cobre",
      "usd_oz": 5.853383,
      "usd_g": 0.18819063340211536,
      "brl_oz": 30.5534885834,
      "brl_g": 0.9823174682323618,
      "chg_1h": -0.3808358408103743,
      "chg_24h": -0.8985088004594289
    }
  }
}
