{
  "timestamp": 1771889942,
  "usdToBrl": 5.1815,
  "metals": {
    "XAU": {
      "name": "Ouro",
      "usd_oz": 5242.700195,
      "usd_g": 168.55672530474152,
      "brl_oz": 27165.0510603925,
      "brl_g": 873.3766721665181,
      "chg_1h": 0.25433688853884556,
      "chg_24h": 1.8454843211784984
    },
    "XAG": {
      "name": "Prata",
      "usd_oz": 88.758003,
      "usd_g": 2.853636060390522,
      "brl_oz": 459.89959254449997,
      "brl_g": 14.78611524691349,
      "chg_1h": 0.48341125444735045,
      "chg_24h": 2.7030224723920666
    },
    "XPT": {
      "name": "Platina",
      "usd_oz": 2171,
      "usd_g": 69.79927080049134,
      "brl_oz": 11249.0365,
      "brl_g": 361.6649216527459,
      "chg_1h": 0.555812876331635,
      "chg_24h": -1.4972776769509981
    },
    "XPD": {
      "name": "Paládio",
      "usd_oz": 1769,
      "usd_g": 56.8746706799029,
      "brl_oz": 9166.0735,
      "brl_g": 294.69610612791683,
      "chg_1h": 0.5113636363636364,
      "chg_24h": -1.5581524763494714
    },
    "XCU": {
      "name": "Cobre",
      "usd_oz": 5.790243,
      "usd_g": 0.1861606352637722,
      "brl_oz": 30.0021441045,
      "brl_g": 0.9645913316192356,
      "chg_1h": 0,
      "chg_24h": 0.3626771201245752
    }
  }
}
