{
  "timestamp": 1776176687,
  "usdToBrl": 5.0274,
  "metals": {
    "XAU": {
      "name": "Ouro",
      "usd_oz": 4802,
      "usd_g": 154.38788502255156,
      "brl_oz": 24141.574800000002,
      "brl_g": 776.1696531623758,
      "chg_1h": 0.5317569291730168,
      "chg_24h": 1.825740575271436
    },
    "XAG": {
      "name": "Prata",
      "usd_oz": 78.974998,
      "usd_g": 2.5391051459559018,
      "brl_oz": 397.0389049452,
      "brl_g": 12.7650972107787,
      "chg_1h": 1.5376888560882616,
      "chg_24h": 6.525752235378393
    },
    "XPT": {
      "name": "Platina",
      "usd_oz": 2098,
      "usd_g": 67.4522663009815,
      "brl_oz": 10547.485200000001,
      "brl_g": 339.10952360155443,
      "chg_1h": 1.108433734939759,
      "chg_24h": 3.146509341199607
    },
    "XPD": {
      "name": "Paládio",
      "usd_oz": 1594,
      "usd_g": 51.248290030393,
      "brl_oz": 8013.6756000000005,
      "brl_g": 257.64565329879775,
      "chg_1h": 0.06277463904582549,
      "chg_24h": 2.0486555697823303
    },
    "XCU": {
      "name": "Cobre",
      "usd_oz": 5.931854,
      "usd_g": 0.1907135346361022,
      "brl_oz": 29.821802799600004,
      "brl_g": 0.9587932240295401,
      "chg_1h": 0.30294534707669385,
      "chg_24h": 1.8338265208111275
    }
  }
}
