{
  "timestamp": 1775506001,
  "usdToBrl": 5.1818,
  "metals": {
    "XAU": {
      "name": "Ouro",
      "usd_oz": 4655.700195,
      "usd_g": 149.6842370689569,
      "brl_oz": 24124.907270451,
      "brl_g": 775.6337796439208,
      "chg_1h": 0.09029764592067825,
      "chg_24h": -0.47669527575886383
    },
    "XAG": {
      "name": "Prata",
      "usd_oz": 73.114998,
      "usd_g": 2.3507017710637417,
      "brl_oz": 378.8672966364,
      "brl_g": 12.180866437298096,
      "chg_1h": -0.04101305794024937,
      "chg_24h": -0.049217371611898784
    },
    "XPT": {
      "name": "Platina",
      "usd_oz": 1991,
      "usd_g": 64.01213641813831,
      "brl_oz": 10316.9638,
      "brl_g": 331.6980884915091,
      "chg_1h": 0.10055304172951231,
      "chg_24h": 0.05025125628140704
    },
    "XPD": {
      "name": "Paládio",
      "usd_oz": 1507,
      "usd_g": 48.45117507892237,
      "brl_oz": 7808.9726,
      "brl_g": 251.06429902395993,
      "chg_1h": -0.0663129973474801,
      "chg_24h": -1.5032679738562091
    },
    "XCU": {
      "name": "Cobre",
      "usd_oz": 5.523714,
      "usd_g": 0.17759152893158234,
      "brl_oz": 28.6227812052,
      "brl_g": 0.9202437846176733,
      "chg_1h": 0,
      "chg_24h": 0
    }
  }
}
