{
  "timestamp": 1773383398,
  "usdToBrl": 5.1621,
  "metals": {
    "XAU": {
      "name": "Ouro",
      "usd_oz": 5094.399902,
      "usd_g": 163.78876016844524,
      "brl_oz": 26297.8017341142,
      "brl_g": 845.4939588655311,
      "chg_1h": -0.2896792537995321,
      "chg_24h": -1.211968453678161
    },
    "XAG": {
      "name": "Prata",
      "usd_oz": 82.964996,
      "usd_g": 2.667386560463234,
      "brl_oz": 428.2736058516,
      "brl_g": 13.76931616376726,
      "chg_1h": -1.5240596146653507,
      "chg_24h": -2.930858746567696
    },
    "XPT": {
      "name": "Platina",
      "usd_oz": 2115,
      "usd_g": 67.99882899264819,
      "brl_oz": 10917.841499999999,
      "brl_g": 351.0167551429492,
      "chg_1h": -1.3526119402985073,
      "chg_24h": -2.219140083217753
    },
    "XPD": {
      "name": "Paládio",
      "usd_oz": 1640,
      "usd_g": 52.72722437254989,
      "brl_oz": 8465.844,
      "brl_g": 272.1832049335398,
      "chg_1h": -0.906344410876133,
      "chg_24h": -1.2048192771084338
    },
    "XCU": {
      "name": "Cobre",
      "usd_oz": 5.825789,
      "usd_g": 0.18730346570130066,
      "brl_oz": 30.0733053969,
      "brl_g": 0.966879220296684,
      "chg_1h": -0.19427358895100116,
      "chg_24h": 0.16636540589910623
    }
  }
}
