{
  "timestamp": 1772216679,
  "usdToBrl": 5.1556,
  "metals": {
    "XAU": {
      "name": "Ouro",
      "usd_oz": 5230.399902,
      "usd_g": 168.16126170177864,
      "brl_oz": 26965.8497347512,
      "brl_g": 866.9722008296899,
      "chg_1h": -0.019115342331556283,
      "chg_24h": 0.9827184477266167
    },
    "XAG": {
      "name": "Prata",
      "usd_oz": 93.184998,
      "usd_g": 2.995967254696105,
      "brl_oz": 480.42457568879996,
      "brl_g": 15.446008778311239,
      "chg_1h": -0.15536697406263866,
      "chg_24h": 6.797396263721919
    },
    "XPT": {
      "name": "Platina",
      "usd_oz": 2361,
      "usd_g": 75.90791264853067,
      "brl_oz": 12172.371599999999,
      "brl_g": 391.3508344507647,
      "chg_1h": 0.1272264631043257,
      "chg_24h": 5.07343124165554
    },
    "XPD": {
      "name": "Paládio",
      "usd_oz": 1810,
      "usd_g": 58.19285128921665,
      "brl_oz": 9331.636,
      "brl_g": 300.01906410668533,
      "chg_1h": -0.05521811154058532,
      "chg_24h": 1.3437849944008957
    },
    "XCU": {
      "name": "Cobre",
      "usd_oz": 6.022044,
      "usd_g": 0.19361321046912672,
      "brl_oz": 31.0472500464,
      "brl_g": 0.9981922678946297,
      "chg_1h": -0.2429469031972725,
      "chg_24h": 1.2417235243563383
    }
  }
}
