{
  "timestamp": 1772666645,
  "usdToBrl": 5.2198,
  "metals": {
    "XAU": {
      "name": "Ouro",
      "usd_oz": 5153,
      "usd_g": 165.67279706814,
      "brl_oz": 26897.6294,
      "brl_g": 864.7788661362772,
      "chg_1h": 0.21002303664685792,
      "chg_24h": 0.5757782765687518
    },
    "XAG": {
      "name": "Prata",
      "usd_oz": 83.699997,
      "usd_g": 2.6910173913419224,
      "brl_oz": 436.8972443406,
      "brl_g": 14.046572579326567,
      "chg_1h": 0.023896988527711976,
      "chg_24h": 1.3292656834918881
    },
    "XPT": {
      "name": "Platina",
      "usd_oz": 2168,
      "usd_g": 69.70281856078546,
      "brl_oz": 11316.5264,
      "brl_g": 363.83477232358797,
      "chg_1h": 0.09233610341643582,
      "chg_24h": 2.846299810246679
    },
    "XPD": {
      "name": "Paládio",
      "usd_oz": 1694,
      "usd_g": 54.4633646872558,
      "brl_oz": 8842.3412,
      "brl_g": 284.2878709945378,
      "chg_1h": 0,
      "chg_24h": 1.0739856801909307
    },
    "XCU": {
      "name": "Cobre",
      "usd_oz": 5.889702,
      "usd_g": 0.18935831636674136,
      "brl_oz": 30.7430664996,
      "brl_g": 0.9884125397711165,
      "chg_1h": 0,
      "chg_24h": 0.8617350260695421
    }
  }
}
