{
  "timestamp": 1776237059,
  "usdToBrl": 4.9815,
  "metals": {
    "XAU": {
      "name": "Ouro",
      "usd_oz": 4810.700195,
      "usd_g": 154.6676027870942,
      "brl_oz": 23964.5030213925,
      "brl_g": 770.4766632839097,
      "chg_1h": -0.19086925428020562,
      "chg_24h": 0.3295228956377125
    },
    "XAG": {
      "name": "Prata",
      "usd_oz": 79.288002,
      "usd_g": 2.5491684582348686,
      "brl_oz": 394.973181963,
      "brl_g": 12.698682674696997,
      "chg_1h": -0.1762589996442047,
      "chg_24h": 1.6083003963054392
    },
    "XPT": {
      "name": "Platina",
      "usd_oz": 2118,
      "usd_g": 68.09528123235407,
      "brl_oz": 10550.817,
      "brl_g": 339.21664345897176,
      "chg_1h": 0.37914691943127965,
      "chg_24h": 0.42674253200568996
    },
    "XPD": {
      "name": "Paládio",
      "usd_oz": 1602,
      "usd_g": 51.505496002942024,
      "brl_oz": 7980.362999999999,
      "brl_g": 256.57462833865566,
      "chg_1h": -0.1869158878504673,
      "chg_24h": -1.2939001848428837
    },
    "XCU": {
      "name": "Cobre",
      "usd_oz": 5.936163,
      "usd_g": 0.19085207220306638,
      "brl_oz": 29.570995984499994,
      "brl_g": 0.9507295976795751,
      "chg_1h": 0.17476100723496074,
      "chg_24h": 1.068322080370263
    }
  }
}
