{
  "timestamp": 1774437898,
  "usdToBrl": 5.2669,
  "metals": {
    "XAU": {
      "name": "Ouro",
      "usd_oz": 4583.399902,
      "usd_g": 147.35972867187633,
      "brl_oz": 24140.3089438438,
      "brl_g": 776.1289549419054,
      "chg_1h": 0.6212773241234757,
      "chg_24h": 3.8283799327612438
    },
    "XAG": {
      "name": "Prata",
      "usd_oz": 73.402,
      "usd_g": 2.359929099630431,
      "brl_oz": 386.60099379999997,
      "brl_g": 12.429510574843517,
      "chg_1h": 0.8740359628677776,
      "chg_24h": 4.375404381460556
    },
    "XPT": {
      "name": "Platina",
      "usd_oz": 1992,
      "usd_g": 64.04428716470694,
      "brl_oz": 10491.664799999999,
      "brl_g": 337.314856067795,
      "chg_1h": 0.7587253414264037,
      "chg_24h": 4.129639309984317
    },
    "XPD": {
      "name": "Paládio",
      "usd_oz": 1485,
      "usd_g": 47.743858654412556,
      "brl_oz": 7821.3465,
      "brl_g": 251.46212914692546,
      "chg_1h": -0.06729475100942127,
      "chg_24h": 2.8393351800554014
    },
    "XCU": {
      "name": "Cobre",
      "usd_oz": 5.443411,
      "usd_g": 0.1750097275298818,
      "brl_oz": 28.6699013959,
      "brl_g": 0.9217587339271345,
      "chg_1h": 0.24085083563952048,
      "chg_24h": -0.1386908864494012
    }
  }
}
