{
  "timestamp": 1784595784,
  "usdToBrl": 5.1043,
  "metals": {
    "XAU": {
      "name": "Ouro",
      "usd_oz": 4023.800049,
      "usd_g": 129.36817561823185,
      "brl_oz": 20538.6825901107,
      "brl_g": 660.3339788081408,
      "chg_1h": 0.41926750686298836,
      "chg_24h": 0.18175150006224186
    },
    "XAG": {
      "name": "Prata",
      "usd_oz": 57.110001,
      "usd_g": 1.8361291686850905,
      "brl_oz": 291.5065781043,
      "brl_g": 9.372154115719308,
      "chg_1h": 1.1799323223017402,
      "chg_24h": 0.4856265615652492
    },
    "XPT": {
      "name": "Platina",
      "usd_oz": 1607,
      "usd_g": 51.666249735785165,
      "brl_oz": 8202.6101,
      "brl_g": 263.7200385263682,
      "chg_1h": 0.5003126954346466,
      "chg_24h": 1.005656819610308
    },
    "XPD": {
      "name": "Paládio",
      "usd_oz": 1279,
      "usd_g": 41.12080486127519,
      "brl_oz": 6528.3997,
      "brl_g": 209.89292425340696,
      "chg_1h": 0,
      "chg_24h": 1.2668250197941409
    },
    "XCU": {
      "name": "Cobre",
      "usd_oz": 6.13393,
      "usd_g": 0.19721042889970425,
      "brl_oz": 31.309418899000004,
      "brl_g": 1.0066211922327604,
      "chg_1h": 0.12900694038731236,
      "chg_24h": 0.4108642062613941
    }
  }
}
