{
  "timestamp": 1773888914,
  "usdToBrl": 5.2243,
  "metals": {
    "XAU": {
      "name": "Ouro",
      "usd_oz": 4862.5,
      "usd_g": 156.33300518995355,
      "brl_oz": 25403.158750000002,
      "brl_g": 816.7305190138744,
      "chg_1h": 0,
      "chg_24h": -2.6623961565408867
    },
    "XAG": {
      "name": "Prata",
      "usd_oz": 76.563004,
      "usd_g": 2.4615577381368507,
      "brl_oz": 399.98810179720004,
      "brl_g": 12.85991609134835,
      "chg_1h": 0,
      "chg_24h": -2.944753113486469
    },
    "XPT": {
      "name": "Platina",
      "usd_oz": 2037,
      "usd_g": 65.4910707602952,
      "brl_oz": 10641.8991,
      "brl_g": 342.14500097301027,
      "chg_1h": 0,
      "chg_24h": -3.3681214421252372
    },
    "XPD": {
      "name": "Paládio",
      "usd_oz": 1516,
      "usd_g": 48.74053179804002,
      "brl_oz": 7920.0388,
      "brl_g": 254.63516027250049,
      "chg_1h": 0,
      "chg_24h": -5.486284289276807
    },
    "XCU": {
      "name": "Cobre",
      "usd_oz": 5.571249,
      "usd_g": 0.17911981466972207,
      "brl_oz": 29.105876150700002,
      "brl_g": 0.9357756477790291,
      "chg_1h": 0,
      "chg_24h": -3.1641200078563725
    }
  }
}
