{
  "timestamp": 1777914362,
  "usdToBrl": 4.9661,
  "metals": {
    "XAU": {
      "name": "Ouro",
      "usd_oz": 4519,
      "usd_g": 145.28922374362986,
      "brl_oz": 22441.8059,
      "brl_g": 721.5208140332403,
      "chg_1h": -0.7380419381610243,
      "chg_24h": -2.0886576254904146
    },
    "XAG": {
      "name": "Prata",
      "usd_oz": 73.149002,
      "usd_g": 2.351795025050061,
      "brl_oz": 363.2652588322,
      "brl_g": 11.679249273901108,
      "chg_1h": -1.259413875713224,
      "chg_24h": -3.0779600381598455
    },
    "XPT": {
      "name": "Platina",
      "usd_oz": 1956,
      "usd_g": 62.886860288236335,
      "brl_oz": 9713.6916,
      "brl_g": 312.30243687741046,
      "chg_1h": -0.8616320324379118,
      "chg_24h": -1.954887218045113
    },
    "XPD": {
      "name": "Paládio",
      "usd_oz": 1496,
      "usd_g": 48.09751686666746,
      "brl_oz": 7429.2856,
      "brl_g": 238.8570785115573,
      "chg_1h": -0.4657351962741184,
      "chg_24h": -3.483870967741935
    },
    "XCU": {
      "name": "Cobre",
      "usd_oz": 5.875257,
      "usd_g": 0.18889389883255753,
      "brl_oz": 29.1771137877,
      "brl_g": 0.9380659909923639,
      "chg_1h": 0,
      "chg_24h": -0.03986320947325034
    }
  }
}
