{
  "timestamp": 1773096034,
  "usdToBrl": 5.2302,
  "metals": {
    "XAU": {
      "name": "Ouro",
      "usd_oz": 5130,
      "usd_g": 164.93332989706155,
      "brl_oz": 26830.926,
      "brl_g": 862.6343020276113,
      "chg_1h": -0.1557026080186843,
      "chg_24h": -0.51198321506756
    },
    "XAG": {
      "name": "Prata",
      "usd_oz": 87.222,
      "usd_g": 2.8042524172088696,
      "brl_oz": 456.18850439999994,
      "brl_g": 14.66680099248583,
      "chg_1h": 0.08951046851798108,
      "chg_24h": 4.160597389006146
    },
    "XPT": {
      "name": "Platina",
      "usd_oz": 2182,
      "usd_g": 70.15292901274626,
      "brl_oz": 11412.2964,
      "brl_g": 366.91384932246547,
      "chg_1h": -0.18298261665141813,
      "chg_24h": 4.0534096328087745
    },
    "XPD": {
      "name": "Paládio",
      "usd_oz": 1710,
      "usd_g": 54.97777663235385,
      "brl_oz": 8943.642,
      "brl_g": 287.5447673425371,
      "chg_1h": -0.11682242990654204,
      "chg_24h": 5.360443622920517
    },
    "XCU": {
      "name": "Cobre",
      "usd_oz": 5.844008,
      "usd_g": 0.18788922015303447,
      "brl_oz": 30.5653306416,
      "brl_g": 0.9826981992444008,
      "chg_1h": 0,
      "chg_24h": 0.8271820324965238
    }
  }
}
