{
  "timestamp": 1775515983,
  "usdToBrl": 5.1818,
  "metals": {
    "XAU": {
      "name": "Ouro",
      "usd_oz": 4660.700195,
      "usd_g": 149.84499080180004,
      "brl_oz": 24150.816270451003,
      "brl_g": 776.4667733367675,
      "chg_1h": -0.10929765984675167,
      "chg_24h": 0.26245444767129933
    },
    "XAG": {
      "name": "Prata",
      "usd_oz": 73.163002,
      "usd_g": 2.3522451355020224,
      "brl_oz": 379.11604376360003,
      "brl_g": 12.188863843144379,
      "chg_1h": -0.20596474591626615,
      "chg_24h": 1.4110541857808965
    },
    "XPT": {
      "name": "Platina",
      "usd_oz": 1995,
      "usd_g": 64.14073940441283,
      "brl_oz": 10337.691,
      "brl_g": 332.3644834457864,
      "chg_1h": 0.6559031281533804,
      "chg_24h": 0.5037783375314862
    },
    "XPD": {
      "name": "Paládio",
      "usd_oz": 1506,
      "usd_g": 48.41902433235374,
      "brl_oz": 7803.7908,
      "brl_g": 250.8977002853906,
      "chg_1h": -0.19880715705765406,
      "chg_24h": -0.9861932938856016
    },
    "XCU": {
      "name": "Cobre",
      "usd_oz": 5.523714,
      "usd_g": 0.17759152893158234,
      "brl_oz": 28.6227812052,
      "brl_g": 0.9202437846176733,
      "chg_1h": 0,
      "chg_24h": 0
    }
  }
}
