{
  "timestamp": 1775775517,
  "usdToBrl": 5.0992,
  "metals": {
    "XAU": {
      "name": "Ouro",
      "usd_oz": 4764,
      "usd_g": 153.1661566529437,
      "brl_oz": 24292.588799999998,
      "brl_g": 781.0248660046905,
      "chg_1h": -0.20320075840037852,
      "chg_24h": 1.0456615046760072
    },
    "XAG": {
      "name": "Prata",
      "usd_oz": 75.431,
      "usd_g": 2.425162964418177,
      "brl_oz": 384.63775519999996,
      "brl_g": 12.366390988161168,
      "chg_1h": -0.3263841496024682,
      "chg_24h": 1.9641015692814654
    },
    "XPT": {
      "name": "Platina",
      "usd_oz": 2097,
      "usd_g": 67.42011555441287,
      "brl_oz": 10693.0224,
      "brl_g": 343.7886532350621,
      "chg_1h": -0.5689900426742532,
      "chg_24h": 2.8445316331535064
    },
    "XPD": {
      "name": "Paládio",
      "usd_oz": 1569,
      "usd_g": 50.444521366177305,
      "brl_oz": 8000.6448,
      "brl_g": 257.2267033504113,
      "chg_1h": -0.25429116338207247,
      "chg_24h": -0.8843967150979154
    },
    "XCU": {
      "name": "Cobre",
      "usd_oz": 5.640701,
      "usd_g": 0.18135274832040643,
      "brl_oz": 28.7630625392,
      "brl_g": 0.9247539342354164,
      "chg_1h": 0,
      "chg_24h": -0.31569841470408705
    }
  }
}
