{
  "timestamp": 1776380099,
  "usdToBrl": 4.9882,
  "metals": {
    "XAU": {
      "name": "Ouro",
      "usd_oz": 4797.399902,
      "usd_g": 154.23998843756272,
      "brl_oz": 23930.3901911564,
      "brl_g": 769.3799103242503,
      "chg_1h": 0.12731611980604207,
      "chg_24h": -0.26817253649327455
    },
    "XAG": {
      "name": "Prata",
      "usd_oz": 78.955002,
      "usd_g": 2.538462259627515,
      "brl_oz": 393.8433409764,
      "brl_g": 12.66235744347397,
      "chg_1h": 0.5130359376454741,
      "chg_24h": -0.6642929767549618
    },
    "XPT": {
      "name": "Platina",
      "usd_oz": 2097,
      "usd_g": 67.42011555441287,
      "brl_oz": 10460.2554,
      "brl_g": 336.3050204085223,
      "chg_1h": 0.19111323459149546,
      "chg_24h": -1.3640639698965193
    },
    "XPD": {
      "name": "Paládio",
      "usd_oz": 1578,
      "usd_g": 50.733878085294954,
      "brl_oz": 7871.3796,
      "brl_g": 253.07073066506828,
      "chg_1h": 0.19047619047619047,
      "chg_24h": -0.6922592825676527
    },
    "XCU": {
      "name": "Cobre",
      "usd_oz": 5.954768,
      "usd_g": 0.19145023684297569,
      "brl_oz": 29.7035737376,
      "brl_g": 0.9549920714201313,
      "chg_1h": 0,
      "chg_24h": 0.11733771994936945
    }
  }
}
