{
  "timestamp": 1775060100,
  "usdToBrl": 5.1598,
  "metals": {
    "XAU": {
      "name": "Ouro",
      "usd_oz": 4779.399902,
      "usd_g": 153.66127499932742,
      "brl_oz": 24660.747614339598,
      "brl_g": 792.8614467415296,
      "chg_1h": 0.2264774520415283,
      "chg_24h": 3.4703686995094047
    },
    "XAG": {
      "name": "Prata",
      "usd_oz": 75.654999,
      "usd_g": 2.4323646994988035,
      "brl_oz": 390.3646638402,
      "brl_g": 12.550515376473927,
      "chg_1h": 0.013222288844826137,
      "chg_24h": 2.1081572589001123
    },
    "XPT": {
      "name": "Platina",
      "usd_oz": 1987,
      "usd_g": 63.883533431863796,
      "brl_oz": 10252.5226,
      "brl_g": 329.6262558017308,
      "chg_1h": -0.10055304172951231,
      "chg_24h": 2.211934156378601
    },
    "XPD": {
      "name": "Paládio",
      "usd_oz": 1516,
      "usd_g": 48.74053179804002,
      "brl_oz": 7822.256799999999,
      "brl_g": 251.49139597152686,
      "chg_1h": -0.8502289077828646,
      "chg_24h": 1.74496644295302
    },
    "XCU": {
      "name": "Cobre",
      "usd_oz": 5.567922,
      "usd_g": 0.17901284913588825,
      "brl_oz": 28.7293639356,
      "brl_g": 0.9236704989713561,
      "chg_1h": 0.11009027834340192,
      "chg_24h": 0.09376731396553921
    }
  }
}
