{
  "timestamp": 1773828587,
  "usdToBrl": 5.2089,
  "metals": {
    "XAU": {
      "name": "Ouro",
      "usd_oz": 4992,
      "usd_g": 160.49652687059088,
      "brl_oz": 26002.8288,
      "brl_g": 836.0103588162208,
      "chg_1h": 0.0040104773392519695,
      "chg_24h": -0.2557505894084339
    },
    "XAG": {
      "name": "Prata",
      "usd_oz": 80.010002,
      "usd_g": 2.572381297257418,
      "brl_oz": 416.76409941779997,
      "brl_g": 13.399276939284164,
      "chg_1h": 0.39400095856756817,
      "chg_24h": -0.8660719374543151
    },
    "XPT": {
      "name": "Platina",
      "usd_oz": 2112,
      "usd_g": 67.9023767529423,
      "brl_oz": 11001.1968,
      "brl_g": 353.69669026840114,
      "chg_1h": 0.7633587786259541,
      "chg_24h": -1.675977653631285
    },
    "XPD": {
      "name": "Paládio",
      "usd_oz": 1616,
      "usd_g": 51.95560645490282,
      "brl_oz": 8417.5824,
      "brl_g": 270.6315584629433,
      "chg_1h": 0.8109794135995009,
      "chg_24h": -1.4634146341463417
    },
    "XCU": {
      "name": "Cobre",
      "usd_oz": 5.738321,
      "usd_g": 0.18449130420043588,
      "brl_oz": 29.8903402569,
      "brl_g": 0.9609967544496505,
      "chg_1h": 0.23107052253483326,
      "chg_24h": -0.567227211103128
    }
  }
}
