{
  "timestamp": 1773347126,
  "usdToBrl": 5.1621,
  "metals": {
    "XAU": {
      "name": "Ouro",
      "usd_oz": 5082.700195,
      "usd_g": 163.41260585376102,
      "brl_oz": 26237.406676609502,
      "brl_g": 843.5522126776997,
      "chg_1h": -0.1728332514975872,
      "chg_24h": -1.8442701402740957
    },
    "XAG": {
      "name": "Prata",
      "usd_oz": 83.971001,
      "usd_g": 2.699730372265007,
      "brl_oz": 433.4667042621,
      "brl_g": 13.936278154669191,
      "chg_1h": -1.003275105553695,
      "chg_24h": -2.371790762302715
    },
    "XPT": {
      "name": "Platina",
      "usd_oz": 2138,
      "usd_g": 68.73829616372663,
      "brl_oz": 11036.5698,
      "brl_g": 354.8339586267732,
      "chg_1h": -0.7428040854224698,
      "chg_24h": -2.0613834173156205
    },
    "XPD": {
      "name": "Paládio",
      "usd_oz": 1648,
      "usd_g": 52.984430345098914,
      "brl_oz": 8507.1408,
      "brl_g": 273.5109278844351,
      "chg_1h": -0.4229607250755287,
      "chg_24h": -0.7228915662650602
    },
    "XCU": {
      "name": "Cobre",
      "usd_oz": 5.840421,
      "usd_g": 0.18777389542509282,
      "brl_oz": 30.148837244099997,
      "brl_g": 0.9693076255738716,
      "chg_1h": 0.400248369559054,
      "chg_24h": 0.587135074995739
    }
  }
}
