{
  "timestamp": 1773959849,
  "usdToBrl": 5.2987,
  "metals": {
    "XAU": {
      "name": "Ouro",
      "usd_oz": 4656.5,
      "usd_g": 149.7099513968162,
      "brl_oz": 24673.39655,
      "brl_g": 793.2681194663099,
      "chg_1h": 0.12470821073856925,
      "chg_24h": -3.339973954273562
    },
    "XAG": {
      "name": "Prata",
      "usd_oz": 72.907997,
      "usd_g": 2.344046534373289,
      "brl_oz": 386.3176037039,
      "brl_g": 12.420399371683747,
      "chg_1h": -0.03975897225051452,
      "chg_24h": -3.251154402952462
    },
    "XPT": {
      "name": "Platina",
      "usd_oz": 1985,
      "usd_g": 63.819231938726546,
      "brl_oz": 10517.9195,
      "brl_g": 338.15896427373036,
      "chg_1h": 0.15136226034308778,
      "chg_24h": -2.2648941408173315
    },
    "XPD": {
      "name": "Paládio",
      "usd_oz": 1471,
      "usd_g": 47.29374820245176,
      "brl_oz": 7794.3877,
      "brl_g": 250.59538360033113,
      "chg_1h": -0.20352781546811397,
      "chg_24h": -2.1290751829673984
    },
    "XCU": {
      "name": "Cobre",
      "usd_oz": 5.458984,
      "usd_g": 0.17551041110619506,
      "brl_oz": 28.9255185208,
      "brl_g": 0.9299770153283958,
      "chg_1h": 0,
      "chg_24h": -3.1132695986332517
    }
  }
}
