{
  "timestamp": 1772442018,
  "usdToBrl": 5.1556,
  "metals": {
    "XAU": {
      "name": "Ouro",
      "usd_oz": 5393.899902,
      "usd_g": 173.4179087657493,
      "brl_oz": 27808.7903347512,
      "brl_g": 894.0733704326971,
      "chg_1h": -0.23305461943956143,
      "chg_24h": 2.1533218969172014
    },
    "XAG": {
      "name": "Prata",
      "usd_oz": 95.628998,
      "usd_g": 3.0745436793098317,
      "brl_oz": 493.0248620888,
      "brl_g": 15.851117393049767,
      "chg_1h": -0.28986414526289916,
      "chg_24h": 1.826135593988799
    },
    "XPT": {
      "name": "Platina",
      "usd_oz": 2402,
      "usd_g": 77.22609325784441,
      "brl_oz": 12383.751199999999,
      "brl_g": 398.14684640014264,
      "chg_1h": -0.3732890916632103,
      "chg_24h": 1.3074652045550401
    },
    "XPD": {
      "name": "Paládio",
      "usd_oz": 1845,
      "usd_g": 59.318127419118625,
      "brl_oz": 9512.082,
      "brl_g": 305.82053772200794,
      "chg_1h": -0.16233766233766234,
      "chg_24h": 1.8774157923799006
    },
    "XCU": {
      "name": "Cobre",
      "usd_oz": 6.115333,
      "usd_g": 0.19661252146576744,
      "brl_oz": 31.528210814799998,
      "brl_g": 1.0136555156689107,
      "chg_1h": -0.056824774751956256,
      "chg_24h": 0.45325523100525866
    }
  }
}
