{
  "timestamp": 1775124399,
  "usdToBrl": 5.1598,
  "metals": {
    "XAU": {
      "name": "Ouro",
      "usd_oz": 4633.600098,
      "usd_g": 148.97370245116778,
      "brl_oz": 23908.4497856604,
      "brl_g": 768.6745099075355,
      "chg_1h": 0.20761457612456508,
      "chg_24h": -1.7784822893481742
    },
    "XAG": {
      "name": "Prata",
      "usd_oz": 71.422997,
      "usd_g": 2.2963026757188763,
      "brl_oz": 368.52837992059995,
      "brl_g": 11.848462546174257,
      "chg_1h": 0.03640769067014926,
      "chg_24h": -4.081277808312367
    },
    "XPT": {
      "name": "Platina",
      "usd_oz": 1930,
      "usd_g": 62.05094087745201,
      "brl_oz": 9958.413999999999,
      "brl_g": 320.17044473947686,
      "chg_1h": 0.4685059864653826,
      "chg_24h": -1.9807008633824275
    },
    "XPD": {
      "name": "Paládio",
      "usd_oz": 1491,
      "usd_g": 47.93676313382432,
      "brl_oz": 7693.261799999999,
      "brl_g": 247.34411041790673,
      "chg_1h": 0,
      "chg_24h": -0.5336891260840559
    },
    "XCU": {
      "name": "Cobre",
      "usd_oz": 5.529064,
      "usd_g": 0.1777635354257245,
      "brl_oz": 28.5288644272,
      "brl_g": 0.9172242900896533,
      "chg_1h": -0.04100278197005598,
      "chg_24h": -0.07651856090165925
    }
  }
}
