{
  "timestamp": 1774071191,
  "usdToBrl": 5.2552,
  "metals": {
    "XAU": {
      "name": "Ouro",
      "usd_oz": 4492.200195,
      "usd_g": 144.4275900049862,
      "brl_oz": 23607.410464764,
      "brl_g": 758.9958709942035,
      "chg_1h": 0,
      "chg_24h": -4.579625704793522
    },
    "XAG": {
      "name": "Prata",
      "usd_oz": 67.938004,
      "usd_g": 2.1842575489824343,
      "brl_oz": 357.02779862080007,
      "brl_g": 11.47871027141249,
      "chg_1h": 0,
      "chg_24h": -7.1593504199584395
    },
    "XPT": {
      "name": "Platina",
      "usd_oz": 1934,
      "usd_g": 62.179543863726515,
      "brl_oz": 10163.5568,
      "brl_g": 326.7659389126556,
      "chg_1h": 0,
      "chg_24h": -3.4448327508736893
    },
    "XPD": {
      "name": "Paládio",
      "usd_oz": 1432,
      "usd_g": 46.03986908627527,
      "brl_oz": 7525.446400000001,
      "brl_g": 241.9487200221938,
      "chg_1h": 0,
      "chg_24h": -3.8926174496644297
    },
    "XCU": {
      "name": "Cobre",
      "usd_oz": 5.402739,
      "usd_g": 0.1737020923654426,
      "brl_oz": 28.392473992800003,
      "brl_g": 0.9128392357988739,
      "chg_1h": 0,
      "chg_24h": -2.1120929565134174
    }
  }
}
