{
  "timestamp": 1782299646,
  "usdToBrl": 5.1725,
  "metals": {
    "XAU": {
      "name": "Ouro",
      "usd_oz": 4052.899902,
      "usd_g": 130.3037576172192,
      "brl_oz": 20963.624743095002,
      "brl_g": 673.9961862750663,
      "chg_1h": 0,
      "chg_24h": -1.80739183525136
    },
    "XAG": {
      "name": "Prata",
      "usd_oz": 60.624001,
      "usd_g": 1.9491068921272492,
      "brl_oz": 313.5776451725,
      "brl_g": 10.081755399528197,
      "chg_1h": 0,
      "chg_24h": -2.6980162105770003
    },
    "XPT": {
      "name": "Platina",
      "usd_oz": 1626,
      "usd_g": 52.277113920589095,
      "brl_oz": 8410.485,
      "brl_g": 270.40337175424713,
      "chg_1h": 0,
      "chg_24h": -0.9140767824497258
    },
    "XPD": {
      "name": "Paládio",
      "usd_oz": 1223,
      "usd_g": 39.32036305343202,
      "brl_oz": 6325.967500000001,
      "brl_g": 203.38457789387712,
      "chg_1h": 0,
      "chg_24h": -2.9365079365079363
    },
    "XCU": {
      "name": "Cobre",
      "usd_oz": 6.019775,
      "usd_g": 0.1935402604251625,
      "brl_oz": 31.137286187500003,
      "brl_g": 1.0010869970491532,
      "chg_1h": 0,
      "chg_24h": -1.3161507729185016
    }
  }
}
