{
  "timestamp": 1776891399,
  "usdToBrl": 4.9717,
  "metals": {
    "XAU": {
      "name": "Ouro",
      "usd_oz": 4740,
      "usd_g": 152.39453873529663,
      "brl_oz": 23565.858,
      "brl_g": 757.6599282302743,
      "chg_1h": -0.03795615745105568,
      "chg_24h": 0.5558190013120498
    },
    "XAG": {
      "name": "Prata",
      "usd_oz": 77.808998,
      "usd_g": 2.5016173754568816,
      "brl_oz": 386.84299535660006,
      "brl_g": 12.437291105558979,
      "chg_1h": -0.11682156311112557,
      "chg_24h": 1.3388729331181732
    },
    "XPT": {
      "name": "Platina",
      "usd_oz": 2085,
      "usd_g": 67.03430659558934,
      "brl_oz": 10365.9945,
      "brl_g": 333.27446210129153,
      "chg_1h": -0.047938638542665384,
      "chg_24h": 2.105778648383937
    },
    "XPD": {
      "name": "Paládio",
      "usd_oz": 1575,
      "usd_g": 50.63742584558907,
      "brl_oz": 7830.427500000001,
      "brl_g": 251.75409007651518,
      "chg_1h": 0.06353240152477764,
      "chg_24h": 0.5747126436781609
    },
    "XCU": {
      "name": "Cobre",
      "usd_oz": 6.049032,
      "usd_g": 0.19448089481752087,
      "brl_oz": 30.073972394400002,
      "brl_g": 0.9669006647642686,
      "chg_1h": 0,
      "chg_24h": 0.9805865891011696
    }
  }
}
