{
  "timestamp": 1772580195,
  "usdToBrl": 5.2434,
  "metals": {
    "XAU": {
      "name": "Ouro",
      "usd_oz": 5123.5,
      "usd_g": 164.72435004436545,
      "brl_oz": 26864.5599,
      "brl_g": 863.7156570226258,
      "chg_1h": 0.6640824352130558,
      "chg_24h": -3.964386129334583
    },
    "XAG": {
      "name": "Prata",
      "usd_oz": 82.601997,
      "usd_g": 2.655715871609569,
      "brl_oz": 433.1153110698,
      "brl_g": 13.924980601197614,
      "chg_1h": 0.5196154358521817,
      "chg_24h": -7.9991983426623365
    },
    "XPT": {
      "name": "Platina",
      "usd_oz": 2108,
      "usd_g": 67.77377376666779,
      "brl_oz": 11053.0872,
      "brl_g": 355.3650053681459,
      "chg_1h": 0.6685768863419294,
      "chg_24h": -8.941684665226783
    },
    "XPD": {
      "name": "Paládio",
      "usd_oz": 1676,
      "usd_g": 53.8846512490205,
      "brl_oz": 8787.938400000001,
      "brl_g": 282.5387803591141,
      "chg_1h": 0.2992220227408737,
      "chg_24h": -7.095343680709535
    },
    "XCU": {
      "name": "Cobre",
      "usd_oz": 5.839382,
      "usd_g": 0.187740490799408,
      "brl_oz": 30.6182155788,
      "brl_g": 0.9843984894576159,
      "chg_1h": 0,
      "chg_24h": -3.758972458967982
    }
  }
}
