{
  "timestamp": 1775077191,
  "usdToBrl": 5.1598,
  "metals": {
    "XAU": {
      "name": "Ouro",
      "usd_oz": 4759.899902,
      "usd_g": 153.03433544123916,
      "brl_oz": 24560.1315143396,
      "brl_g": 789.6265640097058,
      "chg_1h": -0.12170914582679151,
      "chg_24h": 1.9294209765379968
    },
    "XAG": {
      "name": "Prata",
      "usd_oz": 75.235001,
      "usd_g": 2.4188614502414727,
      "brl_oz": 388.19755815979994,
      "brl_g": 12.48084131095595,
      "chg_1h": -0.05844657950353721,
      "chg_24h": -0.019932225913625375
    },
    "XPT": {
      "name": "Platina",
      "usd_oz": 1968,
      "usd_g": 63.272669247059866,
      "brl_oz": 10154.4864,
      "brl_g": 326.4743187809795,
      "chg_1h": -0.10152284263959391,
      "chg_24h": 0.3058103975535168
    },
    "XPD": {
      "name": "Paládio",
      "usd_oz": 1501,
      "usd_g": 48.2582705995106,
      "brl_oz": 7744.859799999999,
      "brl_g": 249.0030246393548,
      "chg_1h": -0.33200531208499334,
      "chg_24h": -0.33200531208499334
    },
    "XCU": {
      "name": "Cobre",
      "usd_oz": 5.54339,
      "usd_g": 0.17822412702106666,
      "brl_oz": 28.602783721999998,
      "brl_g": 0.9196008506032997,
      "chg_1h": 0,
      "chg_24h": -0.20025157921136266
    }
  }
}
