{
  "timestamp": 1780876304,
  "usdToBrl": 5.0599,
  "metals": {
    "XAU": {
      "name": "Ouro",
      "usd_oz": 4342.299805,
      "usd_g": 139.60818055555768,
      "brl_oz": 21971.602783319497,
      "brl_g": 706.4034327930663,
      "chg_1h": 0.43250315885249946,
      "chg_24h": 0.2840601616628095
    },
    "XAG": {
      "name": "Prata",
      "usd_oz": 68.275002,
      "usd_g": 2.1950922862745688,
      "brl_oz": 345.4646826198,
      "brl_g": 11.10694745932069,
      "chg_1h": 0.8016889859537983,
      "chg_24h": 0.4561259740234537
    },
    "XPT": {
      "name": "Platina",
      "usd_oz": 1794,
      "usd_g": 57.6784393441186,
      "brl_oz": 9077.4606,
      "brl_g": 291.8471352373057,
      "chg_1h": 0.4479283314669653,
      "chg_24h": 0.5042016806722689
    },
    "XPD": {
      "name": "Paládio",
      "usd_oz": 1258,
      "usd_g": 40.445639183334,
      "brl_oz": 6365.3542,
      "brl_g": 204.65088970375172,
      "chg_1h": 0.7205764611689351,
      "chg_24h": 0.8821170809943866
    },
    "XCU": {
      "name": "Cobre",
      "usd_oz": 6.322192,
      "usd_g": 0.2032631927502073,
      "brl_oz": 31.9896593008,
      "brl_g": 1.028491428996774,
      "chg_1h": 0,
      "chg_24h": 0.2553563706443122
    }
  }
}
