{
  "timestamp": 1781746987,
  "usdToBrl": 5.084,
  "metals": {
    "XAU": {
      "name": "Ouro",
      "usd_oz": 4321.100098,
      "usd_g": 138.92659414847154,
      "brl_oz": 21968.472898231998,
      "brl_g": 706.3028046508292,
      "chg_1h": 0,
      "chg_24h": -0.45612210479393406
    },
    "XAG": {
      "name": "Prata",
      "usd_oz": 69.524002,
      "usd_g": 2.235248568738785,
      "brl_oz": 353.46002616799996,
      "brl_g": 11.364003723467981,
      "chg_1h": 0,
      "chg_24h": -1.2260772411655982
    },
    "XPT": {
      "name": "Platina",
      "usd_oz": 1773,
      "usd_g": 57.003273666177414,
      "brl_oz": 9013.931999999999,
      "brl_g": 289.80464331884593,
      "chg_1h": 0,
      "chg_24h": -2.4752475247524752
    },
    "XPD": {
      "name": "Paládio",
      "usd_oz": 1358,
      "usd_g": 43.6607138401968,
      "brl_oz": 6904.071999999999,
      "brl_g": 221.97106916356051,
      "chg_1h": 0,
      "chg_24h": -1.4513788098693758
    },
    "XCU": {
      "name": "Cobre",
      "usd_oz": 6.203254,
      "usd_g": 0.1994392472548278,
      "brl_oz": 31.537343336,
      "brl_g": 1.0139491330435446,
      "chg_1h": 0,
      "chg_24h": 0.13790796697376861
    }
  }
}
