{
  "timestamp": 1784904200,
  "usdToBrl": 5.0827,
  "metals": {
    "XAU": {
      "name": "Ouro",
      "usd_oz": 4063.399902,
      "usd_g": 130.64134045618977,
      "brl_oz": 20653.0426818954,
      "brl_g": 664.0107411366757,
      "chg_1h": 0.2046756873916315,
      "chg_24h": 0.39531552076417475
    },
    "XAG": {
      "name": "Prata",
      "usd_oz": 58.685001,
      "usd_g": 1.8867665945306797,
      "brl_oz": 298.2782545827,
      "brl_g": 9.589868570021086,
      "chg_1h": 0.27167412309615846,
      "chg_24h": 2.1621433044558334
    },
    "XPT": {
      "name": "Platina",
      "usd_oz": 1585,
      "usd_g": 50.95893331127535,
      "brl_oz": 8056.0795,
      "brl_g": 259.00897034121925,
      "chg_1h": -1.3075965130759652,
      "chg_24h": -0.6269592476489028
    },
    "XPD": {
      "name": "Paládio",
      "usd_oz": 1266,
      "usd_g": 40.702845155883026,
      "brl_oz": 6434.6982,
      "brl_g": 206.88035107380665,
      "chg_1h": -1.016419077404222,
      "chg_24h": -0.9389671361502347
    },
    "XCU": {
      "name": "Cobre",
      "usd_oz": 6.206807,
      "usd_g": 0.19955347885738614,
      "brl_oz": 31.547337938900004,
      "brl_g": 1.0142704669884366,
      "chg_1h": 0.09630960991545098,
      "chg_24h": 0.34711124066482985
    }
  }
}
