{
  "timestamp": 1784522980,
  "usdToBrl": 5.1158,
  "metals": {
    "XAU": {
      "name": "Ouro",
      "usd_oz": 4021.300049,
      "usd_g": 129.28779875181027,
      "brl_oz": 20572.1667906742,
      "brl_g": 661.410520854511,
      "chg_1h": 0,
      "chg_24h": 0.04975990783513659
    },
    "XAG": {
      "name": "Prata",
      "usd_oz": 57.07,
      "usd_g": 1.834843106671599,
      "brl_oz": 291.958706,
      "brl_g": 9.386690365110566,
      "chg_1h": 0,
      "chg_24h": 1.7653316060866044
    },
    "XPT": {
      "name": "Platina",
      "usd_oz": 1601,
      "usd_g": 51.4733452563734,
      "brl_oz": 8190.3958,
      "brl_g": 263.32733966255506,
      "chg_1h": 0,
      "chg_24h": 0.0625
    },
    "XPD": {
      "name": "Paládio",
      "usd_oz": 1273,
      "usd_g": 40.927900381863424,
      "brl_oz": 6512.4134,
      "brl_g": 209.3789527735369,
      "chg_1h": 0,
      "chg_24h": 0.23622047244094488
    },
    "XCU": {
      "name": "Cobre",
      "usd_oz": 6.072317,
      "usd_g": 0.19522952495137136,
      "brl_oz": 31.0647593086,
      "brl_g": 0.9987552037462256,
      "chg_1h": 0,
      "chg_24h": -0.658950796028397
    }
  }
}
