{
  "timestamp": 1780563856,
  "usdToBrl": 5.0184,
  "metals": {
    "XAU": {
      "name": "Ouro",
      "usd_oz": 4468.700195,
      "usd_g": 143.67204746062345,
      "brl_oz": 22425.725058588,
      "brl_g": 721.0038029763926,
      "chg_1h": 0,
      "chg_24h": 0.0940798521671038
    },
    "XAG": {
      "name": "Prata",
      "usd_oz": 73.403999,
      "usd_g": 2.359993368972822,
      "brl_oz": 368.3706285816,
      "brl_g": 11.843390722853208,
      "chg_1h": 0,
      "chg_24h": -1.3798027703510614
    },
    "XPT": {
      "name": "Platina",
      "usd_oz": 1891,
      "usd_g": 60.797061761275515,
      "brl_oz": 9489.794399999999,
      "brl_g": 305.10397474278506,
      "chg_1h": 0,
      "chg_24h": -2.2233712512926576
    },
    "XPD": {
      "name": "Paládio",
      "usd_oz": 1334,
      "usd_g": 42.88909592254973,
      "brl_oz": 6694.5455999999995,
      "brl_g": 215.23463897772353,
      "chg_1h": 0,
      "chg_24h": -3.821196827685652
    },
    "XCU": {
      "name": "Cobre",
      "usd_oz": 6.304178,
      "usd_g": 0.20268402920152,
      "brl_oz": 31.6368868752,
      "brl_g": 1.017149532144908,
      "chg_1h": 0,
      "chg_24h": 0.02878285037170856
    }
  }
}
