{
  "timestamp": 1775000664,
  "usdToBrl": 5.224,
  "metals": {
    "XAU": {
      "name": "Ouro",
      "usd_oz": 4692,
      "usd_g": 150.85130290000248,
      "brl_oz": 24511.008,
      "brl_g": 788.047206349613,
      "chg_1h": 0.21144148550409977,
      "chg_24h": 3.8535625351710125
    },
    "XAG": {
      "name": "Prata",
      "usd_oz": 74.996002,
      "usd_g": 2.4111774539623174,
      "brl_oz": 391.77911444800003,
      "brl_g": 12.595991019499147,
      "chg_1h": -0.523931245426247,
      "chg_24h": 7.054559239236036
    },
    "XPT": {
      "name": "Platina",
      "usd_oz": 1970,
      "usd_g": 63.336970740197124,
      "brl_oz": 10291.28,
      "brl_g": 330.8723351467898,
      "chg_1h": 0.30549898167006106,
      "chg_24h": 3.848181338956247
    },
    "XPD": {
      "name": "Paládio",
      "usd_oz": 1509,
      "usd_g": 48.515476572059626,
      "brl_oz": 7883.0160000000005,
      "brl_g": 253.4448496124395,
      "chg_1h": 0.0663129973474801,
      "chg_24h": 5.524475524475524
    },
    "XCU": {
      "name": "Cobre",
      "usd_oz": 5.554513,
      "usd_g": 0.17858173977514952,
      "brl_oz": 29.016775912,
      "brl_g": 0.9329110085853811,
      "chg_1h": 0,
      "chg_24h": 0.8309342664446393
    }
  }
}
