{
  "timestamp": 1775508831,
  "usdToBrl": 5.1818,
  "metals": {
    "XAU": {
      "name": "Ouro",
      "usd_oz": 4651.600098,
      "usd_g": 149.55241588940308,
      "brl_oz": 24103.6613878164,
      "brl_g": 774.9507086557089,
      "chg_1h": -0.08806617325582451,
      "chg_24h": -0.5643416417272362
    },
    "XAG": {
      "name": "Prata",
      "usd_oz": 73.014,
      "usd_g": 2.347454609961803,
      "brl_oz": 378.34394519999995,
      "brl_g": 12.164040297900073,
      "chg_1h": -0.13813581722316964,
      "chg_24h": -0.18728520201657656
    },
    "XPT": {
      "name": "Platina",
      "usd_oz": 1991,
      "usd_g": 64.01213641813831,
      "brl_oz": 10316.9638,
      "brl_g": 331.6980884915091,
      "chg_1h": 0,
      "chg_24h": 0.05025125628140704
    },
    "XPD": {
      "name": "Paládio",
      "usd_oz": 1505,
      "usd_g": 48.38687358578511,
      "brl_oz": 7798.609,
      "brl_g": 250.7311015468213,
      "chg_1h": -0.13271400132714,
      "chg_24h": -1.6339869281045754
    },
    "XCU": {
      "name": "Cobre",
      "usd_oz": 5.523714,
      "usd_g": 0.17759152893158234,
      "brl_oz": 28.6227812052,
      "brl_g": 0.9202437846176733,
      "chg_1h": 0,
      "chg_24h": 0
    }
  }
}
