{
  "timestamp": 1784317680,
  "usdToBrl": 5.1158,
  "metals": {
    "XAU": {
      "name": "Ouro",
      "usd_oz": 4011.100098,
      "usd_g": 128.95986271219687,
      "brl_oz": 20519.9858813484,
      "brl_g": 659.7328656630567,
      "chg_1h": -0.007473799853531083,
      "chg_24h": 0.9284924627588229
    },
    "XAG": {
      "name": "Prata",
      "usd_oz": 56.272999,
      "usd_g": 1.8092189295056558,
      "brl_oz": 287.8814082842,
      "brl_g": 9.255602199565034,
      "chg_1h": 0.12632824454645827,
      "chg_24h": 1.2851221686899321
    },
    "XPT": {
      "name": "Platina",
      "usd_oz": 1603,
      "usd_g": 51.53764674951066,
      "brl_oz": 8200.6274,
      "brl_g": 263.6562932411466,
      "chg_1h": -0.18679950186799502,
      "chg_24h": -1.2322858903265557
    },
    "XPD": {
      "name": "Paládio",
      "usd_oz": 1271,
      "usd_g": 40.863598888726166,
      "brl_oz": 6502.1818,
      "brl_g": 209.04999919494531,
      "chg_1h": -0.07861635220125787,
      "chg_24h": -0.858034321372855
    },
    "XCU": {
      "name": "Cobre",
      "usd_oz": 6.112596,
      "usd_g": 0.19652452487240912,
      "brl_oz": 31.2708186168,
      "brl_g": 1.0053801643422706,
      "chg_1h": 0.09507449904122715,
      "chg_24h": -0.6844016761772573
    }
  }
}
