{
  "timestamp": 1773355116,
  "usdToBrl": 5.1621,
  "metals": {
    "XAU": {
      "name": "Ouro",
      "usd_oz": 5087.200195,
      "usd_g": 163.55728421331986,
      "brl_oz": 26260.6361266095,
      "brl_g": 844.2990568375784,
      "chg_1h": 0.13385349836974778,
      "chg_24h": -1.5920264048747395
    },
    "XAG": {
      "name": "Prata",
      "usd_oz": 84.137001,
      "usd_g": 2.705067396195399,
      "brl_oz": 434.32361286209994,
      "brl_g": 13.963828405900268,
      "chg_1h": 0.177408679542414,
      "chg_24h": -1.4869940751225135
    },
    "XPT": {
      "name": "Platina",
      "usd_oz": 2150,
      "usd_g": 69.12410512255016,
      "brl_oz": 11098.515,
      "brl_g": 356.8255430531162,
      "chg_1h": 0.5142589995324919,
      "chg_24h": -0.7386888273314866
    },
    "XPD": {
      "name": "Paládio",
      "usd_oz": 1649,
      "usd_g": 53.01658109166754,
      "brl_oz": 8512.302899999999,
      "brl_g": 273.676893253297,
      "chg_1h": 0.18226002430133656,
      "chg_24h": -0.18159806295399517
    },
    "XCU": {
      "name": "Cobre",
      "usd_oz": 5.840421,
      "usd_g": 0.18777389542509282,
      "brl_oz": 30.148837244099997,
      "brl_g": 0.9693076255738716,
      "chg_1h": 0,
      "chg_24h": 0.587135074995739
    }
  }
}
