{
  "timestamp": 1773379999,
  "usdToBrl": 5.1621,
  "metals": {
    "XAU": {
      "name": "Ouro",
      "usd_oz": 5109.200195,
      "usd_g": 164.2646006378297,
      "brl_oz": 26374.2023266095,
      "brl_g": 847.9502949525406,
      "chg_1h": 0.021536324247662775,
      "chg_24h": -0.924968642139057
    },
    "XAG": {
      "name": "Prata",
      "usd_oz": 84.249001,
      "usd_g": 2.7086682798110857,
      "brl_oz": 434.9017680621,
      "brl_g": 13.982416527212806,
      "chg_1h": -0.27697997758175325,
      "chg_24h": -1.428571411857114
    },
    "XPT": {
      "name": "Platina",
      "usd_oz": 2144,
      "usd_g": 68.9312006431384,
      "brl_oz": 11067.542399999998,
      "brl_g": 355.8297508399447,
      "chg_1h": -0.13972985561248255,
      "chg_24h": -0.8784096162736941
    },
    "XPD": {
      "name": "Paládio",
      "usd_oz": 1655,
      "usd_g": 53.209485571079306,
      "brl_oz": 8543.2755,
      "brl_g": 274.67268546646847,
      "chg_1h": -0.5408653846153846,
      "chg_24h": -0.30120481927710846
    },
    "XCU": {
      "name": "Cobre",
      "usd_oz": 5.837129,
      "usd_g": 0.18766805516738888,
      "brl_oz": 30.1318436109,
      "brl_g": 0.968761267579578,
      "chg_1h": -0.029783170299443544,
      "chg_24h": 0.3613409849499205
    }
  }
}
