{
  "timestamp": 1774869293,
  "usdToBrl": 5.2561,
  "metals": {
    "XAU": {
      "name": "Ouro",
      "usd_oz": 4539.899902,
      "usd_g": 145.961171196141,
      "brl_oz": 23862.1678749022,
      "brl_g": 767.1865119240367,
      "chg_1h": 0.15883925012163222,
      "chg_24h": 0.9988854727474997
    },
    "XAG": {
      "name": "Prata",
      "usd_oz": 71.132004,
      "usd_g": 2.286947033522632,
      "brl_oz": 373.8769262244,
      "brl_g": 12.020422302898305,
      "chg_1h": 0.03375428830076798,
      "chg_24h": 1.8003878152046677
    },
    "XPT": {
      "name": "Platina",
      "usd_oz": 1931,
      "usd_g": 62.08309162402063,
      "brl_oz": 10149.5291,
      "brl_g": 326.31493788501484,
      "chg_1h": -0.3097573567372225,
      "chg_24h": 3.0966364121729844
    },
    "XPD": {
      "name": "Paládio",
      "usd_oz": 1449,
      "usd_g": 46.58643177794195,
      "brl_oz": 7616.0889,
      "brl_g": 244.86294406804066,
      "chg_1h": 0.2074688796680498,
      "chg_24h": 3.278688524590164
    },
    "XCU": {
      "name": "Cobre",
      "usd_oz": 5.496633,
      "usd_g": 0.17672085456375733,
      "brl_oz": 28.8908527113,
      "brl_g": 0.9288624836725649,
      "chg_1h": 0.08949840468866842,
      "chg_24h": 0.17913889397178878
    }
  }
}
