{
  "timestamp": 1774644582,
  "usdToBrl": 5.2561,
  "metals": {
    "XAU": {
      "name": "Ouro",
      "usd_oz": 4501.700195,
      "usd_g": 144.7330220973882,
      "brl_oz": 23661.3863949395,
      "brl_g": 760.731237446082,
      "chg_1h": -0.40045158593034863,
      "chg_24h": 2.8607379184279758
    },
    "XAG": {
      "name": "Prata",
      "usd_oz": 69.972,
      "usd_g": 2.2496520389000367,
      "brl_oz": 367.7798292,
      "brl_g": 11.824396081662483,
      "chg_1h": -0.2636914424417181,
      "chg_24h": 2.2728269289796286
    },
    "XPT": {
      "name": "Platina",
      "usd_oz": 1878,
      "usd_g": 60.37910205588335,
      "brl_oz": 9870.9558,
      "brl_g": 317.3585983159285,
      "chg_1h": -0.2655337227827934,
      "chg_24h": 2.399127589967285
    },
    "XPD": {
      "name": "Paládio",
      "usd_oz": 1406,
      "usd_g": 45.20394967549094,
      "brl_oz": 7390.0766,
      "brl_g": 237.59647988934793,
      "chg_1h": -0.4953998584571833,
      "chg_24h": 1.516245487364621
    },
    "XCU": {
      "name": "Cobre",
      "usd_oz": 5.486804,
      "usd_g": 0.1764048448757343,
      "brl_oz": 28.8391905044,
      "brl_g": 0.927201505151347,
      "chg_1h": 0,
      "chg_24h": 0.7118177159278306
    }
  }
}
