{
  "timestamp": 1775690548,
  "usdToBrl": 5.0818,
  "metals": {
    "XAU": {
      "name": "Ouro",
      "usd_oz": 4713.700195,
      "usd_g": 151.5489803699373,
      "brl_oz": 23954.081650951004,
      "brl_g": 770.1416084439475,
      "chg_1h": -0.02121025640316457,
      "chg_24h": -2.036702122502044
    },
    "XAG": {
      "name": "Prata",
      "usd_oz": 73.885002,
      "usd_g": 2.3754579745245716,
      "brl_oz": 375.4688031636,
      "brl_g": 12.07160233493897,
      "chg_1h": -0.12570629615722353,
      "chg_24h": -3.377883470788211
    },
    "XPT": {
      "name": "Platina",
      "usd_oz": 2037,
      "usd_g": 65.4910707602952,
      "brl_oz": 10351.626600000001,
      "brl_g": 332.8125233896682,
      "chg_1h": -0.0980872976949485,
      "chg_24h": 0.1967535661583866
    },
    "XPD": {
      "name": "Paládio",
      "usd_oz": 1585,
      "usd_g": 50.95893331127535,
      "brl_oz": 8054.653,
      "brl_g": 258.9631073012391,
      "chg_1h": 0.12634238787113075,
      "chg_24h": 3.1901041666666665
    },
    "XCU": {
      "name": "Cobre",
      "usd_oz": 5.658565,
      "usd_g": 0.1819270892571084,
      "brl_oz": 28.755695617000004,
      "brl_g": 0.9245170821867735,
      "chg_1h": 0,
      "chg_24h": 2.2876856694040804
    }
  }
}
