{
  "timestamp": 1770795188,
  "usdToBrl": 5.2067,
  "metals": {
    "XAU": {
      "name": "Ouro",
      "usd_oz": 5059.299805,
      "usd_g": 162.66026584526395,
      "brl_oz": 26342.256294693496,
      "brl_g": 846.9232061765357,
      "chg_1h": -0.019761674970560368,
      "chg_24h": 0.5505148751986483
    },
    "XAG": {
      "name": "Prata",
      "usd_oz": 83.556999,
      "usd_g": 2.6864198988841017,
      "brl_oz": 435.0562266933,
      "brl_g": 13.987382487519852,
      "chg_1h": 1.3094584420914446,
      "chg_24h": 2.361906978204007
    },
    "XPT": {
      "name": "Platina",
      "usd_oz": 2145,
      "usd_g": 68.96335138970701,
      "brl_oz": 11168.3715,
      "brl_g": 359.0714816807875,
      "chg_1h": 0.42134831460674155,
      "chg_24h": 2.5334608030592736
    },
    "XPD": {
      "name": "Paládio",
      "usd_oz": 1766,
      "usd_g": 56.778218440197016,
      "brl_oz": 9195.0322,
      "brl_g": 295.6271499525738,
      "chg_1h": 0.4550625711035267,
      "chg_24h": 1.0875787063537492
    },
    "XCU": {
      "name": "Cobre",
      "usd_oz": 5.912199,
      "usd_g": 0.1900816117122958,
      "brl_oz": 30.7830465333,
      "brl_g": 0.9896979277024104,
      "chg_1h": -0.020445063151405037,
      "chg_24h": 0.6719695896427231
    }
  }
}
