{
  "timestamp": 1771199128,
  "usdToBrl": 5.2197,
  "metals": {
    "XAU": {
      "name": "Ouro",
      "usd_oz": 5024.399902,
      "usd_g": 161.53820790864128,
      "brl_oz": 26225.860168469397,
      "brl_g": 843.1809838207348,
      "chg_1h": -0.37278498320648634,
      "chg_24h": -0.37278498320648634
    },
    "XAG": {
      "name": "Prata",
      "usd_oz": 76.748001,
      "usd_g": 2.4675055297998068,
      "brl_oz": 400.6015408197,
      "brl_g": 12.87963861389605,
      "chg_1h": -1.0596867345623193,
      "chg_24h": -1.0596867345623193
    },
    "XPT": {
      "name": "Platina",
      "usd_oz": 2067,
      "usd_g": 66.45559315735403,
      "brl_oz": 10789.1199,
      "brl_g": 346.8782596034408,
      "chg_1h": -0.2894356005788712,
      "chg_24h": -0.2894356005788712
    },
    "XPD": {
      "name": "Paládio",
      "usd_oz": 1711,
      "usd_g": 55.00992737892248,
      "brl_oz": 8930.9067,
      "brl_g": 287.13531793976165,
      "chg_1h": -0.4074505238649592,
      "chg_24h": -0.4074505238649592
    },
    "XCU": {
      "name": "Cobre",
      "usd_oz": 5.877408,
      "usd_g": 0.18896305508842665,
      "brl_oz": 30.678306537599997,
      "brl_g": 0.9863304586450605,
      "chg_1h": 0,
      "chg_24h": 0
    }
  }
}
