{
  "timestamp": 1775745077,
  "usdToBrl": 5.0818,
  "metals": {
    "XAU": {
      "name": "Ouro",
      "usd_oz": 4765.5,
      "usd_g": 153.21438277279665,
      "brl_oz": 24217.317900000002,
      "brl_g": 778.604850374798,
      "chg_1h": 0.42779659794732117,
      "chg_24h": -0.38253701546776275
    },
    "XAG": {
      "name": "Prata",
      "usd_oz": 74.861,
      "usd_g": 2.4068370388740594,
      "brl_oz": 380.42862980000007,
      "brl_g": 12.231064464150196,
      "chg_1h": 0.5966378650039676,
      "chg_24h": -2.1808428352390274
    },
    "XPT": {
      "name": "Platina",
      "usd_oz": 2053,
      "usd_g": 66.00548270539325,
      "brl_oz": 10432.9354,
      "brl_g": 335.42666201226746,
      "chg_1h": 0.09751340809361286,
      "chg_24h": -0.6773101112723754
    },
    "XPD": {
      "name": "Paládio",
      "usd_oz": 1565,
      "usd_g": 50.31591837990279,
      "brl_oz": 7953.017000000001,
      "brl_g": 255.69543402299,
      "chg_1h": -1.3862633900441084,
      "chg_24h": -3.9287906691221606
    },
    "XCU": {
      "name": "Cobre",
      "usd_oz": 5.659094,
      "usd_g": 0.1819440970020432,
      "brl_oz": 28.7583838892,
      "brl_g": 0.9246035121449832,
      "chg_1h": 0.2370116936514461,
      "chg_24h": -0.12541032790936216
    }
  }
}
