{
  "timestamp": 1773903703,
  "usdToBrl": 5.2243,
  "metals": {
    "XAU": {
      "name": "Ouro",
      "usd_oz": 4766.700195,
      "usd_g": 153.25296993807459,
      "brl_oz": 24902.671828738505,
      "brl_g": 800.6394908474831,
      "chg_1h": -1.4350385970857038,
      "chg_24h": -4.860085236574065
    },
    "XAG": {
      "name": "Prata",
      "usd_oz": 72.397003,
      "usd_g": 2.3276176957812,
      "brl_oz": 378.2236627729,
      "brl_g": 12.160173128069722,
      "chg_1h": -3.415288719995624,
      "chg_24h": -9.520709985886528
    },
    "XPT": {
      "name": "Platina",
      "usd_oz": 1968,
      "usd_g": 63.272669247059866,
      "brl_oz": 10281.422400000001,
      "brl_g": 330.5554059474149,
      "chg_1h": -1.6491754122938531,
      "chg_24h": -6.994328922495274
    },
    "XPD": {
      "name": "Paládio",
      "usd_oz": 1475,
      "usd_g": 47.422351188726275,
      "brl_oz": 7705.842500000001,
      "brl_g": 247.7485893152627,
      "chg_1h": -1.3377926421404682,
      "chg_24h": -8.612143742255267
    },
    "XCU": {
      "name": "Cobre",
      "usd_oz": 5.580245,
      "usd_g": 0.17940904278585343,
      "brl_oz": 29.152873953500002,
      "brl_g": 0.9372866622261341,
      "chg_1h": -0.21222747108294587,
      "chg_24h": -2.672686044416631
    }
  }
}
