{
  "timestamp": 1777937341,
  "usdToBrl": 4.9661,
  "metals": {
    "XAU": {
      "name": "Ouro",
      "usd_oz": 4522.299805,
      "usd_g": 145.39531493791074,
      "brl_oz": 22458.1930616105,
      "brl_g": 722.0476735131585,
      "chg_1h": 0.02875038708249615,
      "chg_24h": -2.0447589406441993
    },
    "XAG": {
      "name": "Prata",
      "usd_oz": 72.838997,
      "usd_g": 2.341828132860054,
      "brl_oz": 361.72574300170004,
      "brl_g": 11.629752690596314,
      "chg_1h": -0.17406188468346606,
      "chg_24h": -4.0000579381598715
    },
    "XPT": {
      "name": "Platina",
      "usd_oz": 1953,
      "usd_g": 62.790408048530445,
      "brl_oz": 9698.7933,
      "brl_g": 311.82344540980705,
      "chg_1h": -0.15337423312883436,
      "chg_24h": -2.9324055666003974
    },
    "XPD": {
      "name": "Paládio",
      "usd_oz": 1501,
      "usd_g": 48.2582705995106,
      "brl_oz": 7454.1161,
      "brl_g": 239.6553976242296,
      "chg_1h": -0.19946808510638298,
      "chg_24h": -3.41055341055341
    },
    "XCU": {
      "name": "Cobre",
      "usd_oz": 5.875257,
      "usd_g": 0.18889389883255753,
      "brl_oz": 29.1771137877,
      "brl_g": 0.9380659909923639,
      "chg_1h": 0,
      "chg_24h": 0
    }
  }
}
