{
  "timestamp": 1780452196,
  "usdToBrl": 5.0056,
  "metals": {
    "XAU": {
      "name": "Ouro",
      "usd_oz": 4474.600098,
      "usd_g": 143.86173374675593,
      "brl_oz": 22398.058250548802,
      "brl_g": 720.1142944427615,
      "chg_1h": 0,
      "chg_24h": -0.19404696046196632
    },
    "XAG": {
      "name": "Prata",
      "usd_oz": 74.833,
      "usd_g": 2.4059368179701375,
      "brl_oz": 374.5840648,
      "brl_g": 12.04315733603132,
      "chg_1h": 0,
      "chg_24h": -1.021100415801846
    },
    "XPT": {
      "name": "Platina",
      "usd_oz": 1931,
      "usd_g": 62.08309162402063,
      "brl_oz": 9665.813600000001,
      "brl_g": 310.7631234331977,
      "chg_1h": 0,
      "chg_24h": -0.6176016469377252
    },
    "XPD": {
      "name": "Paládio",
      "usd_oz": 1389,
      "usd_g": 44.65738698382427,
      "brl_oz": 6952.7784,
      "brl_g": 223.53701628623077,
      "chg_1h": 0,
      "chg_24h": 0.14419610670511895
    },
    "XCU": {
      "name": "Cobre",
      "usd_oz": 6.319222,
      "usd_g": 0.20316770503289844,
      "brl_oz": 31.6314976432,
      "brl_g": 1.0169762643126765,
      "chg_1h": 0,
      "chg_24h": 0.6405155976967097
    }
  }
}
