{
  "timestamp": 1772564639,
  "usdToBrl": 5.2434,
  "metals": {
    "XAU": {
      "name": "Ouro",
      "usd_oz": 5145.600098,
      "usd_g": 165.4348846943053,
      "brl_oz": 26980.4395538532,
      "brl_g": 867.4412744061206,
      "chg_1h": 1.4531082518197493,
      "chg_24h": -3.3072759463106878
    },
    "XAG": {
      "name": "Prata",
      "usd_oz": 83.845001,
      "usd_g": 2.6956793781973594,
      "brl_oz": 439.6328782434,
      "brl_g": 14.134525251640035,
      "chg_1h": 2.1851983575001555,
      "chg_24h": -5.937982678543392
    },
    "XPT": {
      "name": "Platina",
      "usd_oz": 2122,
      "usd_g": 68.22388421862857,
      "brl_oz": 11126.4948,
      "brl_g": 357.7251145119571,
      "chg_1h": 2.660861151427189,
      "chg_24h": -8.138528138528137
    },
    "XPD": {
      "name": "Paládio",
      "usd_oz": 1694,
      "usd_g": 54.4633646872558,
      "brl_oz": 8882.3196,
      "brl_g": 285.57320640115705,
      "chg_1h": 1.8641010222489478,
      "chg_24h": -5.626740947075208
    },
    "XCU": {
      "name": "Cobre",
      "usd_oz": 5.883924,
      "usd_g": 0.18917254935306785,
      "brl_oz": 30.851767101600004,
      "brl_g": 0.991907345277876,
      "chg_1h": 0.249878263998619,
      "chg_24h": -2.04763702687098
    }
  }
}
