{
  "timestamp": 1775812826,
  "usdToBrl": 5.0992,
  "metals": {
    "XAU": {
      "name": "Ouro",
      "usd_oz": 4760.600098,
      "usd_g": 153.05684726538354,
      "brl_oz": 24275.2520197216,
      "brl_g": 780.4674755756437,
      "chg_1h": 0.22315995789473453,
      "chg_24h": 0.5895134246930581
    },
    "XAG": {
      "name": "Prata",
      "usd_oz": 75.638,
      "usd_g": 2.4318181689578835,
      "brl_oz": 385.6932896,
      "brl_g": 12.400327207150038,
      "chg_1h": 0.22525838169136472,
      "chg_24h": 1.9421284141155088
    },
    "XPT": {
      "name": "Platina",
      "usd_oz": 2055,
      "usd_g": 66.0697841985305,
      "brl_oz": 10478.856,
      "brl_g": 336.9030435851467,
      "chg_1h": -0.5805515239477503,
      "chg_24h": 1.3313609467455623
    },
    "XPD": {
      "name": "Paládio",
      "usd_oz": 1568,
      "usd_g": 50.41237061960867,
      "brl_oz": 7995.5455999999995,
      "brl_g": 257.06276026350855,
      "chg_1h": -0.5076142131979695,
      "chg_24h": -1.2594458438287155
    },
    "XCU": {
      "name": "Cobre",
      "usd_oz": 5.696742,
      "usd_g": 0.1831545083088589,
      "brl_oz": 29.0488268064,
      "brl_g": 0.9339414687685332,
      "chg_1h": 0.20744249420708666,
      "chg_24h": 0.8849482297050866
    }
  }
}
