{
  "timestamp": 1770747335,
  "usdToBrl": 5.2067,
  "metals": {
    "XAU": {
      "name": "Ouro",
      "usd_oz": 5015.700195,
      "usd_g": 161.25850583366295,
      "brl_oz": 26115.2462053065,
      "brl_g": 839.6246623241328,
      "chg_1h": -0.28429035785287576,
      "chg_24h": -0.18507074626864978
    },
    "XAG": {
      "name": "Prata",
      "usd_oz": 80.867996,
      "usd_g": 2.5999664449088216,
      "brl_oz": 421.0553947732,
      "brl_g": 13.53724528870676,
      "chg_1h": 0.008651884097402814,
      "chg_24h": -0.5484996231214868
    },
    "XPT": {
      "name": "Platina",
      "usd_oz": 2106,
      "usd_g": 67.70947227353052,
      "brl_oz": 10965.3102,
      "brl_g": 352.54290928659134,
      "chg_1h": 0.2857142857142857,
      "chg_24h": 0.9103977000479155
    },
    "XPD": {
      "name": "Paládio",
      "usd_oz": 1730,
      "usd_g": 55.62079156372641,
      "brl_oz": 9007.590999999999,
      "brl_g": 289.60077543485426,
      "chg_1h": -0.5747126436781609,
      "chg_24h": 0.2317497103128621
    },
    "XCU": {
      "name": "Cobre",
      "usd_oz": 5.879238,
      "usd_g": 0.18902189095464725,
      "brl_oz": 30.6114284946,
      "brl_g": 0.9841802796335618,
      "chg_1h": 0.0012927012387133573,
      "chg_24h": 0.22941531570987445
    }
  }
}
