{
  "timestamp": 1779057142,
  "usdToBrl": 5.0324,
  "metals": {
    "XAU": {
      "name": "Ouro",
      "usd_oz": 4548.799805,
      "usd_g": 146.24730972197938,
      "brl_oz": 22891.380138681998,
      "brl_g": 735.974961444889,
      "chg_1h": 0.16734805059611121,
      "chg_24h": 0.16734805059611121
    },
    "XAG": {
      "name": "Prata",
      "usd_oz": 76.600998,
      "usd_g": 2.462779273601979,
      "brl_oz": 385.48686233520004,
      "brl_g": 12.3936904164746,
      "chg_1h": 0.6689204908957368,
      "chg_24h": 0.6689204908957368
    },
    "XPT": {
      "name": "Platina",
      "usd_oz": 2001,
      "usd_g": 64.33364388382459,
      "brl_oz": 10069.8324,
      "brl_g": 323.7526294809589,
      "chg_1h": 0.603318250377074,
      "chg_24h": 0.603318250377074
    },
    "XPD": {
      "name": "Paládio",
      "usd_oz": 1440,
      "usd_g": 46.29707505882429,
      "brl_oz": 7246.656,
      "brl_g": 232.98540052602735,
      "chg_1h": 0.41841004184100417,
      "chg_24h": 0.41841004184100417
    },
    "XCU": {
      "name": "Cobre",
      "usd_oz": 6.230834,
      "usd_g": 0.20032596484519055,
      "brl_oz": 31.356049021599997,
      "brl_g": 1.008120385486937,
      "chg_1h": 0,
      "chg_24h": 0
    }
  }
}
