{
  "timestamp": 1780532373,
  "usdToBrl": 5.0184,
  "metals": {
    "XAU": {
      "name": "Ouro",
      "usd_oz": 4457.600098,
      "usd_g": 143.31517105508925,
      "brl_oz": 22370.0203318032,
      "brl_g": 719.2128544228599,
      "chg_1h": 0.41223377117689936,
      "chg_24h": -0.29078870207638957
    },
    "XAG": {
      "name": "Prata",
      "usd_oz": 73.357002,
      "usd_g": 2.3584823803363357,
      "brl_oz": 368.13477883679997,
      "brl_g": 11.835807977479867,
      "chg_1h": 0.4876686687534252,
      "chg_24h": -1.638530909812937
    },
    "XPT": {
      "name": "Platina",
      "usd_oz": 1873,
      "usd_g": 60.21834832304021,
      "brl_oz": 9399.4632,
      "brl_g": 302.199759224345,
      "chg_1h": 0.5367686527106817,
      "chg_24h": -2.9533678756476682
    },
    "XPD": {
      "name": "Paládio",
      "usd_oz": 1327,
      "usd_g": 42.66404069656933,
      "brl_oz": 6659.4168,
      "brl_g": 214.10522183166353,
      "chg_1h": 0.22658610271903326,
      "chg_24h": -4.325883201153569
    },
    "XCU": {
      "name": "Cobre",
      "usd_oz": 6.266605,
      "usd_g": 0.20147602920069696,
      "brl_oz": 31.448330532,
      "brl_g": 1.0110873049407776,
      "chg_1h": -1.3662120758534786,
      "chg_24h": -1.0862415974434443
    }
  }
}
