{
  "timestamp": 1782472414,
  "usdToBrl": 5.2019,
  "metals": {
    "XAU": {
      "name": "Ouro",
      "usd_oz": 4050.5,
      "usd_g": 130.22659897622765,
      "brl_oz": 21070.29595,
      "brl_g": 677.4257452144386,
      "chg_1h": 0,
      "chg_24h": 1.7176841444632143
    },
    "XAG": {
      "name": "Prata",
      "usd_oz": 58.456001,
      "usd_g": 1.8794040735664639,
      "brl_oz": 304.0822716019,
      "brl_g": 9.776472050285388,
      "chg_1h": 0,
      "chg_24h": 1.9231774811574402
    },
    "XPT": {
      "name": "Platina",
      "usd_oz": 1627,
      "usd_g": 52.30926466715773,
      "brl_oz": 8463.4913,
      "brl_g": 272.1075638720878,
      "chg_1h": 0,
      "chg_24h": 2.1343377275580666
    },
    "XPD": {
      "name": "Paládio",
      "usd_oz": 1232,
      "usd_g": 39.609719772549674,
      "brl_oz": 6408.7408000000005,
      "brl_g": 206.04580128482615,
      "chg_1h": 0,
      "chg_24h": 1.4827018121911038
    },
    "XCU": {
      "name": "Cobre",
      "usd_oz": 6.048428,
      "usd_g": 0.19446147576659342,
      "brl_oz": 31.463317613200005,
      "brl_g": 1.0115691507902425,
      "chg_1h": 0,
      "chg_24h": 1.0508511444853197
    }
  }
}
