{
  "timestamp": 1784009884,
  "usdToBrl": 5.1155,
  "metals": {
    "XAU": {
      "name": "Ouro",
      "usd_oz": 4030.899902,
      "usd_g": 129.59644119270936,
      "brl_oz": 20620.068448681,
      "brl_g": 662.9505949213047,
      "chg_1h": 0,
      "chg_24h": -0.7045226752063035
    },
    "XAG": {
      "name": "Prata",
      "usd_oz": 58.263,
      "usd_g": 1.873198947327972,
      "brl_oz": 298.0443765,
      "brl_g": 9.58234921505624,
      "chg_1h": 0,
      "chg_24h": -0.4187444523611207
    },
    "XPT": {
      "name": "Platina",
      "usd_oz": 1618,
      "usd_g": 52.01990794804007,
      "brl_oz": 8276.878999999999,
      "brl_g": 266.10783910819896,
      "chg_1h": 0,
      "chg_24h": -0.2466091245376079
    },
    "XPD": {
      "name": "Paládio",
      "usd_oz": 1295,
      "usd_g": 41.635216806373236,
      "brl_oz": 6624.5725,
      "brl_g": 212.9849515730023,
      "chg_1h": 0,
      "chg_24h": 1.330203442879499
    },
    "XCU": {
      "name": "Cobre",
      "usd_oz": 6.136046,
      "usd_g": 0.19727845987944345,
      "brl_oz": 31.388943313000002,
      "brl_g": 1.009177961513293,
      "chg_1h": 0,
      "chg_24h": 0.966546690260458
    }
  }
}
