{
  "timestamp": 1772179507,
  "usdToBrl": 5.1258,
  "metals": {
    "XAU": {
      "name": "Ouro",
      "usd_oz": 5181.200195,
      "usd_g": 166.57945439077088,
      "brl_oz": 26557.795959531002,
      "brl_g": 853.8529673162134,
      "chg_1h": 0.01930427323957892,
      "chg_24h": -0.005786065811051839
    },
    "XAG": {
      "name": "Prata",
      "usd_oz": 90.325996,
      "usd_g": 2.904048205954905,
      "brl_oz": 462.99299029680003,
      "brl_g": 14.885570294083653,
      "chg_1h": 0.24971754474905966,
      "chg_24h": 2.566250253985648
    },
    "XPT": {
      "name": "Platina",
      "usd_oz": 2409,
      "usd_g": 77.45114848382481,
      "brl_oz": 12348.0522,
      "brl_g": 396.9990968983892,
      "chg_1h": 0,
      "chg_24h": 4.648132059079062
    },
    "XPD": {
      "name": "Paládio",
      "usd_oz": 1861,
      "usd_g": 59.83253936421667,
      "brl_oz": 9539.1138,
      "brl_g": 306.6896302731018,
      "chg_1h": -0.21447721179624668,
      "chg_24h": 3.5614913745130776
    },
    "XCU": {
      "name": "Cobre",
      "usd_oz": 6.038146,
      "usd_g": 0.1941309017903748,
      "brl_oz": 30.950328766800002,
      "brl_g": 0.9950761763971031,
      "chg_1h": 0.08270961334333593,
      "chg_24h": 1.5124279948300166
    }
  }
}
