{
  "timestamp": 1784206027,
  "usdToBrl": 5.081,
  "metals": {
    "XAU": {
      "name": "Ouro",
      "usd_oz": 4005.199951,
      "usd_g": 128.7701685812822,
      "brl_oz": 20350.420951031003,
      "brl_g": 654.2812265614949,
      "chg_1h": -0.5956517495252,
      "chg_24h": -1.5340777238814944
    },
    "XAG": {
      "name": "Prata",
      "usd_oz": 56.283001,
      "usd_g": 1.8095405012728352,
      "brl_oz": 285.973928081,
      "brl_g": 9.194275286967276,
      "chg_1h": -0.5829014640259622,
      "chg_24h": -4.158360294878173
    },
    "XPT": {
      "name": "Platina",
      "usd_oz": 1642,
      "usd_g": 52.79152586568715,
      "brl_oz": 8343.002,
      "brl_g": 268.2337429235564,
      "chg_1h": -1.2627781118460615,
      "chg_24h": -0.6053268765133172
    },
    "XPD": {
      "name": "Paládio",
      "usd_oz": 1291,
      "usd_g": 41.50661382009872,
      "brl_oz": 6559.571000000001,
      "brl_g": 210.8951048199216,
      "chg_1h": -1.600609756097561,
      "chg_24h": -3.5127055306427506
    },
    "XCU": {
      "name": "Cobre",
      "usd_oz": 6.135593,
      "usd_g": 0.19726389559124785,
      "brl_oz": 31.174948033000003,
      "brl_g": 1.0022978534991305,
      "chg_1h": 0.17526936951028715,
      "chg_24h": -0.09232628532600355
    }
  }
}
