{
  "timestamp": 1777639180,
  "usdToBrl": 4.9814,
  "metals": {
    "XAU": {
      "name": "Ouro",
      "usd_oz": 4600.299805,
      "usd_g": 147.90307317026372,
      "brl_oz": 22915.933448626998,
      "brl_g": 736.7643686903517,
      "chg_1h": 0.5617913358423524,
      "chg_24h": -0.6993845626999546
    },
    "XAG": {
      "name": "Prata",
      "usd_oz": 75,
      "usd_g": 2.4113059926470988,
      "brl_oz": 373.60499999999996,
      "brl_g": 12.011679671772258,
      "chg_1h": 1.8247013637640257,
      "chg_24h": 1.6136271081745308
    },
    "XPT": {
      "name": "Platina",
      "usd_oz": 2008,
      "usd_g": 64.55869910980499,
      "brl_oz": 10002.6512,
      "brl_g": 321.5927037455826,
      "chg_1h": 1.3118062563067607,
      "chg_24h": 2.4489795918367347
    },
    "XPD": {
      "name": "Paládio",
      "usd_oz": 1568,
      "usd_g": 50.41237061960867,
      "brl_oz": 7810.8351999999995,
      "brl_g": 251.12418300451864,
      "chg_1h": 1.3574660633484164,
      "chg_24h": 3.498349834983498
    },
    "XCU": {
      "name": "Cobre",
      "usd_oz": 5.870846,
      "usd_g": 0.1887520818894433,
      "brl_oz": 29.2450322644,
      "brl_g": 0.9402496207240729,
      "chg_1h": -0.0064381805224863736,
      "chg_24h": -0.13117164637511516
    }
  }
}
