{
  "timestamp": 1777059102,
  "usdToBrl": 5.0006,
  "metals": {
    "XAU": {
      "name": "Ouro",
      "usd_oz": 4720.299805,
      "usd_g": 151.76116275849907,
      "brl_oz": 23604.331204883,
      "brl_g": 758.8968704901505,
      "chg_1h": -0.023300229229353257,
      "chg_24h": 0.425504772668432
    },
    "XAG": {
      "name": "Prata",
      "usd_oz": 76.315002,
      "usd_g": 2.4535842886863377,
      "brl_oz": 381.62079900120006,
      "brl_g": 12.269393594004901,
      "chg_1h": -0.2952639761696214,
      "chg_24h": 0.7166222067536065
    },
    "XPT": {
      "name": "Platina",
      "usd_oz": 2023,
      "usd_g": 65.0409603083344,
      "brl_oz": 10116.213800000001,
      "brl_g": 325.24382611785705,
      "chg_1h": -0.09876543209876544,
      "chg_24h": 0.49677098857426727
    },
    "XPD": {
      "name": "Paládio",
      "usd_oz": 1526,
      "usd_g": 49.0620392637263,
      "brl_oz": 7630.9156,
      "brl_g": 245.33963354218974,
      "chg_1h": 0.13123359580052493,
      "chg_24h": 2.4161073825503356
    },
    "XCU": {
      "name": "Cobre",
      "usd_oz": 5.986223,
      "usd_g": 0.1924615385762919,
      "brl_oz": 29.934706733800002,
      "brl_g": 0.9624231698046053,
      "chg_1h": 0.18240015102110305,
      "chg_24h": -0.05973487266104636
    }
  }
}
