{
  "timestamp": 1774468476,
  "usdToBrl": 5.233,
  "metals": {
    "XAU": {
      "name": "Ouro",
      "usd_oz": 4520.299805,
      "usd_g": 145.33101344477348,
      "brl_oz": 23654.728879565,
      "brl_g": 760.5171933564995,
      "chg_1h": 0.07083542384673898,
      "chg_24h": 2.8018399457414347
    },
    "XAG": {
      "name": "Prata",
      "usd_oz": 71.873001,
      "usd_g": 2.3107706402777457,
      "brl_oz": 376.111414233,
      "brl_g": 12.092262760573442,
      "chg_1h": 0.4472209348703731,
      "chg_24h": 3.2747060587204038
    },
    "XPT": {
      "name": "Platina",
      "usd_oz": 1944,
      "usd_g": 62.501051329412796,
      "brl_oz": 10172.952,
      "brl_g": 327.0680016068171,
      "chg_1h": 0.10298661174047373,
      "chg_24h": 1.9402202412165706
    },
    "XPD": {
      "name": "Paládio",
      "usd_oz": 1442,
      "usd_g": 46.36137655196155,
      "brl_oz": 7545.986,
      "brl_g": 242.60908349641477,
      "chg_1h": 0.06939625260235947,
      "chg_24h": 0.5578800557880056
    },
    "XCU": {
      "name": "Cobre",
      "usd_oz": 5.496103,
      "usd_g": 0.17670381466807594,
      "brl_oz": 28.761106998999995,
      "brl_g": 0.9246910621580413,
      "chg_1h": 0.033016100900399276,
      "chg_24h": 0.5304638545247565
    }
  }
}
