{
  "timestamp": 1781161295,
  "usdToBrl": 5.1907,
  "metals": {
    "XAU": {
      "name": "Ouro",
      "usd_oz": 4095.600098,
      "usd_g": 131.67660079724592,
      "brl_oz": 21259.0314286886,
      "brl_g": 683.4937317582644,
      "chg_1h": 0,
      "chg_24h": -2.795837251149208
    },
    "XAG": {
      "name": "Prata",
      "usd_oz": 64.266998,
      "usd_g": 2.0662319654245214,
      "brl_oz": 333.5907065186,
      "brl_g": 10.725190262929063,
      "chg_1h": 0,
      "chg_24h": -1.226471951849023
    },
    "XPT": {
      "name": "Platina",
      "usd_oz": 1685,
      "usd_g": 54.17400796813815,
      "brl_oz": 8746.3295,
      "brl_g": 281.2010231602147,
      "chg_1h": 0,
      "chg_24h": -0.05931198102016608
    },
    "XPD": {
      "name": "Paládio",
      "usd_oz": 1272,
      "usd_g": 40.89574963529479,
      "brl_oz": 6602.5704,
      "brl_g": 212.27756763192465,
      "chg_1h": 0,
      "chg_24h": 3.079416531604538
    },
    "XCU": {
      "name": "Cobre",
      "usd_oz": 6.100137,
      "usd_g": 0.1961239587209106,
      "brl_oz": 31.663981125899998,
      "brl_g": 1.0180206325326306,
      "chg_1h": 0,
      "chg_24h": -1.6371246049045562
    }
  }
}
