{
  "timestamp": 1778549081,
  "usdToBrl": 4.9019,
  "metals": {
    "XAU": {
      "name": "Ouro",
      "usd_oz": 4745.100098,
      "usd_g": 152.5585106935698,
      "brl_oz": 23260.0061703862,
      "brl_g": 747.8265635688098,
      "chg_1h": -0.29417326199723065,
      "chg_24h": 1.1317156436487614
    },
    "XAG": {
      "name": "Prata",
      "usd_oz": 87.095001,
      "usd_g": 2.8001693045454004,
      "brl_oz": 426.9309854019,
      "brl_g": 13.7261499139511,
      "chg_1h": -0.245103030503232,
      "chg_24h": 8.734194044047904
    },
    "XPT": {
      "name": "Platina",
      "usd_oz": 2120,
      "usd_g": 68.15958272549132,
      "brl_oz": 10392.028,
      "brl_g": 334.11145856208594,
      "chg_1h": -1.4411901441190145,
      "chg_24h": 3.7181996086105675
    },
    "XPD": {
      "name": "Paládio",
      "usd_oz": 1528,
      "usd_g": 49.126340756863556,
      "brl_oz": 7490.1032000000005,
      "brl_g": 240.81240975606948,
      "chg_1h": -0.5855562784645413,
      "chg_24h": 2.0026702269692924
    },
    "XCU": {
      "name": "Cobre",
      "usd_oz": 6.243397,
      "usd_g": 0.20072987467433223,
      "brl_oz": 30.604507754300002,
      "brl_g": 0.9839577726661093,
      "chg_1h": -0.16213227204577638,
      "chg_24h": 1.7194263604209974
    }
  }
}
