{
  "timestamp": 1783345283,
  "usdToBrl": 5.1962,
  "metals": {
    "XAU": {
      "name": "Ouro",
      "usd_oz": 4150.399902,
      "usd_g": 133.43845540766043,
      "brl_oz": 21566.307970772403,
      "brl_g": 693.3729019892851,
      "chg_1h": 0,
      "chg_24h": -0.6154113981201745
    },
    "XAG": {
      "name": "Prata",
      "usd_oz": 62.023998,
      "usd_g": 1.9941178408710887,
      "brl_oz": 322.2890984076,
      "brl_g": 10.361835124734352,
      "chg_1h": 0,
      "chg_24h": -0.7885855299705882
    },
    "XPT": {
      "name": "Platina",
      "usd_oz": 1635,
      "usd_g": 52.56647063970675,
      "brl_oz": 8495.787,
      "brl_g": 273.1458947380442,
      "chg_1h": 0,
      "chg_24h": -0.7888349514563107
    },
    "XPD": {
      "name": "Paládio",
      "usd_oz": 1298,
      "usd_g": 41.73166904607912,
      "brl_oz": 6744.6676,
      "brl_g": 216.84609869723633,
      "chg_1h": 0,
      "chg_24h": 0.5422153369481022
    },
    "XCU": {
      "name": "Cobre",
      "usd_oz": 6.029301,
      "usd_g": 0.19384652843697525,
      "brl_oz": 31.3294538562,
      "brl_g": 1.0072653310642108,
      "chg_1h": 0,
      "chg_24h": 0.4774816857309954
    }
  }
}
