{
  "timestamp": 1777407261,
  "usdToBrl": 5.0017,
  "metals": {
    "XAU": {
      "name": "Ouro",
      "usd_oz": 4599.100098,
      "usd_g": 147.8645016945501,
      "brl_oz": 23003.318960166598,
      "brl_g": 739.5738781256313,
      "chg_1h": 0.006529812401786817,
      "chg_24h": -1.7202324624791048
    },
    "XAG": {
      "name": "Prata",
      "usd_oz": 73.291,
      "usd_g": 2.3563603667613133,
      "brl_oz": 366.5795947,
      "brl_g": 11.78580764643006,
      "chg_1h": -0.19608906369139728,
      "chg_24h": -3.0503855973120593
    },
    "XPT": {
      "name": "Platina",
      "usd_oz": 1948,
      "usd_g": 62.629654315687304,
      "brl_oz": 9743.311599999999,
      "brl_g": 313.25474199077314,
      "chg_1h": -0.408997955010225,
      "chg_24h": -2.0613373554550023
    },
    "XPD": {
      "name": "Paládio",
      "usd_oz": 1486,
      "usd_g": 47.77600940098118,
      "brl_oz": 7432.526199999999,
      "brl_g": 238.96126622088755,
      "chg_1h": 0.13477088948787064,
      "chg_24h": -0.6684491978609626
    },
    "XCU": {
      "name": "Cobre",
      "usd_oz": 5.857435,
      "usd_g": 0.18832090822721143,
      "brl_oz": 29.297132639499996,
      "brl_g": 0.9419246866800433,
      "chg_1h": 0,
      "chg_24h": -1.7504300720320376
    }
  }
}
