{
  "timestamp": 1775652184,
  "usdToBrl": 5.1489,
  "metals": {
    "XAU": {
      "name": "Ouro",
      "usd_oz": 4796.799805,
      "usd_g": 154.2206948709991,
      "brl_oz": 24698.2425159645,
      "brl_g": 794.0669358212873,
      "chg_1h": 0.2864189901802001,
      "chg_24h": 2.8671850097608553
    },
    "XAG": {
      "name": "Prata",
      "usd_oz": 77.425003,
      "usd_g": 2.4892716495282614,
      "brl_oz": 398.6535979467,
      "brl_g": 12.817010796256065,
      "chg_1h": 0.30444486839111223,
      "chg_24h": 6.9169838157313395
    },
    "XPT": {
      "name": "Platina",
      "usd_oz": 2083,
      "usd_g": 66.97000510245209,
      "brl_oz": 10725.1587,
      "brl_g": 344.8218592720156,
      "chg_1h": 0.2888781896966779,
      "chg_24h": 6.547314578005114
    },
    "XPD": {
      "name": "Paládio",
      "usd_oz": 1626,
      "usd_g": 52.277113920589095,
      "brl_oz": 8372.1114,
      "brl_g": 269.1696318657212,
      "chg_1h": 1.5615240474703311,
      "chg_24h": 8.617234468937877
    },
    "XCU": {
      "name": "Cobre",
      "usd_oz": 5.659623,
      "usd_g": 0.181961104746978,
      "brl_oz": 29.140832864700002,
      "brl_g": 0.9368995322317151,
      "chg_1h": 1.0937970001364665,
      "chg_24h": 2.575895813645969
    }
  }
}
