{
  "timestamp": 1771543767,
  "usdToBrl": 5.2343,
  "metals": {
    "XAU": {
      "name": "Ouro",
      "usd_oz": 5003.200195,
      "usd_g": 160.8566215015551,
      "brl_oz": 26188.250780688504,
      "brl_g": 841.9718139255899,
      "chg_1h": 0.1200672329678399,
      "chg_24h": 0.5001785946075761
    },
    "XAG": {
      "name": "Prata",
      "usd_oz": 78.633003,
      "usd_g": 2.528109751383164,
      "brl_oz": 411.5887276029,
      "brl_g": 13.232884871664895,
      "chg_1h": -0.04829606966470047,
      "chg_24h": 1.2568152582977785
    },
    "XPT": {
      "name": "Platina",
      "usd_oz": 2084,
      "usd_g": 67.00215584902071,
      "brl_oz": 10908.281200000001,
      "brl_g": 350.7093843605291,
      "chg_1h": 0.04800768122899664,
      "chg_24h": -0.3347680535628886
    },
    "XPD": {
      "name": "Paládio",
      "usd_oz": 1712,
      "usd_g": 55.0420781254911,
      "brl_oz": 8961.1216,
      "brl_g": 288.1067495322581,
      "chg_1h": 0.234192037470726,
      "chg_24h": -1.3256484149855907
    },
    "XCU": {
      "name": "Cobre",
      "usd_oz": 5.717532,
      "usd_g": 0.18382292233002068,
      "brl_oz": 29.9272777476,
      "brl_g": 0.9621843223520272,
      "chg_1h": 0,
      "chg_24h": -1.614392524972678
    }
  }
}
