{
  "timestamp": 1777847761,
  "usdToBrl": 4.9814,
  "metals": {
    "XAU": {
      "name": "Ouro",
      "usd_oz": 4622.299805,
      "usd_g": 148.61038959477352,
      "brl_oz": 23025.524248626996,
      "brl_g": 740.2877947274048,
      "chg_1h": 0.14949740318297428,
      "chg_24h": 0.14949740318297428
    },
    "XAG": {
      "name": "Prata",
      "usd_oz": 75.899002,
      "usd_g": 2.4402095781137882,
      "brl_oz": 378.08328856279996,
      "brl_g": 12.155659992416025,
      "chg_1h": 0.5657753868984546,
      "chg_24h": 0.5657753868984546
    },
    "XPT": {
      "name": "Platina",
      "usd_oz": 2010,
      "usd_g": 64.62300060294224,
      "brl_oz": 10012.614,
      "brl_g": 321.91301520349646,
      "chg_1h": 0.7518796992481203,
      "chg_24h": 0.7518796992481203
    },
    "XPD": {
      "name": "Paládio",
      "usd_oz": 1553,
      "usd_g": 49.93010942107926,
      "brl_oz": 7736.1142,
      "brl_g": 248.72184707016422,
      "chg_1h": 0.1935483870967742,
      "chg_24h": 0.1935483870967742
    },
    "XCU": {
      "name": "Cobre",
      "usd_oz": 5.875257,
      "usd_g": 0.18889389883255753,
      "brl_oz": 29.2670052198,
      "brl_g": 0.940956067644502,
      "chg_1h": 0,
      "chg_24h": -0.03986320947325034
    }
  }
}
