{
  "timestamp": 1781717843,
  "usdToBrl": 5.084,
  "metals": {
    "XAU": {
      "name": "Ouro",
      "usd_oz": 4372,
      "usd_g": 140.56306399804154,
      "brl_oz": 22227.248,
      "brl_g": 714.6226173660432,
      "chg_1h": 0,
      "chg_24h": 0.7442865531866458
    },
    "XAG": {
      "name": "Prata",
      "usd_oz": 71.123001,
      "usd_g": 2.2866575803512745,
      "brl_oz": 361.58933708399996,
      "brl_g": 11.62536713850588,
      "chg_1h": 0,
      "chg_24h": 0.9939991619499053
    },
    "XPT": {
      "name": "Platina",
      "usd_oz": 1807,
      "usd_g": 58.096399049510765,
      "brl_oz": 9186.787999999999,
      "brl_g": 295.3620927677127,
      "chg_1h": 0,
      "chg_24h": -0.9320175438596491
    },
    "XPD": {
      "name": "Paládio",
      "usd_oz": 1383,
      "usd_g": 44.4644825044125,
      "brl_oz": 7031.172,
      "brl_g": 226.05742905243315,
      "chg_1h": 0,
      "chg_24h": -0.2883922134102379
    },
    "XCU": {
      "name": "Cobre",
      "usd_oz": 6.235761,
      "usd_g": 0.2004843715735342,
      "brl_oz": 31.702608924,
      "brl_g": 1.0192625450798478,
      "chg_1h": 0,
      "chg_24h": 0.9426912974546737
    }
  }
}
