{
  "timestamp": 1776189463,
  "usdToBrl": 4.9815,
  "metals": {
    "XAU": {
      "name": "Ouro",
      "usd_oz": 4835.700195,
      "usd_g": 155.47137145130992,
      "brl_oz": 24089.0405213925,
      "brl_g": 774.4806368847003,
      "chg_1h": 0.36529122770417916,
      "chg_24h": 2.195790064706694
    },
    "XAG": {
      "name": "Prata",
      "usd_oz": 79.444,
      "usd_g": 2.5541839103980815,
      "brl_oz": 395.75028599999996,
      "brl_g": 12.723667149648042,
      "chg_1h": -0.07924333307791638,
      "chg_24h": 5.689996940146608
    },
    "XPT": {
      "name": "Platina",
      "usd_oz": 2107,
      "usd_g": 67.74162302009915,
      "brl_oz": 10496.020499999999,
      "brl_g": 337.4548950746239,
      "chg_1h": 0.42897998093422307,
      "chg_24h": 1.6891891891891893
    },
    "XPD": {
      "name": "Paládio",
      "usd_oz": 1605,
      "usd_g": 51.60194824264791,
      "brl_oz": 7995.307499999999,
      "brl_g": 257.05510517075055,
      "chg_1h": 0.12476606363069245,
      "chg_24h": 0.8799497171590195
    },
    "XCU": {
      "name": "Cobre",
      "usd_oz": 5.943648,
      "usd_g": 0.19109272054113255,
      "brl_oz": 29.608282511999995,
      "brl_g": 0.9519283873756517,
      "chg_1h": -0.002540462757920959,
      "chg_24h": 1.9793469297834612
    }
  }
}
