{
  "timestamp": 1778219477,
  "usdToBrl": 4.9167,
  "metals": {
    "XAU": {
      "name": "Ouro",
      "usd_oz": 4729.100098,
      "usd_g": 152.04409874847175,
      "brl_oz": 23251.5664518366,
      "brl_g": 747.555220316611,
      "chg_1h": 0.18218616671962481,
      "chg_24h": 0.6191510212765934
    },
    "XAG": {
      "name": "Prata",
      "usd_oz": 80.352997,
      "usd_g": 2.5834088425767243,
      "brl_oz": 395.0715803499,
      "brl_g": 12.70184625629698,
      "chg_1h": 0.42116327261002934,
      "chg_24h": 3.2217817043897345
    },
    "XPT": {
      "name": "Platina",
      "usd_oz": 2064,
      "usd_g": 66.35914091764815,
      "brl_oz": 10148.0688,
      "brl_g": 326.2679881498006,
      "chg_1h": 0.38910505836575876,
      "chg_24h": -0.048426150121065374
    },
    "XPD": {
      "name": "Paládio",
      "usd_oz": 1532,
      "usd_g": 49.254943743138064,
      "brl_oz": 7532.384399999999,
      "brl_g": 242.1717819018869,
      "chg_1h": 0.1962066710268149,
      "chg_24h": -2.1086261980830674
    },
    "XCU": {
      "name": "Cobre",
      "usd_oz": 6.07655,
      "usd_g": 0.19536561906159636,
      "brl_oz": 29.876573384999997,
      "brl_g": 0.9605541392401508,
      "chg_1h": 1.2266203247521172,
      "chg_24h": 1.04464318971526
    }
  }
}
