{
  "timestamp": 1773070664,
  "usdToBrl": 5.2302,
  "metals": {
    "XAU": {
      "name": "Ouro",
      "usd_oz": 5098.399902,
      "usd_g": 163.91736315471974,
      "brl_oz": 26665.6511674404,
      "brl_g": 857.3205927718152,
      "chg_1h": 0.1591280928491492,
      "chg_24h": -1.4611538074990316
    },
    "XAG": {
      "name": "Prata",
      "usd_oz": 84.537003,
      "usd_g": 2.7179277591243434,
      "brl_oz": 442.14543309059997,
      "brl_g": 14.21530576577214,
      "chg_1h": 0.43602828646852504,
      "chg_24h": -0.06619814721789861
    },
    "XPT": {
      "name": "Platina",
      "usd_oz": 2160,
      "usd_g": 69.44561258823644,
      "brl_oz": 11297.232,
      "brl_g": 363.21444295899425,
      "chg_1h": -0.13869625520110956,
      "chg_24h": 0.23201856148491878
    },
    "XPD": {
      "name": "Paládio",
      "usd_oz": 1673,
      "usd_g": 53.78819900931461,
      "brl_oz": 8750.1246,
      "brl_g": 281.32303845851726,
      "chg_1h": -0.29797377830750893,
      "chg_24h": 1.3325257419745609
    },
    "XCU": {
      "name": "Cobre",
      "usd_oz": 5.823824,
      "usd_g": 0.18724028948429328,
      "brl_oz": 30.459764284800002,
      "brl_g": 0.9793041620607507,
      "chg_1h": 0.4223591345896818,
      "chg_24h": 0.47894571212463805
    }
  }
}
