{
  "timestamp": 1774039941,
  "usdToBrl": 5.2552,
  "metals": {
    "XAU": {
      "name": "Ouro",
      "usd_oz": 4503.799805,
      "usd_g": 144.8005261263911,
      "brl_oz": 23668.368735236,
      "brl_g": 760.9557248994106,
      "chg_1h": -0.26353366003299733,
      "chg_24h": -3.3602287420183807
    },
    "XAG": {
      "name": "Prata",
      "usd_oz": 68.207001,
      "usd_g": 2.1929060033571552,
      "brl_oz": 358.44143165520006,
      "brl_g": 11.524159628842522,
      "chg_1h": -0.22089732815770965,
      "chg_24h": -6.524779176494366
    },
    "XPT": {
      "name": "Platina",
      "usd_oz": 1938,
      "usd_g": 62.30814685000103,
      "brl_oz": 10184.5776,
      "brl_g": 327.4417733261254,
      "chg_1h": -0.20597322348094746,
      "chg_24h": -2.367758186397985
    },
    "XPD": {
      "name": "Paládio",
      "usd_oz": 1433,
      "usd_g": 46.0720198328439,
      "brl_oz": 7530.7016,
      "brl_g": 242.11767862556127,
      "chg_1h": -0.4861111111111111,
      "chg_24h": -3.175675675675676
    },
    "XCU": {
      "name": "Cobre",
      "usd_oz": 5.402739,
      "usd_g": 0.1737020923654426,
      "brl_oz": 28.392473992800003,
      "brl_g": 0.9128392357988739,
      "chg_1h": -3.048302868548637,
      "chg_24h": -1.030319927664189
    }
  }
}
