{
  "timestamp": 1773182940,
  "usdToBrl": 5.1779,
  "metals": {
    "XAU": {
      "name": "Ouro",
      "usd_oz": 5192.600098,
      "usd_g": 166.94596978303082,
      "brl_oz": 26886.7640474342,
      "brl_g": 864.4295369395553,
      "chg_1h": 0.005783429525988975,
      "chg_24h": 1.2202748148148126
    },
    "XAG": {
      "name": "Prata",
      "usd_oz": 88.431999,
      "usd_g": 2.843154788406163,
      "brl_oz": 457.89204762210005,
      "brl_g": 14.721571178888272,
      "chg_1h": -0.013569038035364672,
      "chg_24h": 1.3872635344293993
    },
    "XPT": {
      "name": "Platina",
      "usd_oz": 2195,
      "usd_g": 70.57088871813842,
      "brl_oz": 11365.4905,
      "brl_g": 365.4090046936489,
      "chg_1h": -0.22727272727272727,
      "chg_24h": 0.5957836846929423
    },
    "XPD": {
      "name": "Paládio",
      "usd_oz": 1679,
      "usd_g": 53.98110348872638,
      "brl_oz": 8693.6941,
      "brl_g": 279.50875575427636,
      "chg_1h": -0.23767082590612004,
      "chg_24h": -1.8128654970760234
    },
    "XCU": {
      "name": "Cobre",
      "usd_oz": 5.886419,
      "usd_g": 0.18925276546575656,
      "brl_oz": 30.479288940100002,
      "brl_g": 0.9799318943051409,
      "chg_1h": 0,
      "chg_24h": 0.7257176923782517
    }
  }
}
