{
  "timestamp": 1784670540,
  "usdToBrl": 5.0794,
  "metals": {
    "XAU": {
      "name": "Ouro",
      "usd_oz": 4078.699951,
      "usd_g": 131.13324845407638,
      "brl_oz": 20717.348531109397,
      "brl_g": 666.0782221976356,
      "chg_1h": -0.039215204293420555,
      "chg_24h": 1.738586954352708
    },
    "XAG": {
      "name": "Prata",
      "usd_oz": 58.911999,
      "usd_g": 1.8940647497002652,
      "brl_oz": 299.2376077206,
      "brl_g": 9.620712489627527,
      "chg_1h": -0.011880717796984122,
      "chg_24h": 4.200788938231405
    },
    "XPT": {
      "name": "Platina",
      "usd_oz": 1633,
      "usd_g": 52.50216914656949,
      "brl_oz": 8294.6602,
      "brl_g": 266.67951796308506,
      "chg_1h": 0,
      "chg_24h": 1.9350811485642945
    },
    "XPD": {
      "name": "Paládio",
      "usd_oz": 1301,
      "usd_g": 41.828121285785,
      "brl_oz": 6608.2994,
      "brl_g": 212.46175925901633,
      "chg_1h": -0.23006134969325154,
      "chg_24h": 1.8794048551292093
    },
    "XCU": {
      "name": "Cobre",
      "usd_oz": 6.278399,
      "usd_g": 0.20185521510572735,
      "brl_oz": 31.8904998806,
      "brl_g": 1.0253033796080315,
      "chg_1h": 0,
      "chg_24h": 2.4872890700612422
    }
  }
}
