{
  "timestamp": 1773961313,
  "usdToBrl": 5.2987,
  "metals": {
    "XAU": {
      "name": "Ouro",
      "usd_oz": 4648,
      "usd_g": 149.43667005098285,
      "brl_oz": 24628.3576,
      "brl_g": 791.8200835991429,
      "chg_1h": -0.058059967032563116,
      "chg_24h": -3.794006010769594
    },
    "XAG": {
      "name": "Prata",
      "usd_oz": 72.654999,
      "usd_g": 2.3359124597929197,
      "brl_oz": 384.97704320130003,
      "brl_g": 12.377299350704744,
      "chg_1h": -0.38663094926474606,
      "chg_24h": -4.085809900990094
    },
    "XPT": {
      "name": "Platina",
      "usd_oz": 1976,
      "usd_g": 63.52987521960889,
      "brl_oz": 10470.2312,
      "brl_g": 336.62574982614166,
      "chg_1h": -0.30272452068617556,
      "chg_24h": -2.899262899262899
    },
    "XPD": {
      "name": "Paládio",
      "usd_oz": 1462,
      "usd_g": 47.00439148333411,
      "brl_oz": 7746.6994,
      "brl_g": 249.06216915274246,
      "chg_1h": -0.8141112618724559,
      "chg_24h": -3.689064558629776
    },
    "XCU": {
      "name": "Cobre",
      "usd_oz": 5.458984,
      "usd_g": 0.17551041110619506,
      "brl_oz": 28.9255185208,
      "brl_g": 0.9299770153283958,
      "chg_1h": 0,
      "chg_24h": -3.1132695986332517
    }
  }
}
