{
  "timestamp": 1777651948,
  "usdToBrl": 4.9814,
  "metals": {
    "XAU": {
      "name": "Ouro",
      "usd_oz": 4640.5,
      "usd_g": 149.19553945171813,
      "brl_oz": 23116.1867,
      "brl_g": 743.2026602247887,
      "chg_1h": 0.2787600857207889,
      "chg_24h": 0.569975377932202
    },
    "XAG": {
      "name": "Prata",
      "usd_oz": 76.096001,
      "usd_g": 2.4465432430370613,
      "brl_oz": 379.0646193814,
      "brl_g": 12.187210510864817,
      "chg_1h": 0.76538443193369,
      "chg_24h": 3.8881607158125706
    },
    "XPT": {
      "name": "Platina",
      "usd_oz": 2009,
      "usd_g": 64.59084985637361,
      "brl_oz": 10007.632599999999,
      "brl_g": 321.7528594745395,
      "chg_1h": 0.5002501250625313,
      "chg_24h": 2.187182095625636
    },
    "XPD": {
      "name": "Paládio",
      "usd_oz": 1563,
      "usd_g": 50.25161688676553,
      "brl_oz": 7785.928199999999,
      "brl_g": 250.32340435973381,
      "chg_1h": 0.06402048655569782,
      "chg_24h": 3.647214854111406
    },
    "XCU": {
      "name": "Cobre",
      "usd_oz": 5.857465,
      "usd_g": 0.18832187274960852,
      "brl_oz": 29.178376151000002,
      "brl_g": 0.9381065769148998,
      "chg_1h": -0.24848196270606673,
      "chg_24h": -0.09155983122834672
    }
  }
}
