{
  "timestamp": 1772463614,
  "usdToBrl": 5.2067,
  "metals": {
    "XAU": {
      "name": "Ouro",
      "usd_oz": 5334.299805,
      "usd_g": 171.50172115163664,
      "brl_oz": 27774.098794693495,
      "brl_g": 892.9580115202265,
      "chg_1h": -0.9194249747925017,
      "chg_24h": 1.0245749782598783
    },
    "XAG": {
      "name": "Prata",
      "usd_oz": 90.042999,
      "usd_g": 2.8949496411282225,
      "brl_oz": 468.82688289329997,
      "brl_g": 15.073134296462316,
      "chg_1h": -3.5777048452292326,
      "chg_24h": -4.121858251998021
    },
    "XPT": {
      "name": "Platina",
      "usd_oz": 2290,
      "usd_g": 73.62520964215808,
      "brl_oz": 11923.342999999999,
      "brl_g": 383.34437904382446,
      "chg_1h": -1.8010291595197256,
      "chg_24h": -3.4162800506115567
    },
    "XPD": {
      "name": "Paládio",
      "usd_oz": 1788,
      "usd_g": 57.48553486470683,
      "brl_oz": 9309.5796,
      "brl_g": 299.309934380069,
      "chg_1h": -0.7218212104386451,
      "chg_24h": -1.2700165654334623
    },
    "XCU": {
      "name": "Cobre",
      "usd_oz": 6.021287,
      "usd_g": 0.19358887235397426,
      "brl_oz": 31.3510350229,
      "brl_g": 1.0079591816854376,
      "chg_1h": -0.4499625775171167,
      "chg_24h": -1.0915873542562609
    }
  }
}
