{
  "timestamp": 1776656838,
  "usdToBrl": 4.9764,
  "metals": {
    "XAU": {
      "name": "Ouro",
      "usd_oz": 4793.5,
      "usd_g": 154.11460367671822,
      "brl_oz": 23854.3734,
      "brl_g": 766.9359137368206,
      "chg_1h": 0,
      "chg_24h": -0.7844496992333654
    },
    "XAG": {
      "name": "Prata",
      "usd_oz": 80.221001,
      "usd_g": 2.579165072632652,
      "brl_oz": 399.2117893764,
      "brl_g": 12.83495706744913,
      "chg_1h": 0,
      "chg_24h": -0.9017739571728091
    },
    "XPT": {
      "name": "Platina",
      "usd_oz": 2103,
      "usd_g": 67.61302003382464,
      "brl_oz": 10465.3692,
      "brl_g": 336.4694328963249,
      "chg_1h": 0,
      "chg_24h": -0.33175355450236965
    },
    "XPD": {
      "name": "Paládio",
      "usd_oz": 1579,
      "usd_g": 50.76602883186358,
      "brl_oz": 7857.7356,
      "brl_g": 252.63206587888592,
      "chg_1h": 0,
      "chg_24h": -0.18963337547408343
    },
    "XCU": {
      "name": "Cobre",
      "usd_oz": 5.979255,
      "usd_g": 0.1922375121742017,
      "brl_oz": 29.755164582,
      "brl_g": 0.9566507555836974,
      "chg_1h": 0,
      "chg_24h": -0.43179352509539315
    }
  }
}
