{
  "timestamp": 1776641024,
  "usdToBrl": 4.9764,
  "metals": {
    "XAU": {
      "name": "Ouro",
      "usd_oz": 4771.700195,
      "usd_g": 153.41372367091773,
      "brl_oz": 23745.888850398,
      "brl_g": 763.448054475955,
      "chg_1h": -1.2356606410346316,
      "chg_24h": -1.2356606410346316
    },
    "XAG": {
      "name": "Prata",
      "usd_oz": 79.448997,
      "usd_g": 2.554344567678685,
      "brl_oz": 395.3699886708,
      "brl_g": 12.711440306596208,
      "chg_1h": -1.8554422727547388,
      "chg_24h": -1.8554422727547388
    },
    "XPT": {
      "name": "Platina",
      "usd_oz": 2093,
      "usd_g": 67.29151256813836,
      "brl_oz": 10415.6052,
      "brl_g": 334.86948314408374,
      "chg_1h": -0.8056872037914692,
      "chg_24h": -0.8056872037914692
    },
    "XPD": {
      "name": "Paládio",
      "usd_oz": 1569,
      "usd_g": 50.444521366177305,
      "brl_oz": 7807.9716,
      "brl_g": 251.03211612664475,
      "chg_1h": -0.8217446270543615,
      "chg_24h": -0.8217446270543615
    },
    "XCU": {
      "name": "Cobre",
      "usd_oz": 5.998003,
      "usd_g": 0.19284027437087034,
      "brl_oz": 29.848462129199998,
      "brl_g": 0.9596503413791991,
      "chg_1h": 0,
      "chg_24h": -0.11959664856287099
    }
  }
}
