{
  "timestamp": 1779993790,
  "usdToBrl": 5.0726,
  "metals": {
    "XAU": {
      "name": "Ouro",
      "usd_oz": 4503.899902,
      "usd_g": 144.80374431967041,
      "brl_oz": 22846.482642885203,
      "brl_g": 734.5314734359603,
      "chg_1h": 0,
      "chg_24h": 1.16121703282931
    },
    "XAG": {
      "name": "Prata",
      "usd_oz": 75.82,
      "usd_g": 2.4376696048333732,
      "brl_oz": 384.604532,
      "brl_g": 12.36532283747777,
      "chg_1h": 0,
      "chg_24h": 1.4572225131248298
    },
    "XPT": {
      "name": "Platina",
      "usd_oz": 1929,
      "usd_g": 62.018790130883374,
      "brl_oz": 9785.0454,
      "brl_g": 314.59651481791906,
      "chg_1h": 0,
      "chg_24h": -0.10357327809425168
    },
    "XPD": {
      "name": "Paládio",
      "usd_oz": 1391,
      "usd_g": 44.721688476961525,
      "brl_oz": 7055.9866,
      "brl_g": 226.85523696823506,
      "chg_1h": 0,
      "chg_24h": -1.4872521246458925
    },
    "XCU": {
      "name": "Cobre",
      "usd_oz": 6.096461,
      "usd_g": 0.1960057725765243,
      "brl_oz": 30.9249080686,
      "brl_g": 0.9942588819716772,
      "chg_1h": 0,
      "chg_24h": -1.0497252454742154
    }
  }
}
