{
  "timestamp": 1771966404,
  "usdToBrl": 5.1769,
  "metals": {
    "XAU": {
      "name": "Ouro",
      "usd_oz": 5167,
      "usd_g": 166.12290752010077,
      "brl_oz": 26749.042299999997,
      "brl_g": 860.0016799408096,
      "chg_1h": 0.25223127667830814,
      "chg_24h": -1.314026654233386
    },
    "XAG": {
      "name": "Prata",
      "usd_oz": 87.511002,
      "usd_g": 2.813544047268697,
      "brl_oz": 453.0357062538,
      "brl_g": 14.565436178305315,
      "chg_1h": 0.4591865550848924,
      "chg_24h": -1.488183445341251
    },
    "XPT": {
      "name": "Platina",
      "usd_oz": 2182,
      "usd_g": 70.15292901274626,
      "brl_oz": 11295.995799999999,
      "brl_g": 363.1746982060861,
      "chg_1h": 0.41417395306028537,
      "chg_24h": 0.5529953917050692
    },
    "XPD": {
      "name": "Paládio",
      "usd_oz": 1805,
      "usd_g": 58.03209755637351,
      "brl_oz": 9344.3045,
      "brl_g": 300.42636583959,
      "chg_1h": 0.05543237250554324,
      "chg_24h": 2.208380520951302
    },
    "XCU": {
      "name": "Cobre",
      "usd_oz": 5.862064,
      "usd_g": 0.18846973403307762,
      "brl_oz": 30.3473191216,
      "brl_g": 0.9756889661158396,
      "chg_1h": 0,
      "chg_24h": 1.2403797215419095
    }
  }
}
