{
  "timestamp": 1773077525,
  "usdToBrl": 5.2302,
  "metals": {
    "XAU": {
      "name": "Ouro",
      "usd_oz": 5098.100098,
      "usd_g": 163.90772423229546,
      "brl_oz": 26664.0831325596,
      "brl_g": 857.2701792797517,
      "chg_1h": -0.15667534608523453,
      "chg_24h": -1.4669482412060322
    },
    "XAG": {
      "name": "Prata",
      "usd_oz": 84.116997,
      "usd_g": 2.70442425266104,
      "brl_oz": 439.9487177094,
      "brl_g": 14.144679726267771,
      "chg_1h": -0.7363614095784067,
      "chg_24h": -0.5627002101190364
    },
    "XPT": {
      "name": "Platina",
      "usd_oz": 2171,
      "usd_g": 69.79927080049134,
      "brl_oz": 11354.7642,
      "brl_g": 365.0641461407298,
      "chg_1h": -0.1839080459770115,
      "chg_24h": 0.7424593967517401
    },
    "XPD": {
      "name": "Paládio",
      "usd_oz": 1690,
      "usd_g": 54.33476170098129,
      "brl_oz": 8839.038,
      "brl_g": 284.18167064847233,
      "chg_1h": 0.2372479240806643,
      "chg_24h": 2.3622047244094486
    },
    "XCU": {
      "name": "Cobre",
      "usd_oz": 5.829796,
      "usd_g": 0.18743229374280113,
      "brl_oz": 30.4909990392,
      "brl_g": 0.9803083827335984,
      "chg_1h": -0.13986047525839893,
      "chg_24h": 0.5819811513468389
    }
  }
}
