{
  "timestamp": 1771990997,
  "usdToBrl": 5.1769,
  "metals": {
    "XAU": {
      "name": "Ouro",
      "usd_oz": 5182.600098,
      "usd_g": 166.62446231734452,
      "brl_oz": 26829.8024473362,
      "brl_g": 862.5981789706608,
      "chg_1h": 0,
      "chg_24h": -0.10793910777377896
    },
    "XAG": {
      "name": "Prata",
      "usd_oz": 89.199997,
      "usd_g": 2.867846497469376,
      "brl_oz": 461.77946446929997,
      "brl_g": 14.846554532749213,
      "chg_1h": 0,
      "chg_24h": 1.834615737910202
    },
    "XPT": {
      "name": "Platina",
      "usd_oz": 2235,
      "usd_g": 71.85691858088354,
      "brl_oz": 11570.3715,
      "brl_g": 371.996081801376,
      "chg_1h": 0,
      "chg_24h": 4.488078541374474
    },
    "XPD": {
      "name": "Paládio",
      "usd_oz": 1822,
      "usd_g": 58.57866024804018,
      "brl_oz": 9432.3118,
      "brl_g": 303.2558662380792,
      "chg_1h": 0,
      "chg_24h": 3.3465683494044245
    },
    "XCU": {
      "name": "Cobre",
      "usd_oz": 5.901615,
      "usd_g": 0.1897413282106134,
      "brl_oz": 30.552070693499996,
      "brl_g": 0.9822718820135244,
      "chg_1h": 0,
      "chg_24h": 0.8630833610345985
    }
  }
}
