{
  "timestamp": 1772123919,
  "usdToBrl": 5.1258,
  "metals": {
    "XAU": {
      "name": "Ouro",
      "usd_oz": 5184.799805,
      "usd_g": 166.69518453962675,
      "brl_oz": 26576.246840468997,
      "brl_g": 854.4461769132188,
      "chg_1h": 0.3969560400066665,
      "chg_24h": -0.2232333388262861
    },
    "XAG": {
      "name": "Prata",
      "usd_oz": 87.314003,
      "usd_g": 2.8072103823454233,
      "brl_oz": 447.5541165774,
      "brl_g": 14.38919897782617,
      "chg_1h": 1.117562462999708,
      "chg_24h": -3.496976176428842
    },
    "XPT": {
      "name": "Platina",
      "usd_oz": 2257,
      "usd_g": 72.56423500539336,
      "brl_oz": 11568.9306,
      "brl_g": 371.94975579064527,
      "chg_1h": 0.9843400447427294,
      "chg_24h": -2.421098140942499
    },
    "XPD": {
      "name": "Paládio",
      "usd_oz": 1797,
      "usd_g": 57.774891583824484,
      "brl_oz": 9211.0626,
      "brl_g": 296.14253928036754,
      "chg_1h": 1.0118043844856661,
      "chg_24h": -1.2637362637362637
    },
    "XCU": {
      "name": "Cobre",
      "usd_oz": 5.975399,
      "usd_g": 0.1921135388954331,
      "brl_oz": 30.6287001942,
      "brl_g": 0.9847355776702109,
      "chg_1h": 0.4498845701965109,
      "chg_24h": 0.5713078698736248
    }
  }
}
