{
  "timestamp": 1776301927,
  "usdToBrl": 4.9981,
  "metals": {
    "XAU": {
      "name": "Ouro",
      "usd_oz": 4831.700195,
      "usd_g": 155.34276846503542,
      "brl_oz": 24149.320744629502,
      "brl_g": 776.4186910650935,
      "chg_1h": 0.20116538780589693,
      "chg_24h": -0.1591045823019848
    },
    "XAG": {
      "name": "Prata",
      "usd_oz": 80.415001,
      "usd_g": 2.585402317466966,
      "brl_oz": 401.9222164981,
      "brl_g": 12.922099322931642,
      "chg_1h": 0.9896165997666267,
      "chg_24h": 0.9629845961109671
    },
    "XPT": {
      "name": "Platina",
      "usd_oz": 2149,
      "usd_g": 69.09195437598153,
      "brl_oz": 10740.9169,
      "brl_g": 345.3284971665933,
      "chg_1h": 0.797373358348968,
      "chg_24h": 1.896633475580844
    },
    "XPD": {
      "name": "Paládio",
      "usd_oz": 1612,
      "usd_g": 51.827003468628305,
      "brl_oz": 8056.9372,
      "brl_g": 259.03654603655116,
      "chg_1h": 1.0658307210031348,
      "chg_24h": 0.561447286338116
    },
    "XCU": {
      "name": "Cobre",
      "usd_oz": 5.949544,
      "usd_g": 0.1912822813429012,
      "brl_oz": 29.7364158664,
      "brl_g": 0.9560479703799545,
      "chg_1h": 0.02950676293325424,
      "chg_24h": 0.18202532728356258
    }
  }
}
