{
  "timestamp": 1776879722,
  "usdToBrl": 4.9717,
  "metals": {
    "XAU": {
      "name": "Ouro",
      "usd_oz": 4736.899902,
      "usd_g": 152.29486827016072,
      "brl_oz": 23550.445242773403,
      "brl_g": 757.1643965787581,
      "chg_1h": 0.10354822485207336,
      "chg_24h": 0.3134157195496245
    },
    "XAG": {
      "name": "Prata",
      "usd_oz": 77.936996,
      "usd_g": 2.5057326067161725,
      "brl_oz": 387.4793630132,
      "brl_g": 12.457750800810794,
      "chg_1h": 0.012824822902839048,
      "chg_24h": 1.1446317565375208
    },
    "XPT": {
      "name": "Platina",
      "usd_oz": 2089,
      "usd_g": 67.16290958186386,
      "brl_oz": 10385.881300000001,
      "brl_g": 333.91383756815253,
      "chg_1h": 0.3844305622296973,
      "chg_24h": 2.3016650342801177
    },
    "XPD": {
      "name": "Paládio",
      "usd_oz": 1581,
      "usd_g": 50.83033032500084,
      "brl_oz": 7860.2577,
      "brl_g": 252.71315327680668,
      "chg_1h": 0.5085823267641449,
      "chg_24h": 0.8934269304403318
    },
    "XCU": {
      "name": "Cobre",
      "usd_oz": 6.049032,
      "usd_g": 0.19448089481752087,
      "brl_oz": 30.073972394400002,
      "brl_g": 0.9669006647642686,
      "chg_1h": 0.17902621003335434,
      "chg_24h": 1.831338298110891
    }
  }
}
