{
  "timestamp": 1782946651,
  "usdToBrl": 5.1874,
  "metals": {
    "XAU": {
      "name": "Ouro",
      "usd_oz": 4044.399902,
      "usd_g": 130.03047627138585,
      "brl_oz": 20979.920051634803,
      "brl_g": 674.520092610187,
      "chg_1h": 0.3000732299919223,
      "chg_24h": 0.6470237068007971
    },
    "XAG": {
      "name": "Prata",
      "usd_oz": 59.487,
      "usd_g": 1.9125514611279728,
      "brl_oz": 308.58286380000004,
      "brl_g": 9.921169449455247,
      "chg_1h": 0.4457727572058202,
      "chg_24h": 0.8869801762604247
    },
    "XPT": {
      "name": "Platina",
      "usd_oz": 1587,
      "usd_g": 51.02323480441261,
      "brl_oz": 8232.4038,
      "brl_g": 264.67792822441,
      "chg_1h": 0.1893939393939394,
      "chg_24h": 1.9267822736030826
    },
    "XPD": {
      "name": "Paládio",
      "usd_oz": 1241,
      "usd_g": 39.89907649166732,
      "brl_oz": 6437.5634,
      "brl_g": 206.97246939287507,
      "chg_1h": 0.32336297493936944,
      "chg_24h": 0.40453074433656955
    },
    "XCU": {
      "name": "Cobre",
      "usd_oz": 6.033232,
      "usd_g": 0.19397291302173653,
      "brl_oz": 31.2967876768,
      "brl_g": 1.006215089008956,
      "chg_1h": 0,
      "chg_24h": -0.29409878784232535
    }
  }
}
