{
  "timestamp": 1773116304,
  "usdToBrl": 5.2302,
  "metals": {
    "XAU": {
      "name": "Ouro",
      "usd_oz": 5165.299805,
      "usd_g": 166.06824498153853,
      "brl_oz": 27015.551040110997,
      "brl_g": 868.5701349024428,
      "chg_1h": 0,
      "chg_24h": 1.4993084102967116
    },
    "XAG": {
      "name": "Prata",
      "usd_oz": 88.474998,
      "usd_g": 2.8445372383578675,
      "brl_oz": 462.7419345396,
      "brl_g": 14.877498664059319,
      "chg_1h": 0,
      "chg_24h": 6.758448889175741
    },
    "XPT": {
      "name": "Platina",
      "usd_oz": 2186,
      "usd_g": 70.28153199902077,
      "brl_oz": 11433.2172,
      "brl_g": 367.58646866127845,
      "chg_1h": 0,
      "chg_24h": 3.5037878787878785
    },
    "XPD": {
      "name": "Paládio",
      "usd_oz": 1698,
      "usd_g": 54.59196767353031,
      "brl_oz": 8880.8796,
      "brl_g": 285.52690932609823,
      "chg_1h": 0,
      "chg_24h": 4.1079092581238505
    },
    "XCU": {
      "name": "Cobre",
      "usd_oz": 5.833425,
      "usd_g": 0.18754896880209868,
      "brl_oz": 30.509979435,
      "brl_g": 0.9809186166287365,
      "chg_1h": 0,
      "chg_24h": 0.6876745033816721
    }
  }
}
