{
  "timestamp": 1781056398,
  "usdToBrl": 5.163,
  "metals": {
    "XAU": {
      "name": "Ouro",
      "usd_oz": 4188,
      "usd_g": 134.64732662941398,
      "brl_oz": 21622.644,
      "brl_g": 695.1841473876644,
      "chg_1h": 0,
      "chg_24h": -3.4177433775056674
    },
    "XAG": {
      "name": "Prata",
      "usd_oz": 64.711998,
      "usd_g": 2.0805390476475605,
      "brl_oz": 334.108045674,
      "brl_g": 10.741823103004355,
      "chg_1h": 0,
      "chg_24h": -4.547533138064274
    },
    "XPT": {
      "name": "Platina",
      "usd_oz": 1683,
      "usd_g": 54.10970647500089,
      "brl_oz": 8689.329,
      "brl_g": 279.3684145304296,
      "chg_1h": 0,
      "chg_24h": -4.645892351274788
    },
    "XPD": {
      "name": "Paládio",
      "usd_oz": 1240,
      "usd_g": 39.8669257450987,
      "brl_oz": 6402.12,
      "brl_g": 205.83293762194458,
      "chg_1h": 0,
      "chg_24h": -0.4815409309791332
    },
    "XCU": {
      "name": "Cobre",
      "usd_oz": 6.220793,
      "usd_g": 0.20000313919889495,
      "brl_oz": 32.117954259,
      "brl_g": 1.0326162076838947,
      "chg_1h": 0,
      "chg_24h": -0.15409940366533573
    }
  }
}
