{
  "timestamp": 1771439457,
  "usdToBrl": 5.2229,
  "metals": {
    "XAU": {
      "name": "Ouro",
      "usd_oz": 4989.200195,
      "usd_g": 160.40651104959431,
      "brl_oz": 26058.0936984655,
      "brl_g": 837.7871665609262,
      "chg_1h": -0.12610959863876792,
      "chg_24h": 2.174896477575268
    },
    "XAG": {
      "name": "Prata",
      "usd_oz": 77.726997,
      "usd_g": 2.4989809820875073,
      "brl_oz": 405.9603326313,
      "brl_g": 13.051927771344841,
      "chg_1h": -0.4572037805440371,
      "chg_24h": 5.562874559473919
    },
    "XPT": {
      "name": "Platina",
      "usd_oz": 2093,
      "usd_g": 67.29151256813836,
      "brl_oz": 10931.529700000001,
      "brl_g": 351.45684099212986,
      "chg_1h": -0.19074868860276584,
      "chg_24h": 3.6138613861386135
    },
    "XPD": {
      "name": "Paládio",
      "usd_oz": 1746,
      "usd_g": 56.13520350882445,
      "brl_oz": 9119.1834,
      "brl_g": 293.18855440623923,
      "chg_1h": 0,
      "chg_24h": 2.8874484384207424
    },
    "XCU": {
      "name": "Cobre",
      "usd_oz": 5.786553,
      "usd_g": 0.18604199900893395,
      "brl_oz": 30.222587663699997,
      "brl_g": 0.9716787566237611,
      "chg_1h": -0.14221385609220868,
      "chg_24h": 1.2942402240093709
    }
  }
}
