{
  "timestamp": 1770694496,
  "usdToBrl": 5.1931,
  "metals": {
    "XAU": {
      "name": "Ouro",
      "usd_oz": 5025.5,
      "usd_g": 161.57357688063993,
      "brl_oz": 26097.92405,
      "brl_g": 839.0677420988512,
      "chg_1h": -0.38060130945007226,
      "chg_24h": 0.009950248756218905
    },
    "XAG": {
      "name": "Prata",
      "usd_oz": 81.407997,
      "usd_g": 2.6173278802066267,
      "brl_oz": 422.7598692207,
      "brl_g": 13.592045414701033,
      "chg_1h": -1.2877458313599413,
      "chg_24h": 0.1155938664094486
    },
    "XPT": {
      "name": "Platina",
      "usd_oz": 2096,
      "usd_g": 67.38796480784426,
      "brl_oz": 10884.7376,
      "brl_g": 349.95244004361604,
      "chg_1h": -1.2252591894439209,
      "chg_24h": 0.43124101581217056
    },
    "XPD": {
      "name": "Paládio",
      "usd_oz": 1738,
      "usd_g": 55.87799753627543,
      "brl_oz": 9025.6078,
      "brl_g": 290.1800290056319,
      "chg_1h": -0.6857142857142857,
      "chg_24h": 0.6952491309385863
    },
    "XCU": {
      "name": "Cobre",
      "usd_oz": 5.855273,
      "usd_g": 0.1882513983131301,
      "brl_oz": 30.407018216300003,
      "brl_g": 0.977608336579916,
      "chg_1h": -0.3217304498404087,
      "chg_24h": -0.17914068049931867
    }
  }
}
