{
  "timestamp": 1782737262,
  "usdToBrl": 5.1759,
  "metals": {
    "XAU": {
      "name": "Ouro",
      "usd_oz": 4046.399902,
      "usd_g": 130.09477776452312,
      "brl_oz": 20943.761252761804,
      "brl_g": 673.3575602313953,
      "chg_1h": 0,
      "chg_24h": -1.0805308497794834
    },
    "XAG": {
      "name": "Prata",
      "usd_oz": 58.561001,
      "usd_g": 1.8827799019561697,
      "brl_oz": 303.1058850759,
      "brl_g": 9.745080494534939,
      "chg_1h": 0,
      "chg_24h": -1.2428732840905332
    },
    "XPT": {
      "name": "Platina",
      "usd_oz": 1593,
      "usd_g": 51.216139283824376,
      "brl_oz": 8245.208700000001,
      "brl_g": 265.0896153191466,
      "chg_1h": 0,
      "chg_24h": -1.9692307692307693
    },
    "XPD": {
      "name": "Paládio",
      "usd_oz": 1228,
      "usd_g": 39.48111678627516,
      "brl_oz": 6356.0052000000005,
      "brl_g": 204.3503123740816,
      "chg_1h": 0,
      "chg_24h": 0
    },
    "XCU": {
      "name": "Cobre",
      "usd_oz": 6.030057,
      "usd_g": 0.19387083440138114,
      "brl_oz": 31.210972026300002,
      "brl_g": 1.0034560517781088,
      "chg_1h": 0,
      "chg_24h": -0.1119795415365395
    }
  }
}
