{
  "timestamp": 1777625502,
  "usdToBrl": 4.9814,
  "metals": {
    "XAU": {
      "name": "Ouro",
      "usd_oz": 4572.399902,
      "usd_g": 147.0060704596214,
      "brl_oz": 22776.9528718228,
      "brl_g": 732.296039387558,
      "chg_1h": 0,
      "chg_24h": -0.9767211261505119
    },
    "XAG": {
      "name": "Prata",
      "usd_oz": 73.280998,
      "usd_g": 2.356038794994134,
      "brl_oz": 365.04196343719997,
      "brl_g": 11.73637165338378,
      "chg_1h": 0,
      "chg_24h": -0.23144410458369652
    },
    "XPT": {
      "name": "Platina",
      "usd_oz": 1975,
      "usd_g": 63.497724473040265,
      "brl_oz": 9838.265,
      "brl_g": 316.3075646900028,
      "chg_1h": 0,
      "chg_24h": 1.751674394641937
    },
    "XPD": {
      "name": "Paládio",
      "usd_oz": 1539,
      "usd_g": 49.47999896911846,
      "brl_oz": 7666.3746,
      "brl_g": 246.4796668647667,
      "chg_1h": 0,
      "chg_24h": 2.66844563042028
    },
    "XCU": {
      "name": "Cobre",
      "usd_oz": 5.892241,
      "usd_g": 0.18943994711227913,
      "brl_oz": 29.3516093174,
      "brl_g": 0.9436761525451072,
      "chg_1h": 0,
      "chg_24h": 0.18768269008908725
    }
  }
}
