{
  "timestamp": 1776761950,
  "usdToBrl": 4.9831,
  "metals": {
    "XAU": {
      "name": "Ouro",
      "usd_oz": 4788,
      "usd_g": 153.93777457059076,
      "brl_oz": 23859.0828,
      "brl_g": 767.0873244627109,
      "chg_1h": 0.27645546492185025,
      "chg_24h": -0.04175365344467641
    },
    "XAG": {
      "name": "Prata",
      "usd_oz": 78.998001,
      "usd_g": 2.53984470957922,
      "brl_oz": 393.6549387831,
      "brl_g": 12.656300172304212,
      "chg_1h": 0.2983647143963497,
      "chg_24h": -0.5451259583789645
    },
    "XPT": {
      "name": "Platina",
      "usd_oz": 2088,
      "usd_g": 67.13075883529523,
      "brl_oz": 10404.712800000001,
      "brl_g": 334.5192843521597,
      "chg_1h": 0.3363767419509851,
      "chg_24h": 0.19193857965451055
    },
    "XPD": {
      "name": "Paládio",
      "usd_oz": 1576,
      "usd_g": 50.669576592157696,
      "brl_oz": 7853.3656,
      "brl_g": 252.49156711638102,
      "chg_1h": 0.3821656050955414,
      "chg_24h": 1.1553273427471118
    },
    "XCU": {
      "name": "Cobre",
      "usd_oz": 5.968142,
      "usd_g": 0.19188022092758455,
      "brl_oz": 29.739848400200003,
      "brl_g": 0.9561583289042467,
      "chg_1h": 0.2845472717471815,
      "chg_24h": 0.5925176319251
    }
  }
}
