{
  "timestamp": 1778685644,
  "usdToBrl": 4.9039,
  "metals": {
    "XAU": {
      "name": "Ouro",
      "usd_oz": 4687.100098,
      "usd_g": 150.69376739258936,
      "brl_oz": 22985.0701705822,
      "brl_g": 738.987165916519,
      "chg_1h": 0,
      "chg_24h": 0.44575560656673746
    },
    "XAG": {
      "name": "Prata",
      "usd_oz": 88.448997,
      "usd_g": 2.8437012867963367,
      "brl_oz": 433.74503638830004,
      "brl_g": 13.945226740320557,
      "chg_1h": 0,
      "chg_24h": 5.161215219450828
    },
    "XPT": {
      "name": "Platina",
      "usd_oz": 2176,
      "usd_g": 69.96002453333449,
      "brl_oz": 10670.8864,
      "brl_g": 343.076964309019,
      "chg_1h": 0,
      "chg_24h": 3.9159503342884436
    },
    "XPD": {
      "name": "Paládio",
      "usd_oz": 1531,
      "usd_g": 49.22279299656944,
      "brl_oz": 7507.8709,
      "brl_g": 241.38365457587688,
      "chg_1h": 0,
      "chg_24h": 3.445945945945946
    },
    "XCU": {
      "name": "Cobre",
      "usd_oz": 6.318995,
      "usd_g": 0.20316040681342737,
      "brl_oz": 30.987719580500002,
      "brl_g": 0.9962783189723665,
      "chg_1h": 0,
      "chg_24h": 0.7922381461359488
    }
  }
}
