{
  "timestamp": 1774309828,
  "usdToBrl": 5.2552,
  "metals": {
    "XAU": {
      "name": "Ouro",
      "usd_oz": 4440,
      "usd_g": 142.74931476470823,
      "brl_oz": 23333.088,
      "brl_g": 750.1761989514947,
      "chg_1h": 0.7145287512759442,
      "chg_24h": -0.5465438252758055
    },
    "XAG": {
      "name": "Prata",
      "usd_oz": 69.903,
      "usd_g": 2.247433637386802,
      "brl_oz": 367.35424560000007,
      "brl_g": 11.810713251195123,
      "chg_1h": 0.7088170156538611,
      "chg_24h": 2.662658402858485
    },
    "XPT": {
      "name": "Platina",
      "usd_oz": 1895,
      "usd_g": 60.92566474755002,
      "brl_oz": 9958.604000000001,
      "brl_g": 320.1765533813249,
      "chg_1h": 0.5305039787798408,
      "chg_24h": -1.1476264997391759
    },
    "XPD": {
      "name": "Paládio",
      "usd_oz": 1461,
      "usd_g": 46.97224073676548,
      "brl_oz": 7677.8472,
      "brl_g": 246.84851951984996,
      "chg_1h": 0.6891798759476223,
      "chg_24h": 1.882845188284519
    },
    "XCU": {
      "name": "Cobre",
      "usd_oz": 5.485744,
      "usd_g": 0.17637076508437155,
      "brl_oz": 28.828681868800004,
      "brl_g": 0.9268636446713894,
      "chg_1h": 0,
      "chg_24h": 1.5363503585866352
    }
  }
}
