{
  "timestamp": 1780412571,
  "usdToBrl": 5.0056,
  "metals": {
    "XAU": {
      "name": "Ouro",
      "usd_oz": 4505.299805,
      "usd_g": 144.84875224624406,
      "brl_oz": 22551.728703908,
      "brl_g": 725.0549142437993,
      "chg_1h": 0,
      "chg_24h": -0.07098136852612508
    },
    "XAG": {
      "name": "Prata",
      "usd_oz": 75.884003,
      "usd_g": 2.439727349066006,
      "brl_oz": 379.84496541680005,
      "brl_g": 12.2122992184848,
      "chg_1h": 0,
      "chg_24h": -0.034252402357920736
    },
    "XPT": {
      "name": "Platina",
      "usd_oz": 1950,
      "usd_g": 62.69395580882456,
      "brl_oz": 9760.92,
      "brl_g": 313.8208651966522,
      "chg_1h": 0,
      "chg_24h": -0.3067484662576687
    },
    "XPD": {
      "name": "Paládio",
      "usd_oz": 1391,
      "usd_g": 44.721688476961525,
      "brl_oz": 6962.7896,
      "brl_g": 223.85888384027862,
      "chg_1h": 0,
      "chg_24h": 0.5784526391901663
    },
    "XCU": {
      "name": "Cobre",
      "usd_oz": 6.330108,
      "usd_g": 0.20351769806004452,
      "brl_oz": 31.685988604800002,
      "brl_g": 1.018728189409359,
      "chg_1h": 0,
      "chg_24h": 0.9828832944936109
    }
  }
}
