{
  "timestamp": 1773388990,
  "usdToBrl": 5.1621,
  "metals": {
    "XAU": {
      "name": "Ouro",
      "usd_oz": 5079.299805,
      "usd_g": 163.3032807766365,
      "brl_oz": 26219.853523390495,
      "brl_g": 842.9878656970753,
      "chg_1h": -0.07476329261144206,
      "chg_24h": -1.900465192925306
    },
    "XAG": {
      "name": "Prata",
      "usd_oz": 82.204002,
      "usd_g": 2.642920035228988,
      "brl_oz": 424.3452787242,
      "brl_g": 13.643017513855558,
      "chg_1h": -0.3201241616111856,
      "chg_24h": -5.507214017798234
    },
    "XPT": {
      "name": "Platina",
      "usd_oz": 2082,
      "usd_g": 66.93785435588346,
      "brl_oz": 10747.492199999999,
      "brl_g": 345.539897970506,
      "chg_1h": -0.8571428571428572,
      "chg_24h": -5.277525022747953
    },
    "XPD": {
      "name": "Paládio",
      "usd_oz": 1618,
      "usd_g": 52.01990794804007,
      "brl_oz": 8352.2778,
      "brl_g": 268.53196681857764,
      "chg_1h": -0.797057020232986,
      "chg_24h": -3.6904761904761907
    },
    "XCU": {
      "name": "Cobre",
      "usd_oz": 5.810518,
      "usd_g": 0.18681249165045113,
      "brl_oz": 29.9944749678,
      "brl_g": 0.9643447631487937,
      "chg_1h": -0.17792857603023512,
      "chg_24h": -0.4649124700350751
    }
  }
}
