{
  "timestamp": 1773928228,
  "usdToBrl": 5.2243,
  "metals": {
    "XAU": {
      "name": "Ouro",
      "usd_oz": 4560.200195,
      "usd_g": 146.61384077165292,
      "brl_oz": 23823.853878738504,
      "brl_g": 765.9546883433464,
      "chg_1h": -0.9986539458257306,
      "chg_24h": -6.382539811235871
    },
    "XAG": {
      "name": "Prata",
      "usd_oz": 67.926003,
      "usd_g": 2.1838717078728638,
      "brl_oz": 354.8658174729,
      "brl_g": 11.409200963440203,
      "chg_1h": -0.9218413740459387,
      "chg_24h": -12.038016368392428
    },
    "XPT": {
      "name": "Platina",
      "usd_oz": 1913,
      "usd_g": 61.50437818578533,
      "brl_oz": 9994.0859,
      "brl_g": 321.3173229559983,
      "chg_1h": 0.5254860746190226,
      "chg_24h": -7.584541062801932
    },
    "XPD": {
      "name": "Paládio",
      "usd_oz": 1448,
      "usd_g": 46.554281031373314,
      "brl_oz": 7564.786400000001,
      "brl_g": 243.21353039220364,
      "chg_1h": 0.20761245674740486,
      "chg_24h": -8.121827411167512
    },
    "XCU": {
      "name": "Cobre",
      "usd_oz": 5.429123,
      "usd_g": 0.17455035766290924,
      "brl_oz": 28.3633672889,
      "brl_g": 0.9119034335383368,
      "chg_1h": -1.729638639704025,
      "chg_24h": -3.2286221468998684
    }
  }
}
