{
  "timestamp": 1771581115,
  "usdToBrl": 5.2343,
  "metals": {
    "XAU": {
      "name": "Ouro",
      "usd_oz": 5034.100098,
      "usd_g": 161.85007645190328,
      "brl_oz": 26349.9901429614,
      "brl_g": 847.1718551721973,
      "chg_1h": 0.05366689296405241,
      "chg_24h": 0.7565657481597072
    },
    "XAG": {
      "name": "Prata",
      "usd_oz": 80.625999,
      "usd_g": 2.5921860606914526,
      "brl_oz": 422.02066656569997,
      "brl_g": 13.56827949747727,
      "chg_1h": 0.8619325649915587,
      "chg_24h": 2.419936199744198
    },
    "XPT": {
      "name": "Platina",
      "usd_oz": 2123,
      "usd_g": 68.2560349651972,
      "brl_oz": 11112.4189,
      "brl_g": 357.2725638183317,
      "chg_1h": 0.473260766682442,
      "chg_24h": 1.7737296260786195
    },
    "XPD": {
      "name": "Paládio",
      "usd_oz": 1743,
      "usd_g": 56.03875126911857,
      "brl_oz": 9123.384900000001,
      "brl_g": 293.32363576794734,
      "chg_1h": 0.6932409012131715,
      "chg_24h": 0.9849362688296639
    },
    "XCU": {
      "name": "Cobre",
      "usd_oz": 5.725318,
      "usd_g": 0.184073248042804,
      "brl_oz": 29.968032007399998,
      "brl_g": 0.963494602230449,
      "chg_1h": -0.1924218092461504,
      "chg_24h": -0.22004397393909783
    }
  }
}
