{
  "timestamp": 1772076677,
  "usdToBrl": 5.1287,
  "metals": {
    "XAU": {
      "name": "Ouro",
      "usd_oz": 5189.5,
      "usd_g": 166.8462993178949,
      "brl_oz": 26615.38865,
      "brl_g": 855.7046153116877,
      "chg_1h": 0,
      "chg_24h": 0.1331359138179083
    },
    "XAG": {
      "name": "Prata",
      "usd_oz": 89.084999,
      "usd_g": 2.864149225915477,
      "brl_oz": 456.8902343713,
      "brl_g": 14.689362134952706,
      "chg_1h": 0,
      "chg_24h": -0.1289215289996029
    },
    "XPT": {
      "name": "Platina",
      "usd_oz": 2295,
      "usd_g": 73.78596337500122,
      "brl_oz": 11770.3665,
      "brl_g": 378.4260703613688,
      "chg_1h": 0,
      "chg_24h": 2.684563758389262
    },
    "XPD": {
      "name": "Paládio",
      "usd_oz": 1795,
      "usd_g": 57.71059009068723,
      "brl_oz": 9206.0165,
      "brl_g": 295.9803033981076,
      "chg_1h": 0,
      "chg_24h": -1.481888035126235
    },
    "XCU": {
      "name": "Cobre",
      "usd_oz": 5.9345,
      "usd_g": 0.19079860551152275,
      "brl_oz": 30.436270150000002,
      "brl_g": 0.9785488080869468,
      "chg_1h": 0,
      "chg_24h": 0.5572203540895209
    }
  }
}
