{
  "timestamp": 1783431450,
  "usdToBrl": 5.18,
  "metals": {
    "XAU": {
      "name": "Ouro",
      "usd_oz": 4180.399902,
      "usd_g": 134.40297780471926,
      "brl_oz": 21654.47149236,
      "brl_g": 696.2074250284458,
      "chg_1h": 0,
      "chg_24h": 0.7228219137520594
    },
    "XAG": {
      "name": "Prata",
      "usd_oz": 61.68,
      "usd_g": 1.9830580483529738,
      "brl_oz": 319.50239999999997,
      "brl_g": 10.272240690468404,
      "chg_1h": 0,
      "chg_24h": -0.5546208098355723
    },
    "XPT": {
      "name": "Platina",
      "usd_oz": 1662,
      "usd_g": 53.434540797059704,
      "brl_oz": 8609.16,
      "brl_g": 276.79092132876923,
      "chg_1h": 0,
      "chg_24h": 1.651376146788991
    },
    "XPD": {
      "name": "Paládio",
      "usd_oz": 1306,
      "usd_g": 41.98887501862814,
      "brl_oz": 6765.08,
      "brl_g": 217.50237259649376,
      "chg_1h": 0,
      "chg_24h": 0.6163328197226503
    },
    "XCU": {
      "name": "Cobre",
      "usd_oz": 6.047445,
      "usd_g": 0.19442987158271643,
      "brl_oz": 31.325765099999998,
      "brl_g": 1.007146734798471,
      "chg_1h": 0,
      "chg_24h": 0.3009304063605299
    }
  }
}
