{
  "timestamp": 1773403181,
  "usdToBrl": 5.1621,
  "metals": {
    "XAU": {
      "name": "Ouro",
      "usd_oz": 5103.899902,
      "usd_g": 164.0941922608472,
      "brl_oz": 26346.8416841142,
      "brl_g": 847.0706298697193,
      "chg_1h": 0.14519576179731405,
      "chg_24h": -1.4691138610038588
    },
    "XAG": {
      "name": "Prata",
      "usd_oz": 83.861,
      "usd_g": 2.6961937579917112,
      "brl_oz": 432.8988681,
      "brl_g": 13.918021798129011,
      "chg_1h": 0.5515509340229747,
      "chg_24h": -3.73418517653155
    },
    "XPT": {
      "name": "Platina",
      "usd_oz": 2088,
      "usd_g": 67.13075883529523,
      "brl_oz": 10778.4648,
      "brl_g": 346.53569018367745,
      "chg_1h": 0.3363767419509851,
      "chg_24h": -5.134029986369832
    },
    "XPD": {
      "name": "Paládio",
      "usd_oz": 1626,
      "usd_g": 52.277113920589095,
      "brl_oz": 8393.5746,
      "brl_g": 269.85968976947294,
      "chg_1h": -0.30656039239730226,
      "chg_24h": -4.127358490566038
    },
    "XCU": {
      "name": "Cobre",
      "usd_oz": 5.816415,
      "usd_g": 0.18700208460296633,
      "brl_oz": 30.0249158715,
      "brl_g": 0.9653234609289725,
      "chg_1h": -0.23469588332819527,
      "chg_24h": -0.49919631804865505
    }
  }
}
