{
  "timestamp": 1778039994,
  "usdToBrl": 4.9525,
  "metals": {
    "XAU": {
      "name": "Ouro",
      "usd_oz": 4645,
      "usd_g": 149.34021781127697,
      "brl_oz": 23004.3625,
      "brl_g": 739.6074287103492,
      "chg_1h": 0,
      "chg_24h": 2.497908113132115
    },
    "XAG": {
      "name": "Prata",
      "usd_oz": 75.675003,
      "usd_g": 2.4330078430331623,
      "brl_oz": 374.7804523575,
      "brl_g": 12.049471342621736,
      "chg_1h": 0,
      "chg_24h": 3.806585629448958
    },
    "XPT": {
      "name": "Platina",
      "usd_oz": 2008,
      "usd_g": 64.55869910980499,
      "brl_oz": 9944.619999999999,
      "brl_g": 319.7269573413092,
      "chg_1h": 0,
      "chg_24h": 1.9289340101522845
    },
    "XPD": {
      "name": "Paládio",
      "usd_oz": 1546,
      "usd_g": 49.70505419509886,
      "brl_oz": 7656.565,
      "brl_g": 246.1642809012271,
      "chg_1h": 0,
      "chg_24h": 2.384105960264901
    },
    "XCU": {
      "name": "Cobre",
      "usd_oz": 5.970485,
      "usd_g": 0.19195555012679483,
      "brl_oz": 29.568826962499998,
      "brl_g": 0.9506598620029513,
      "chg_1h": 0,
      "chg_24h": 2.1523129802116117
    }
  }
}
