{
  "timestamp": 1773676431,
  "usdToBrl": 5.2703,
  "metals": {
    "XAU": {
      "name": "Ouro",
      "usd_oz": 4989.899902,
      "usd_g": 160.42900715202362,
      "brl_oz": 26298.2694535106,
      "brl_g": 845.50899639331,
      "chg_1h": -0.21796319438945308,
      "chg_24h": -0.5936667896955993
    },
    "XAG": {
      "name": "Prata",
      "usd_oz": 80.584,
      "usd_g": 2.5908357614863173,
      "brl_oz": 424.7018552,
      "brl_g": 13.654481713761337,
      "chg_1h": 0.07078371229525769,
      "chg_24h": -0.13755499101554
    },
    "XPT": {
      "name": "Platina",
      "usd_oz": 2103,
      "usd_g": 67.61302003382464,
      "brl_oz": 11083.4409,
      "brl_g": 356.340899484266,
      "chg_1h": -0.708215297450425,
      "chg_24h": 3.2400589101620034
    },
    "XPD": {
      "name": "Paládio",
      "usd_oz": 1621,
      "usd_g": 52.116360187745954,
      "brl_oz": 8543.156299999999,
      "brl_g": 274.6688530974775,
      "chg_1h": -0.36877688998156116,
      "chg_24h": 2.8553299492385786
    },
    "XCU": {
      "name": "Cobre",
      "usd_oz": 5.845218,
      "usd_g": 0.1879281225563825,
      "brl_oz": 30.806052425399997,
      "brl_g": 0.9904375843089026,
      "chg_1h": 0.37386798126058607,
      "chg_24h": -0.4626737879036589
    }
  }
}
