{
  "timestamp": 1784791112,
  "usdToBrl": 5.0797,
  "metals": {
    "XAU": {
      "name": "Ouro",
      "usd_oz": 4111.399902,
      "usd_g": 132.18457629148392,
      "brl_oz": 20884.6780821894,
      "brl_g": 671.4579921878509,
      "chg_1h": 0,
      "chg_24h": -0.15784745027053843
    },
    "XAG": {
      "name": "Prata",
      "usd_oz": 59.244999,
      "usd_g": 1.9047709483076183,
      "brl_oz": 300.9468214203,
      "brl_g": 9.675664986118209,
      "chg_1h": 0,
      "chg_24h": -0.36326332155973545
    },
    "XPT": {
      "name": "Platina",
      "usd_oz": 1640,
      "usd_g": 52.72722437254989,
      "brl_oz": 8330.708,
      "brl_g": 267.8384816452417,
      "chg_1h": 0,
      "chg_24h": -1.4423076923076923
    },
    "XPD": {
      "name": "Paládio",
      "usd_oz": 1307,
      "usd_g": 42.02102576519677,
      "brl_oz": 6639.1678999999995,
      "brl_g": 213.45420457947003,
      "chg_1h": 0,
      "chg_24h": -1.5813253012048192
    },
    "XCU": {
      "name": "Cobre",
      "usd_oz": 6.259046,
      "usd_g": 0.20123300170738467,
      "brl_oz": 31.794075966199998,
      "brl_g": 1.022203278773002,
      "chg_1h": 0,
      "chg_24h": -0.30824737325551654
    }
  }
}
