{
  "timestamp": 1773841575,
  "usdToBrl": 5.2089,
  "metals": {
    "XAU": {
      "name": "Ouro",
      "usd_oz": 4871.100098,
      "usd_g": 156.60950476121693,
      "brl_oz": 25373.0733004722,
      "brl_g": 815.7632493507028,
      "chg_1h": -1.2828267926631503,
      "chg_24h": -2.8674511318291955
    },
    "XAG": {
      "name": "Prata",
      "usd_oz": 77.222,
      "usd_g": 2.48274495152259,
      "brl_oz": 402.24167579999994,
      "brl_g": 12.932370177986018,
      "chg_1h": -1.9515267352990904,
      "chg_24h": -4.7041947097833585
    },
    "XPT": {
      "name": "Platina",
      "usd_oz": 2070,
      "usd_g": 66.55204539705993,
      "brl_oz": 10782.422999999999,
      "brl_g": 346.6629492687454,
      "chg_1h": -1.098901098901099,
      "chg_24h": -4.077849860982391
    },
    "XPD": {
      "name": "Paládio",
      "usd_oz": 1576,
      "usd_g": 50.669576592157696,
      "brl_oz": 8209.2264,
      "brl_g": 263.9327575108902,
      "chg_1h": -2.050963331261653,
      "chg_24h": -4.7734138972809665
    },
    "XCU": {
      "name": "Cobre",
      "usd_oz": 5.610257,
      "usd_g": 0.18037395099187112,
      "brl_oz": 29.223267687299998,
      "brl_g": 0.9395498733215575,
      "chg_1h": -1.9268138338041634,
      "chg_24h": -2.755717779860474
    }
  }
}
