{
  "timestamp": 1773042042,
  "usdToBrl": 5.2765,
  "metals": {
    "XAU": {
      "name": "Ouro",
      "usd_oz": 5105.399902,
      "usd_g": 164.14241838070012,
      "brl_oz": 26938.642582903,
      "brl_g": 866.0974705857643,
      "chg_1h": -0.24814278261112233,
      "chg_24h": -1.3258619636644742
    },
    "XAG": {
      "name": "Prata",
      "usd_oz": 83.82,
      "usd_g": 2.694875577382397,
      "brl_oz": 442.27623,
      "brl_g": 14.21951098405822,
      "chg_1h": -0.7166159058353964,
      "chg_24h": -0.9137895354511776
    },
    "XPT": {
      "name": "Platina",
      "usd_oz": 2121,
      "usd_g": 68.19173347205995,
      "brl_oz": 11191.4565,
      "brl_g": 359.81368166532434,
      "chg_1h": -0.6557377049180327,
      "chg_24h": -1.5777262180974478
    },
    "XPD": {
      "name": "Paládio",
      "usd_oz": 1623,
      "usd_g": 52.18066168088321,
      "brl_oz": 8563.7595,
      "brl_g": 275.3312613591803,
      "chg_1h": -0.7946210268948656,
      "chg_24h": -1.6959418534221684
    },
    "XCU": {
      "name": "Cobre",
      "usd_oz": 5.79177,
      "usd_g": 0.18620972945378247,
      "brl_oz": 30.560274405,
      "brl_g": 0.9825356374628833,
      "chg_1h": -0.23179114818269914,
      "chg_24h": -0.07408475820834079
    }
  }
}
