{
  "timestamp": 1784127561,
  "usdToBrl": 5.081,
  "metals": {
    "XAU": {
      "name": "Ouro",
      "usd_oz": 4060.800049,
      "usd_g": 130.5577532412711,
      "brl_oz": 20632.925048969002,
      "brl_g": 663.3639442188985,
      "chg_1h": -0.16717594739324212,
      "chg_24h": -0.5485869481976811
    },
    "XAG": {
      "name": "Prata",
      "usd_oz": 58.216,
      "usd_g": 1.8716878622392465,
      "brl_oz": 295.795496,
      "brl_g": 9.510046028037612,
      "chg_1h": -0.8667484330948777,
      "chg_24h": -1.9354871747498565
    },
    "XPT": {
      "name": "Platina",
      "usd_oz": 1651,
      "usd_g": 53.0808825848048,
      "brl_oz": 8388.731,
      "brl_g": 269.7039644133932,
      "chg_1h": -0.06053268765133172,
      "chg_24h": -0.2416918429003021
    },
    "XPD": {
      "name": "Paládio",
      "usd_oz": 1326,
      "usd_g": 42.631889950000705,
      "brl_oz": 6737.406000000001,
      "brl_g": 216.6126328359536,
      "chg_1h": -0.8968609865470852,
      "chg_24h": -0.6741573033707865
    },
    "XCU": {
      "name": "Cobre",
      "usd_oz": 6.134081,
      "usd_g": 0.1972152836624361,
      "brl_oz": 31.167265561000004,
      "brl_g": 1.002050856288838,
      "chg_1h": -0.11694662807960256,
      "chg_24h": -0.7388819792153127
    }
  }
}
