{
  "timestamp": 1771005192,
  "usdToBrl": 5.2197,
  "metals": {
    "XAU": {
      "name": "Ouro",
      "usd_oz": 5021.299805,
      "usd_g": 161.4385374756561,
      "brl_oz": 26209.678592158496,
      "brl_g": 842.660734061682,
      "chg_1h": 0.16156566035558653,
      "chg_24h": 1.8808526793970728
    },
    "XAG": {
      "name": "Prata",
      "usd_oz": 77.664001,
      "usd_g": 2.49695561365667,
      "brl_oz": 405.38278601969995,
      "brl_g": 13.03335921660372,
      "chg_1h": -0.2671062701071894,
      "chg_24h": 3.1887768388605484
    },
    "XPT": {
      "name": "Platina",
      "usd_oz": 2086,
      "usd_g": 67.06645734215797,
      "brl_oz": 10888.294199999998,
      "brl_g": 350.06678738886194,
      "chg_1h": 0.09596928982725528,
      "chg_24h": 3.0632411067193677
    },
    "XPD": {
      "name": "Paládio",
      "usd_oz": 1697,
      "usd_g": 54.55981692696169,
      "brl_oz": 8857.830899999999,
      "brl_g": 284.7858764136619,
      "chg_1h": 0.23626698168930893,
      "chg_24h": 2.599758162031439
    },
    "XCU": {
      "name": "Cobre",
      "usd_oz": 5.897759,
      "usd_g": 0.18961735493184478,
      "brl_oz": 30.784532652299998,
      "brl_g": 0.9897457075377502,
      "chg_1h": 0.15533371870993662,
      "chg_24h": 0.5801587382796611
    }
  }
}
