{
  "timestamp": 1777899943,
  "usdToBrl": 4.9814,
  "metals": {
    "XAU": {
      "name": "Ouro",
      "usd_oz": 4563.799805,
      "usd_g": 146.7295709205088,
      "brl_oz": 22734.112348626997,
      "brl_g": 730.9186845834224,
      "chg_1h": -0.04162318853265611,
      "chg_24h": -1.1179983987441802
    },
    "XAG": {
      "name": "Prata",
      "usd_oz": 73.714996,
      "usd_g": 2.3699921547034255,
      "brl_oz": 367.2038810744,
      "brl_g": 11.805878919439643,
      "chg_1h": 0.22024254319685005,
      "chg_24h": -2.328020987916042
    },
    "XPT": {
      "name": "Platina",
      "usd_oz": 1974,
      "usd_g": 63.46557372647163,
      "brl_oz": 9833.283599999999,
      "brl_g": 316.14740896104576,
      "chg_1h": 1.1788826242952333,
      "chg_24h": -1.0526315789473684
    },
    "XPD": {
      "name": "Paládio",
      "usd_oz": 1504,
      "usd_g": 48.354722839216485,
      "brl_oz": 7492.0256,
      "brl_g": 240.874216351273,
      "chg_1h": 0.46760187040748163,
      "chg_24h": -2.967741935483871
    },
    "XCU": {
      "name": "Cobre",
      "usd_oz": 5.875257,
      "usd_g": 0.18889389883255753,
      "brl_oz": 29.2670052198,
      "brl_g": 0.940956067644502,
      "chg_1h": 0,
      "chg_24h": -0.03986320947325034
    }
  }
}
