{
  "timestamp": 1780962863,
  "usdToBrl": 5.1432,
  "metals": {
    "XAU": {
      "name": "Ouro",
      "usd_oz": 4315.899902,
      "usd_g": 138.75940396476835,
      "brl_oz": 22197.536375966403,
      "brl_g": 713.6673664715967,
      "chg_1h": -0.28648438321382735,
      "chg_24h": -0.6079705268070393
    },
    "XAG": {
      "name": "Prata",
      "usd_oz": 68.017998,
      "usd_g": 2.186829415803445,
      "brl_oz": 349.83016731360004,
      "brl_g": 11.247301051360278,
      "chg_1h": -0.33409136552790086,
      "chg_24h": -0.37642474181105834
    },
    "XPT": {
      "name": "Platina",
      "usd_oz": 1758,
      "usd_g": 56.52101246764799,
      "brl_oz": 9041.7456,
      "brl_g": 290.6988713236072,
      "chg_1h": -0.3401360544217687,
      "chg_24h": -2.0066889632107023
    },
    "XPD": {
      "name": "Paládio",
      "usd_oz": 1238,
      "usd_g": 39.80262425196144,
      "brl_oz": 6367.2816,
      "brl_g": 204.7128570526881,
      "chg_1h": -0.322061191626409,
      "chg_24h": -1.5898251192368837
    },
    "XCU": {
      "name": "Cobre",
      "usd_oz": 6.211798,
      "usd_g": 0.19971394323351016,
      "brl_oz": 31.9485194736,
      "brl_g": 1.0271687528385895,
      "chg_1h": 0,
      "chg_24h": -1.7461348848627236
    }
  }
}
