{
  "timestamp": 1771011048,
  "usdToBrl": 5.2197,
  "metals": {
    "XAU": {
      "name": "Ouro",
      "usd_oz": 5044.100098,
      "usd_g": 162.17158391758957,
      "brl_oz": 26328.6892815306,
      "brl_g": 846.4870165746422,
      "chg_1h": 0.26038755714569445,
      "chg_24h": 2.055641841173493
    },
    "XAG": {
      "name": "Prata",
      "usd_oz": 78.193001,
      "usd_g": 2.5139633585914742,
      "brl_oz": 408.14400731969994,
      "brl_g": 13.122134542839918,
      "chg_1h": 0.26029363406317224,
      "chg_24h": 2.253171148775059
    },
    "XPT": {
      "name": "Platina",
      "usd_oz": 2092,
      "usd_g": 67.25936182156974,
      "brl_oz": 10919.6124,
      "brl_g": 351.07369090004755,
      "chg_1h": 0.09569377990430622,
      "chg_24h": 2.4987751102400786
    },
    "XPD": {
      "name": "Paládio",
      "usd_oz": 1726,
      "usd_g": 55.4921885774519,
      "brl_oz": 9009.2022,
      "brl_g": 289.65257671772565,
      "chg_1h": 1.1723329425556859,
      "chg_24h": 3.106332138590203
    },
    "XCU": {
      "name": "Cobre",
      "usd_oz": 5.85046,
      "usd_g": 0.18809665676989526,
      "brl_oz": 30.537646061999997,
      "brl_g": 0.9818081193418222,
      "chg_1h": -0.8655199940218926,
      "chg_24h": -2.7174775178644937
    }
  }
}
