{
  "timestamp": 1770888420,
  "usdToBrl": 5.1893,
  "metals": {
    "XAU": {
      "name": "Ouro",
      "usd_oz": 5075.899902,
      "usd_g": 163.1939713569256,
      "brl_oz": 26340.367361448603,
      "brl_g": 846.8624755624941,
      "chg_1h": 0.19343881507333419,
      "chg_24h": 0.4810318221670171
    },
    "XAG": {
      "name": "Prata",
      "usd_oz": 83.901001,
      "usd_g": 2.697479820005203,
      "brl_oz": 435.3874644893,
      "brl_g": 13.998032029953,
      "chg_1h": 0.14562360669885163,
      "chg_24h": 0.13008521099865397
    },
    "XPT": {
      "name": "Platina",
      "usd_oz": 2132,
      "usd_g": 68.54539168431485,
      "brl_oz": 11063.5876,
      "brl_g": 355.70260106741506,
      "chg_1h": 0.23507287259050302,
      "chg_24h": -1.2505789717461788
    },
    "XPD": {
      "name": "Paládio",
      "usd_oz": 1740,
      "usd_g": 55.94229902941269,
      "brl_oz": 9029.382,
      "brl_g": 290.30137235333126,
      "chg_1h": 0.34602076124567477,
      "chg_24h": -1.805869074492099
    },
    "XCU": {
      "name": "Cobre",
      "usd_oz": 6.031267,
      "usd_g": 0.19390973680472917,
      "brl_oz": 31.2980538431,
      "brl_g": 1.006255797200781,
      "chg_1h": 0.2563730043531597,
      "chg_24h": 1.748526095038793
    }
  }
}
