{
  "timestamp": 1770878710,
  "usdToBrl": 5.1893,
  "metals": {
    "XAU": {
      "name": "Ouro",
      "usd_oz": 5057.100098,
      "usd_g": 162.58954362298172,
      "brl_oz": 26242.8095385514,
      "brl_g": 843.725918722739,
      "chg_1h": -0.2839377304545028,
      "chg_24h": -0.0632315697350221
    },
    "XAG": {
      "name": "Prata",
      "usd_oz": 83.685997,
      "usd_g": 2.6905672808899617,
      "brl_oz": 434.27174423210005,
      "brl_g": 13.96216079072228,
      "chg_1h": -0.4259697352097668,
      "chg_24h": 1.4658632636685394
    },
    "XPT": {
      "name": "Platina",
      "usd_oz": 2119,
      "usd_g": 68.12743197892269,
      "brl_oz": 10996.1267,
      "brl_g": 353.5336827682235,
      "chg_1h": -0.7029053420805998,
      "chg_24h": -0.7958801498127341
    },
    "XPD": {
      "name": "Paládio",
      "usd_oz": 1727,
      "usd_g": 55.524339324020524,
      "brl_oz": 8961.9211,
      "brl_g": 288.1324540541397,
      "chg_1h": -1.088201603665521,
      "chg_24h": -1.763367463026166
    },
    "XCU": {
      "name": "Cobre",
      "usd_oz": 6.007226,
      "usd_g": 0.1931368007064728,
      "brl_oz": 31.173297881800003,
      "brl_g": 1.0022447999060993,
      "chg_1h": -0.09178835955956235,
      "chg_24h": 1.5865301362598307
    }
  }
}
