{
  "timestamp": 1771596604,
  "usdToBrl": 5.2343,
  "metals": {
    "XAU": {
      "name": "Ouro",
      "usd_oz": 5045.299805,
      "usd_g": 162.21015539330315,
      "brl_oz": 26408.612769311498,
      "brl_g": 849.0566163751668,
      "chg_1h": 0.31014989751291333,
      "chg_24h": 1.049488354032689
    },
    "XAG": {
      "name": "Prata",
      "usd_oz": 80.985001,
      "usd_g": 2.6037282430110835,
      "brl_oz": 423.8997907343,
      "brl_g": 13.628694742392915,
      "chg_1h": 0.4514940164102557,
      "chg_24h": 3.2247771786431207
    },
    "XPT": {
      "name": "Platina",
      "usd_oz": 2126,
      "usd_g": 68.35248720490308,
      "brl_oz": 11128.1218,
      "brl_g": 357.77742377662423,
      "chg_1h": -0.28142589118198874,
      "chg_24h": 2.804642166344294
    },
    "XPD": {
      "name": "Paládio",
      "usd_oz": 1743,
      "usd_g": 56.03875126911857,
      "brl_oz": 9123.384900000001,
      "brl_g": 293.32363576794734,
      "chg_1h": -0.22896393817973668,
      "chg_24h": 3.2582938388625595
    },
    "XCU": {
      "name": "Cobre",
      "usd_oz": 5.73681,
      "usd_g": 0.1844427244223707,
      "brl_oz": 30.028184583,
      "brl_g": 0.9654285524440149,
      "chg_1h": -0.13817838484821654,
      "chg_24h": 0.6138931044141017
    }
  }
}
