{
  "timestamp": 1783699076,
  "usdToBrl": 5.1185,
  "metals": {
    "XAU": {
      "name": "Ouro",
      "usd_oz": 4112,
      "usd_g": 132.20386989019826,
      "brl_oz": 21047.272,
      "brl_g": 676.6855080329798,
      "chg_1h": 0,
      "chg_24h": -0.5538199845883502
    },
    "XAG": {
      "name": "Prata",
      "usd_oz": 60.035999,
      "usd_g": 1.9302021888434029,
      "brl_oz": 307.2942608815,
      "brl_g": 9.879739903594958,
      "chg_1h": 0,
      "chg_24h": -0.986245357163406
    },
    "XPT": {
      "name": "Platina",
      "usd_oz": 1629,
      "usd_g": 52.373566160294985,
      "brl_oz": 8338.0365,
      "brl_g": 268.0740983914699,
      "chg_1h": 0,
      "chg_24h": -0.1226241569589209
    },
    "XPD": {
      "name": "Paládio",
      "usd_oz": 1303,
      "usd_g": 41.89242277892226,
      "brl_oz": 6669.4055,
      "brl_g": 214.42636599391358,
      "chg_1h": 0,
      "chg_24h": 2.196078431372549
    },
    "XCU": {
      "name": "Cobre",
      "usd_oz": 6.053266,
      "usd_g": 0.1946170210784924,
      "brl_oz": 30.983642020999998,
      "brl_g": 0.9961472223902634,
      "chg_1h": 0,
      "chg_24h": -0.28765902744135385
    }
  }
}
