{
  "timestamp": 1783597410,
  "usdToBrl": 5.1563,
  "metals": {
    "XAU": {
      "name": "Ouro",
      "usd_oz": 4109.100098,
      "usd_g": 132.1106358759224,
      "brl_oz": 21187.7528353174,
      "brl_g": 681.2020717670188,
      "chg_1h": 0,
      "chg_24h": 1.3916684600862974
    },
    "XAG": {
      "name": "Prata",
      "usd_oz": 59.113998,
      "usd_g": 1.9005591683563814,
      "brl_oz": 304.8095078874,
      "brl_g": 9.79985323979601,
      "chg_1h": 0,
      "chg_24h": 1.0133080432665222
    },
    "XPT": {
      "name": "Platina",
      "usd_oz": 1620,
      "usd_g": 52.08420944117733,
      "brl_oz": 8353.206,
      "brl_g": 268.56180914154265,
      "chg_1h": 0,
      "chg_24h": 2.9224904701397714
    },
    "XPD": {
      "name": "Paládio",
      "usd_oz": 1266,
      "usd_g": 40.702845155883026,
      "brl_oz": 6527.8758,
      "brl_g": 209.87608047727963,
      "chg_1h": 0,
      "chg_24h": 2.9268292682926833
    },
    "XCU": {
      "name": "Cobre",
      "usd_oz": 6.008889,
      "usd_g": 0.19319026739801642,
      "brl_oz": 30.983634350699997,
      "brl_g": 0.996146975784392,
      "chg_1h": 0,
      "chg_24h": 0.6062774520910013
    }
  }
}
