{
  "timestamp": 1782246827,
  "usdToBrl": 5.1725,
  "metals": {
    "XAU": {
      "name": "Ouro",
      "usd_oz": 4111.100098,
      "usd_g": 132.17493736905965,
      "brl_oz": 21264.665256905002,
      "brl_g": 683.674863541461,
      "chg_1h": 0,
      "chg_24h": -1.8760315378604426
    },
    "XAG": {
      "name": "Prata",
      "usd_oz": 61.703999,
      "usd_g": 1.9838296341198745,
      "brl_oz": 319.16393482750004,
      "brl_g": 10.26135878248505,
      "chg_1h": 0,
      "chg_24h": -5.430139150301484
    },
    "XPT": {
      "name": "Platina",
      "usd_oz": 1666,
      "usd_g": 53.56314378333422,
      "brl_oz": 8617.385,
      "brl_g": 277.0553612192963,
      "chg_1h": 0,
      "chg_24h": -0.8333333333333334
    },
    "XPD": {
      "name": "Paládio",
      "usd_oz": 1256,
      "usd_g": 40.381337690196744,
      "brl_oz": 6496.660000000001,
      "brl_g": 208.87246920254267,
      "chg_1h": 0,
      "chg_24h": -2.1806853582554515
    },
    "XCU": {
      "name": "Cobre",
      "usd_oz": 6.071698,
      "usd_g": 0.19520962363924535,
      "brl_oz": 31.405857905,
      "brl_g": 1.0097217782739967,
      "chg_1h": 0,
      "chg_24h": -1.413084459350848
    }
  }
}
