{
  "timestamp": 1772160492,
  "usdToBrl": 5.1258,
  "metals": {
    "XAU": {
      "name": "Ouro",
      "usd_oz": 5181.5,
      "usd_g": 166.58909334534587,
      "brl_oz": 26559.3327,
      "brl_g": 853.9023746695739,
      "chg_1h": 0,
      "chg_24h": -0.1541574332787359
    },
    "XAG": {
      "name": "Prata",
      "usd_oz": 89.75,
      "usd_g": 2.8855295045343614,
      "brl_oz": 460.04055,
      "brl_g": 14.79064713434223,
      "chg_1h": 0,
      "chg_24h": 0.746479213632818
    },
    "XPT": {
      "name": "Platina",
      "usd_oz": 2387,
      "usd_g": 76.743832059315,
      "brl_oz": 12235.284599999999,
      "brl_g": 393.3735343696368,
      "chg_1h": 0,
      "chg_24h": 4.008714596949891
    },
    "XPD": {
      "name": "Paládio",
      "usd_oz": 1841,
      "usd_g": 59.18952443284412,
      "brl_oz": 9436.5978,
      "brl_g": 303.3936643378724,
      "chg_1h": 0,
      "chg_24h": 2.562674094707521
    },
    "XCU": {
      "name": "Cobre",
      "usd_oz": 5.973812,
      "usd_g": 0.19206251566062865,
      "brl_oz": 30.6205655496,
      "brl_g": 0.9844740427732503,
      "chg_1h": 0,
      "chg_24h": 0.6624315443592518
    }
  }
}
