{
  "timestamp": 1772495862,
  "usdToBrl": 5.2067,
  "metals": {
    "XAU": {
      "name": "Ouro",
      "usd_oz": 5341.299805,
      "usd_g": 171.72677637761706,
      "brl_oz": 27810.545694693497,
      "brl_g": 894.1298065653386,
      "chg_1h": 0.34756144656468063,
      "chg_24h": -0.7765096735899529
    },
    "XAG": {
      "name": "Prata",
      "usd_oz": 90.019997,
      "usd_g": 2.8942101096556514,
      "brl_oz": 468.7071183799,
      "brl_g": 15.06928377794408,
      "chg_1h": 0.6338456854265789,
      "chg_24h": -6.278962021874973
    },
    "XPT": {
      "name": "Platina",
      "usd_oz": 2320,
      "usd_g": 74.58973203921691,
      "brl_oz": 12079.544,
      "brl_g": 388.3663578085907,
      "chg_1h": 0.21598272138228944,
      "chg_24h": -3.9337474120082816
    },
    "XPD": {
      "name": "Paládio",
      "usd_oz": 1809,
      "usd_g": 58.160700542648016,
      "brl_oz": 9418.9203,
      "brl_g": 302.8253195154054,
      "chg_1h": 0.388457269700333,
      "chg_24h": -0.8223684210526315
    },
    "XCU": {
      "name": "Cobre",
      "usd_oz": 6.067456,
      "usd_g": 0.19507324017230127,
      "brl_oz": 31.591423155199998,
      "brl_g": 1.015687839605121,
      "chg_1h": 0,
      "chg_24h": -0.3331942559964813
    }
  }
}
