{
  "timestamp": 1775140714,
  "usdToBrl": 5.1598,
  "metals": {
    "XAU": {
      "name": "Ouro",
      "usd_oz": 4688,
      "usd_g": 150.72269991372798,
      "brl_oz": 24189.142399999997,
      "brl_g": 777.6989870148536,
      "chg_1h": 2.20855518549975,
      "chg_24h": -1.0866125118683405
    },
    "XAG": {
      "name": "Prata",
      "usd_oz": 73.052002,
      "usd_g": 2.3486764026329046,
      "brl_oz": 376.9337199196,
      "brl_g": 12.118700502305261,
      "chg_1h": 4.294447836994576,
      "chg_24h": -2.4282101337701234
    },
    "XPT": {
      "name": "Platina",
      "usd_oz": 1983,
      "usd_g": 63.75493044558929,
      "brl_oz": 10231.883399999999,
      "brl_g": 328.9626901131516,
      "chg_1h": 3.3350703491401767,
      "chg_24h": 1.1734693877551021
    },
    "XPD": {
      "name": "Paládio",
      "usd_oz": 1531,
      "usd_g": 49.22279299656944,
      "brl_oz": 7899.653799999999,
      "brl_g": 253.97976730369896,
      "chg_1h": 3.028263795423957,
      "chg_24h": 2.9589778076664426
    },
    "XCU": {
      "name": "Cobre",
      "usd_oz": 5.538741,
      "usd_g": 0.1780746582002691,
      "brl_oz": 28.5787958118,
      "brl_g": 0.9188296213817485,
      "chg_1h": 0.8451433027518604,
      "chg_24h": -0.1485492739203506
    }
  }
}
