{
  "timestamp": 1781764205,
  "usdToBrl": 5.084,
  "metals": {
    "XAU": {
      "name": "Ouro",
      "usd_oz": 4301.799805,
      "usd_g": 138.30607531952825,
      "brl_oz": 21870.350208619995,
      "brl_g": 703.1480869244815,
      "chg_1h": 0,
      "chg_24h": -0.642098401024201
    },
    "XAG": {
      "name": "Prata",
      "usd_oz": 68.829002,
      "usd_g": 2.2129037998735885,
      "brl_oz": 349.926646168,
      "brl_g": 11.250402918557324,
      "chg_1h": 0,
      "chg_24h": -2.195411626518157
    },
    "XPT": {
      "name": "Platina",
      "usd_oz": 1757,
      "usd_g": 56.48886172107936,
      "brl_oz": 8932.588,
      "brl_g": 287.18937298996747,
      "chg_1h": 0,
      "chg_24h": -2.1714922048997773
    },
    "XPD": {
      "name": "Paládio",
      "usd_oz": 1349,
      "usd_g": 43.37135712107915,
      "brl_oz": 6858.316,
      "brl_g": 220.49997960356637,
      "chg_1h": 0,
      "chg_24h": -1.604668125455872
    },
    "XCU": {
      "name": "Cobre",
      "usd_oz": 6.204085,
      "usd_g": 0.19946596452522633,
      "brl_oz": 31.54156814,
      "brl_g": 1.0140849636462506,
      "chg_1h": 0,
      "chg_24h": -0.21279282133847285
    }
  }
}
