{
  "timestamp": 1777030426,
  "usdToBrl": 4.963,
  "metals": {
    "XAU": {
      "name": "Ouro",
      "usd_oz": 4712.700195,
      "usd_g": 151.5168296233687,
      "brl_oz": 23389.131067785,
      "brl_g": 751.9780254207789,
      "chg_1h": 0.6041391339778112,
      "chg_24h": 0.29795474107706926
    },
    "XAG": {
      "name": "Prata",
      "usd_oz": 76.185997,
      "usd_g": 2.4494366816252517,
      "brl_oz": 378.11110311100003,
      "brl_g": 12.156554250906124,
      "chg_1h": 1.7903374690653135,
      "chg_24h": 2.0206957424455774
    },
    "XPT": {
      "name": "Platina",
      "usd_oz": 2009,
      "usd_g": 64.59084985637361,
      "brl_oz": 9970.667,
      "brl_g": 320.5643878371822,
      "chg_1h": 1.6186140617096612,
      "chg_24h": -0.24826216484607747
    },
    "XPD": {
      "name": "Paládio",
      "usd_oz": 1519,
      "usd_g": 48.83698403774591,
      "brl_oz": 7538.7970000000005,
      "brl_g": 242.37795177933293,
      "chg_1h": 1.537433155080214,
      "chg_24h": 1.4018691588785046
    },
    "XCU": {
      "name": "Cobre",
      "usd_oz": 5.97555,
      "usd_g": 0.19211839365816494,
      "brl_oz": 29.65665465,
      "brl_g": 0.9534835877254726,
      "chg_1h": 0.4154042377281874,
      "chg_24h": -1.2147728760568677
    }
  }
}
