{
  "timestamp": 1778195502,
  "usdToBrl": 4.9167,
  "metals": {
    "XAU": {
      "name": "Ouro",
      "usd_oz": 4692.799805,
      "usd_g": 150.87701722786178,
      "brl_oz": 23073.088801243495,
      "brl_g": 741.817030604228,
      "chg_1h": 0.012778866524881981,
      "chg_24h": 0.004255785616270131
    },
    "XAG": {
      "name": "Prata",
      "usd_oz": 78.936996,
      "usd_g": 2.5378833532848004,
      "brl_oz": 388.10952823319997,
      "brl_g": 12.478011083095378,
      "chg_1h": 0.2552783986994377,
      "chg_24h": 1.812152448334934
    },
    "XPT": {
      "name": "Platina",
      "usd_oz": 2031,
      "usd_g": 65.29816628088344,
      "brl_oz": 9985.8177,
      "brl_g": 321.05149415321955,
      "chg_1h": 0.19733596447952642,
      "chg_24h": -1.836636056065732
    },
    "XPD": {
      "name": "Paládio",
      "usd_oz": 1501,
      "usd_g": 48.2582705995106,
      "brl_oz": 7379.966699999999,
      "brl_g": 237.27143905661376,
      "chg_1h": 0.20026702269692925,
      "chg_24h": -3.966730646193218
    },
    "XCU": {
      "name": "Cobre",
      "usd_oz": 6.042606,
      "usd_g": 0.19427429412007086,
      "brl_oz": 29.709680920199997,
      "brl_g": 0.9551884219001523,
      "chg_1h": 0,
      "chg_24h": 0.11707320306053835
    }
  }
}
