{
  "timestamp": 1783541332,
  "usdToBrl": 5.1563,
  "metals": {
    "XAU": {
      "name": "Ouro",
      "usd_oz": 4080.699951,
      "usd_g": 131.19754994721362,
      "brl_oz": 21041.3131573413,
      "brl_g": 676.4939267928175,
      "chg_1h": 0.1251313396155524,
      "chg_24h": -0.6983976172781846
    },
    "XAG": {
      "name": "Prata",
      "usd_oz": 58.488998,
      "usd_g": 1.8804649517509888,
      "brl_oz": 301.5868203874,
      "brl_g": 9.696241430713624,
      "chg_1h": -0.04443476107724248,
      "chg_24h": -2.8583308895255106
    },
    "XPT": {
      "name": "Platina",
      "usd_oz": 1592,
      "usd_g": 51.18398853725574,
      "brl_oz": 8208.8296,
      "brl_g": 263.92000009465175,
      "chg_1h": 0.18879798615481436,
      "chg_24h": -3.1630170316301705
    },
    "XPD": {
      "name": "Paládio",
      "usd_oz": 1245,
      "usd_g": 40.02767947794184,
      "brl_oz": 6419.5935,
      "brl_g": 206.39472369211148,
      "chg_1h": 0.24154589371980675,
      "chg_24h": -3.488372093023256
    },
    "XCU": {
      "name": "Cobre",
      "usd_oz": 5.946369,
      "usd_g": 0.1911802027225458,
      "brl_oz": 30.6612624747,
      "brl_g": 0.9857824792982629,
      "chg_1h": -0.2953228229059021,
      "chg_24h": -1.5017483762711115
    }
  }
}
