{
  "timestamp": 1772755218,
  "usdToBrl": 5.2484,
  "metals": {
    "XAU": {
      "name": "Ouro",
      "usd_oz": 5088.600098,
      "usd_g": 163.6022921398935,
      "brl_oz": 26707.008754343202,
      "brl_g": 858.6502700670171,
      "chg_1h": 0.025559590545897425,
      "chg_24h": -1.3818059527155575
    },
    "XAG": {
      "name": "Prata",
      "usd_oz": 82.959,
      "usd_g": 2.667193784586809,
      "brl_oz": 435.4020156,
      "brl_g": 13.99849985902541,
      "chg_1h": 0.6747327160418884,
      "chg_24h": -1.2663234614454324
    },
    "XPT": {
      "name": "Platina",
      "usd_oz": 2140,
      "usd_g": 68.80259765686388,
      "brl_oz": 11231.576000000001,
      "brl_g": 361.10355354228443,
      "chg_1h": 0.14038371548900327,
      "chg_24h": -1.7898118402937127
    },
    "XPD": {
      "name": "Paládio",
      "usd_oz": 1663,
      "usd_g": 53.466691543628336,
      "brl_oz": 8728.0892,
      "brl_g": 280.614583897579,
      "chg_1h": 0.3621001810500905,
      "chg_24h": -2.176470588235294
    },
    "XCU": {
      "name": "Cobre",
      "usd_oz": 5.867952,
      "usd_g": 0.1886590376288737,
      "brl_oz": 30.7973592768,
      "brl_g": 0.9901580930913808,
      "chg_1h": 0,
      "chg_24h": -0.3692886329393225
    }
  }
}
