{
  "timestamp": 1784846496,
  "usdToBrl": 5.0715,
  "metals": {
    "XAU": {
      "name": "Ouro",
      "usd_oz": 4050.600098,
      "usd_g": 130.22981720165765,
      "brl_oz": 20542.618397007,
      "brl_g": 660.4605179382069,
      "chg_1h": 0,
      "chg_24h": -1.7679132290529915
    },
    "XAG": {
      "name": "Prata",
      "usd_oz": 57.772999,
      "usd_g": 1.8574450493585977,
      "brl_oz": 292.9957644285,
      "brl_g": 9.420032567822128,
      "chg_1h": -0.008655543632524548,
      "chg_24h": -2.9074148499206705
    },
    "XPT": {
      "name": "Platina",
      "usd_oz": 1601,
      "usd_g": 51.4733452563734,
      "brl_oz": 8119.471500000001,
      "brl_g": 261.0470704676977,
      "chg_1h": 0,
      "chg_24h": -2.079510703363914
    },
    "XPD": {
      "name": "Paládio",
      "usd_oz": 1278,
      "usd_g": 41.08865411470656,
      "brl_oz": 6481.377,
      "brl_g": 208.3811093427343,
      "chg_1h": 0.1567398119122257,
      "chg_24h": -2.3682200152788386
    },
    "XCU": {
      "name": "Cobre",
      "usd_oz": 6.223123,
      "usd_g": 0.20007805043839988,
      "brl_oz": 31.560568294500005,
      "brl_g": 1.014695832798345,
      "chg_1h": 0,
      "chg_24h": -0.7690525473530228
    }
  }
}
