{
  "timestamp": 1773010513,
  "usdToBrl": 5.2765,
  "metals": {
    "XAU": {
      "name": "Ouro",
      "usd_oz": 5115.899902,
      "usd_g": 164.48000121967073,
      "brl_oz": 26994.045832903004,
      "brl_g": 867.8787264355926,
      "chg_1h": -1.122924197912638,
      "chg_24h": -1.122924197912638
    },
    "XAG": {
      "name": "Prata",
      "usd_oz": 82.914001,
      "usd_g": 2.665747033141967,
      "brl_oz": 437.4957262765,
      "brl_g": 14.065814220373591,
      "chg_1h": -1.9847989317130506,
      "chg_24h": -1.9847989317130506
    },
    "XPT": {
      "name": "Platina",
      "usd_oz": 2077,
      "usd_g": 66.77710062304031,
      "brl_oz": 10959.290500000001,
      "brl_g": 352.34937143747226,
      "chg_1h": -3.6194895591647334,
      "chg_24h": -3.6194895591647334
    },
    "XPD": {
      "name": "Paládio",
      "usd_oz": 1618,
      "usd_g": 52.01990794804007,
      "brl_oz": 8537.377,
      "brl_g": 274.4830442878335,
      "chg_1h": -1.9987886129618413,
      "chg_24h": -1.9987886129618413
    },
    "XCU": {
      "name": "Cobre",
      "usd_oz": 5.796064,
      "usd_g": 0.1863477847595482,
      "brl_oz": 30.582931696000003,
      "brl_g": 0.9832640862837561,
      "chg_1h": 0,
      "chg_24h": 0
    }
  }
}
