{
  "timestamp": 1772572958,
  "usdToBrl": 5.2434,
  "metals": {
    "XAU": {
      "name": "Ouro",
      "usd_oz": 5096.700195,
      "usd_g": 163.86271630572182,
      "brl_oz": 26724.037802463004,
      "brl_g": 859.1977666774218,
      "chg_1h": -0.38308173381171323,
      "chg_24h": -4.375311193226978
    },
    "XAG": {
      "name": "Prata",
      "usd_oz": 82.462997,
      "usd_g": 2.6512469178365294,
      "brl_oz": 432.3864784698,
      "brl_g": 13.90154808898406,
      "chg_1h": -0.5283458519397037,
      "chg_24h": -7.939715588268448
    },
    "XPT": {
      "name": "Platina",
      "usd_oz": 2101,
      "usd_g": 67.54871854068739,
      "brl_oz": 11016.3834,
      "brl_g": 354.1849507962403,
      "chg_1h": -0.7557864903164856,
      "chg_24h": -9.126297577854672
    },
    "XPD": {
      "name": "Paládio",
      "usd_oz": 1677,
      "usd_g": 53.916801995589125,
      "brl_oz": 8793.1818,
      "brl_g": 282.70735958367203,
      "chg_1h": -0.827912477823773,
      "chg_24h": -6.7296996662958835
    },
    "XCU": {
      "name": "Cobre",
      "usd_oz": 5.839382,
      "usd_g": 0.187740490799408,
      "brl_oz": 30.6182155788,
      "brl_g": 0.9843984894576159,
      "chg_1h": 0,
      "chg_24h": -3.758972458967982
    }
  }
}
