{
  "timestamp": 1782494474,
  "usdToBrl": 5.1759,
  "metals": {
    "XAU": {
      "name": "Ouro",
      "usd_oz": 4082.399902,
      "usd_g": 131.2522046409937,
      "brl_oz": 21130.093652761803,
      "brl_g": 679.3482860013194,
      "chg_1h": -0.056308885048872576,
      "chg_24h": 1.2675775154140645
    },
    "XAG": {
      "name": "Prata",
      "usd_oz": 59.194,
      "usd_g": 1.9031312923833648,
      "brl_oz": 306.38222460000003,
      "brl_g": 9.850417256247058,
      "chg_1h": -0.24436036595897628,
      "chg_24h": 1.1845968647475618
    },
    "XPT": {
      "name": "Platina",
      "usd_oz": 1638,
      "usd_g": 52.66292287941263,
      "brl_oz": 8478.1242,
      "brl_g": 272.5780225315519,
      "chg_1h": 0.24479804161566704,
      "chg_24h": 1.7391304347826086
    },
    "XPD": {
      "name": "Paládio",
      "usd_oz": 1236,
      "usd_g": 39.73832275882418,
      "brl_oz": 6397.4124,
      "brl_g": 205.6815847673981,
      "chg_1h": 0.4878048780487805,
      "chg_24h": 1.8961253091508656
    },
    "XCU": {
      "name": "Cobre",
      "usd_oz": 6.062187,
      "usd_g": 0.19490383788863114,
      "brl_oz": 31.3772736933,
      "brl_g": 1.008802774527766,
      "chg_1h": 0.07739167600357513,
      "chg_24h": 0.9593843366230438
    }
  }
}
