{
  "timestamp": 1772623752,
  "usdToBrl": 5.2434,
  "metals": {
    "XAU": {
      "name": "Ouro",
      "usd_oz": 5197.5,
      "usd_g": 167.10350529044393,
      "brl_oz": 27252.571500000002,
      "brl_g": 876.1905196399138,
      "chg_1h": 0.24301526043231003,
      "chg_24h": 1.114738781103051
    },
    "XAG": {
      "name": "Prata",
      "usd_oz": 86.393997,
      "usd_g": 2.777631502597806,
      "brl_oz": 452.9982838698,
      "brl_g": 14.564233020721337,
      "chg_1h": -0.15717323653269064,
      "chg_24h": 6.443738523930086
    },
    "XPT": {
      "name": "Platina",
      "usd_oz": 2185,
      "usd_g": 70.24938125245214,
      "brl_oz": 11456.829,
      "brl_g": 368.34560565910755,
      "chg_1h": 0,
      "chg_24h": 7.6885165105963535
    },
    "XPD": {
      "name": "Paládio",
      "usd_oz": 1721,
      "usd_g": 55.33143484460876,
      "brl_oz": 9023.8914,
      "brl_g": 290.12484546422155,
      "chg_1h": 0.23296447291788003,
      "chg_24h": 2.746268656716418
    },
    "XCU": {
      "name": "Cobre",
      "usd_oz": 5.86374,
      "usd_g": 0.18852361868432663,
      "brl_oz": 30.745934316000003,
      "brl_g": 0.9885047422093983,
      "chg_1h": -0.2738508959934648,
      "chg_24h": -0.5755479608605679
    }
  }
}
