{
  "timestamp": 1772712017,
  "usdToBrl": 5.2198,
  "metals": {
    "XAU": {
      "name": "Ouro",
      "usd_oz": 5164.299805,
      "usd_g": 166.03609423496988,
      "brl_oz": 26956.612122139,
      "brl_g": 866.6752046876958,
      "chg_1h": -0.0503221864041534,
      "chg_24h": -0.5258550829159075
    },
    "XAG": {
      "name": "Prata",
      "usd_oz": 84.402,
      "usd_g": 2.713587311885339,
      "brl_oz": 440.5615596,
      "brl_g": 14.164383050579092,
      "chg_1h": -0.06039216864792169,
      "chg_24h": -1.9687097111397531
    },
    "XPT": {
      "name": "Platina",
      "usd_oz": 2177,
      "usd_g": 69.99217527990311,
      "brl_oz": 11363.5046,
      "brl_g": 365.34515652603824,
      "chg_1h": -0.09178522257916476,
      "chg_24h": -0.09178522257916476
    },
    "XPD": {
      "name": "Paládio",
      "usd_oz": 1691,
      "usd_g": 54.366912447549915,
      "brl_oz": 8826.6818,
      "brl_g": 283.7844095937211,
      "chg_1h": 0.11841326228537595,
      "chg_24h": -1.5142690739662201
    },
    "XCU": {
      "name": "Cobre",
      "usd_oz": 5.815583,
      "usd_g": 0.18697533518182122,
      "brl_oz": 30.356180143400003,
      "brl_g": 0.9759738545820704,
      "chg_1h": -0.050682887023738805,
      "chg_24h": -0.8557769204134958
    }
  }
}
