{
  "timestamp": 1780872416,
  "usdToBrl": 5.0599,
  "metals": {
    "XAU": {
      "name": "Ouro",
      "usd_oz": 4323.600098,
      "usd_g": 139.0069710148931,
      "brl_oz": 21876.9841358702,
      "brl_g": 703.3613726382576,
      "chg_1h": -0.14780374133949448,
      "chg_24h": -0.14780374133949448
    },
    "XAG": {
      "name": "Prata",
      "usd_oz": 67.732002,
      "usd_g": 2.1776344308878035,
      "brl_oz": 342.71715691979995,
      "brl_g": 11.018612456849196,
      "chg_1h": -0.34281470420450705,
      "chg_24h": -0.34281470420450705
    },
    "XPT": {
      "name": "Platina",
      "usd_oz": 1786,
      "usd_g": 57.42123337156958,
      "brl_oz": 9036.9814,
      "brl_g": 290.5456987368049,
      "chg_1h": 0.05602240896358543,
      "chg_24h": 0.05602240896358543
    },
    "XPD": {
      "name": "Paládio",
      "usd_oz": 1249,
      "usd_g": 40.156282464216346,
      "brl_oz": 6319.8151,
      "brl_g": 203.18677364068827,
      "chg_1h": 0.16038492381716118,
      "chg_24h": 0.16038492381716118
    },
    "XCU": {
      "name": "Cobre",
      "usd_oz": 6.322192,
      "usd_g": 0.2032631927502073,
      "brl_oz": 31.9896593008,
      "brl_g": 1.028491428996774,
      "chg_1h": 0.2553563706443122,
      "chg_24h": 0.2553563706443122
    }
  }
}
