{
  "timestamp": 1782164906,
  "usdToBrl": 5.1519,
  "metals": {
    "XAU": {
      "name": "Ouro",
      "usd_oz": 4192.600098,
      "usd_g": 134.79522321440282,
      "brl_oz": 21599.8564448862,
      "brl_g": 694.451510478282,
      "chg_1h": 0,
      "chg_24h": 0.8636635147077172
    },
    "XAG": {
      "name": "Prata",
      "usd_oz": 65.209,
      "usd_g": 2.096518032993662,
      "brl_oz": 335.9502471,
      "brl_g": 10.801051254180049,
      "chg_1h": 0,
      "chg_24h": 0.3817690673137618
    },
    "XPT": {
      "name": "Platina",
      "usd_oz": 1682,
      "usd_g": 54.077555728432266,
      "brl_oz": 8665.4958,
      "brl_g": 278.6021593573102,
      "chg_1h": 0,
      "chg_24h": 0.4778972520908005
    },
    "XPD": {
      "name": "Paládio",
      "usd_oz": 1291,
      "usd_g": 41.50661382009872,
      "brl_oz": 6651.102900000001,
      "brl_g": 213.8379237397666,
      "chg_1h": 0,
      "chg_24h": 0.8593750000000001
    },
    "XCU": {
      "name": "Cobre",
      "usd_oz": 6.158726,
      "usd_g": 0.19800763881161992,
      "brl_oz": 31.7291404794,
      "brl_g": 1.0201155543935847,
      "chg_1h": 0,
      "chg_24h": -0.08651766636237995
    }
  }
}
