{
  "timestamp": 1770698025,
  "usdToBrl": 5.1931,
  "metals": {
    "XAU": {
      "name": "Ouro",
      "usd_oz": 5026.399902,
      "usd_g": 161.60250940177852,
      "brl_oz": 26102.597331076202,
      "brl_g": 839.2179915743761,
      "chg_1h": 0.017906715749678857,
      "chg_24h": 0.027858746268658925
    },
    "XAG": {
      "name": "Prata",
      "usd_oz": 81.662003,
      "usd_g": 2.6254943627395377,
      "brl_oz": 424.0789477793,
      "brl_g": 13.634454775142695,
      "chg_1h": 0.31201602957999813,
      "chg_24h": 0.42797056738185546
    },
    "XPT": {
      "name": "Platina",
      "usd_oz": 2094,
      "usd_g": 67.32366331470699,
      "brl_oz": 10874.351400000001,
      "brl_g": 349.6185159596049,
      "chg_1h": -0.09541984732824427,
      "chg_24h": 0.33540967896502155
    },
    "XPD": {
      "name": "Paládio",
      "usd_oz": 1742,
      "usd_g": 56.006600522549945,
      "brl_oz": 9046.3802,
      "brl_g": 290.8478771736541,
      "chg_1h": 0.23014959723820483,
      "chg_24h": 0.9269988412514484
    },
    "XCU": {
      "name": "Cobre",
      "usd_oz": 5.857616,
      "usd_g": 0.18832672751234036,
      "brl_oz": 30.419185649600003,
      "brl_g": 0.9779995286443348,
      "chg_1h": 0.0400152136373447,
      "chg_24h": -0.13919715038798716
    }
  }
}
