{
  "timestamp": 1770882094,
  "usdToBrl": 5.1893,
  "metals": {
    "XAU": {
      "name": "Ouro",
      "usd_oz": 5062.100098,
      "usd_g": 162.75029735582487,
      "brl_oz": 26268.7560385514,
      "brl_g": 844.560118068582,
      "chg_1h": 0.09887089247012171,
      "chg_24h": 0.05534941806043531
    },
    "XAG": {
      "name": "Prata",
      "usd_oz": 83.600998,
      "usd_g": 2.687834499582375,
      "brl_oz": 433.8306589214,
      "brl_g": 13.94797956868282,
      "chg_1h": -0.10156896380166956,
      "chg_24h": 0.05265746798780968
    },
    "XPT": {
      "name": "Platina",
      "usd_oz": 2118,
      "usd_g": 68.09528123235407,
      "brl_oz": 10990.9374,
      "brl_g": 353.366842899055,
      "chg_1h": -0.04719207173194903,
      "chg_24h": -1.2587412587412588
    },
    "XPD": {
      "name": "Paládio",
      "usd_oz": 1728,
      "usd_g": 55.55649007058915,
      "brl_oz": 8967.1104,
      "brl_g": 288.2992939233083,
      "chg_1h": 0.05790387955993051,
      "chg_24h": -2.1517553793884483
    },
    "XCU": {
      "name": "Cobre",
      "usd_oz": 6.016525,
      "usd_g": 0.19343577049881444,
      "brl_oz": 31.2215531825,
      "brl_g": 1.0037962438494978,
      "chg_1h": 0.15479690625922018,
      "chg_24h": 1.76458877652798
    }
  }
}
