{
  "timestamp": 1782863491,
  "usdToBrl": 5.1784,
  "metals": {
    "XAU": {
      "name": "Ouro",
      "usd_oz": 4007.600098,
      "usd_g": 128.84733509920665,
      "brl_oz": 20752.9563474832,
      "brl_g": 667.2230400777316,
      "chg_1h": -0.2687588160308546,
      "chg_24h": -0.2166160618942356
    },
    "XAG": {
      "name": "Prata",
      "usd_oz": 58.558998,
      "usd_g": 1.8827155040107928,
      "brl_oz": 303.2419152432,
      "brl_g": 9.749453965969488,
      "chg_1h": -0.6868648550494405,
      "chg_24h": -0.018784360594156967
    },
    "XPT": {
      "name": "Platina",
      "usd_oz": 1553,
      "usd_g": 49.93010942107926,
      "brl_oz": 8042.0552,
      "brl_g": 258.5580786261168,
      "chg_1h": -0.2569043031470777,
      "chg_24h": -2.633228840125392
    },
    "XPD": {
      "name": "Paládio",
      "usd_oz": 1231,
      "usd_g": 39.57756902598104,
      "brl_oz": 6374.6104,
      "brl_g": 204.9484834441402,
      "chg_1h": -0.40453074433656955,
      "chg_24h": -1.4411529223378703
    },
    "XCU": {
      "name": "Cobre",
      "usd_oz": 6.051028,
      "usd_g": 0.19454506770767183,
      "brl_oz": 31.334643395199997,
      "brl_g": 1.0074321786174079,
      "chg_1h": 0,
      "chg_24h": 0.37533999480127406
    }
  }
}
