{
  "timestamp": 1781011350,
  "usdToBrl": 5.1432,
  "metals": {
    "XAU": {
      "name": "Ouro",
      "usd_oz": 4334.299805,
      "usd_g": 139.35097458300868,
      "brl_oz": 22292.170757076,
      "brl_g": 716.7099324753302,
      "chg_1h": 0,
      "chg_24h": 0.07156469016550046
    },
    "XAG": {
      "name": "Prata",
      "usd_oz": 68.518997,
      "usd_g": 2.202936907683581,
      "brl_oz": 352.4069053704,
      "brl_g": 11.330145103598195,
      "chg_1h": 0,
      "chg_24h": -0.16901726031857803
    },
    "XPT": {
      "name": "Platina",
      "usd_oz": 1780,
      "usd_g": 57.228328892157805,
      "brl_oz": 9154.896,
      "brl_g": 294.336741158146,
      "chg_1h": 0,
      "chg_24h": -0.5030743432084964
    },
    "XPD": {
      "name": "Paládio",
      "usd_oz": 1267,
      "usd_g": 40.73499590245165,
      "brl_oz": 6516.4344,
      "brl_g": 209.50823092548933,
      "chg_1h": 0,
      "chg_24h": 1.7670682730923692
    },
    "XCU": {
      "name": "Cobre",
      "usd_oz": 6.277492,
      "usd_g": 0.20182605437858958,
      "brl_oz": 32.286396854399996,
      "brl_g": 1.038031762879962,
      "chg_1h": 0,
      "chg_24h": 0.3310649666649496
    }
  }
}
