{
  "timestamp": 1776719321,
  "usdToBrl": 4.9831,
  "metals": {
    "XAU": {
      "name": "Ouro",
      "usd_oz": 4821.600098,
      "usd_g": 155.01804280606984,
      "brl_oz": 24026.515448343802,
      "brl_g": 772.4704091069267,
      "chg_1h": 0.12875765515185197,
      "chg_24h": -0.20283570391147931
    },
    "XAG": {
      "name": "Prata",
      "usd_oz": 79.855003,
      "usd_g": 2.567397963690027,
      "brl_oz": 397.9254654493,
      "brl_g": 12.793600792863774,
      "chg_1h": 0.06265647515818505,
      "chg_24h": -1.3538968686685549
    },
    "XPT": {
      "name": "Platina",
      "usd_oz": 2101,
      "usd_g": 67.54871854068739,
      "brl_oz": 10469.493100000002,
      "brl_g": 336.60201936009935,
      "chg_1h": 0.09528346831824679,
      "chg_24h": -0.42654028436018954
    },
    "XPD": {
      "name": "Paládio",
      "usd_oz": 1585,
      "usd_g": 50.95893331127535,
      "brl_oz": 7898.213500000001,
      "brl_g": 253.93346058341623,
      "chg_1h": 0.31645569620253167,
      "chg_24h": 0.18963337547408343
    },
    "XCU": {
      "name": "Cobre",
      "usd_oz": 5.994299,
      "usd_g": 0.19272118800558014,
      "brl_oz": 29.8701913469,
      "brl_g": 0.9603489519506064,
      "chg_1h": 0,
      "chg_24h": -0.0617538870854171
    }
  }
}
