{
  "timestamp": 1772614007,
  "usdToBrl": 5.2434,
  "metals": {
    "XAU": {
      "name": "Ouro",
      "usd_oz": 5177.899902,
      "usd_g": 166.47334750692568,
      "brl_oz": 27149.800346146803,
      "brl_g": 872.8863503178142,
      "chg_1h": 0.1392404650913968,
      "chg_24h": -2.3756104437884997
    },
    "XAG": {
      "name": "Prata",
      "usd_oz": 85.691002,
      "usd_g": 2.7550296885137935,
      "brl_oz": 449.3121998868,
      "brl_g": 14.445722668753225,
      "chg_1h": 0.6329880683953358,
      "chg_24h": -0.11772426333458148
    },
    "XPT": {
      "name": "Platina",
      "usd_oz": 2170,
      "usd_g": 69.76712005392272,
      "brl_oz": 11378.178,
      "brl_g": 365.81691729073844,
      "chg_1h": 0.27726432532347506,
      "chg_24h": 0.27726432532347506
    },
    "XPD": {
      "name": "Paládio",
      "usd_oz": 1714,
      "usd_g": 55.10637961862836,
      "brl_oz": 8987.187600000001,
      "brl_g": 288.94479089231595,
      "chg_1h": -0.3488372093023256,
      "chg_24h": -0.6952491309385863
    },
    "XCU": {
      "name": "Cobre",
      "usd_oz": 5.879616,
      "usd_g": 0.1890340439368502,
      "brl_oz": 30.829178534400004,
      "brl_g": 0.9911811059784803,
      "chg_1h": 0.3328435246363175,
      "chg_24h": -0.3702132216683762
    }
  }
}
