{
  "timestamp": 1773226828,
  "usdToBrl": 5.1779,
  "metals": {
    "XAU": {
      "name": "Ouro",
      "usd_oz": 5187.899902,
      "usd_g": 166.79485497261194,
      "brl_oz": 26862.426902565803,
      "brl_g": 863.6470795626874,
      "chg_1h": -0.09051719584202376,
      "chg_24h": 0.2202241282720006
    },
    "XAG": {
      "name": "Prata",
      "usd_oz": 86.679001,
      "usd_g": 2.7867945939728513,
      "brl_oz": 448.81519927790004,
      "brl_g": 14.429743728132028,
      "chg_1h": -0.44563381711057815,
      "chg_24h": -2.0952357996442883
    },
    "XPT": {
      "name": "Platina",
      "usd_oz": 2187,
      "usd_g": 70.31368274558939,
      "brl_oz": 11324.0673,
      "brl_g": 364.07721788838734,
      "chg_1h": 0.8763837638376383,
      "chg_24h": -0.8612873980054397
    },
    "XPD": {
      "name": "Paládio",
      "usd_oz": 1658,
      "usd_g": 53.305937810785196,
      "brl_oz": 8584.958200000001,
      "brl_g": 276.01281539046465,
      "chg_1h": -0.42042042042042044,
      "chg_24h": -2.870533099004101
    },
    "XCU": {
      "name": "Cobre",
      "usd_oz": 5.806134,
      "usd_g": 0.18667154277749426,
      "brl_oz": 30.0635812386,
      "brl_g": 0.9665665813475876,
      "chg_1h": -0.011710380253268211,
      "chg_24h": -0.5825018625368171
    }
  }
}
