{
  "timestamp": 1774290563,
  "usdToBrl": 5.2552,
  "metals": {
    "XAU": {
      "name": "Ouro",
      "usd_oz": 4426.399902,
      "usd_g": 142.31206146060174,
      "brl_oz": 23261.616764990402,
      "brl_g": 747.8783453877543,
      "chg_1h": -0.0203262268117291,
      "chg_24h": -1.4647676003673793
    },
    "XAG": {
      "name": "Prata",
      "usd_oz": 69.964996,
      "usd_g": 2.2494268550710705,
      "brl_oz": 367.68004697920003,
      "brl_g": 11.821188008769491,
      "chg_1h": 0.3082379928315402,
      "chg_24h": 2.9835907454684607
    },
    "XPT": {
      "name": "Platina",
      "usd_oz": 1885,
      "usd_g": 60.60415728186374,
      "brl_oz": 9906.052000000001,
      "brl_g": 318.48696734765036,
      "chg_1h": 0,
      "chg_24h": -2.5336091003102377
    },
    "XPD": {
      "name": "Paládio",
      "usd_oz": 1459,
      "usd_g": 46.90793924362823,
      "brl_oz": 7667.3368,
      "brl_g": 246.51060231311507,
      "chg_1h": -0.13689253935660506,
      "chg_24h": 1.8854748603351956
    },
    "XCU": {
      "name": "Cobre",
      "usd_oz": 5.53995,
      "usd_g": 0.1781135284528706,
      "brl_oz": 29.113545240000004,
      "brl_g": 0.9360222147255256,
      "chg_1h": -0.13355905035170787,
      "chg_24h": 2.5396562743452855
    }
  }
}
