{
  "timestamp": 1772625300,
  "usdToBrl": 5.2434,
  "metals": {
    "XAU": {
      "name": "Ouro",
      "usd_oz": 5191.600098,
      "usd_g": 166.9138190364622,
      "brl_oz": 27221.6359538532,
      "brl_g": 875.195918735786,
      "chg_1h": 0.08868513591671273,
      "chg_24h": 0.9999591659872994
    },
    "XAG": {
      "name": "Prata",
      "usd_oz": 86.097,
      "usd_g": 2.768082827319163,
      "brl_oz": 451.4410098,
      "brl_g": 14.514165496765301,
      "chg_1h": 0.2281684703534485,
      "chg_24h": 6.077816444756087
    },
    "XPT": {
      "name": "Platina",
      "usd_oz": 2179,
      "usd_g": 70.05647677304037,
      "brl_oz": 11425.3686,
      "brl_g": 367.3341303117599,
      "chg_1h": 0.13786764705882354,
      "chg_24h": 7.392804337111877
    },
    "XPD": {
      "name": "Paládio",
      "usd_oz": 1717,
      "usd_g": 55.20283185833424,
      "brl_oz": 9002.917800000001,
      "brl_g": 289.45052856598977,
      "chg_1h": 0,
      "chg_24h": 2.5074626865671643
    },
    "XCU": {
      "name": "Cobre",
      "usd_oz": 5.865781,
      "usd_g": 0.1885892383580732,
      "brl_oz": 30.7566360954,
      "brl_g": 0.9888488124067211,
      "chg_1h": 0.03738324770034141,
      "chg_24h": -0.5409411558842385
    }
  }
}
