{
  "timestamp": 1772805823,
  "usdToBrl": 5.2484,
  "metals": {
    "XAU": {
      "name": "Ouro",
      "usd_oz": 5099.200195,
      "usd_g": 163.9430931721434,
      "brl_oz": 26762.642303438002,
      "brl_g": 860.4389302046774,
      "chg_1h": 0.49863602926079637,
      "chg_24h": -0.45679737930617476
    },
    "XAG": {
      "name": "Prata",
      "usd_oz": 82.996002,
      "usd_g": 2.6683834265113413,
      "brl_oz": 435.59621689680006,
      "brl_g": 14.004743575702124,
      "chg_1h": 1.0076952220778914,
      "chg_24h": 0.13029871634012044
    },
    "XPT": {
      "name": "Platina",
      "usd_oz": 2116,
      "usd_g": 68.0309797392168,
      "brl_oz": 11105.6144,
      "brl_g": 357.0537940633055,
      "chg_1h": -0.7504690431519699,
      "chg_24h": -1.9916628068550255
    },
    "XPD": {
      "name": "Paládio",
      "usd_oz": 1650,
      "usd_g": 53.04873183823617,
      "brl_oz": 8659.86,
      "brl_g": 278.4209641797987,
      "chg_1h": -0.7817197835237523,
      "chg_24h": -1.1384062312762133
    },
    "XCU": {
      "name": "Cobre",
      "usd_oz": 5.78489,
      "usd_g": 0.18598853231739032,
      "brl_oz": 30.361416676,
      "brl_g": 0.9761422130145914,
      "chg_1h": -0.13313533365488808,
      "chg_24h": 0.10727342922470887
    }
  }
}
