{
  "timestamp": 1781477757,
  "usdToBrl": 5.1073,
  "metals": {
    "XAU": {
      "name": "Ouro",
      "usd_oz": 4292.100098,
      "usd_g": 137.99422249798133,
      "brl_oz": 21921.042830515402,
      "brl_g": 704.7778925639401,
      "chg_1h": 1.701307876633192,
      "chg_24h": 1.701307876633192
    },
    "XAG": {
      "name": "Prata",
      "usd_oz": 70.295998,
      "usd_g": 2.2600688164867795,
      "brl_oz": 359.0227505854,
      "brl_g": 11.542849466442929,
      "chg_1h": 3.138342448709369,
      "chg_24h": 3.138342448709369
    },
    "XPT": {
      "name": "Platina",
      "usd_oz": 1768,
      "usd_g": 56.84251993333427,
      "brl_oz": 9029.706400000001,
      "brl_g": 290.31180205551817,
      "chg_1h": 2.4333719582850524,
      "chg_24h": 2.4333719582850524
    },
    "XPD": {
      "name": "Paládio",
      "usd_oz": 1343,
      "usd_g": 43.17845264166738,
      "brl_oz": 6859.103900000001,
      "brl_g": 220.52531117678782,
      "chg_1h": 2.675840978593272,
      "chg_24h": 2.675840978593272
    },
    "XCU": {
      "name": "Cobre",
      "usd_oz": 6.130513,
      "usd_g": 0.1971005697986792,
      "brl_oz": 31.3103690449,
      "brl_g": 1.0066517401327943,
      "chg_1h": 0,
      "chg_24h": -0.12807949986764017
    }
  }
}
