{
  "timestamp": 1772820344,
  "usdToBrl": 5.2765,
  "metals": {
    "XAU": {
      "name": "Ouro",
      "usd_oz": 5142.899902,
      "usd_g": 165.34807137702367,
      "brl_oz": 27136.511332903003,
      "brl_g": 872.4590986208655,
      "chg_1h": 0.035008149339484464,
      "chg_24h": 1.3798813568626176
    },
    "XAG": {
      "name": "Prata",
      "usd_oz": 84.240997,
      "usd_g": 2.70841094523555,
      "brl_oz": 444.4976206705,
      "brl_g": 14.290930352535382,
      "chg_1h": 0.2379755119524949,
      "chg_24h": 2.4044795351494446
    },
    "XPT": {
      "name": "Platina",
      "usd_oz": 2148,
      "usd_g": 69.0598036294129,
      "brl_oz": 11333.922,
      "brl_g": 364.3940538505972,
      "chg_1h": 0.42075736325385693,
      "chg_24h": 0.4677268475210477
    },
    "XPD": {
      "name": "Paládio",
      "usd_oz": 1669,
      "usd_g": 53.6595960230401,
      "brl_oz": 8806.478500000001,
      "brl_g": 283.1348584155711,
      "chg_1h": 0.6027727546714888,
      "chg_24h": 0.6027727546714888
    },
    "XCU": {
      "name": "Cobre",
      "usd_oz": 5.795021,
      "usd_g": 0.1863142515308771,
      "brl_oz": 30.577428306500003,
      "brl_g": 0.9830871482026732,
      "chg_1h": 0.016965715447510393,
      "chg_24h": 0.21048448610711634
    }
  }
}
