{
  "timestamp": 1771921740,
  "usdToBrl": 5.1815,
  "metals": {
    "XAU": {
      "name": "Ouro",
      "usd_oz": 5174,
      "usd_g": 166.34796274608118,
      "brl_oz": 26809.081,
      "brl_g": 861.9319689688195,
      "chg_1h": -0.09461279601306553,
      "chg_24h": 0.9088446169728832
    },
    "XAG": {
      "name": "Prata",
      "usd_oz": 88.112999,
      "usd_g": 2.832898700250771,
      "brl_oz": 456.5575043185,
      "brl_g": 14.67866461534937,
      "chg_1h": -0.25695835440155246,
      "chg_24h": 2.3070849953218064
    },
    "XPT": {
      "name": "Platina",
      "usd_oz": 2149,
      "usd_g": 69.09195437598153,
      "brl_oz": 11135.0435,
      "brl_g": 357.99996159914826,
      "chg_1h": -0.41705282669138094,
      "chg_24h": -0.13940520446096655
    },
    "XPD": {
      "name": "Paládio",
      "usd_oz": 1763,
      "usd_g": 56.68176620049113,
      "brl_oz": 9134.9845,
      "brl_g": 293.6965715678448,
      "chg_1h": 0.1135718341851221,
      "chg_24h": 0
    },
    "XCU": {
      "name": "Cobre",
      "usd_oz": 5.816113,
      "usd_g": 0.18699237507750258,
      "brl_oz": 30.136189509499996,
      "brl_g": 0.9689009914640796,
      "chg_1h": -0.014285851814985538,
      "chg_24h": 0.8045139301124249
    }
  }
}
