{
  "timestamp": 1771875955,
  "usdToBrl": 5.1815,
  "metals": {
    "XAU": {
      "name": "Ouro",
      "usd_oz": 5217.299805,
      "usd_g": 167.74008380310718,
      "brl_oz": 27033.4389396075,
      "brl_g": 869.1452442257998,
      "chg_1h": 0.14011142034548274,
      "chg_24h": 2.1417785214851994
    },
    "XAG": {
      "name": "Prata",
      "usd_oz": 87.875,
      "usd_g": 2.8252468547181837,
      "brl_oz": 455.32431249999996,
      "brl_g": 14.639016577722268,
      "chg_1h": 0.2429752831451974,
      "chg_24h": 3.6677453656860775
    },
    "XPT": {
      "name": "Platina",
      "usd_oz": 2153,
      "usd_g": 69.22055736225605,
      "brl_oz": 11155.7695,
      "brl_g": 358.66631797252967,
      "chg_1h": 0,
      "chg_24h": -0.6460544531610521
    },
    "XPD": {
      "name": "Paládio",
      "usd_oz": 1759,
      "usd_g": 56.55316321421662,
      "brl_oz": 9114.2585,
      "brl_g": 293.0302151944634,
      "chg_1h": -0.6214689265536724,
      "chg_24h": -1.346045989904655
    },
    "XCU": {
      "name": "Cobre",
      "usd_oz": 5.790243,
      "usd_g": 0.1861606352637722,
      "brl_oz": 30.0021441045,
      "brl_g": 0.9645913316192356,
      "chg_1h": 0.3692880094589431,
      "chg_24h": 0.3626771201245752
    }
  }
}
