{
  "timestamp": 1773433678,
  "usdToBrl": 5.2433,
  "metals": {
    "XAU": {
      "name": "Ouro",
      "usd_oz": 5015.399902,
      "usd_g": 161.2488511895236,
      "brl_oz": 26297.246306156598,
      "brl_g": 845.4761014420291,
      "chg_1h": -0.4466146695583949,
      "chg_24h": -1.3241051098431005
    },
    "XAG": {
      "name": "Prata",
      "usd_oz": 80.466003,
      "usd_g": 2.587042069843459,
      "brl_oz": 421.9073935299,
      "brl_g": 13.564637684810206,
      "chg_1h": -0.6334889605200766,
      "chg_24h": -4.1740576606916955
    },
    "XPT": {
      "name": "Platina",
      "usd_oz": 2030,
      "usd_g": 65.2660155343148,
      "brl_oz": 10643.899,
      "brl_g": 342.20929925107276,
      "chg_1h": -0.8304836345872008,
      "chg_24h": -5.051449953227316
    },
    "XPD": {
      "name": "Paládio",
      "usd_oz": 1579,
      "usd_g": 50.76602883186358,
      "brl_oz": 8279.170699999999,
      "brl_g": 266.1815189741103,
      "chg_1h": -0.8165829145728644,
      "chg_24h": -4.186893203883495
    },
    "XCU": {
      "name": "Cobre",
      "usd_oz": 5.872388,
      "usd_g": 0.18880165834065213,
      "brl_oz": 30.790692000399996,
      "brl_g": 0.9899437351775412,
      "chg_1h": 0,
      "chg_24h": 0.547340679721545
    }
  }
}
