{
  "timestamp": 1772059520,
  "usdToBrl": 5.1287,
  "metals": {
    "XAU": {
      "name": "Ouro",
      "usd_oz": 5166.100098,
      "usd_g": 166.09397499896218,
      "brl_oz": 26495.3775726126,
      "brl_g": 851.8461695771774,
      "chg_1h": -0.07736794112646599,
      "chg_24h": 0.4198677811254717
    },
    "XAG": {
      "name": "Prata",
      "usd_oz": 89.336998,
      "usd_g": 2.8722511819000247,
      "brl_oz": 458.1826616426,
      "brl_g": 14.730914636610658,
      "chg_1h": -0.07382526313435976,
      "chg_24h": 2.3743757792284983
    },
    "XPT": {
      "name": "Platina",
      "usd_oz": 2290,
      "usd_g": 73.62520964215808,
      "brl_oz": 11744.723,
      "brl_g": 377.6016126917362,
      "chg_1h": -0.30474531998258597,
      "chg_24h": 5.481345002303086
    },
    "XPD": {
      "name": "Paládio",
      "usd_oz": 1800,
      "usd_g": 57.87134382353037,
      "brl_oz": 9231.66,
      "brl_g": 296.80476106774023,
      "chg_1h": -0.22172949002217296,
      "chg_24h": -0.22172949002217296
    },
    "XCU": {
      "name": "Cobre",
      "usd_oz": 5.905218,
      "usd_g": 0.18985716735050018,
      "brl_oz": 30.2860915566,
      "brl_g": 0.9737204541905103,
      "chg_1h": 0,
      "chg_24h": 0.7361570941565884
    }
  }
}
