{
  "timestamp": 1771289792,
  "usdToBrl": 5.2244,
  "metals": {
    "XAU": {
      "name": "Ouro",
      "usd_oz": 4953.200195,
      "usd_g": 159.24908417312372,
      "brl_oz": 25877.499098758002,
      "brl_g": 831.9809153540676,
      "chg_1h": -0.7454253713232731,
      "chg_24h": -1.356214777938345
    },
    "XAG": {
      "name": "Prata",
      "usd_oz": 75.167999,
      "usd_g": 2.4167072859198813,
      "brl_oz": 392.70769397559997,
      "brl_g": 12.625845544559828,
      "chg_1h": -2.0637898955569915,
      "chg_24h": -1.5545857551731113
    },
    "XPT": {
      "name": "Platina",
      "usd_oz": 2030,
      "usd_g": 65.2660155343148,
      "brl_oz": 10605.532000000001,
      "brl_g": 340.9757715574743,
      "chg_1h": -0.975609756097561,
      "chg_24h": -1.5518913676042678
    },
    "XPD": {
      "name": "Paládio",
      "usd_oz": 1727,
      "usd_g": 55.524339324020524,
      "brl_oz": 9022.5388,
      "brl_g": 290.08135836441284,
      "chg_1h": -1.5954415954415955,
      "chg_24h": 1.0532475131655938
    },
    "XCU": {
      "name": "Cobre",
      "usd_oz": 5.787621,
      "usd_g": 0.18607633600626924,
      "brl_oz": 30.2368471524,
      "brl_g": 0.972137209831153,
      "chg_1h": 0,
      "chg_24h": -1.5276632148048985
    }
  }
}
