{
  "timestamp": 1771845918,
  "usdToBrl": 5.2144,
  "metals": {
    "XAU": {
      "name": "Ouro",
      "usd_oz": 5149.5,
      "usd_g": 165.56026945514978,
      "brl_oz": 26851.5528,
      "brl_g": 863.2974690469331,
      "chg_1h": -0.04658285381415221,
      "chg_24h": 0.8144266488799312
    },
    "XAG": {
      "name": "Prata",
      "usd_oz": 86.584,
      "usd_g": 2.7837402408980854,
      "brl_oz": 451.4836096,
      "brl_g": 14.515535112138977,
      "chg_1h": -0.3842690856240162,
      "chg_24h": 2.144729044012104
    },
    "XPT": {
      "name": "Platina",
      "usd_oz": 2161,
      "usd_g": 69.47776333480506,
      "brl_oz": 11268.3184,
      "brl_g": 362.2848491330075,
      "chg_1h": -0.23084025854108958,
      "chg_24h": -0.2768804799261652
    },
    "XPD": {
      "name": "Paládio",
      "usd_oz": 1788,
      "usd_g": 57.48553486470683,
      "brl_oz": 9323.3472,
      "brl_g": 299.7525729985273,
      "chg_1h": -0.6666666666666667,
      "chg_24h": 0.28042624789680315
    },
    "XCU": {
      "name": "Cobre",
      "usd_oz": 5.776196,
      "usd_g": 0.18570901372672266,
      "brl_oz": 30.1193964224,
      "brl_g": 0.9683610811766227,
      "chg_1h": -0.03663699076183908,
      "chg_24h": 0.11919951037547682
    }
  }
}
