{
  "timestamp": 1784509640,
  "usdToBrl": 5.1158,
  "metals": {
    "XAU": {
      "name": "Ouro",
      "usd_oz": 4016.5,
      "usd_g": 129.1334735928943,
      "brl_oz": 20547.6107,
      "brl_g": 660.6210242065287,
      "chg_1h": 0.583493170537704,
      "chg_24h": -0.06966509008693181
    },
    "XAG": {
      "name": "Prata",
      "usd_oz": 56.834,
      "usd_g": 1.8272555304814029,
      "brl_oz": 290.75137720000004,
      "brl_g": 9.34787384283676,
      "chg_1h": 1.763686042072131,
      "chg_24h": 1.3445042316510667
    },
    "XPT": {
      "name": "Platina",
      "usd_oz": 1591,
      "usd_g": 51.15183779068712,
      "brl_oz": 8139.2378,
      "brl_g": 261.6825717695972,
      "chg_1h": -0.06281407035175879,
      "chg_24h": -0.5625
    },
    "XPD": {
      "name": "Paládio",
      "usd_oz": 1263,
      "usd_g": 40.60639291617714,
      "brl_oz": 6461.2554,
      "brl_g": 207.73418488057902,
      "chg_1h": -0.23696682464454977,
      "chg_24h": -0.5511811023622047
    },
    "XCU": {
      "name": "Cobre",
      "usd_oz": 6.108831,
      "usd_g": 0.19640347731157826,
      "brl_oz": 31.251557629800004,
      "brl_g": 1.004760909230572,
      "chg_1h": -0.06159412465668554,
      "chg_24h": -0.06159412465668554
    }
  }
}
