{
  "timestamp": 1773142808,
  "usdToBrl": 5.2302,
  "metals": {
    "XAU": {
      "name": "Ouro",
      "usd_oz": 5181.700195,
      "usd_g": 166.59552976405521,
      "brl_oz": 27101.328359889,
      "brl_g": 871.3279397719616,
      "chg_1h": 0.10045774171738335,
      "chg_24h": 1.7855817058592955
    },
    "XAG": {
      "name": "Prata",
      "usd_oz": 88.503998,
      "usd_g": 2.8454696100083576,
      "brl_oz": 462.8936103396,
      "brl_g": 14.882375154265713,
      "chg_1h": -0.033884158646992596,
      "chg_24h": 6.097004316778206
    },
    "XPT": {
      "name": "Platina",
      "usd_oz": 2211,
      "usd_g": 71.08530066323647,
      "brl_oz": 11563.9722,
      "brl_g": 371.79033952885936,
      "chg_1h": 0.22665457842248413,
      "chg_24h": 5.03562945368171
    },
    "XPD": {
      "name": "Paládio",
      "usd_oz": 1711,
      "usd_g": 55.00992737892248,
      "brl_oz": 8948.8722,
      "brl_g": 287.71292217724033,
      "chg_1h": 0.23432923257176333,
      "chg_24h": 5.552128315854411
    },
    "XCU": {
      "name": "Cobre",
      "usd_oz": 5.843253,
      "usd_g": 0.18786494633937514,
      "brl_oz": 30.5613818406,
      "brl_g": 0.9825712423441999,
      "chg_1h": 0.053080801136543516,
      "chg_24h": 0.9811667822810356
    }
  }
}
