{
  "timestamp": 1781042846,
  "usdToBrl": 5.163,
  "metals": {
    "XAU": {
      "name": "Ouro",
      "usd_oz": 4253.5,
      "usd_g": 136.75320052965913,
      "brl_oz": 21960.8205,
      "brl_g": 706.0567743346301,
      "chg_1h": -0.13851486443500677,
      "chg_24h": -1.7281567444471342
    },
    "XAG": {
      "name": "Prata",
      "usd_oz": 65.373001,
      "usd_g": 2.1017907875816637,
      "brl_oz": 337.52080416300004,
      "brl_g": 10.85154583628413,
      "chg_1h": -0.050449501588515806,
      "chg_24h": -4.209771877918947
    },
    "XPT": {
      "name": "Platina",
      "usd_oz": 1734,
      "usd_g": 55.74939455000092,
      "brl_oz": 8952.642,
      "brl_g": 287.8341240616548,
      "chg_1h": 0.11547344110854503,
      "chg_24h": -1.7006802721088436
    },
    "XPD": {
      "name": "Paládio",
      "usd_oz": 1255,
      "usd_g": 40.34918694362812,
      "brl_oz": 6479.5650000000005,
      "brl_g": 208.322852189952,
      "chg_1h": 0.1596169193934557,
      "chg_24h": 1.0466988727858293
    },
    "XCU": {
      "name": "Cobre",
      "usd_oz": 6.30525,
      "usd_g": 0.2027184948018416,
      "brl_oz": 32.55400575,
      "brl_g": 1.046635588661908,
      "chg_1h": 0,
      "chg_24h": 1.5044275425569231
    }
  }
}
