{
  "timestamp": 1782686829,
  "usdToBrl": 5.1759,
  "metals": {
    "XAU": {
      "name": "Ouro",
      "usd_oz": 4065.699951,
      "usd_g": 130.7152887486842,
      "brl_oz": 21043.656376380903,
      "brl_g": 676.5692630343146,
      "chg_1h": -0.608716237311346,
      "chg_24h": -0.608716237311346
    },
    "XAG": {
      "name": "Prata",
      "usd_oz": 58.813,
      "usd_g": 1.8908818579407176,
      "brl_oz": 304.41020670000006,
      "brl_g": 9.78701540851536,
      "chg_1h": -0.8179027960470832,
      "chg_24h": -0.8179027960470832
    },
    "XPT": {
      "name": "Platina",
      "usd_oz": 1625,
      "usd_g": 52.24496317402047,
      "brl_oz": 8410.837500000001,
      "brl_g": 270.41470489241254,
      "chg_1h": 0,
      "chg_24h": 0
    },
    "XPD": {
      "name": "Paládio",
      "usd_oz": 1225,
      "usd_g": 39.384664546569276,
      "brl_oz": 6340.477500000001,
      "brl_g": 203.85108522658794,
      "chg_1h": -0.24429967426710095,
      "chg_24h": -0.24429967426710095
    },
    "XCU": {
      "name": "Cobre",
      "usd_oz": 6.036817,
      "usd_g": 0.19408817344818508,
      "brl_oz": 31.2459611103,
      "brl_g": 1.0045809769504612,
      "chg_1h": 0,
      "chg_24h": 0
    }
  }
}
