{
  "timestamp": 1778588503,
  "usdToBrl": 4.9019,
  "metals": {
    "XAU": {
      "name": "Ouro",
      "usd_oz": 4706.399902,
      "usd_g": 151.31427049981758,
      "brl_oz": 23070.301679613804,
      "brl_g": 741.7274225630558,
      "chg_1h": 0,
      "chg_24h": 0.7945537564384444
    },
    "XAG": {
      "name": "Prata",
      "usd_oz": 84.017998,
      "usd_g": 2.7012413609014927,
      "brl_oz": 411.84782439620005,
      "brl_g": 13.241215027003028,
      "chg_1h": 0,
      "chg_24h": 4.252329506309787
    },
    "XPT": {
      "name": "Platina",
      "usd_oz": 2110,
      "usd_g": 67.83807525980504,
      "brl_oz": 10343.009,
      "brl_g": 332.53546111603833,
      "chg_1h": 0,
      "chg_24h": 2.977061981454368
    },
    "XPD": {
      "name": "Paládio",
      "usd_oz": 1507,
      "usd_g": 48.45117507892237,
      "brl_oz": 7387.1633,
      "brl_g": 237.5028151193696,
      "chg_1h": 0,
      "chg_24h": 0.06640106241699867
    },
    "XCU": {
      "name": "Cobre",
      "usd_oz": 6.242036,
      "usd_g": 0.20068611750825233,
      "brl_oz": 30.597836268400002,
      "brl_g": 0.9837432794137021,
      "chg_1h": 0,
      "chg_24h": 1.5721461556498717
    }
  }
}
