{
  "timestamp": 1772746831,
  "usdToBrl": 5.2484,
  "metals": {
    "XAU": {
      "name": "Ouro",
      "usd_oz": 5076.600098,
      "usd_g": 163.21648318106998,
      "brl_oz": 26644.0279543432,
      "brl_g": 856.6253903275277,
      "chg_1h": -0.005905257259102486,
      "chg_24h": -1.1853995523114378
    },
    "XAG": {
      "name": "Prata",
      "usd_oz": 82.150002,
      "usd_g": 2.6411838949142816,
      "brl_oz": 431.1560704968,
      "brl_g": 13.861989554068115,
      "chg_1h": 0.05358804276466783,
      "chg_24h": -1.6897561901225921
    },
    "XPT": {
      "name": "Platina",
      "usd_oz": 2126,
      "usd_g": 68.35248720490308,
      "brl_oz": 11158.0984,
      "brl_g": 358.7411938462134,
      "chg_1h": 0.047058823529411764,
      "chg_24h": -1.8013856812933025
    },
    "XPD": {
      "name": "Paládio",
      "usd_oz": 1653,
      "usd_g": 53.145184077942055,
      "brl_oz": 8675.6052,
      "brl_g": 278.9271841146711,
      "chg_1h": -0.06045949214026602,
      "chg_24h": -2.535377358490566
    },
    "XCU": {
      "name": "Cobre",
      "usd_oz": 5.867952,
      "usd_g": 0.1886590376288737,
      "brl_oz": 30.7973592768,
      "brl_g": 0.9901580930913808,
      "chg_1h": 0,
      "chg_24h": -0.3692886329393225
    }
  }
}
