{
  "timestamp": 1776713673,
  "usdToBrl": 4.9831,
  "metals": {
    "XAU": {
      "name": "Ouro",
      "usd_oz": 4816.399902,
      "usd_g": 154.85085262236666,
      "brl_oz": 24000.6023516562,
      "brl_g": 771.6372837025153,
      "chg_1h": 0.026994329786417286,
      "chg_24h": -0.31046902148982986
    },
    "XAG": {
      "name": "Prata",
      "usd_oz": 79.973,
      "usd_g": 2.5711916553328855,
      "brl_oz": 398.51345630000003,
      "brl_g": 12.812505137689303,
      "chg_1h": -0.02249878195666701,
      "chg_24h": -1.2081333749124032
    },
    "XPT": {
      "name": "Platina",
      "usd_oz": 2097,
      "usd_g": 67.42011555441287,
      "brl_oz": 10449.5607,
      "brl_g": 335.9611778191948,
      "chg_1h": 0.3829583532790809,
      "chg_24h": -0.6161137440758294
    },
    "XPD": {
      "name": "Paládio",
      "usd_oz": 1581,
      "usd_g": 50.83033032500084,
      "brl_oz": 7878.2811,
      "brl_g": 253.2926190425117,
      "chg_1h": 0,
      "chg_24h": -0.06321112515802782
    },
    "XCU": {
      "name": "Cobre",
      "usd_oz": 5.994299,
      "usd_g": 0.19272118800558014,
      "brl_oz": 29.8701913469,
      "brl_g": 0.9603489519506064,
      "chg_1h": 0.47113819707383975,
      "chg_24h": -0.0617538870854171
    }
  }
}
