{
  "timestamp": 1774465805,
  "usdToBrl": 5.233,
  "metals": {
    "XAU": {
      "name": "Ouro",
      "usd_oz": 4517.100098,
      "usd_g": 145.2281404759226,
      "brl_oz": 23637.984812833998,
      "brl_g": 759.9788591105029,
      "chg_1h": -0.797202195749514,
      "chg_24h": 2.1598515895455366
    },
    "XAG": {
      "name": "Prata",
      "usd_oz": 71.553001,
      "usd_g": 2.3004824013757843,
      "brl_oz": 374.43685423299996,
      "brl_g": 12.038424406399479,
      "chg_1h": -1.4149916942686203,
      "chg_24h": 2.0902352224447123
    },
    "XPT": {
      "name": "Platina",
      "usd_oz": 1942,
      "usd_g": 62.43674983627554,
      "brl_oz": 10162.485999999999,
      "brl_g": 326.7315118932299,
      "chg_1h": -0.5632360471070148,
      "chg_24h": 0.8831168831168832
    },
    "XPD": {
      "name": "Paládio",
      "usd_oz": 1441,
      "usd_g": 46.32922580539292,
      "brl_oz": 7540.753,
      "brl_g": 242.44083863962115,
      "chg_1h": -0.414651002073255,
      "chg_24h": -0.3457814661134163
    },
    "XCU": {
      "name": "Cobre",
      "usd_oz": 5.494289,
      "usd_g": 0.17664549321380046,
      "brl_oz": 28.751614337,
      "brl_g": 0.9243858659878178,
      "chg_1h": 0.0536845189544767,
      "chg_24h": 0.20267450835063341
    }
  }
}
