{
  "timestamp": 1780690440,
  "usdToBrl": 5.0599,
  "metals": {
    "XAU": {
      "name": "Ouro",
      "usd_oz": 4314.299805,
      "usd_g": 138.70795965163612,
      "brl_oz": 21829.9255833195,
      "brl_g": 701.8484050413135,
      "chg_1h": 0,
      "chg_24h": -3.685763732018773
    },
    "XAG": {
      "name": "Prata",
      "usd_oz": 67.735001,
      "usd_g": 2.1777308509767628,
      "brl_oz": 342.7323315599,
      "brl_g": 11.019100332857322,
      "chg_1h": 0,
      "chg_24h": -8.603309900014851
    },
    "XPT": {
      "name": "Platina",
      "usd_oz": 1779,
      "usd_g": 57.19617814558918,
      "brl_oz": 9001.5621,
      "brl_g": 289.4069417988667,
      "chg_1h": 0,
      "chg_24h": -6.565126050420169
    },
    "XPD": {
      "name": "Paládio",
      "usd_oz": 1251,
      "usd_g": 40.220583957353604,
      "brl_oz": 6329.9349,
      "brl_g": 203.5121327658135,
      "chg_1h": 0,
      "chg_24h": -6.572068707991038
    },
    "XCU": {
      "name": "Cobre",
      "usd_oz": 6.306089,
      "usd_g": 0.20274546927821266,
      "brl_oz": 31.9081797311,
      "brl_g": 1.0258718000008282,
      "chg_1h": 0,
      "chg_24h": -0.2410096365887853
    }
  }
}
