{
  "timestamp": 1773184494,
  "usdToBrl": 5.1779,
  "metals": {
    "XAU": {
      "name": "Ouro",
      "usd_oz": 5192.600098,
      "usd_g": 166.94596978303082,
      "brl_oz": 26886.7640474342,
      "brl_g": 864.4295369395553,
      "chg_1h": 0.028895609248180593,
      "chg_24h": 0.7372055887467218
    },
    "XAG": {
      "name": "Prata",
      "usd_oz": 88.501999,
      "usd_g": 2.845405340665967,
      "brl_oz": 458.2545006221,
      "brl_g": 14.733224313434311,
      "chg_1h": -0.3120107267710926,
      "chg_24h": 0.9973992558862211
    },
    "XPT": {
      "name": "Platina",
      "usd_oz": 2202,
      "usd_g": 70.79594394411882,
      "brl_oz": 11401.7358,
      "brl_g": 366.5743181482528,
      "chg_1h": -0.1813236627379873,
      "chg_24h": 0.8703618873110398
    },
    "XPD": {
      "name": "Paládio",
      "usd_oz": 1682,
      "usd_g": 54.077555728432266,
      "brl_oz": 8709.2278,
      "brl_g": 280.0081758062494,
      "chg_1h": -0.05941770647653001,
      "chg_24h": -2.03843913803145
    },
    "XCU": {
      "name": "Cobre",
      "usd_oz": 5.886419,
      "usd_g": 0.18925276546575656,
      "brl_oz": 30.479288940100002,
      "brl_g": 0.9799318943051409,
      "chg_1h": 0,
      "chg_24h": 0.7257176923782517
    }
  }
}
