{
  "timestamp": 1773738477,
  "usdToBrl": 5.2703,
  "metals": {
    "XAU": {
      "name": "Ouro",
      "usd_oz": 5019.200195,
      "usd_g": 161.37103344665314,
      "brl_oz": 26452.6907877085,
      "brl_g": 850.473757573896,
      "chg_1h": -0.10945926695234401,
      "chg_24h": 0.6840403668861388
    },
    "XAG": {
      "name": "Prata",
      "usd_oz": 80.891998,
      "usd_g": 2.6007381271279617,
      "brl_oz": 426.3250970594,
      "brl_g": 13.706670151402497,
      "chg_1h": -0.1974090658488617,
      "chg_24h": 2.6040425146453785
    },
    "XPT": {
      "name": "Platina",
      "usd_oz": 2148,
      "usd_g": 69.0598036294129,
      "brl_oz": 11320.6044,
      "brl_g": 363.9658830680948,
      "chg_1h": 0.04657661853749418,
      "chg_24h": 4.8828125
    },
    "XPD": {
      "name": "Paládio",
      "usd_oz": 1641,
      "usd_g": 52.759375119118516,
      "brl_oz": 8648.5623,
      "brl_g": 278.0577346902903,
      "chg_1h": 0.2443494196701283,
      "chg_24h": 4.522292993630573
    },
    "XCU": {
      "name": "Cobre",
      "usd_oz": 5.770224,
      "usd_g": 0.1855170094682148,
      "brl_oz": 30.410811547199998,
      "brl_g": 0.9777302950003325,
      "chg_1h": -0.05892311001787004,
      "chg_24h": -0.31996567132155956
    }
  }
}
