{
  "timestamp": 1773203095,
  "usdToBrl": 5.1779,
  "metals": {
    "XAU": {
      "name": "Ouro",
      "usd_oz": 5207.5,
      "usd_g": 167.4250127561302,
      "brl_oz": 26963.91425,
      "brl_g": 866.9099735499666,
      "chg_1h": -0.0383914003263269,
      "chg_24h": 0.8169941066954264
    },
    "XAG": {
      "name": "Prata",
      "usd_oz": 88.5,
      "usd_g": 2.8453410713235763,
      "brl_oz": 458.24415,
      "brl_g": 14.732891533206345,
      "chg_1h": 0.05653250615712717,
      "chg_24h": 0.028258830816815204
    },
    "XPT": {
      "name": "Platina",
      "usd_oz": 2208,
      "usd_g": 70.98884842353058,
      "brl_oz": 11432.8032,
      "brl_g": 367.57315825219905,
      "chg_1h": 0.7759014148790506,
      "chg_24h": 1.0064043915827996
    },
    "XPD": {
      "name": "Paládio",
      "usd_oz": 1702,
      "usd_g": 54.72057065980482,
      "brl_oz": 8812.7858,
      "brl_g": 283.3376428194034,
      "chg_1h": 0.531600708800945,
      "chg_24h": 0.23557126030624262
    },
    "XCU": {
      "name": "Cobre",
      "usd_oz": 5.848318,
      "usd_g": 0.18802778987074525,
      "brl_oz": 30.2820057722,
      "brl_g": 0.9735890931717319,
      "chg_1h": -0.5502090406643874,
      "chg_24h": 0.2553045594997762
    }
  }
}
