{
  "timestamp": 1772409409,
  "usdToBrl": 5.1556,
  "metals": {
    "XAU": {
      "name": "Ouro",
      "usd_oz": 5383.100098,
      "usd_g": 173.07068700435445,
      "brl_oz": 27753.110865248796,
      "brl_g": 892.2832339196498,
      "chg_1h": 1.9487879095462883,
      "chg_24h": 1.9487879095462883
    },
    "XAG": {
      "name": "Prata",
      "usd_oz": 96.051003,
      "usd_g": 3.0881114551155258,
      "brl_oz": 495.20055106679996,
      "brl_g": 15.921067417993603,
      "chg_1h": 2.2754881883905633,
      "chg_24h": 2.2754881883905633
    },
    "XPT": {
      "name": "Platina",
      "usd_oz": 2415,
      "usd_g": 77.64405296323658,
      "brl_oz": 12450.774,
      "brl_g": 400.3016794572625,
      "chg_1h": 1.8557570645297343,
      "chg_24h": 1.8557570645297343
    },
    "XPD": {
      "name": "Paládio",
      "usd_oz": 1824,
      "usd_g": 58.64296174117744,
      "brl_oz": 9403.8144,
      "brl_g": 302.33965355281435,
      "chg_1h": 0.7178354500276091,
      "chg_24h": 0.7178354500276091
    },
    "XCU": {
      "name": "Cobre",
      "usd_oz": 6.08774,
      "usd_g": 0.19572538591569932,
      "brl_oz": 31.385952344,
      "brl_g": 1.0090817996269794,
      "chg_1h": 0,
      "chg_24h": 0
    }
  }
}
