{
  "timestamp": 1775778498,
  "usdToBrl": 5.0992,
  "metals": {
    "XAU": {
      "name": "Ouro",
      "usd_oz": 4763,
      "usd_g": 153.13400590637508,
      "brl_oz": 24287.489599999997,
      "brl_g": 780.8609229177878,
      "chg_1h": -0.020990764063811923,
      "chg_24h": 1.026596126796248
    },
    "XAG": {
      "name": "Prata",
      "usd_oz": 75.531998,
      "usd_g": 2.4284101255201156,
      "brl_oz": 385.1527642016,
      "brl_g": 12.382948912052173,
      "chg_1h": 0.13389455263751526,
      "chg_24h": 2.3163813269266744
    },
    "XPT": {
      "name": "Platina",
      "usd_oz": 2095,
      "usd_g": 67.35581406127562,
      "brl_oz": 10682.823999999999,
      "brl_g": 343.46076706125666,
      "chg_1h": -0.09537434430138292,
      "chg_24h": 2.999016715830875
    },
    "XPD": {
      "name": "Paládio",
      "usd_oz": 1568,
      "usd_g": 50.41237061960867,
      "brl_oz": 7995.5455999999995,
      "brl_g": 257.06276026350855,
      "chg_1h": -0.06373486297004462,
      "chg_24h": -1.1349306431273645
    },
    "XCU": {
      "name": "Cobre",
      "usd_oz": 5.640701,
      "usd_g": 0.18135274832040643,
      "brl_oz": 28.7630625392,
      "brl_g": 0.9247539342354164,
      "chg_1h": 0,
      "chg_24h": -0.31569841470408705
    }
  }
}
