{
  "timestamp": 1771012977,
  "usdToBrl": 5.2197,
  "metals": {
    "XAU": {
      "name": "Ouro",
      "usd_oz": 5031.5,
      "usd_g": 161.7664813600517,
      "brl_oz": 26262.92055,
      "brl_g": 844.3725027550618,
      "chg_1h": 0.009938382031405287,
      "chg_24h": 1.5213555115730455
    },
    "XAG": {
      "name": "Prata",
      "usd_oz": 77.572998,
      "usd_g": 2.494029799266685,
      "brl_oz": 404.90777766059995,
      "brl_g": 13.018087343232315,
      "chg_1h": -0.5346839475492762,
      "chg_24h": 1.0170304198353952
    },
    "XPT": {
      "name": "Platina",
      "usd_oz": 2081,
      "usd_g": 66.90570360931483,
      "brl_oz": 10862.195699999998,
      "brl_g": 349.22770112954055,
      "chg_1h": -0.43062200956937796,
      "chg_24h": 1.7106549364613879
    },
    "XPD": {
      "name": "Paládio",
      "usd_oz": 1721,
      "usd_g": 55.33143484460876,
      "brl_oz": 8983.1037,
      "brl_g": 288.8134904584043,
      "chg_1h": 0.8792497069167644,
      "chg_24h": 3.053892215568862
    },
    "XCU": {
      "name": "Cobre",
      "usd_oz": 5.877408,
      "usd_g": 0.18896305508842665,
      "brl_oz": 30.678306537599997,
      "brl_g": 0.9863304586450605,
      "chg_1h": -0.4088933412114989,
      "chg_24h": -2.946140581103701
    }
  }
}
