{
  "timestamp": 1774307803,
  "usdToBrl": 5.2552,
  "metals": {
    "XAU": {
      "name": "Ouro",
      "usd_oz": 4441.600098,
      "usd_g": 142.8007591099912,
      "brl_oz": 23341.496835009602,
      "brl_g": 750.4465492748258,
      "chg_1h": 0.7599645937078265,
      "chg_24h": -1.13740278189207
    },
    "XAG": {
      "name": "Prata",
      "usd_oz": 70.086998,
      "usd_g": 2.253349310453936,
      "brl_oz": 368.3211918896,
      "brl_g": 11.841801296297525,
      "chg_1h": 1.1823641849732518,
      "chg_24h": 1.8810039085517982
    },
    "XPT": {
      "name": "Platina",
      "usd_oz": 1902,
      "usd_g": 61.15071997353042,
      "brl_oz": 9995.3904,
      "brl_g": 321.3592636048971,
      "chg_1h": 0.7415254237288136,
      "chg_24h": -1.8575851393188854
    },
    "XPD": {
      "name": "Paládio",
      "usd_oz": 1462,
      "usd_g": 47.00439148333411,
      "brl_oz": 7683.102400000001,
      "brl_g": 247.01747812321744,
      "chg_1h": 0.2743484224965706,
      "chg_24h": 1.3167013167013166
    },
    "XCU": {
      "name": "Cobre",
      "usd_oz": 5.485744,
      "usd_g": 0.17637076508437155,
      "brl_oz": 28.828681868800004,
      "brl_g": 0.9268636446713894,
      "chg_1h": 0,
      "chg_24h": 1.5363503585866352
    }
  }
}
