{
  "timestamp": 1776434932,
  "usdToBrl": 4.9882,
  "metals": {
    "XAU": {
      "name": "Ouro",
      "usd_oz": 4870.700195,
      "usd_g": 156.5966475812119,
      "brl_oz": 24296.026712699,
      "brl_g": 781.1353974646012,
      "chg_1h": 0.9429660565617216,
      "chg_24h": 1.0959192609643436
    },
    "XAG": {
      "name": "Prata",
      "usd_oz": 82.366997,
      "usd_g": 2.6481604461659414,
      "brl_oz": 410.8630544354,
      "brl_g": 13.209553937564948,
      "chg_1h": 2.48858371552691,
      "chg_24h": 3.619322018350029
    },
    "XPT": {
      "name": "Platina",
      "usd_oz": 2142,
      "usd_g": 68.86689915000113,
      "brl_oz": 10684.7244,
      "brl_g": 343.5218663400356,
      "chg_1h": 0.7525870178739417,
      "chg_24h": 0.1402524544179523
    },
    "XPD": {
      "name": "Paládio",
      "usd_oz": 1627,
      "usd_g": 52.30926466715773,
      "brl_oz": 8115.8014,
      "brl_g": 260.92907401271617,
      "chg_1h": 2.198492462311558,
      "chg_24h": 1.9423558897243107
    },
    "XCU": {
      "name": "Cobre",
      "usd_oz": 5.985378,
      "usd_g": 0.1924343711954414,
      "brl_oz": 29.8562625396,
      "brl_g": 0.9599011303971008,
      "chg_1h": 0.4134558618881199,
      "chg_24h": 0.5831268302536274
    }
  }
}
