{
  "timestamp": 1773241975,
  "usdToBrl": 5.1711,
  "metals": {
    "XAU": {
      "name": "Ouro",
      "usd_oz": 5175.399902,
      "usd_g": 166.3929706405041,
      "brl_oz": 26762.5104332322,
      "brl_g": 860.4346904791108,
      "chg_1h": -0.12543661828533717,
      "chg_24h": -0.8164066308930603
    },
    "XAG": {
      "name": "Prata",
      "usd_oz": 85.282997,
      "usd_g": 2.74191202316006,
      "brl_oz": 441.0069057867,
      "brl_g": 14.178701262962987,
      "chg_1h": -0.8694552165953046,
      "chg_24h": -4.712798792335266
    },
    "XPT": {
      "name": "Platina",
      "usd_oz": 2207,
      "usd_g": 70.95669767696195,
      "brl_oz": 11412.6177,
      "brl_g": 366.92417935733795,
      "chg_1h": 0.5466970387243736,
      "chg_24h": -1.6488413547237075
    },
    "XPD": {
      "name": "Paládio",
      "usd_oz": 1661,
      "usd_g": 53.40239005049108,
      "brl_oz": 8589.1971,
      "brl_g": 276.14909919009443,
      "chg_1h": -0.12026458208057728,
      "chg_24h": -2.005899705014749
    },
    "XCU": {
      "name": "Cobre",
      "usd_oz": 5.81135,
      "usd_g": 0.18683924107159622,
      "brl_oz": 30.051071985,
      "brl_g": 0.9661643995053312,
      "chg_1h": 0.2935623384199058,
      "chg_24h": -1.1178236681869858
    }
  }
}
