{
  "timestamp": 1771189391,
  "usdToBrl": 5.2197,
  "metals": {
    "XAU": {
      "name": "Ouro",
      "usd_oz": 5043.200195,
      "usd_g": 162.14265136430024,
      "brl_oz": 26323.9920578415,
      "brl_g": 846.3359973262378,
      "chg_1h": 0,
      "chg_24h": 0
    },
    "XAG": {
      "name": "Prata",
      "usd_oz": 77.57,
      "usd_g": 2.4939334113284723,
      "brl_oz": 404.89212899999995,
      "brl_g": 13.017584227111225,
      "chg_1h": 0,
      "chg_24h": 0
    },
    "XPT": {
      "name": "Platina",
      "usd_oz": 2073,
      "usd_g": 66.64849763676581,
      "brl_oz": 10820.4381,
      "brl_g": 347.8851631146265,
      "chg_1h": 0,
      "chg_24h": 0
    },
    "XPD": {
      "name": "Paládio",
      "usd_oz": 1718,
      "usd_g": 55.234982604902875,
      "brl_oz": 8967.444599999999,
      "brl_g": 288.31003870281154,
      "chg_1h": 0,
      "chg_24h": 0
    },
    "XCU": {
      "name": "Cobre",
      "usd_oz": 5.877408,
      "usd_g": 0.18896305508842665,
      "brl_oz": 30.678306537599997,
      "brl_g": 0.9863304586450605,
      "chg_1h": 0,
      "chg_24h": 0
    }
  }
}
