{
  "timestamp": 1775520133,
  "usdToBrl": 5.1818,
  "metals": {
    "XAU": {
      "name": "Ouro",
      "usd_oz": 4652.799805,
      "usd_g": 149.5909873651167,
      "brl_oz": 24109.878029549,
      "brl_g": 775.1505783285617,
      "chg_1h": -0.16951079600606445,
      "chg_24h": 0.7426611453935185
    },
    "XAG": {
      "name": "Prata",
      "usd_oz": 72.847,
      "usd_g": 2.3420854352848424,
      "brl_oz": 377.4785846,
      "brl_g": 12.136218308558997,
      "chg_1h": -0.4319150272155476,
      "chg_24h": 1.3410638951742069
    },
    "XPT": {
      "name": "Platina",
      "usd_oz": 1983,
      "usd_g": 63.75493044558929,
      "brl_oz": 10275.5094,
      "brl_g": 330.36529858295455,
      "chg_1h": -0.6015037593984963,
      "chg_24h": 0.5068423720223011
    },
    "XPD": {
      "name": "Paládio",
      "usd_oz": 1502,
      "usd_g": 48.29042134607923,
      "brl_oz": 7783.0635999999995,
      "brl_g": 250.23130533111333,
      "chg_1h": -0.2656042496679947,
      "chg_24h": -0.5298013245033113
    },
    "XCU": {
      "name": "Cobre",
      "usd_oz": 5.519085,
      "usd_g": 0.17744270312571614,
      "brl_oz": 28.598794653,
      "brl_g": 0.9194725990568359,
      "chg_1h": -0.08380231127101147,
      "chg_24h": -0.08380231127101147
    }
  }
}
