{
  "timestamp": 1782888757,
  "usdToBrl": 5.1784,
  "metals": {
    "XAU": {
      "name": "Ouro",
      "usd_oz": 3972.300049,
      "usd_g": 127.71241216994751,
      "brl_oz": 20570.1585737416,
      "brl_g": 661.3459551808562,
      "chg_1h": 0,
      "chg_24h": -1.534378631496843
    },
    "XAG": {
      "name": "Prata",
      "usd_oz": 57.595001,
      "usd_g": 1.8517222807708753,
      "brl_oz": 298.2499531784,
      "brl_g": 9.5889586587439,
      "chg_1h": 0,
      "chg_24h": -2.676625108963898
    },
    "XPT": {
      "name": "Platina",
      "usd_oz": 1539,
      "usd_g": 49.47999896911846,
      "brl_oz": 7969.5576,
      "brl_g": 256.22722666168306,
      "chg_1h": 0,
      "chg_24h": -2.9634300126103406
    },
    "XPD": {
      "name": "Paládio",
      "usd_oz": 1206,
      "usd_g": 38.773800361765346,
      "brl_oz": 6245.1503999999995,
      "brl_g": 200.78624779336567,
      "chg_1h": 0,
      "chg_24h": -4.285714285714286
    },
    "XCU": {
      "name": "Cobre",
      "usd_oz": 6.030057,
      "usd_g": 0.19387083440138114,
      "brl_oz": 31.2260471688,
      "brl_g": 1.003940728864112,
      "chg_1h": 0,
      "chg_24h": -0.4766348414969208
    }
  }
}
