{
  "timestamp": 1770797324,
  "usdToBrl": 5.2067,
  "metals": {
    "XAU": {
      "name": "Ouro",
      "usd_oz": 5054.799805,
      "usd_g": 162.51558748570514,
      "brl_oz": 26318.826144693496,
      "brl_g": 846.1699093618209,
      "chg_1h": -0.08894511441193392,
      "chg_24h": 0.3274914284303889
    },
    "XAG": {
      "name": "Prata",
      "usd_oz": 83.944,
      "usd_g": 2.698862269956907,
      "brl_oz": 437.0712248,
      "brl_g": 14.052166180984628,
      "chg_1h": 0.4631580892463573,
      "chg_24h": 2.5783904000782063
    },
    "XPT": {
      "name": "Platina",
      "usd_oz": 2158,
      "usd_g": 69.38131109509918,
      "brl_oz": 11236.058599999998,
      "brl_g": 361.24767247885285,
      "chg_1h": 0.6060606060606061,
      "chg_24h": 3.0563514804202483
    },
    "XPD": {
      "name": "Paládio",
      "usd_oz": 1776,
      "usd_g": 57.0997259058833,
      "brl_oz": 9247.099199999999,
      "brl_g": 297.30114287416257,
      "chg_1h": 0.5662514156285391,
      "chg_24h": 1.6018306636155606
    },
    "XCU": {
      "name": "Cobre",
      "usd_oz": 5.912803,
      "usd_g": 0.19010103076322324,
      "brl_oz": 30.7861913801,
      "brl_g": 0.9897990368748744,
      "chg_1h": 0.01021616491596526,
      "chg_24h": 0.8133365160014369
    }
  }
}
