{
  "timestamp": 1776725935,
  "usdToBrl": 4.9831,
  "metals": {
    "XAU": {
      "name": "Ouro",
      "usd_oz": 4828.5,
      "usd_g": 155.2398798066202,
      "brl_oz": 24060.898350000003,
      "brl_g": 773.5758450643691,
      "chg_1h": -0.016561510618404256,
      "chg_24h": 0.9449584354455982
    },
    "XAG": {
      "name": "Prata",
      "usd_oz": 80.207001,
      "usd_g": 2.5787149621806913,
      "brl_oz": 399.67950668310004,
      "brl_g": 12.849994528042604,
      "chg_1h": 0.22617648981361893,
      "chg_24h": 0.6323450573123449
    },
    "XPT": {
      "name": "Platina",
      "usd_oz": 2104,
      "usd_g": 67.64517078039327,
      "brl_oz": 10484.4424,
      "brl_g": 337.08265051577774,
      "chg_1h": 0.14278914802475012,
      "chg_24h": 0.42959427207637235
    },
    "XPD": {
      "name": "Paládio",
      "usd_oz": 1587,
      "usd_g": 51.02323480441261,
      "brl_oz": 7908.179700000001,
      "brl_g": 254.25388135386848,
      "chg_1h": -0.43914680050188204,
      "chg_24h": 1.0828025477707006
    },
    "XCU": {
      "name": "Cobre",
      "usd_oz": 5.994299,
      "usd_g": 0.19272118800558014,
      "brl_oz": 29.8701913469,
      "brl_g": 0.9603489519506064,
      "chg_1h": 0,
      "chg_24h": -0.0617538870854171
    }
  }
}
