{
  "timestamp": 1774556442,
  "usdToBrl": 5.2366,
  "metals": {
    "XAU": {
      "name": "Ouro",
      "usd_oz": 4398.200195,
      "usd_g": 141.40541982753518,
      "brl_oz": 23031.615141137,
      "brl_g": 740.4836214688708,
      "chg_1h": 0.34909063273424124,
      "chg_24h": -2.7140549372862393
    },
    "XAG": {
      "name": "Prata",
      "usd_oz": 68.443001,
      "usd_g": 2.2004935795473513,
      "brl_oz": 358.4086190366,
      "brl_g": 11.52310467865766,
      "chg_1h": 1.104957530098238,
      "chg_24h": -4.482587460506431
    },
    "XPT": {
      "name": "Platina",
      "usd_oz": 1844,
      "usd_g": 59.28597667255,
      "brl_oz": 9656.2904,
      "brl_g": 310.4569454434753,
      "chg_1h": 0.5452562704471101,
      "chg_24h": -4.948453608247423
    },
    "XPD": {
      "name": "Paládio",
      "usd_oz": 1382,
      "usd_g": 44.43233175784387,
      "brl_oz": 7236.9812,
      "brl_g": 232.67434848312521,
      "chg_1h": 0.6554989075018208,
      "chg_24h": -4.094378903539209
    },
    "XCU": {
      "name": "Cobre",
      "usd_oz": 5.448024,
      "usd_g": 0.17515803892380288,
      "brl_oz": 28.5291224784,
      "brl_g": 0.9172325866283862,
      "chg_1h": 0,
      "chg_24h": -0.8747834602080701
    }
  }
}
