{
  "timestamp": 1773271495,
  "usdToBrl": 5.1711,
  "metals": {
    "XAU": {
      "name": "Ouro",
      "usd_oz": 5155.299805,
      "usd_g": 165.74673751585223,
      "brl_oz": 26658.570821635498,
      "brl_g": 857.0929543682234,
      "chg_1h": -0.2746918464068159,
      "chg_24h": -0.7183355601438853
    },
    "XAG": {
      "name": "Prata",
      "usd_oz": 85.185997,
      "usd_g": 2.7387934007429036,
      "brl_oz": 440.5053090867,
      "brl_g": 14.162574554581628,
      "chg_1h": -0.2587621684115406,
      "chg_24h": -3.746810283912341
    },
    "XPT": {
      "name": "Platina",
      "usd_oz": 2163,
      "usd_g": 69.54206482794233,
      "brl_oz": 11185.0893,
      "brl_g": 359.60897143177255,
      "chg_1h": -0.13850415512465375,
      "chg_24h": -1.7711171662125342
    },
    "XPD": {
      "name": "Paládio",
      "usd_oz": 1647,
      "usd_g": 52.95227959853028,
      "brl_oz": 8516.8017,
      "brl_g": 273.8215330319599,
      "chg_1h": -0.3026634382566586,
      "chg_24h": -2.080856123662307
    },
    "XCU": {
      "name": "Cobre",
      "usd_oz": 5.80633,
      "usd_g": 0.1866778443238217,
      "brl_oz": 30.025113063,
      "brl_g": 0.9653298007829144,
      "chg_1h": 0,
      "chg_24h": -1.3605725314490877
    }
  }
}
