{
  "timestamp": 1778198884,
  "usdToBrl": 4.9167,
  "metals": {
    "XAU": {
      "name": "Ouro",
      "usd_oz": 4708.600098,
      "usd_g": 151.38500844381488,
      "brl_oz": 23150.774101836596,
      "brl_g": 744.3146710157046,
      "chg_1h": 0.33669224464179415,
      "chg_24h": 0.34096235915818285
    },
    "XAG": {
      "name": "Prata",
      "usd_oz": 79.495003,
      "usd_g": 2.555823694925321,
      "brl_oz": 390.85308125009993,
      "brl_g": 12.566218360839326,
      "chg_1h": 0.7069017422451742,
      "chg_24h": 2.5318643278095263
    },
    "XPT": {
      "name": "Platina",
      "usd_oz": 2043,
      "usd_g": 65.68397523970697,
      "brl_oz": 10044.818099999999,
      "brl_g": 322.9484010610672,
      "chg_1h": 0.5908419497784343,
      "chg_24h": -1.2566457225712904
    },
    "XPD": {
      "name": "Paládio",
      "usd_oz": 1506,
      "usd_g": 48.41902433235374,
      "brl_oz": 7404.5502,
      "brl_g": 238.06181693488364,
      "chg_1h": 0.3331112591605596,
      "chg_24h": -3.6468330134357005
    },
    "XCU": {
      "name": "Cobre",
      "usd_oz": 5.994223,
      "usd_g": 0.19271874454884091,
      "brl_oz": 29.471796224099997,
      "brl_g": 0.947540251323286,
      "chg_1h": -0.800697579819043,
      "chg_24h": -0.6845617790620271
    }
  }
}
