{
  "timestamp": 1774390682,
  "usdToBrl": 5.2669,
  "metals": {
    "XAU": {
      "name": "Ouro",
      "usd_oz": 4480.899902,
      "usd_g": 144.06427714859197,
      "brl_oz": 23600.4516938438,
      "brl_g": 758.772141313919,
      "chg_1h": 0.1251334490204162,
      "chg_24h": 1.6515007005632707
    },
    "XAG": {
      "name": "Prata",
      "usd_oz": 71.449997,
      "usd_g": 2.2971707458762296,
      "brl_oz": 376.3199891993,
      "brl_g": 12.098968601455512,
      "chg_1h": 0.1289203697155046,
      "chg_24h": 3.1500823800335476
    },
    "XPT": {
      "name": "Platina",
      "usd_oz": 1942,
      "usd_g": 62.43674983627554,
      "brl_oz": 10228.3198,
      "brl_g": 328.8481177126796,
      "chg_1h": -0.0514668039114771,
      "chg_24h": 2.860169491525424
    },
    "XPD": {
      "name": "Paládio",
      "usd_oz": 1461,
      "usd_g": 46.97224073676548,
      "brl_oz": 7694.9409,
      "brl_g": 247.39809473647009,
      "chg_1h": 0,
      "chg_24h": 0.205761316872428
    },
    "XCU": {
      "name": "Cobre",
      "usd_oz": 5.450773,
      "usd_g": 0.17524642132612003,
      "brl_oz": 28.708676313699996,
      "brl_g": 0.9230053764825416,
      "chg_1h": 0,
      "chg_24h": -0.6374887344360314
    }
  }
}
