{
  "timestamp": 1779922463,
  "usdToBrl": 5.0458,
  "metals": {
    "XAU": {
      "name": "Ouro",
      "usd_oz": 4459.200195,
      "usd_g": 143.3666153682215,
      "brl_oz": 22500.232343931002,
      "brl_g": 723.399267824972,
      "chg_1h": 0.038142344363440245,
      "chg_24h": -1.0495907023188649
    },
    "XAG": {
      "name": "Prata",
      "usd_oz": 74.817001,
      "usd_g": 2.4054224381757865,
      "brl_oz": 377.5116236458,
      "brl_g": 12.137280538547383,
      "chg_1h": 0.0601802789742128,
      "chg_24h": -3.072979191090206
    },
    "XPT": {
      "name": "Platina",
      "usd_oz": 1936,
      "usd_g": 62.24384535686377,
      "brl_oz": 9768.6688,
      "brl_g": 314.0699949016632,
      "chg_1h": 0.1034126163391934,
      "chg_24h": -1.5259409969481181
    },
    "XPD": {
      "name": "Paládio",
      "usd_oz": 1410,
      "usd_g": 45.332552661765455,
      "brl_oz": 7114.5779999999995,
      "brl_g": 228.73899422073612,
      "chg_1h": -0.07087172218284904,
      "chg_24h": 0.14204545454545456
    },
    "XCU": {
      "name": "Cobre",
      "usd_oz": 6.161136,
      "usd_g": 0.19808512211085033,
      "brl_oz": 31.087860028799998,
      "brl_g": 0.9994979091469286,
      "chg_1h": 0,
      "chg_24h": 0.30016126464299125
    }
  }
}
