{
  "timestamp": 1778542856,
  "usdToBrl": 4.9019,
  "metals": {
    "XAU": {
      "name": "Ouro",
      "usd_oz": 4759.100098,
      "usd_g": 153.00862114553058,
      "brl_oz": 23328.6327703862,
      "brl_g": 750.0329599932764,
      "chg_1h": 0.3436850314199639,
      "chg_24h": 1.4300958653026405
    },
    "XAG": {
      "name": "Prata",
      "usd_oz": 87.308998,
      "usd_g": 2.8070494678588473,
      "brl_oz": 427.97997729620005,
      "brl_g": 13.759875786497284,
      "chg_1h": 0.8024107142589209,
      "chg_24h": 9.001359679913099
    },
    "XPT": {
      "name": "Platina",
      "usd_oz": 2151,
      "usd_g": 69.1562558691188,
      "brl_oz": 10543.986900000002,
      "brl_g": 338.99705064483345,
      "chg_1h": 0.13966480446927373,
      "chg_24h": 5.234833659491193
    },
    "XPD": {
      "name": "Paládio",
      "usd_oz": 1537,
      "usd_g": 49.415697475981204,
      "brl_oz": 7534.220300000001,
      "brl_g": 242.23080745751227,
      "chg_1h": 0.13029315960912052,
      "chg_24h": 2.6034712950600802
    },
    "XCU": {
      "name": "Cobre",
      "usd_oz": 6.253536,
      "usd_g": 0.20105585109379157,
      "brl_oz": 30.654208118400003,
      "brl_g": 0.985555676476657,
      "chg_1h": 0,
      "chg_24h": 1.884614200289
    }
  }
}
