{
  "timestamp": 1771842745,
  "usdToBrl": 5.2144,
  "metals": {
    "XAU": {
      "name": "Ouro",
      "usd_oz": 5151.899902,
      "usd_g": 165.63742809614135,
      "brl_oz": 26864.0668489888,
      "brl_g": 863.6998050645195,
      "chg_1h": 0.06992788175436221,
      "chg_24h": 0.8614107724149368
    },
    "XAG": {
      "name": "Prata",
      "usd_oz": 86.917999,
      "usd_g": 2.79447855810126,
      "brl_oz": 453.2252139856,
      "brl_g": 14.571528993363211,
      "chg_1h": 0.03567622272979217,
      "chg_24h": 2.5387537755556933
    },
    "XPT": {
      "name": "Platina",
      "usd_oz": 2166,
      "usd_g": 69.63851706764821,
      "brl_oz": 11294.3904,
      "brl_g": 363.12308339754486,
      "chg_1h": -0.41379310344827586,
      "chg_24h": -0.046146746654360866
    },
    "XPD": {
      "name": "Paládio",
      "usd_oz": 1800,
      "usd_g": 57.87134382353037,
      "brl_oz": 9385.92,
      "brl_g": 301.7643352334168,
      "chg_1h": 0.7838745800671892,
      "chg_24h": 0.9534492428491307
    },
    "XCU": {
      "name": "Cobre",
      "usd_oz": 5.778313,
      "usd_g": 0.18577707685720846,
      "brl_oz": 30.130435307200003,
      "brl_g": 0.9687159895642279,
      "chg_1h": 0.00784027304225735,
      "chg_24h": 0.15589361586695938
    }
  }
}
