{
  "timestamp": 1773824790,
  "usdToBrl": 5.2089,
  "metals": {
    "XAU": {
      "name": "Ouro",
      "usd_oz": 4991.799805,
      "usd_g": 160.49009045188157,
      "brl_oz": 26001.786004264497,
      "brl_g": 835.976832154806,
      "chg_1h": -0.06807314756682535,
      "chg_24h": -0.5459114786315212
    },
    "XAG": {
      "name": "Prata",
      "usd_oz": 79.695999,
      "usd_g": 2.562285866382629,
      "brl_oz": 415.1284891911,
      "brl_g": 13.346690849400476,
      "chg_1h": -0.08274867627756412,
      "chg_24h": -1.4785133629657663
    },
    "XPT": {
      "name": "Platina",
      "usd_oz": 2096,
      "usd_g": 67.38796480784426,
      "brl_oz": 10917.8544,
      "brl_g": 351.01716988757994,
      "chg_1h": -0.4748338081671415,
      "chg_24h": -2.4208566108007448
    },
    "XPD": {
      "name": "Paládio",
      "usd_oz": 1603,
      "usd_g": 51.53764674951066,
      "brl_oz": 8349.8667,
      "brl_g": 268.4544481535261,
      "chg_1h": -0.3109452736318408,
      "chg_24h": -2.315661182205972
    },
    "XCU": {
      "name": "Cobre",
      "usd_oz": 5.725092,
      "usd_g": 0.1840659819740795,
      "brl_oz": 29.8214317188,
      "brl_g": 0.9587812935047827,
      "chg_1h": 0.12163052406755012,
      "chg_24h": -0.7821533444802097
    }
  }
}
