{
  "timestamp": 1776445791,
  "usdToBrl": 4.9764,
  "metals": {
    "XAU": {
      "name": "Ouro",
      "usd_oz": 4860.299805,
      "usd_g": 156.26226727810698,
      "brl_oz": 24186.795949601998,
      "brl_g": 777.6235468827715,
      "chg_1h": -0.25243797464620576,
      "chg_24h": 1.5142654862947014
    },
    "XAG": {
      "name": "Prata",
      "usd_oz": 82.081001,
      "usd_g": 2.6389654612503,
      "brl_oz": 408.4678933764,
      "brl_g": 13.132547721365993,
      "chg_1h": -0.5729582991380381,
      "chg_24h": 4.41546871370731
    },
    "XPT": {
      "name": "Platina",
      "usd_oz": 2133,
      "usd_g": 68.57754243088348,
      "brl_oz": 10614.6612,
      "brl_g": 341.26928215304855,
      "chg_1h": -0.09367681498829039,
      "chg_24h": 1.1859582542694498
    },
    "XPD": {
      "name": "Paládio",
      "usd_oz": 1607,
      "usd_g": 51.666249735785165,
      "brl_oz": 7997.0748,
      "brl_g": 257.1119251851613,
      "chg_1h": -0.18633540372670807,
      "chg_24h": 0.7523510971786834
    },
    "XCU": {
      "name": "Cobre",
      "usd_oz": 5.99324,
      "usd_g": 0.19268714036496395,
      "brl_oz": 29.824759536000002,
      "brl_g": 0.9588882853122066,
      "chg_1h": -0.11466437337919533,
      "chg_24h": 0.8113025247400929
    }
  }
}
