{
  "timestamp": 1779834354,
  "usdToBrl": 5.0201,
  "metals": {
    "XAU": {
      "name": "Ouro",
      "usd_oz": 4506.5,
      "usd_g": 144.887339411522,
      "brl_oz": 22623.08065,
      "brl_g": 727.3489325797816,
      "chg_1h": -0.03549384364179859,
      "chg_24h": -1.4778884709925273
    },
    "XAG": {
      "name": "Prata",
      "usd_oz": 77.189003,
      "usd_g": 2.481684073338065,
      "brl_oz": 387.49651396030004,
      "brl_g": 12.458302216564421,
      "chg_1h": 0.1557085209357809,
      "chg_24h": -1.313030531616402
    },
    "XPT": {
      "name": "Platina",
      "usd_oz": 1966,
      "usd_g": 63.20836775392261,
      "brl_oz": 9869.5166,
      "brl_g": 317.3123269614669,
      "chg_1h": 0,
      "chg_24h": -0.3547896604156108
    },
    "XPD": {
      "name": "Paládio",
      "usd_oz": 1408,
      "usd_g": 45.2682511686282,
      "brl_oz": 7068.3008,
      "brl_g": 227.25114769163042,
      "chg_1h": 0.07107320540156362,
      "chg_24h": -0.7052186177715092
    },
    "XCU": {
      "name": "Cobre",
      "usd_oz": 6.142698,
      "usd_g": 0.19749232664561797,
      "brl_oz": 30.836958229800004,
      "brl_g": 0.9914312289936669,
      "chg_1h": 0,
      "chg_24h": 0.25414851922419396
    }
  }
}
