{
  "timestamp": 1781707076,
  "usdToBrl": 5.084,
  "metals": {
    "XAU": {
      "name": "Ouro",
      "usd_oz": 4357.399902,
      "usd_g": 140.0936599473664,
      "brl_oz": 22153.021101767998,
      "brl_g": 712.2361671724108,
      "chg_1h": 0,
      "chg_24h": 0.7328225621516925
    },
    "XAG": {
      "name": "Prata",
      "usd_oz": 70.862999,
      "usd_g": 2.278298321941938,
      "brl_oz": 360.267486916,
      "brl_g": 11.58286866875281,
      "chg_1h": 0,
      "chg_24h": 1.2661332123183349
    },
    "XPT": {
      "name": "Platina",
      "usd_oz": 1801,
      "usd_g": 57.90349457009899,
      "brl_oz": 9156.284,
      "brl_g": 294.38136639438324,
      "chg_1h": 0,
      "chg_24h": -0.2768549280177187
    },
    "XPD": {
      "name": "Paládio",
      "usd_oz": 1385,
      "usd_g": 44.52878399754975,
      "brl_oz": 7041.339999999999,
      "brl_g": 226.3843378435429,
      "chg_1h": 0,
      "chg_24h": 0.9475218658892128
    },
    "XCU": {
      "name": "Cobre",
      "usd_oz": 6.227672,
      "usd_g": 0.20022430418454057,
      "brl_oz": 31.661484448,
      "brl_g": 1.0179403624742043,
      "chg_1h": 0,
      "chg_24h": 0.43035091516090773
    }
  }
}
