{
  "timestamp": 1784673639,
  "usdToBrl": 5.0794,
  "metals": {
    "XAU": {
      "name": "Ouro",
      "usd_oz": 4085.800049,
      "usd_g": 131.3615219054868,
      "brl_oz": 20753.412768890597,
      "brl_g": 667.2377143667296,
      "chg_1h": 0.1740774777575662,
      "chg_24h": 1.8851952252692021
    },
    "XAG": {
      "name": "Prata",
      "usd_oz": 59.028999,
      "usd_g": 1.8978263870487946,
      "brl_oz": 299.83189752059997,
      "brl_g": 9.639819350375646,
      "chg_1h": 0.19860130701047393,
      "chg_24h": 4.559378104352912
    },
    "XPT": {
      "name": "Platina",
      "usd_oz": 1636,
      "usd_g": 52.598621386275376,
      "brl_oz": 8309.8984,
      "brl_g": 267.16943746944713,
      "chg_1h": 0.1837109614206981,
      "chg_24h": 2.313946216385241
    },
    "XPD": {
      "name": "Paládio",
      "usd_oz": 1304,
      "usd_g": 41.924573525490885,
      "brl_oz": 6623.5376,
      "brl_g": 212.95167876537838,
      "chg_1h": 0.23059185242121444,
      "chg_24h": 2.0344287949921753
    },
    "XCU": {
      "name": "Cobre",
      "usd_oz": 6.278399,
      "usd_g": 0.20185521510572735,
      "brl_oz": 31.8904998806,
      "brl_g": 1.0253033796080315,
      "chg_1h": 0,
      "chg_24h": 2.4872890700612422
    }
  }
}
