{
  "timestamp": 1781191300,
  "usdToBrl": 5.1604,
  "metals": {
    "XAU": {
      "name": "Ouro",
      "usd_oz": 4088.899902,
      "usd_g": 131.46118449368979,
      "brl_oz": 21100.3590542808,
      "brl_g": 678.3922964612368,
      "chg_1h": 0,
      "chg_24h": -2.2075071437711973
    },
    "XAG": {
      "name": "Prata",
      "usd_oz": 64.292,
      "usd_g": 2.06703579839023,
      "brl_oz": 331.77243680000004,
      "brl_g": 10.666731534012944,
      "chg_1h": 0,
      "chg_24h": -2.123701927242939
    },
    "XPT": {
      "name": "Platina",
      "usd_oz": 1686,
      "usd_g": 54.206158714706774,
      "brl_oz": 8700.4344,
      "brl_g": 279.7254614313728,
      "chg_1h": 0,
      "chg_24h": -1.288056206088993
    },
    "XPD": {
      "name": "Paládio",
      "usd_oz": 1281,
      "usd_g": 41.18510635441245,
      "brl_oz": 6610.472400000001,
      "brl_g": 212.53162283131,
      "chg_1h": 0,
      "chg_24h": 1.025236593059937
    },
    "XCU": {
      "name": "Cobre",
      "usd_oz": 6.122439,
      "usd_g": 0.19684098467088412,
      "brl_oz": 31.5942342156,
      "brl_g": 1.0157782172956304,
      "chg_1h": 0,
      "chg_24h": -1.2775115589907677
    }
  }
}
