{
  "timestamp": 1779684882,
  "usdToBrl": 5.0164,
  "metals": {
    "XAU": {
      "name": "Ouro",
      "usd_oz": 4565.899902,
      "usd_g": 146.79709060692534,
      "brl_oz": 22904.3802683928,
      "brl_g": 736.3929253205803,
      "chg_1h": 0,
      "chg_24h": 1.2282430329231817
    },
    "XAG": {
      "name": "Prata",
      "usd_oz": 78.073997,
      "usd_g": 2.5101372911468216,
      "brl_oz": 391.65039855080005,
      "brl_g": 12.591852707308917,
      "chg_1h": 0,
      "chg_24h": 3.213779284633853
    },
    "XPT": {
      "name": "Platina",
      "usd_oz": 1976,
      "usd_g": 63.52987521960889,
      "brl_oz": 9912.4064,
      "brl_g": 318.69126605164604,
      "chg_1h": 0,
      "chg_24h": 2.383419689119171
    },
    "XPD": {
      "name": "Paládio",
      "usd_oz": 1408,
      "usd_g": 45.2682511686282,
      "brl_oz": 7063.0912,
      "brl_g": 227.08365516230648,
      "chg_1h": 0,
      "chg_24h": 2.4745269286754
    },
    "XCU": {
      "name": "Cobre",
      "usd_oz": 6.127126,
      "usd_g": 0.1969916752200513,
      "brl_oz": 30.736114866399998,
      "brl_g": 0.9881890395738653,
      "chg_1h": 0,
      "chg_24h": 0
    }
  }
}
