{
  "timestamp": 1779760049,
  "usdToBrl": 5.0026,
  "metals": {
    "XAU": {
      "name": "Ouro",
      "usd_oz": 4534.100098,
      "usd_g": 145.77470316758928,
      "brl_oz": 22682.2891502548,
      "brl_g": 729.2525300661822,
      "chg_1h": -0.5592595721538209,
      "chg_24h": -0.850642947736718
    },
    "XAG": {
      "name": "Prata",
      "usd_oz": 76.192001,
      "usd_g": 2.44962971470765,
      "brl_oz": 381.15810420260004,
      "brl_g": 12.254517610796489,
      "chg_1h": -1.9761167909678634,
      "chg_24h": -3.0339990854204366
    },
    "XPT": {
      "name": "Platina",
      "usd_oz": 1954,
      "usd_g": 62.82255879509908,
      "brl_oz": 9775.0804,
      "brl_g": 314.27613262836263,
      "chg_1h": -0.7113821138211381,
      "chg_24h": -0.8121827411167513
    },
    "XPD": {
      "name": "Paládio",
      "usd_oz": 1399,
      "usd_g": 44.97889444951055,
      "brl_oz": 6998.6374000000005,
      "brl_g": 225.01141737312147,
      "chg_1h": -0.7801418439716312,
      "chg_24h": 0
    },
    "XCU": {
      "name": "Cobre",
      "usd_oz": 6.138995,
      "usd_g": 0.19737327243107436,
      "brl_oz": 30.710936387000004,
      "brl_g": 0.9873795326636926,
      "chg_1h": 0.19371235388338343,
      "chg_24h": 0.19371235388338343
    }
  }
}
