{
  "timestamp": 1774956775,
  "usdToBrl": 5.2402,
  "metals": {
    "XAU": {
      "name": "Ouro",
      "usd_oz": 4572.100098,
      "usd_g": 146.99643153719714,
      "brl_oz": 23958.7189335396,
      "brl_g": 770.2907005412204,
      "chg_1h": 0.37100242089359015,
      "chg_24h": 0.7092710565229502
    },
    "XAG": {
      "name": "Prata",
      "usd_oz": 73.011002,
      "usd_g": 2.347358222023591,
      "brl_oz": 382.5922526804,
      "brl_g": 12.300626555048021,
      "chg_1h": 0.27331485322832155,
      "chg_24h": 2.641564829243402
    },
    "XPT": {
      "name": "Platina",
      "usd_oz": 1933,
      "usd_g": 62.14739311715789,
      "brl_oz": 10129.3066,
      "brl_g": 325.66476941253075,
      "chg_1h": 0.5200208008320333,
      "chg_24h": 0.10357327809425168
    },
    "XPD": {
      "name": "Paládio",
      "usd_oz": 1493,
      "usd_g": 48.00106462696158,
      "brl_oz": 7823.6186,
      "brl_g": 251.53517885820406,
      "chg_1h": 1.6337644656228727,
      "chg_24h": 3.036576949620428
    },
    "XCU": {
      "name": "Cobre",
      "usd_oz": 5.532315,
      "usd_g": 0.1778680575028191,
      "brl_oz": 28.990437062999998,
      "brl_g": 0.9320641949262726,
      "chg_1h": 0.25618963360732194,
      "chg_24h": 0.6491610409499696
    }
  }
}
