{
  "timestamp": 1779822105,
  "usdToBrl": 5.0201,
  "metals": {
    "XAU": {
      "name": "Ouro",
      "usd_oz": 4498.799805,
      "usd_g": 144.63977239354796,
      "brl_oz": 22584.4249010805,
      "brl_g": 726.1061213928501,
      "chg_1h": 0,
      "chg_24h": -1.5859821734006792
    },
    "XAG": {
      "name": "Prata",
      "usd_oz": 76.584999,
      "usd_g": 2.4622648938076273,
      "brl_oz": 384.4643534799,
      "brl_g": 12.360815993403671,
      "chg_1h": 0,
      "chg_24h": -2.0589564550163018
    },
    "XPT": {
      "name": "Platina",
      "usd_oz": 1952,
      "usd_g": 62.75825730196182,
      "brl_oz": 9799.235200000001,
      "brl_g": 315.05272748157853,
      "chg_1h": 0,
      "chg_24h": -1.1645569620253164
    },
    "XPD": {
      "name": "Paládio",
      "usd_oz": 1403,
      "usd_g": 45.107497435785056,
      "brl_oz": 7043.2003,
      "brl_g": 226.44414787738458,
      "chg_1h": 0,
      "chg_24h": -1.4054813773717498
    },
    "XCU": {
      "name": "Cobre",
      "usd_oz": 6.142698,
      "usd_g": 0.19749232664561797,
      "brl_oz": 30.836958229800004,
      "brl_g": 0.9914312289936669,
      "chg_1h": 0,
      "chg_24h": 0.25414851922419396
    }
  }
}
