{
  "timestamp": 1772505836,
  "usdToBrl": 5.2067,
  "metals": {
    "XAU": {
      "name": "Ouro",
      "usd_oz": 5360.100098,
      "usd_g": 172.331219833276,
      "brl_oz": 27908.433180256598,
      "brl_g": 897.2769623059181,
      "chg_1h": 0,
      "chg_24h": 0.5270085896474098
    },
    "XAG": {
      "name": "Prata",
      "usd_oz": 89.861,
      "usd_g": 2.8890982374034793,
      "brl_oz": 467.8792687,
      "brl_g": 15.042667792688695,
      "chg_1h": 0,
      "chg_24h": -3.9505318036120425
    },
    "XPT": {
      "name": "Platina",
      "usd_oz": 2294,
      "usd_g": 73.75381262843258,
      "brl_oz": 11944.1698,
      "brl_g": 384.0139762124599,
      "chg_1h": 0,
      "chg_24h": -2.8377806014400675
    },
    "XPD": {
      "name": "Paládio",
      "usd_oz": 1801,
      "usd_g": 57.90349457009899,
      "brl_oz": 9377.2667,
      "brl_g": 301.4861251781344,
      "chg_1h": 0,
      "chg_24h": -1.098297638660077
    },
    "XCU": {
      "name": "Cobre",
      "usd_oz": 6.033988,
      "usd_g": 0.19399721898614242,
      "brl_oz": 31.4171653196,
      "brl_g": 1.0100853200951476,
      "chg_1h": 0,
      "chg_24h": -0.32344561091905427
    }
  }
}
