{
  "timestamp": 1774988725,
  "usdToBrl": 5.224,
  "metals": {
    "XAU": {
      "name": "Ouro",
      "usd_oz": 4673.799805,
      "usd_g": 150.26615304305787,
      "brl_oz": 24415.93018132,
      "brl_g": 784.9903834969343,
      "chg_1h": -0.18153472340500845,
      "chg_24h": 3.5217508387395706
    },
    "XAG": {
      "name": "Prata",
      "usd_oz": 75.320999,
      "usd_g": 2.421626350144882,
      "brl_oz": 393.47689877600004,
      "brl_g": 12.650576053156863,
      "chg_1h": -0.050427950869473256,
      "chg_24h": 7.278061945821338
    },
    "XPT": {
      "name": "Platina",
      "usd_oz": 1973,
      "usd_g": 63.43342297990301,
      "brl_oz": 10306.952000000001,
      "brl_g": 331.3762016470133,
      "chg_1h": -0.10126582278481014,
      "chg_24h": 3.732912723449001
    },
    "XPD": {
      "name": "Paládio",
      "usd_oz": 1511,
      "usd_g": 48.57977806519688,
      "brl_oz": 7893.464,
      "brl_g": 253.7807606125885,
      "chg_1h": -0.06613756613756613,
      "chg_24h": 4.930555555555555
    },
    "XCU": {
      "name": "Cobre",
      "usd_oz": 5.554513,
      "usd_g": 0.17858173977514952,
      "brl_oz": 29.016775912,
      "brl_g": 0.9329110085853811,
      "chg_1h": 0,
      "chg_24h": 0.8309342664446393
    }
  }
}
