{
  "timestamp": 1773691100,
  "usdToBrl": 5.2703,
  "metals": {
    "XAU": {
      "name": "Ouro",
      "usd_oz": 5016,
      "usd_g": 161.26814478823795,
      "brl_oz": 26435.8248,
      "brl_g": 849.9315034774504,
      "chg_1h": 0.013961179335725653,
      "chg_24h": -0.07371346606887044
    },
    "XAG": {
      "name": "Prata",
      "usd_oz": 81.093002,
      "usd_g": 2.607200555791242,
      "brl_oz": 427.38444844059995,
      "brl_g": 13.740729089186583,
      "chg_1h": -0.09608850688271547,
      "chg_24h": 0.49321767147903256
    },
    "XPT": {
      "name": "Platina",
      "usd_oz": 2129,
      "usd_g": 68.44893944460897,
      "brl_oz": 11220.4687,
      "brl_g": 360.7464455549226,
      "chg_1h": -0.09385265133740028,
      "chg_24h": 4.516445753559156
    },
    "XPD": {
      "name": "Paládio",
      "usd_oz": 1638,
      "usd_g": 52.66292287941263,
      "brl_oz": 8632.7514,
      "brl_g": 277.5494024513684,
      "chg_1h": 0,
      "chg_24h": 3.934010152284264
    },
    "XCU": {
      "name": "Cobre",
      "usd_oz": 5.833047,
      "usd_g": 0.18753681581989573,
      "brl_oz": 30.741907604099996,
      "brl_g": 0.9883752804155964,
      "chg_1h": 0.36682721558889353,
      "chg_24h": -0.6699318914213483
    }
  }
}
