{
  "timestamp": 1775648415,
  "usdToBrl": 5.1489,
  "metals": {
    "XAU": {
      "name": "Ouro",
      "usd_oz": 4783.100098,
      "usd_g": 153.78023906317765,
      "brl_oz": 24627.7040945922,
      "brl_g": 791.7990729123954,
      "chg_1h": -0.1169439883884913,
      "chg_24h": 2.8159325302634532
    },
    "XAG": {
      "name": "Prata",
      "usd_oz": 77.190002,
      "usd_g": 2.481716191933887,
      "brl_oz": 397.44360129780006,
      "brl_g": 12.778108500648392,
      "chg_1h": 0.1999052313241292,
      "chg_24h": 6.986929632096659
    },
    "XPT": {
      "name": "Platina",
      "usd_oz": 2077,
      "usd_g": 66.77710062304031,
      "brl_oz": 10694.265300000001,
      "brl_g": 343.8286133979723,
      "chg_1h": 1.416015625,
      "chg_24h": 6.294779938587512
    },
    "XPD": {
      "name": "Paládio",
      "usd_oz": 1601,
      "usd_g": 51.4733452563734,
      "brl_oz": 8243.3889,
      "brl_g": 265.031107390541,
      "chg_1h": 2.9581993569131835,
      "chg_24h": 7.594086021505377
    },
    "XCU": {
      "name": "Cobre",
      "usd_oz": 5.598388,
      "usd_g": 0.17999235378084807,
      "brl_oz": 28.8255399732,
      "brl_g": 0.9267626303822087,
      "chg_1h": -0.18869767936084733,
      "chg_24h": 1.8778584057784282
    }
  }
}
