{
  "timestamp": 1780610199,
  "usdToBrl": 5.0645,
  "metals": {
    "XAU": {
      "name": "Ouro",
      "usd_oz": 4476.200195,
      "usd_g": 143.91317805988817,
      "brl_oz": 22669.715887577502,
      "brl_g": 728.8482902843036,
      "chg_1h": -0.0714315995446428,
      "chg_24h": 0.8312209497191348
    },
    "XAG": {
      "name": "Prata",
      "usd_oz": 74.007004,
      "usd_g": 2.379380429907437,
      "brl_oz": 374.80847175799994,
      "brl_g": 12.050372187266214,
      "chg_1h": -0.14032464816290335,
      "chg_24h": 1.3780701822998367
    },
    "XPT": {
      "name": "Platina",
      "usd_oz": 1903,
      "usd_g": 61.18287072009905,
      "brl_oz": 9637.743499999999,
      "brl_g": 309.8606487619416,
      "chg_1h": -0.052521008403361345,
      "chg_24h": 2.147074610842727
    },
    "XPD": {
      "name": "Paládio",
      "usd_oz": 1336,
      "usd_g": 42.953397415686986,
      "brl_oz": 6766.172,
      "brl_g": 217.53748121174672,
      "chg_1h": -0.22404779686333084,
      "chg_24h": 0.906344410876133
    },
    "XCU": {
      "name": "Cobre",
      "usd_oz": 6.321324,
      "usd_g": 0.2032352859021857,
      "brl_oz": 32.014345397999996,
      "brl_g": 1.0292851054516194,
      "chg_1h": 0,
      "chg_24h": -0.5049574983874783
    }
  }
}
