{
  "timestamp": 1773786081,
  "usdToBrl": 5.2089,
  "metals": {
    "XAU": {
      "name": "Ouro",
      "usd_oz": 5003,
      "usd_g": 160.8501850828458,
      "brl_oz": 26060.1267,
      "brl_g": 837.8525290780354,
      "chg_1h": -0.07988815658078689,
      "chg_24h": -0.1696098972363564
    },
    "XAG": {
      "name": "Prata",
      "usd_oz": 79.261002,
      "usd_g": 2.5483003880775157,
      "brl_oz": 412.86263331780003,
      "brl_g": 13.273841891456971,
      "chg_1h": -0.1976844065285375,
      "chg_24h": -2.0695303228302673
    },
    "XPT": {
      "name": "Platina",
      "usd_oz": 2133,
      "usd_g": 68.57754243088348,
      "brl_oz": 11110.5837,
      "brl_g": 357.21356076822894,
      "chg_1h": -0.23386342376052385,
      "chg_24h": 0.423728813559322
    },
    "XPD": {
      "name": "Paládio",
      "usd_oz": 1622,
      "usd_g": 52.14851093431459,
      "brl_oz": 8448.835799999999,
      "brl_g": 271.63637860575125,
      "chg_1h": -0.36855036855036855,
      "chg_24h": -0.06161429451632779
    },
    "XCU": {
      "name": "Cobre",
      "usd_oz": 5.763089,
      "usd_g": 0.18528761389144766,
      "brl_oz": 30.019354292099997,
      "brl_g": 0.9651446519991617,
      "chg_1h": 0,
      "chg_24h": -1.1993388704051202
    }
  }
}
