{
  "timestamp": 1775549223,
  "usdToBrl": 5.1818,
  "metals": {
    "XAU": {
      "name": "Ouro",
      "usd_oz": 4652.899902,
      "usd_g": 149.59420555839597,
      "brl_oz": 24110.3967121836,
      "brl_g": 775.1672543624962,
      "chg_1h": -0.012895626947456516,
      "chg_24h": -0.7000083580891636
    },
    "XAG": {
      "name": "Prata",
      "usd_oz": 72.537003,
      "usd_g": 2.3321188003008078,
      "brl_oz": 375.8722421454,
      "brl_g": 12.084573199398726,
      "chg_1h": 0.11593722347161123,
      "chg_24h": -0.1335462675793986
    },
    "XPT": {
      "name": "Platina",
      "usd_oz": 1976,
      "usd_g": 63.52987521960889,
      "brl_oz": 10239.2368,
      "brl_g": 329.19910741296934,
      "chg_1h": 0.45754956786985257,
      "chg_24h": -1.0515773660490735
    },
    "XPD": {
      "name": "Paládio",
      "usd_oz": 1511,
      "usd_g": 48.57977806519688,
      "brl_oz": 7829.6998,
      "brl_g": 251.73069397823718,
      "chg_1h": 0.5992010652463382,
      "chg_24h": -1.5635179153094463
    },
    "XCU": {
      "name": "Cobre",
      "usd_oz": 5.519161,
      "usd_g": 0.1774451465824554,
      "brl_oz": 28.5991884698,
      "brl_g": 0.9194852605609674,
      "chg_1h": -0.038324467328844515,
      "chg_24h": -0.08242642540869395
    }
  }
}
