{
  "timestamp": 1777040351,
  "usdToBrl": 4.963,
  "metals": {
    "XAU": {
      "name": "Ouro",
      "usd_oz": 4732.5,
      "usd_g": 152.1534081360319,
      "brl_oz": 23487.3975,
      "brl_g": 755.1373645791264,
      "chg_1h": 0.5353428938864954,
      "chg_24h": 0.21811453506154563
    },
    "XAG": {
      "name": "Prata",
      "usd_oz": 76.176003,
      "usd_g": 2.4491153670640444,
      "brl_oz": 378.061502889,
      "brl_g": 12.154959566738853,
      "chg_1h": 0.21707515446249415,
      "chg_24h": 0.4033214549892629
    },
    "XPT": {
      "name": "Platina",
      "usd_oz": 2027,
      "usd_g": 65.16956329460892,
      "brl_oz": 10060.001,
      "brl_g": 323.43654263114405,
      "chg_1h": 1.299350324837581,
      "chg_24h": -0.6372549019607843
    },
    "XPD": {
      "name": "Paládio",
      "usd_oz": 1526,
      "usd_g": 49.0620392637263,
      "brl_oz": 7573.5380000000005,
      "brl_g": 243.49490086587363,
      "chg_1h": 1.4627659574468086,
      "chg_24h": -0.8447043534762833
    },
    "XCU": {
      "name": "Cobre",
      "usd_oz": 5.976306,
      "usd_g": 0.19214269962257083,
      "brl_oz": 29.660406678,
      "brl_g": 0.9536042182268191,
      "chg_1h": 0.22440329200853382,
      "chg_24h": 0.1837614058803673
    }
  }
}
