{
  "timestamp": 1774007044,
  "usdToBrl": 5.2987,
  "metals": {
    "XAU": {
      "name": "Ouro",
      "usd_oz": 4673.200195,
      "usd_g": 150.24687513390788,
      "brl_oz": 24761.8858732465,
      "brl_g": 796.1131172720377,
      "chg_1h": 0.2811119230169047,
      "chg_24h": 0.14143266749660235
    },
    "XAG": {
      "name": "Prata",
      "usd_oz": 72.491997,
      "usd_g": 2.33067182380074,
      "brl_oz": 384.1133445039,
      "brl_g": 12.349530792772981,
      "chg_1h": 1.0778105919544092,
      "chg_24h": 2.5158034243690683
    },
    "XPT": {
      "name": "Platina",
      "usd_oz": 1990,
      "usd_g": 63.979985671569686,
      "brl_oz": 10544.413,
      "brl_g": 339.0107500779463,
      "chg_1h": 1.2722646310432568,
      "chg_24h": 2.2610483042137717
    },
    "XPD": {
      "name": "Paládio",
      "usd_oz": 1481,
      "usd_g": 47.61525566813804,
      "brl_oz": 7847.3747,
      "brl_g": 252.29895520876303,
      "chg_1h": 0.8168822328114363,
      "chg_24h": 0.8168822328114363
    },
    "XCU": {
      "name": "Cobre",
      "usd_oz": 5.435019,
      "usd_g": 0.17473991846467787,
      "brl_oz": 28.7985351753,
      "brl_g": 0.9258944059687887,
      "chg_1h": 0.16858119763974477,
      "chg_24h": -2.332580928450016
    }
  }
}
