{
  "timestamp": 1775670863,
  "usdToBrl": 5.0818,
  "metals": {
    "XAU": {
      "name": "Ouro",
      "usd_oz": 4740.899902,
      "usd_g": 152.42347125643525,
      "brl_oz": 24092.3051219836,
      "brl_g": 774.5855962309527,
      "chg_1h": -0.4577296933971767,
      "chg_24h": 1.3402527550448224
    },
    "XAG": {
      "name": "Prata",
      "usd_oz": 75.466003,
      "usd_g": 2.4262883370003188,
      "brl_oz": 383.50313404540003,
      "brl_g": 12.32991207096822,
      "chg_1h": -0.44588411632784253,
      "chg_24h": 4.439646636788452
    },
    "XPT": {
      "name": "Platina",
      "usd_oz": 2071,
      "usd_g": 66.58419614362855,
      "brl_oz": 10524.4078,
      "brl_g": 338.36756796269157,
      "chg_1h": 0.3391472868217054,
      "chg_24h": 5.879345603271983
    },
    "XPD": {
      "name": "Paládio",
      "usd_oz": 1607,
      "usd_g": 51.666249735785165,
      "brl_oz": 8166.4526000000005,
      "brl_g": 262.55754790731305,
      "chg_1h": -0.18633540372670807,
      "chg_24h": 8.142664872139974
    },
    "XCU": {
      "name": "Cobre",
      "usd_oz": 5.662496,
      "usd_g": 0.18205347384186968,
      "brl_oz": 28.7756721728,
      "brl_g": 0.9251593433696134,
      "chg_1h": -0.036031188427230354,
      "chg_24h": 2.9000853548860546
    }
  }
}
