{
  "timestamp": 1781732866,
  "usdToBrl": 5.084,
  "metals": {
    "XAU": {
      "name": "Ouro",
      "usd_oz": 4257.899902,
      "usd_g": 136.89466066378793,
      "brl_oz": 21647.163101767997,
      "brl_g": 695.9724548146978,
      "chg_1h": 0.4174262106980484,
      "chg_24h": -1.7241424158782306
    },
    "XAG": {
      "name": "Prata",
      "usd_oz": 68.042999,
      "usd_g": 2.187633216618407,
      "brl_oz": 345.93060691599993,
      "brl_g": 11.121927273287982,
      "chg_1h": 1.1746703098648323,
      "chg_24h": -3.0160037778191224
    },
    "XPT": {
      "name": "Platina",
      "usd_oz": 1745,
      "usd_g": 56.10305276225583,
      "brl_oz": 8871.58,
      "brl_g": 285.22792024330863,
      "chg_1h": 0.3450258769407705,
      "chg_24h": -3.750689464975179
    },
    "XPD": {
      "name": "Paládio",
      "usd_oz": 1341,
      "usd_g": 43.11415114853012,
      "brl_oz": 6817.643999999999,
      "brl_g": 219.1923444391271,
      "chg_1h": 0.6756756756756757,
      "chg_24h": -2.6143790849673203
    },
    "XCU": {
      "name": "Cobre",
      "usd_oz": 6.237122,
      "usd_g": 0.2005281287396141,
      "brl_oz": 31.709528247999998,
      "brl_g": 1.0194850065121979,
      "chg_1h": 0,
      "chg_24h": 0.9647227708956624
    }
  }
}
