{
  "timestamp": 1783386652,
  "usdToBrl": 5.18,
  "metals": {
    "XAU": {
      "name": "Ouro",
      "usd_oz": 4142.399902,
      "usd_g": 133.1812494351114,
      "brl_oz": 21457.63149236,
      "brl_g": 689.878872073877,
      "chg_1h": -0.5426193997599014,
      "chg_24h": -0.9682278072357275
    },
    "XAG": {
      "name": "Prata",
      "usd_oz": 61.334,
      "usd_g": 1.9719338900402288,
      "brl_oz": 317.71012,
      "brl_g": 10.214617550408384,
      "chg_1h": -1.3700848845385545,
      "chg_24h": -1.967552177216525
    },
    "XPT": {
      "name": "Platina",
      "usd_oz": 1629,
      "usd_g": 52.373566160294985,
      "brl_oz": 8438.22,
      "brl_g": 271.295072710328,
      "chg_1h": -0.7312614259597806,
      "chg_24h": -1.6304347826086956
    },
    "XPD": {
      "name": "Paládio",
      "usd_oz": 1289,
      "usd_g": 41.44231232696147,
      "brl_oz": 6677.0199999999995,
      "brl_g": 214.6711778536604,
      "chg_1h": -0.4633204633204633,
      "chg_24h": -0.9984639016897081
    },
    "XCU": {
      "name": "Cobre",
      "usd_oz": 6.031418,
      "usd_g": 0.19391459156746105,
      "brl_oz": 31.24274524,
      "brl_g": 1.0044775843194482,
      "chg_1h": -0.17654501715880794,
      "chg_24h": -0.08890493863869059
    }
  }
}
