{
  "timestamp": 1775005743,
  "usdToBrl": 5.224,
  "metals": {
    "XAU": {
      "name": "Ouro",
      "usd_oz": 4700.100098,
      "usd_g": 151.11172709798154,
      "brl_oz": 24553.322911952,
      "brl_g": 789.4076623598556,
      "chg_1h": 0.17263635976129343,
      "chg_24h": 3.387518899281395
    },
    "XAG": {
      "name": "Prata",
      "usd_oz": 75.213997,
      "usd_g": 2.4181861559605453,
      "brl_oz": 392.91792032800004,
      "brl_g": 12.632604478737889,
      "chg_1h": 0.2906754949417196,
      "chg_24h": 6.10258012639657
    },
    "XPT": {
      "name": "Platina",
      "usd_oz": 1981,
      "usd_g": 63.69062895245203,
      "brl_oz": 10348.744,
      "brl_g": 332.7198456476094,
      "chg_1h": 0.5583756345177665,
      "chg_24h": 3.392484342379958
    },
    "XPD": {
      "name": "Paládio",
      "usd_oz": 1503,
      "usd_g": 48.32257209264785,
      "brl_oz": 7851.6720000000005,
      "brl_g": 252.4371166119924,
      "chg_1h": -0.3976143141153081,
      "chg_24h": 4.013840830449826
    },
    "XCU": {
      "name": "Cobre",
      "usd_oz": 5.594986,
      "usd_g": 0.1798829769410216,
      "brl_oz": 29.228206864,
      "brl_g": 0.9397086715398968,
      "chg_1h": 0.7286507385975969,
      "chg_24h": 1.631392280899321
    }
  }
}
