{
  "timestamp": 1773332166,
  "usdToBrl": 5.1621,
  "metals": {
    "XAU": {
      "name": "Ouro",
      "usd_oz": 5129,
      "usd_g": 164.9011791504929,
      "brl_oz": 26476.4109,
      "brl_g": 851.2363768927594,
      "chg_1h": -0.05261794137216445,
      "chg_24h": -0.8103019357190433
    },
    "XAG": {
      "name": "Prata",
      "usd_oz": 85.306999,
      "usd_g": 2.742683705379201,
      "brl_oz": 440.3632595379,
      "brl_g": 14.158007555537973,
      "chg_1h": 0.17261037235273494,
      "chg_24h": 0.33284365984091036
    },
    "XPT": {
      "name": "Platina",
      "usd_oz": 2160,
      "usd_g": 69.44561258823644,
      "brl_oz": 11150.135999999999,
      "brl_g": 358.4851967417353,
      "chg_1h": 0,
      "chg_24h": -1.1893870082342177
    },
    "XPD": {
      "name": "Paládio",
      "usd_oz": 1645,
      "usd_g": 52.88797810539303,
      "brl_oz": 8491.654499999999,
      "brl_g": 273.01303177784933,
      "chg_1h": 0.4886988393402566,
      "chg_24h": -0.5441354292623942
    },
    "XCU": {
      "name": "Cobre",
      "usd_oz": 5.835239,
      "usd_g": 0.18760729025637415,
      "brl_oz": 30.122087241899997,
      "brl_g": 0.968447593032429,
      "chg_1h": 0.25065933369284443,
      "chg_24h": 0.5824927095761866
    }
  }
}
