{
  "timestamp": 1780364487,
  "usdToBrl": 5.0245,
  "metals": {
    "XAU": {
      "name": "Ouro",
      "usd_oz": 4483.299805,
      "usd_g": 144.14143582173423,
      "brl_oz": 22526.3398702225,
      "brl_g": 724.2386442863036,
      "chg_1h": 0,
      "chg_24h": -1.0112448832876346
    },
    "XAG": {
      "name": "Prata",
      "usd_oz": 75.605003,
      "usd_g": 2.430757290773358,
      "brl_oz": 379.8773375735,
      "brl_g": 12.213340007490737,
      "chg_1h": 0,
      "chg_24h": -0.10701319029992298
    },
    "XPT": {
      "name": "Platina",
      "usd_oz": 1943,
      "usd_g": 62.46890058284417,
      "brl_oz": 9762.6035,
      "brl_g": 313.87499097850053,
      "chg_1h": 0,
      "chg_24h": -0.25667351129363447
    },
    "XPD": {
      "name": "Paládio",
      "usd_oz": 1387,
      "usd_g": 44.59308549068701,
      "brl_oz": 6968.9815,
      "brl_g": 224.05795804795687,
      "chg_1h": 0,
      "chg_24h": -0.4307250538406317
    },
    "XCU": {
      "name": "Cobre",
      "usd_oz": 6.279004,
      "usd_g": 0.20187466630740136,
      "brl_oz": 31.548855597999996,
      "brl_g": 1.0143192608615381,
      "chg_1h": 0,
      "chg_24h": 1.6958200437004938
    }
  }
}
