{
  "timestamp": 1772207426,
  "usdToBrl": 5.1556,
  "metals": {
    "XAU": {
      "name": "Ouro",
      "usd_oz": 5237.899902,
      "usd_g": 168.40239230104334,
      "brl_oz": 27004.5167347512,
      "brl_g": 868.2153737472589,
      "chg_1h": 0.24304728098556155,
      "chg_24h": 1.425170880450084
    },
    "XAG": {
      "name": "Prata",
      "usd_oz": 93.662003,
      "usd_g": 3.011303321563074,
      "brl_oz": 482.8838226668,
      "brl_g": 15.525075404650583,
      "chg_1h": 1.7556493873856431,
      "chg_24h": 8.469124233854746
    },
    "XPT": {
      "name": "Platina",
      "usd_oz": 2376,
      "usd_g": 76.39017384706008,
      "brl_oz": 12249.7056,
      "brl_g": 393.83718028590295,
      "chg_1h": 0.7633587786259541,
      "chg_24h": 6.308724832214765
    },
    "XPD": {
      "name": "Paládio",
      "usd_oz": 1818,
      "usd_g": 58.45005726176567,
      "brl_oz": 9372.880799999999,
      "brl_g": 301.3451152187591,
      "chg_1h": 0.8879023307436182,
      "chg_24h": 2.1922428330522767
    },
    "XCU": {
      "name": "Cobre",
      "usd_oz": 6.049032,
      "usd_g": 0.19448089481752087,
      "brl_oz": 31.1863893792,
      "brl_g": 1.0026657013212106,
      "chg_1h": -0.022494406561677557,
      "chg_24h": 1.6876975347462062
    }
  }
}
