{
  "timestamp": 1772048336,
  "usdToBrl": 5.1287,
  "metals": {
    "XAU": {
      "name": "Ouro",
      "usd_oz": 5204.200195,
      "usd_g": 167.31892156184932,
      "brl_oz": 26690.781540096505,
      "brl_g": 858.1285530142567,
      "chg_1h": -0.06720816999719777,
      "chg_24h": 0.9133058522223871
    },
    "XAG": {
      "name": "Prata",
      "usd_oz": 91.035004,
      "usd_g": 2.9268433424780347,
      "brl_oz": 466.8912250148,
      "brl_g": 15.010901450567097,
      "chg_1h": -0.27276741617700934,
      "chg_24h": 4.283135636985333
    },
    "XPT": {
      "name": "Platina",
      "usd_oz": 2337,
      "usd_g": 75.13629473088359,
      "brl_oz": 11985.7719,
      "brl_g": 385.3515147862827,
      "chg_1h": 0.3865979381443299,
      "chg_24h": 7.448275862068964
    },
    "XPD": {
      "name": "Paládio",
      "usd_oz": 1826,
      "usd_g": 58.707263234314695,
      "brl_oz": 9365.0062,
      "brl_g": 301.0919409498298,
      "chg_1h": -0.10940919037199125,
      "chg_24h": 1.4444444444444444
    },
    "XCU": {
      "name": "Cobre",
      "usd_oz": 5.905218,
      "usd_g": 0.18985716735050018,
      "brl_oz": 30.2860915566,
      "brl_g": 0.9737204541905103,
      "chg_1h": -0.73747401073543,
      "chg_24h": 0.94774552944497
    }
  }
}
