{
  "timestamp": 1774588989,
  "usdToBrl": 5.2366,
  "metals": {
    "XAU": {
      "name": "Ouro",
      "usd_oz": 4444,
      "usd_g": 142.87791775098276,
      "brl_oz": 23271.4504,
      "brl_g": 748.1945040947963,
      "chg_1h": 0.27528759277970927,
      "chg_24h": -1.130190602560099
    },
    "XAG": {
      "name": "Prata",
      "usd_oz": 69.871002,
      "usd_g": 2.246404877798099,
      "brl_oz": 365.88648907320004,
      "brl_g": 11.763523783077526,
      "chg_1h": 1.2637878626677468,
      "chg_24h": -1.603999391522332
    },
    "XPT": {
      "name": "Platina",
      "usd_oz": 1886,
      "usd_g": 60.636308028432374,
      "brl_oz": 9876.2276,
      "brl_g": 317.528090621689,
      "chg_1h": 0.42598509052183176,
      "chg_24h": -1.3082155939298796
    },
    "XPD": {
      "name": "Paládio",
      "usd_oz": 1423,
      "usd_g": 45.75051236715762,
      "brl_oz": 7451.6818,
      "brl_g": 239.57713306185758,
      "chg_1h": 0.21126760563380279,
      "chg_24h": -0.5590496156533892
    },
    "XCU": {
      "name": "Cobre",
      "usd_oz": 5.516439,
      "usd_g": 0.17735763225029558,
      "brl_oz": 28.8873844674,
      "brl_g": 0.9287509770418978,
      "chg_1h": 0.8471879017867526,
      "chg_24h": 1.2586201104982104
    }
  }
}
