{
  "timestamp": 1779226927,
  "usdToBrl": 5.0232,
  "metals": {
    "XAU": {
      "name": "Ouro",
      "usd_oz": 4483.100098,
      "usd_g": 144.13501509258927,
      "brl_oz": 22519.5084122736,
      "brl_g": 724.0190078130944,
      "chg_1h": -0.002232713143439269,
      "chg_24h": -1.8456847617631758
    },
    "XAG": {
      "name": "Prata",
      "usd_oz": 73.810997,
      "usd_g": 2.37307865852476,
      "brl_oz": 370.7674001304,
      "brl_g": 11.920448717501575,
      "chg_1h": -0.17041401032846004,
      "chg_24h": -5.134569313420555
    },
    "XPT": {
      "name": "Platina",
      "usd_oz": 1933,
      "usd_g": 62.14739311715789,
      "brl_oz": 9709.8456,
      "brl_g": 312.1787851061075,
      "chg_1h": 0.051759834368530024,
      "chg_24h": -2.7665995975855133
    },
    "XPD": {
      "name": "Paládio",
      "usd_oz": 1380,
      "usd_g": 44.36803026470661,
      "brl_oz": 6932.0160000000005,
      "brl_g": 222.86948962567425,
      "chg_1h": 0.14513788098693758,
      "chg_24h": -3.8997214484679668
    },
    "XCU": {
      "name": "Cobre",
      "usd_oz": 6.091366,
      "usd_g": 0.19584196452275715,
      "brl_oz": 30.5981496912,
      "brl_g": 0.9837533561907137,
      "chg_1h": 0,
      "chg_24h": -0.9356473306273764
    }
  }
}
