{
  "timestamp": 1771232727,
  "usdToBrl": 5.2197,
  "metals": {
    "XAU": {
      "name": "Ouro",
      "usd_oz": 5014.100098,
      "usd_g": 161.20706152053071,
      "brl_oz": 26172.098281530598,
      "brl_g": 841.4524990187141,
      "chg_1h": 0.047886004881015035,
      "chg_24h": -0.5770164949797408
    },
    "XAG": {
      "name": "Prata",
      "usd_oz": 77.345001,
      "usd_g": 2.486699525501278,
      "brl_oz": 403.71770171969996,
      "brl_g": 12.97982551325902,
      "chg_1h": 0.24626012891270035,
      "chg_24h": -0.29005930127626256
    },
    "XPT": {
      "name": "Platina",
      "usd_oz": 2056,
      "usd_g": 66.10193494509913,
      "brl_oz": 10731.7032,
      "brl_g": 345.03226983293393,
      "chg_1h": -0.24260067928190196,
      "chg_24h": -0.8200675349734683
    },
    "XPD": {
      "name": "Paládio",
      "usd_oz": 1710,
      "usd_g": 54.97777663235385,
      "brl_oz": 8925.687,
      "brl_g": 286.96750068789737,
      "chg_1h": 0.17574692442882248,
      "chg_24h": -0.46565774155995343
    },
    "XCU": {
      "name": "Cobre",
      "usd_oz": 5.772719,
      "usd_g": 0.18559722558090355,
      "brl_oz": 30.1318613643,
      "brl_g": 0.9687618383646421,
      "chg_1h": 0.06552331373240007,
      "chg_24h": -1.7812103566742277
    }
  }
}
