{
  "timestamp": 1776413240,
  "usdToBrl": 4.9882,
  "metals": {
    "XAU": {
      "name": "Ouro",
      "usd_oz": 4790.700195,
      "usd_g": 154.02458785572165,
      "brl_oz": 23896.970712699003,
      "brl_g": 768.3054491419107,
      "chg_1h": 0.008358349504195551,
      "chg_24h": -0.44678107993800953
    },
    "XAG": {
      "name": "Prata",
      "usd_oz": 79.163002,
      "usd_g": 2.54514961491379,
      "brl_oz": 394.88088657640003,
      "brl_g": 12.695715309112968,
      "chg_1h": 0.3524117296720178,
      "chg_24h": -1.0388291232281506
    },
    "XPT": {
      "name": "Platina",
      "usd_oz": 2095,
      "usd_g": 67.35581406127562,
      "brl_oz": 10450.279,
      "brl_g": 335.98427170045505,
      "chg_1h": 0.3833253473885961,
      "chg_24h": -2.1485287248949088
    },
    "XPD": {
      "name": "Paládio",
      "usd_oz": 1574,
      "usd_g": 50.605275099020446,
      "brl_oz": 7851.4268,
      "brl_g": 252.4292332489338,
      "chg_1h": 0.1272264631043257,
      "chg_24h": -2.0535158680771626
    },
    "XCU": {
      "name": "Cobre",
      "usd_oz": 5.971393,
      "usd_g": 0.19198474300467916,
      "brl_oz": 29.7865025626,
      "brl_g": 0.9576582950559406,
      "chg_1h": 0.041800010655228016,
      "chg_24h": 0.23096421011498275
    }
  }
}
