{
  "timestamp": 1773399613,
  "usdToBrl": 5.1621,
  "metals": {
    "XAU": {
      "name": "Ouro",
      "usd_oz": 5096.5,
      "usd_g": 163.8562798870125,
      "brl_oz": 26308.642649999998,
      "brl_g": 845.8425024047472,
      "chg_1h": -0.015690758452447964,
      "chg_24h": -1.6746051408461728
    },
    "XAG": {
      "name": "Prata",
      "usd_oz": 83.401001,
      "usd_g": 2.681404446720889,
      "brl_oz": 430.52430726209997,
      "brl_g": 13.841677894417899,
      "chg_1h": 0.1200441728174622,
      "chg_24h": -4.482621440013268
    },
    "XPT": {
      "name": "Platina",
      "usd_oz": 2081,
      "usd_g": 66.90570360931483,
      "brl_oz": 10742.3301,
      "brl_g": 345.37393260164407,
      "chg_1h": -0.04803073967339097,
      "chg_24h": -5.279927173418298
    },
    "XPD": {
      "name": "Paládio",
      "usd_oz": 1631,
      "usd_g": 52.437867653432235,
      "brl_oz": 8419.3851,
      "brl_g": 270.68951661378253,
      "chg_1h": 0.12277470841006752,
      "chg_24h": -3.319502074688797
    },
    "XCU": {
      "name": "Cobre",
      "usd_oz": 5.830098,
      "usd_g": 0.18744200326826485,
      "brl_oz": 30.095548885799996,
      "brl_g": 0.96759436507111,
      "chg_1h": 0.07655813835325691,
      "chg_24h": -0.1476180469099697
    }
  }
}
