{
  "timestamp": 1784301374,
  "usdToBrl": 5.1158,
  "metals": {
    "XAU": {
      "name": "Ouro",
      "usd_oz": 4006.699951,
      "usd_g": 128.81839470113516,
      "brl_oz": 20497.4756093258,
      "brl_g": 659.0091436120673,
      "chg_1h": 0.38835438440302783,
      "chg_24h": 0.05743804455821666
    },
    "XAG": {
      "name": "Prata",
      "usd_oz": 55.959,
      "usd_g": 1.7991236272338533,
      "brl_oz": 286.2750522,
      "brl_g": 9.203956652202947,
      "chg_1h": 0.492051710657244,
      "chg_24h": -0.6462759211591727
    },
    "XPT": {
      "name": "Platina",
      "usd_oz": 1595,
      "usd_g": 51.28044077696163,
      "brl_oz": 8159.701,
      "brl_g": 262.34047892678035,
      "chg_1h": 0.8217446270543615,
      "chg_24h": -3.683574879227053
    },
    "XPD": {
      "name": "Paládio",
      "usd_oz": 1268,
      "usd_g": 40.76714664902028,
      "brl_oz": 6486.8344,
      "brl_g": 208.55656882705796,
      "chg_1h": 0.4754358161648178,
      "chg_24h": -2.386451116243264
    },
    "XCU": {
      "name": "Cobre",
      "usd_oz": 6.101498,
      "usd_g": 0.1961677158869905,
      "brl_oz": 31.214043468400003,
      "brl_g": 1.003554800934666,
      "chg_1h": 0.18246793921894802,
      "chg_24h": -0.5311798132434151
    }
  }
}
