{
  "timestamp": 1784154575,
  "usdToBrl": 5.081,
  "metals": {
    "XAU": {
      "name": "Ouro",
      "usd_oz": 4062.699951,
      "usd_g": 130.61883650897832,
      "brl_oz": 20642.578451031,
      "brl_g": 663.6743083021189,
      "chg_1h": 0.03200987421503967,
      "chg_24h": 0.24427314153933755
    },
    "XAG": {
      "name": "Prata",
      "usd_oz": 57.944,
      "usd_g": 1.8629428591725798,
      "brl_oz": 294.41346400000003,
      "brl_g": 9.46561266745588,
      "chg_1h": 0.058711794163367345,
      "chg_24h": -1.5495429786180241
    },
    "XPT": {
      "name": "Platina",
      "usd_oz": 1688,
      "usd_g": 54.27046020784403,
      "brl_oz": 8576.728000000001,
      "brl_g": 275.7482083160555,
      "chg_1h": 0.23752969121140144,
      "chg_24h": 3.1784841075794623
    },
    "XPD": {
      "name": "Paládio",
      "usd_oz": 1339,
      "usd_g": 43.04984965539287,
      "brl_oz": 6803.459000000001,
      "brl_g": 218.73628609905117,
      "chg_1h": -0.0746268656716418,
      "chg_24h": 0.8283132530120483
    },
    "XCU": {
      "name": "Cobre",
      "usd_oz": 6.132102,
      "usd_g": 0.19715165733497678,
      "brl_oz": 31.157210262,
      "brl_g": 1.001727570919017,
      "chg_1h": 0,
      "chg_24h": -0.6411230671763081
    }
  }
}
