{
  "timestamp": 1775462982,
  "usdToBrl": 5.1818,
  "metals": {
    "XAU": {
      "name": "Ouro",
      "usd_oz": 4685.700195,
      "usd_g": 150.64875946601572,
      "brl_oz": 24280.361270451,
      "brl_g": 780.6317418010002,
      "chg_1h": 0.6314110180025382,
      "chg_24h": 0.16460442496794248
    },
    "XAG": {
      "name": "Prata",
      "usd_oz": 72.634003,
      "usd_g": 2.335237422717965,
      "brl_oz": 376.37487674540006,
      "brl_g": 12.10073327703995,
      "chg_1h": 0.37034796881194626,
      "chg_24h": -0.7067545118076878
    },
    "XPT": {
      "name": "Platina",
      "usd_oz": 1997,
      "usd_g": 64.20504089755008,
      "brl_oz": 10348.0546,
      "brl_g": 332.697680922925,
      "chg_1h": 0.7060010085728694,
      "chg_24h": 0.35175879396984927
    },
    "XPD": {
      "name": "Paládio",
      "usd_oz": 1535,
      "usd_g": 49.351395982843954,
      "brl_oz": 7954.063,
      "brl_g": 255.7290637039008,
      "chg_1h": 0.5239030779305829,
      "chg_24h": 0.32679738562091504
    },
    "XCU": {
      "name": "Cobre",
      "usd_oz": 5.523714,
      "usd_g": 0.17759152893158234,
      "brl_oz": 28.6227812052,
      "brl_g": 0.9202437846176733,
      "chg_1h": 0,
      "chg_24h": 0.2428346889380345
    }
  }
}
