{
  "timestamp": 1773310205,
  "usdToBrl": 5.1711,
  "metals": {
    "XAU": {
      "name": "Ouro",
      "usd_oz": 5190.100098,
      "usd_g": 166.86559291660924,
      "brl_oz": 26838.5266167678,
      "brl_g": 862.8786675310781,
      "chg_1h": 0.16791207327273727,
      "chg_24h": -0.048145436829670527
    },
    "XAG": {
      "name": "Prata",
      "usd_oz": 87.236,
      "usd_g": 2.804702527660831,
      "brl_oz": 451.10607960000004,
      "brl_g": 14.503397240786922,
      "chg_1h": 0.27702395734155816,
      "chg_24h": 0.19410224087079722
    },
    "XPT": {
      "name": "Platina",
      "usd_oz": 2196,
      "usd_g": 70.60303946470705,
      "brl_oz": 11355.7356,
      "brl_g": 365.09537737594667,
      "chg_1h": 0.13679890560875513,
      "chg_24h": 1.2915129151291513
    },
    "XPD": {
      "name": "Paládio",
      "usd_oz": 1691,
      "usd_g": 54.366912447549915,
      "brl_oz": 8744.3301,
      "brl_g": 281.1367409575254,
      "chg_1h": 0.11841326228537595,
      "chg_24h": 1.5615615615615615
    },
    "XCU": {
      "name": "Cobre",
      "usd_oz": 5.842421,
      "usd_g": 0.18783819691823006,
      "brl_oz": 30.211743233099998,
      "brl_g": 0.9713301000838594,
      "chg_1h": 0.0038855265675832606,
      "chg_24h": 0.613193396585455
    }
  }
}
