{
  "timestamp": 1771872073,
  "usdToBrl": 5.1815,
  "metals": {
    "XAU": {
      "name": "Ouro",
      "usd_oz": 5210,
      "usd_g": 167.50538962255177,
      "brl_oz": 26995.614999999998,
      "brl_g": 867.929176329252,
      "chg_1h": 0.23471844737583827,
      "chg_24h": 1.9988664609504694
    },
    "XAG": {
      "name": "Prata",
      "usd_oz": 87.662003,
      "usd_g": 2.8183988421513058,
      "brl_oz": 454.2206685445,
      "brl_g": 14.60353360060699,
      "chg_1h": 1.1014127913384908,
      "chg_24h": 3.416468907539219
    },
    "XPT": {
      "name": "Platina",
      "usd_oz": 2153,
      "usd_g": 69.22055736225605,
      "brl_oz": 11155.7695,
      "brl_g": 358.66631797252967,
      "chg_1h": 0.7958801498127341,
      "chg_24h": -0.6460544531610521
    },
    "XPD": {
      "name": "Paládio",
      "usd_oz": 1770,
      "usd_g": 56.906821426471524,
      "brl_oz": 9171.255,
      "brl_g": 294.8626952212622,
      "chg_1h": 0.5110732538330494,
      "chg_24h": -0.7291082445316881
    },
    "XCU": {
      "name": "Cobre",
      "usd_oz": 5.768939,
      "usd_g": 0.18547569575887413,
      "brl_oz": 29.891757428499997,
      "brl_g": 0.9610423175746062,
      "chg_1h": 0.3854326302914531,
      "chg_24h": -0.0065865659361306434
    }
  }
}
