{
  "timestamp": 1773345121,
  "usdToBrl": 5.1621,
  "metals": {
    "XAU": {
      "name": "Ouro",
      "usd_oz": 5096.600098,
      "usd_g": 163.85949811244254,
      "brl_oz": 26309.159365885796,
      "brl_g": 845.8591152062396,
      "chg_1h": 0.10016886968476654,
      "chg_24h": -1.5796347433192157
    },
    "XAG": {
      "name": "Prata",
      "usd_oz": 84.830002,
      "usd_g": 2.7273478957182045,
      "brl_oz": 437.9009533241999,
      "brl_g": 14.078842572486943,
      "chg_1h": 0.00943505233823597,
      "chg_24h": -1.2398801294562132
    },
    "XPT": {
      "name": "Platina",
      "usd_oz": 2147,
      "usd_g": 69.02765288284428,
      "brl_oz": 11083.028699999999,
      "brl_g": 356.3276469465304,
      "chg_1h": -0.32497678737233054,
      "chg_24h": -1.8738574040219378
    },
    "XPD": {
      "name": "Paládio",
      "usd_oz": 1650,
      "usd_g": 53.04873183823617,
      "brl_oz": 8517.465,
      "brl_g": 273.84285862215893,
      "chg_1h": -0.3021148036253776,
      "chg_24h": -1.0197960407918416
    },
    "XCU": {
      "name": "Cobre",
      "usd_oz": 5.840421,
      "usd_g": 0.18777389542509282,
      "brl_oz": 30.148837244099997,
      "brl_g": 0.9693076255738716,
      "chg_1h": 0.400248369559054,
      "chg_24h": 0.587135074995739
    }
  }
}
