{
  "timestamp": 1782126755,
  "usdToBrl": 5.1603,
  "metals": {
    "XAU": {
      "name": "Ouro",
      "usd_oz": 4209.100098,
      "usd_g": 135.3257105327852,
      "brl_oz": 21720.2192357094,
      "brl_g": 698.3212640623315,
      "chg_1h": 0,
      "chg_24h": 1.2606129992976203
    },
    "XAG": {
      "name": "Prata",
      "usd_oz": 66.603996,
      "usd_g": 2.1413681958539117,
      "brl_oz": 343.6966005588,
      "brl_g": 11.05010230106494,
      "chg_1h": 0,
      "chg_24h": 2.529205254371156
    },
    "XPT": {
      "name": "Platina",
      "usd_oz": 1690,
      "usd_g": 54.33476170098129,
      "brl_oz": 8720.907000000001,
      "brl_g": 280.3836708055738,
      "chg_1h": 0,
      "chg_24h": 0.955794504181601
    },
    "XPD": {
      "name": "Paládio",
      "usd_oz": 1296,
      "usd_g": 41.66736755294186,
      "brl_oz": 6687.7488,
      "brl_g": 215.0161167834459,
      "chg_1h": 0,
      "chg_24h": 1.25
    },
    "XCU": {
      "name": "Cobre",
      "usd_oz": 6.16296,
      "usd_g": 0.19814376507259152,
      "brl_oz": 31.802722488,
      "brl_g": 1.022481270904094,
      "chg_1h": 0,
      "chg_24h": -0.24417109295901884
    }
  }
}
