{
  "timestamp": 1778240810,
  "usdToBrl": 4.9167,
  "metals": {
    "XAU": {
      "name": "Ouro",
      "usd_oz": 4722.200195,
      "usd_g": 151.82226171577065,
      "brl_oz": 23217.6416987565,
      "brl_g": 746.4645141779295,
      "chg_1h": 0.13572225846429242,
      "chg_24h": -0.507755746373449
    },
    "XAG": {
      "name": "Prata",
      "usd_oz": 80.765999,
      "usd_g": 2.5966871652110606,
      "brl_oz": 397.10218728329994,
      "brl_g": 12.76713178519322,
      "chg_1h": 0.42399252381748725,
      "chg_24h": -0.4523485960454447
    },
    "XPT": {
      "name": "Platina",
      "usd_oz": 2054,
      "usd_g": 66.03763345196187,
      "brl_oz": 10098.9018,
      "brl_g": 324.6872323932609,
      "chg_1h": 0.4400977995110024,
      "chg_24h": -1.9570405727923628
    },
    "XPD": {
      "name": "Paládio",
      "usd_oz": 1526,
      "usd_g": 49.0620392637263,
      "brl_oz": 7502.8841999999995,
      "brl_g": 241.22332844796307,
      "chg_1h": 0.39473684210526316,
      "chg_24h": -2.6785714285714284
    },
    "XCU": {
      "name": "Cobre",
      "usd_oz": 6.111401,
      "usd_g": 0.1964861047302596,
      "brl_oz": 30.047925296699997,
      "brl_g": 0.9660632311272673,
      "chg_1h": 0,
      "chg_24h": 1.5271768807668087
    }
  }
}
