{
  "timestamp": 1771450566,
  "usdToBrl": 5.2229,
  "metals": {
    "XAU": {
      "name": "Ouro",
      "usd_oz": 4980.77002,
      "usd_g": 160.13547462964013,
      "brl_oz": 26014.063737458,
      "brl_g": 836.3715704431474,
      "chg_1h": -0.04675960655366224,
      "chg_24h": 2.0315044249657017
    },
    "XAG": {
      "name": "Prata",
      "usd_oz": 77.440002,
      "usd_g": 2.4897538785760442,
      "brl_oz": 404.46138644580003,
      "brl_g": 13.003735532414822,
      "chg_1h": 0.12541535431997897,
      "chg_24h": 5.098873622122807
    },
    "XPT": {
      "name": "Platina",
      "usd_oz": 2085,
      "usd_g": 67.03430659558934,
      "brl_oz": 10889.746500000001,
      "brl_g": 350.11347991810356,
      "chg_1h": -0.14367816091954022,
      "chg_24h": 3.115727002967359
    },
    "XPD": {
      "name": "Paládio",
      "usd_oz": 1741,
      "usd_g": 55.97444977598131,
      "brl_oz": 9093.0689,
      "brl_g": 292.3489537349728,
      "chg_1h": 0.05747126436781609,
      "chg_24h": 1.8724400234055003
    },
    "XCU": {
      "name": "Cobre",
      "usd_oz": 5.81135,
      "usd_g": 0.18683924107159622,
      "brl_oz": 30.352099915,
      "brl_g": 0.9758426721928399,
      "chg_1h": 0,
      "chg_24h": 1.7236846297085309
    }
  }
}
