{
  "timestamp": 1781295002,
  "usdToBrl": 5.1073,
  "metals": {
    "XAU": {
      "name": "Ouro",
      "usd_oz": 4212.799805,
      "usd_g": 135.44465887492038,
      "brl_oz": 21516.0324440765,
      "brl_g": 691.7565062718809,
      "chg_1h": 0,
      "chg_24h": 0.0023645167087258646
    },
    "XAG": {
      "name": "Prata",
      "usd_oz": 68.031998,
      "usd_g": 2.1872795262554057,
      "brl_oz": 347.45982338540006,
      "brl_g": 11.171092724444234,
      "chg_1h": 0,
      "chg_24h": 0.8165186874889816
    },
    "XPT": {
      "name": "Platina",
      "usd_oz": 1723,
      "usd_g": 55.39573633774601,
      "brl_oz": 8799.877900000001,
      "brl_g": 282.9226441977702,
      "chg_1h": 0,
      "chg_24h": -0.3470213996529786
    },
    "XPD": {
      "name": "Paládio",
      "usd_oz": 1307,
      "usd_g": 42.02102576519677,
      "brl_oz": 6675.2411,
      "brl_g": 214.61398489058948,
      "chg_1h": 0,
      "chg_24h": 0.9266409266409266
    },
    "XCU": {
      "name": "Cobre",
      "usd_oz": 6.138375,
      "usd_g": 0.19735333896820179,
      "brl_oz": 31.350522637500003,
      "brl_g": 1.0079427081122971,
      "chg_1h": 0,
      "chg_24h": -0.2974003055215671
    }
  }
}
