{
  "timestamp": 1779723502,
  "usdToBrl": 5.0026,
  "metals": {
    "XAU": {
      "name": "Ouro",
      "usd_oz": 4568.5,
      "usd_g": 146.88068569877694,
      "brl_oz": 22854.3781,
      "brl_g": 734.7853182767016,
      "chg_1h": 0,
      "chg_24h": 1.2858884824298857
    },
    "XAG": {
      "name": "Prata",
      "usd_oz": 77.884003,
      "usd_g": 2.5040288422032617,
      "brl_oz": 389.62251340780006,
      "brl_g": 12.526654686006037,
      "chg_1h": 0,
      "chg_24h": 2.9626073255319696
    },
    "XPT": {
      "name": "Platina",
      "usd_oz": 1977,
      "usd_g": 63.56202596617752,
      "brl_oz": 9890.1402,
      "brl_g": 317.97539109839965,
      "chg_1h": 0,
      "chg_24h": 2.4352331606217614
    },
    "XPD": {
      "name": "Paládio",
      "usd_oz": 1419,
      "usd_g": 45.6219093808831,
      "brl_oz": 7098.6894,
      "brl_g": 228.2281638688058,
      "chg_1h": 0,
      "chg_24h": 3.2751091703056767
    },
    "XCU": {
      "name": "Cobre",
      "usd_oz": 6.127126,
      "usd_g": 0.1969916752200513,
      "brl_oz": 30.651560527599997,
      "brl_g": 0.9854705544558287,
      "chg_1h": 0,
      "chg_24h": 0
    }
  }
}
