{
  "timestamp": 1770916623,
  "usdToBrl": 5.1761,
  "metals": {
    "XAU": {
      "name": "Ouro",
      "usd_oz": 4960.100098,
      "usd_g": 159.47092120582482,
      "brl_oz": 25673.9741172578,
      "brl_g": 825.4374352534699,
      "chg_1h": -1.879290185323646,
      "chg_24h": -2.5979853614410864
    },
    "XAG": {
      "name": "Prata",
      "usd_oz": 76.690002,
      "usd_g": 2.465640818649573,
      "brl_oz": 396.95511935220003,
      "brl_g": 12.762403441412054,
      "chg_1h": -6.557653116259539,
      "chg_24h": -9.537009506646775
    },
    "XPT": {
      "name": "Platina",
      "usd_oz": 2035,
      "usd_g": 65.42676926715794,
      "brl_oz": 10533.3635,
      "brl_g": 338.6555004037362,
      "chg_1h": -3.4171808258186998,
      "chg_24h": -5.304792926942764
    },
    "XPD": {
      "name": "Paládio",
      "usd_oz": 1665,
      "usd_g": 53.53099303676559,
      "brl_oz": 8618.2065,
      "brl_g": 277.08177305760233,
      "chg_1h": -2.9154518950437316,
      "chg_24h": -4.965753424657534
    },
    "XCU": {
      "name": "Cobre",
      "usd_oz": 5.873643,
      "usd_g": 0.18884200752759578,
      "brl_oz": 30.4025635323,
      "brl_g": 0.9774651151635885,
      "chg_1h": -1.5047844519021745,
      "chg_24h": -1.7898935089607506
    }
  }
}
