{
  "timestamp": 1770698747,
  "usdToBrl": 5.1931,
  "metals": {
    "XAU": {
      "name": "Ouro",
      "usd_oz": 5027.200195,
      "usd_g": 161.62823941920217,
      "brl_oz": 26106.7533326545,
      "brl_g": 839.3516101278589,
      "chg_1h": 0.033831360063682196,
      "chg_24h": 0.043784975124385055
    },
    "XAG": {
      "name": "Prata",
      "usd_oz": 81.339996,
      "usd_g": 2.6151415972892136,
      "brl_oz": 422.4067332276,
      "brl_g": 13.580691828882616,
      "chg_1h": -0.08353110567257332,
      "chg_24h": 0.03196620390217379
    },
    "XPT": {
      "name": "Platina",
      "usd_oz": 2092,
      "usd_g": 67.25936182156974,
      "brl_oz": 10863.9652,
      "brl_g": 349.28459187559383,
      "chg_1h": -0.19083969465648853,
      "chg_24h": 0.23957834211787254
    },
    "XPD": {
      "name": "Paládio",
      "usd_oz": 1741,
      "usd_g": 55.97444977598131,
      "brl_oz": 9041.187100000001,
      "brl_g": 290.6809151316486,
      "chg_1h": 0.17261219792865362,
      "chg_24h": 0.869061413673233
    },
    "XCU": {
      "name": "Cobre",
      "usd_oz": 5.856331,
      "usd_g": 0.18828541380299968,
      "brl_oz": 30.4125125161,
      "brl_g": 0.9777849824203577,
      "chg_1h": 0.018069183110668952,
      "chg_24h": -0.16110386664623483
    }
  }
}
