{
  "timestamp": 1771512065,
  "usdToBrl": 5.2229,
  "metals": {
    "XAU": {
      "name": "Ouro",
      "usd_oz": 4985.5,
      "usd_g": 160.2875470178948,
      "brl_oz": 26038.76795,
      "brl_g": 837.1658293197628,
      "chg_1h": -0.14820849897343105,
      "chg_24h": 0.14463160681421333
    },
    "XAG": {
      "name": "Prata",
      "usd_oz": 77.936996,
      "usd_g": 2.5057326067161725,
      "brl_oz": 407.05713640839997,
      "brl_g": 13.087190831617898,
      "chg_1h": -0.6602587302209231,
      "chg_24h": 0.5197707013608419
    },
    "XPT": {
      "name": "Platina",
      "usd_oz": 2063,
      "usd_g": 66.32699017107953,
      "brl_oz": 10774.842700000001,
      "brl_g": 346.4192369645313,
      "chg_1h": -0.24177949709864605,
      "chg_24h": -1.8086625416468347
    },
    "XPD": {
      "name": "Paládio",
      "usd_oz": 1694,
      "usd_g": 54.4633646872558,
      "brl_oz": 8847.5926,
      "brl_g": 284.4567074250683,
      "chg_1h": 0.35545023696682465,
      "chg_24h": -3.9137833238797506
    },
    "XCU": {
      "name": "Cobre",
      "usd_oz": 5.696667,
      "usd_g": 0.18315209700286625,
      "brl_oz": 29.7531220743,
      "brl_g": 0.9565850874362701,
      "chg_1h": -0.09014686046020012,
      "chg_24h": -1.216527924739148
    }
  }
}
