{
  "timestamp": 1783485176,
  "usdToBrl": 5.1413,
  "metals": {
    "XAU": {
      "name": "Ouro",
      "usd_oz": 4128,
      "usd_g": 132.7182818352963,
      "brl_oz": 21223.2864,
      "brl_g": 682.3445023998089,
      "chg_1h": 0,
      "chg_24h": -0.07746405037145263
    },
    "XAG": {
      "name": "Prata",
      "usd_oz": 60.563,
      "usd_g": 1.9471456644358165,
      "brl_oz": 311.3725519,
      "brl_g": 10.010860004563863,
      "chg_1h": 0,
      "chg_24h": -0.831817079003404
    },
    "XPT": {
      "name": "Platina",
      "usd_oz": 1644,
      "usd_g": 52.8558273588244,
      "brl_oz": 8452.2972,
      "brl_g": 271.7476651999239,
      "chg_1h": 0,
      "chg_24h": 1.4814814814814816
    },
    "XPD": {
      "name": "Paládio",
      "usd_oz": 1291,
      "usd_g": 41.50661382009872,
      "brl_oz": 6637.4183,
      "brl_g": 213.39795363327357,
      "chg_1h": 0,
      "chg_24h": 0.702028081123245
    },
    "XCU": {
      "name": "Cobre",
      "usd_oz": 6.04238,
      "usd_g": 0.19426702805134632,
      "brl_oz": 31.065688294,
      "brl_g": 0.9987850713203869,
      "chg_1h": 0,
      "chg_24h": 0.24583737172674458
    }
  }
}
