{
  "timestamp": 1773245075,
  "usdToBrl": 5.1711,
  "metals": {
    "XAU": {
      "name": "Ouro",
      "usd_oz": 5170.899902,
      "usd_g": 166.24829228094526,
      "brl_oz": 26739.2404832322,
      "brl_g": 859.6865442139961,
      "chg_1h": -0.08694980262802501,
      "chg_24h": -1.0354085741626773
    },
    "XAG": {
      "name": "Prata",
      "usd_oz": 85.024002,
      "usd_g": 2.7335851405525187,
      "brl_oz": 439.6676167422,
      "brl_g": 14.135642120311129,
      "chg_1h": -0.3036889053042997,
      "chg_24h": -4.877831439256542
    },
    "XPT": {
      "name": "Platina",
      "usd_oz": 2186,
      "usd_g": 70.28153199902077,
      "brl_oz": 11304.0246,
      "brl_g": 363.4328301201363,
      "chg_1h": -0.95151789759855,
      "chg_24h": -1.5315315315315314
    },
    "XPD": {
      "name": "Paládio",
      "usd_oz": 1654,
      "usd_g": 53.17733482451068,
      "brl_oz": 8552.9994,
      "brl_g": 274.9853161110272,
      "chg_1h": -0.4214328717639976,
      "chg_24h": -2.303603071470762
    },
    "XCU": {
      "name": "Cobre",
      "usd_oz": 5.801446,
      "usd_g": 0.18652082007758053,
      "brl_oz": 29.9998574106,
      "brl_g": 0.9645178127031767,
      "chg_1h": -0.17042511636710386,
      "chg_24h": -1.358666728783876
    }
  }
}
