{
  "timestamp": 1772185971,
  "usdToBrl": 5.1258,
  "metals": {
    "XAU": {
      "name": "Ouro",
      "usd_oz": 5177.299805,
      "usd_g": 166.45405394036206,
      "brl_oz": 26537.803340469,
      "brl_g": 853.2101896875079,
      "chg_1h": -0.06563572243154475,
      "chg_24h": -0.2043234680745091
    },
    "XAG": {
      "name": "Prata",
      "usd_oz": 89.935997,
      "usd_g": 2.8915094469438865,
      "brl_oz": 460.9939334226,
      "brl_g": 14.821299123144973,
      "chg_1h": 0.1447531345344443,
      "chg_24h": 2.516870412532043
    },
    "XPT": {
      "name": "Platina",
      "usd_oz": 2374,
      "usd_g": 76.32587235392283,
      "brl_oz": 12168.6492,
      "brl_g": 391.23115651173765,
      "chg_1h": -0.46121593291404617,
      "chg_24h": 3.5776614310645725
    },
    "XPD": {
      "name": "Paládio",
      "usd_oz": 1844,
      "usd_g": 59.28597667255,
      "brl_oz": 9451.975199999999,
      "brl_g": 303.8880592281568,
      "chg_1h": -0.37817396002160997,
      "chg_24h": 3.18970341354225
    },
    "XCU": {
      "name": "Cobre",
      "usd_oz": 6.040414,
      "usd_g": 0.19420381968359243,
      "brl_oz": 30.961954081200002,
      "brl_g": 0.9954499389341581,
      "chg_1h": 0.11527384208628068,
      "chg_24h": 1.338040196233379
    }
  }
}
