{
  "timestamp": 1772192796,
  "usdToBrl": 5.1258,
  "metals": {
    "XAU": {
      "name": "Ouro",
      "usd_oz": 5180.200195,
      "usd_g": 166.54730364420226,
      "brl_oz": 26552.670159531,
      "brl_g": 853.688169019452,
      "chg_1h": 0.11983368766912154,
      "chg_24h": 0.1546730539883907
    },
    "XAG": {
      "name": "Prata",
      "usd_oz": 89.863998,
      "usd_g": 2.8891946253416916,
      "brl_oz": 460.62488094839995,
      "brl_g": 14.809433810576442,
      "chg_1h": 0.11251629290463767,
      "chg_24h": 2.668857965451043
    },
    "XPT": {
      "name": "Platina",
      "usd_oz": 2376,
      "usd_g": 76.39017384706008,
      "brl_oz": 12178.9008,
      "brl_g": 391.5607531052606,
      "chg_1h": -0.04206983592763988,
      "chg_24h": 4.2105263157894735
    },
    "XPD": {
      "name": "Paládio",
      "usd_oz": 1838,
      "usd_g": 59.09307219313823,
      "brl_oz": 9421.2204,
      "brl_g": 302.8992694475879,
      "chg_1h": 0,
      "chg_24h": 3.4909909909909906
    },
    "XCU": {
      "name": "Cobre",
      "usd_oz": 6.035198,
      "usd_g": 0.19403612138949047,
      "brl_oz": 30.935217908400002,
      "brl_g": 0.9945903510182502,
      "chg_1h": -0.030047977376880124,
      "chg_24h": 1.3366597308882149
    }
  }
}
