{
  "timestamp": 1771804536,
  "usdToBrl": 5.2144,
  "metals": {
    "XAU": {
      "name": "Ouro",
      "usd_oz": 5165.799805,
      "usd_g": 166.08432035482284,
      "brl_oz": 26936.546503192,
      "brl_g": 866.0300800581882,
      "chg_1h": 1.1335363674086254,
      "chg_24h": 1.1335363674086254
    },
    "XAG": {
      "name": "Prata",
      "usd_oz": 87.181,
      "usd_g": 2.802934236599556,
      "brl_oz": 454.59660640000004,
      "brl_g": 14.615620283324725,
      "chg_1h": 2.8490208674353075,
      "chg_24h": 2.8490208674353075
    },
    "XPT": {
      "name": "Platina",
      "usd_oz": 2211,
      "usd_g": 71.08530066323647,
      "brl_oz": 11529.038400000001,
      "brl_g": 370.66719177838024,
      "chg_1h": 2.030456852791878,
      "chg_24h": 2.030456852791878
    },
    "XPD": {
      "name": "Paládio",
      "usd_oz": 1797,
      "usd_g": 57.774891583824484,
      "brl_oz": 9370.276800000001,
      "brl_g": 301.26139467469443,
      "chg_1h": 0.7851934941110488,
      "chg_24h": 0.7851934941110488
    },
    "XCU": {
      "name": "Cobre",
      "usd_oz": 5.769319,
      "usd_g": 0.18548791304257023,
      "brl_oz": 30.083536993600003,
      "brl_g": 0.9672081737691782,
      "chg_1h": 0,
      "chg_24h": 0
    }
  }
}
