{
  "timestamp": 1770928961,
  "usdToBrl": 5.1761,
  "metals": {
    "XAU": {
      "name": "Ouro",
      "usd_oz": 4922.5,
      "usd_g": 158.26204998407124,
      "brl_oz": 25479.35225,
      "brl_g": 819.1801969225511,
      "chg_1h": -0.6779543862231309,
      "chg_24h": -3.267957305701077
    },
    "XAG": {
      "name": "Prata",
      "usd_oz": 75.471001,
      "usd_g": 2.426449026431669,
      "brl_oz": 390.6454482761,
      "brl_g": 12.559542805712962,
      "chg_1h": -1.7202299718720706,
      "chg_24h": -10.840315279679775
    },
    "XPT": {
      "name": "Platina",
      "usd_oz": 2017,
      "usd_g": 64.84805582892264,
      "brl_oz": 10440.1937,
      "brl_g": 335.66002177608647,
      "chg_1h": -1.4173998044965785,
      "chg_24h": -6.142391810144253
    },
    "XPD": {
      "name": "Paládio",
      "usd_oz": 1652,
      "usd_g": 53.11303333137342,
      "brl_oz": 8550.9172,
      "brl_g": 274.918371826522,
      "chg_1h": -1.0778443113772456,
      "chg_24h": -5.002875215641174
    },
    "XCU": {
      "name": "Cobre",
      "usd_oz": 6.055821,
      "usd_g": 0.19469916623597527,
      "brl_oz": 31.3455350781,
      "brl_g": 1.0077823543540316,
      "chg_1h": 0,
      "chg_24h": 0.2576047624432089
    }
  }
}
