{
  "timestamp": 1781036765,
  "usdToBrl": 5.163,
  "metals": {
    "XAU": {
      "name": "Ouro",
      "usd_oz": 4259.399902,
      "usd_g": 136.94288678364086,
      "brl_oz": 21991.281694026,
      "brl_g": 707.0361244639378,
      "chg_1h": 0,
      "chg_24h": -1.6600075320807663
    },
    "XAG": {
      "name": "Prata",
      "usd_oz": 65.405998,
      "usd_g": 2.1028516657661886,
      "brl_oz": 337.691167674,
      "brl_g": 10.857023150350832,
      "chg_1h": 0,
      "chg_24h": -4.234383330451109
    },
    "XPT": {
      "name": "Platina",
      "usd_oz": 1732,
      "usd_g": 55.685093056863664,
      "brl_oz": 8942.316,
      "brl_g": 287.50213545258714,
      "chg_1h": 0,
      "chg_24h": -1.9252548131370328
    },
    "XPD": {
      "name": "Paládio",
      "usd_oz": 1253,
      "usd_g": 40.28488545049086,
      "brl_oz": 6469.2390000000005,
      "brl_g": 207.99086358088434,
      "chg_1h": 0,
      "chg_24h": 1.3754045307443366
    },
    "XCU": {
      "name": "Cobre",
      "usd_oz": 6.30525,
      "usd_g": 0.2027184948018416,
      "brl_oz": 32.55400575,
      "brl_g": 1.046635588661908,
      "chg_1h": 0,
      "chg_24h": 1.5044275425569231
    }
  }
}
