{
  "timestamp": 1774421139,
  "usdToBrl": 5.2669,
  "metals": {
    "XAU": {
      "name": "Ouro",
      "usd_oz": 4547.799805,
      "usd_g": 146.21515897541073,
      "brl_oz": 23952.806792954496,
      "brl_g": 770.1006208075908,
      "chg_1h": -0.3986026062198938,
      "chg_24h": 4.121067998445044
    },
    "XAG": {
      "name": "Prata",
      "usd_oz": 73.194,
      "usd_g": 2.3532417443441567,
      "brl_oz": 385.5054786,
      "brl_g": 12.394288943286238,
      "chg_1h": -0.5300065231572089,
      "chg_24h": 7.134074941452005
    },
    "XPT": {
      "name": "Platina",
      "usd_oz": 1963,
      "usd_g": 63.111915514216726,
      "brl_oz": 10338.9247,
      "brl_g": 332.4041478218281,
      "chg_1h": -0.958627648839556,
      "chg_24h": 4.749199573105656
    },
    "XPD": {
      "name": "Paládio",
      "usd_oz": 1473,
      "usd_g": 47.35804969558902,
      "brl_oz": 7758.1437,
      "brl_g": 249.4301119416978,
      "chg_1h": -0.6743088334457181,
      "chg_24h": 2.008310249307479
    },
    "XCU": {
      "name": "Cobre",
      "usd_oz": 5.427082,
      "usd_g": 0.1744847379891627,
      "brl_oz": 28.5838981858,
      "brl_g": 0.9189936665151209,
      "chg_1h": 0.008366152977510132,
      "chg_24h": -0.2029562059969626
    }
  }
}
