{
  "timestamp": 1773757318,
  "usdToBrl": 5.2703,
  "metals": {
    "XAU": {
      "name": "Ouro",
      "usd_oz": 5014.899902,
      "usd_g": 161.2327758162393,
      "brl_oz": 26430.026953510598,
      "brl_g": 849.745098384326,
      "chg_1h": -0.03389139988809565,
      "chg_24h": 0.28195683790226156
    },
    "XAG": {
      "name": "Prata",
      "usd_oz": 81.033997,
      "usd_g": 2.6053035009899603,
      "brl_oz": 427.0734743891,
      "brl_g": 13.730731041267388,
      "chg_1h": 0.26230234666677094,
      "chg_24h": 0.6295987681150401
    },
    "XPT": {
      "name": "Platina",
      "usd_oz": 2158,
      "usd_g": 69.38131109509918,
      "brl_oz": 11373.3074,
      "brl_g": 365.6603238645012,
      "chg_1h": 1.1246485473289598,
      "chg_24h": 1.8885741265344664
    },
    "XPD": {
      "name": "Paládio",
      "usd_oz": 1655,
      "usd_g": 53.209485571079306,
      "brl_oz": 8722.3465,
      "brl_g": 280.42995180525924,
      "chg_1h": 0.7303712720632989,
      "chg_24h": 1.7209588199139523
    },
    "XCU": {
      "name": "Cobre",
      "usd_oz": 5.769241,
      "usd_g": 0.18548540528433788,
      "brl_oz": 30.4056308423,
      "brl_g": 0.9775637314700458,
      "chg_1h": -0.03538208055297793,
      "chg_24h": -0.9308062614472534
    }
  }
}
