{
  "timestamp": 1773792064,
  "usdToBrl": 5.2089,
  "metals": {
    "XAU": {
      "name": "Ouro",
      "usd_oz": 5004.100098,
      "usd_g": 160.88555405484445,
      "brl_oz": 26065.8570004722,
      "brl_g": 838.0367625162792,
      "chg_1h": 0.08200195999999778,
      "chg_24h": -0.0798706080494959
    },
    "XAG": {
      "name": "Prata",
      "usd_oz": 79.351997,
      "usd_g": 2.551225945261528,
      "brl_oz": 413.3366171733,
      "brl_g": 13.289080826272771,
      "chg_1h": 0.3211168423980357,
      "chg_24h": -2.12761441120364
    },
    "XPT": {
      "name": "Platina",
      "usd_oz": 2135,
      "usd_g": 68.64184392402073,
      "brl_oz": 11121.0015,
      "brl_g": 357.5485008158316,
      "chg_1h": 0.2818224518553311,
      "chg_24h": 0.2818224518553311
    },
    "XPD": {
      "name": "Paládio",
      "usd_oz": 1620,
      "usd_g": 52.08420944117733,
      "brl_oz": 8438.418,
      "brl_g": 271.30143855814856,
      "chg_1h": 0.30959752321981426,
      "chg_24h": -1.1592434411226358
    },
    "XCU": {
      "name": "Cobre",
      "usd_oz": 5.763089,
      "usd_g": 0.18528761389144766,
      "brl_oz": 30.019354292099997,
      "brl_g": 0.9651446519991617,
      "chg_1h": 0,
      "chg_24h": -1.1993388704051202
    }
  }
}
