{
  "timestamp": 1781871964,
  "usdToBrl": 5.1469,
  "metals": {
    "XAU": {
      "name": "Ouro",
      "usd_oz": 4155.299805,
      "usd_g": 133.59599094722427,
      "brl_oz": 21386.9125663545,
      "brl_g": 687.6052058062685,
      "chg_1h": 0,
      "chg_24h": -2.4897944206129203
    },
    "XAG": {
      "name": "Prata",
      "usd_oz": 64.926003,
      "usd_g": 2.08741946816698,
      "brl_oz": 334.16764484069995,
      "brl_g": 10.743739260708628,
      "chg_1h": 0,
      "chg_24h": -4.578117605561356
    },
    "XPT": {
      "name": "Platina",
      "usd_oz": 1682,
      "usd_g": 54.077555728432266,
      "brl_oz": 8657.085799999999,
      "brl_g": 278.331771578668,
      "chg_1h": 0,
      "chg_24h": -2.379570516540917
    },
    "XPD": {
      "name": "Paládio",
      "usd_oz": 1280,
      "usd_g": 41.152955607843815,
      "brl_oz": 6588.031999999999,
      "brl_g": 211.8101472180113,
      "chg_1h": 0,
      "chg_24h": -1.7651573292402147
    },
    "XCU": {
      "name": "Cobre",
      "usd_oz": 6.175282,
      "usd_g": 0.19853992657181013,
      "brl_oz": 31.783558925799998,
      "brl_g": 1.0218651480724494,
      "chg_1h": 0,
      "chg_24h": -0.4970088430352816
    }
  }
}
