{
  "timestamp": 1774518349,
  "usdToBrl": 5.233,
  "metals": {
    "XAU": {
      "name": "Ouro",
      "usd_oz": 4425.200195,
      "usd_g": 142.27348998488813,
      "brl_oz": 23157.072620435,
      "brl_g": 744.5171730909195,
      "chg_1h": -0.24795995483697955,
      "chg_24h": -2.9837900558698163
    },
    "XAG": {
      "name": "Prata",
      "usd_oz": 68.077003,
      "usd_g": 2.188726470604727,
      "brl_oz": 356.246956699,
      "brl_g": 11.453605620674537,
      "chg_1h": -0.5608974534537484,
      "chg_24h": -6.896881555106053
    },
    "XPT": {
      "name": "Platina",
      "usd_oz": 1894,
      "usd_g": 60.8935140009814,
      "brl_oz": 9911.302,
      "brl_g": 318.65575876713564,
      "chg_1h": 0.6376195536663124,
      "chg_24h": -3.857868020304569
    },
    "XPD": {
      "name": "Paládio",
      "usd_oz": 1415,
      "usd_g": 45.493306394608595,
      "brl_oz": 7404.695,
      "brl_g": 238.06647236298676,
      "chg_1h": 0.3546099290780142,
      "chg_24h": -4.905913978494623
    },
    "XCU": {
      "name": "Cobre",
      "usd_oz": 5.469568,
      "usd_g": 0.1758506946078774,
      "brl_oz": 28.622249343999997,
      "brl_g": 0.9202266848830223,
      "chg_1h": 0.04148299892085557,
      "chg_24h": 0.7071044070847406
    }
  }
}
