{
  "timestamp": 1778864870,
  "usdToBrl": 5.0324,
  "metals": {
    "XAU": {
      "name": "Ouro",
      "usd_oz": 4552.799805,
      "usd_g": 146.37591270825388,
      "brl_oz": 22911.509738681998,
      "brl_g": 736.6221431130168,
      "chg_1h": 0.05494143478750407,
      "chg_24h": -2.651385673327961
    },
    "XAG": {
      "name": "Prata",
      "usd_oz": 76.748001,
      "usd_g": 2.4675055297998068,
      "brl_oz": 386.22664023240003,
      "brl_g": 12.417474828164547,
      "chg_1h": 0.07171449712863215,
      "chg_24h": -9.51448973667747
    },
    "XPT": {
      "name": "Platina",
      "usd_oz": 1991,
      "usd_g": 64.01213641813831,
      "brl_oz": 10019.5084,
      "brl_g": 322.13467531063924,
      "chg_1h": 0,
      "chg_24h": -3.816425120772947
    },
    "XPD": {
      "name": "Paládio",
      "usd_oz": 1437,
      "usd_g": 46.20062281911841,
      "brl_oz": 7231.5588,
      "brl_g": 232.5000142749315,
      "chg_1h": -0.34674063800277394,
      "chg_24h": -1.642710472279261
    },
    "XCU": {
      "name": "Cobre",
      "usd_oz": 6.199398,
      "usd_g": 0.1993152739760592,
      "brl_oz": 31.1978504952,
      "brl_g": 1.0030341847571203,
      "chg_1h": 0.028058981625168494,
      "chg_24h": -1.9560093992198002
    }
  }
}
