{
  "timestamp": 1784820235,
  "usdToBrl": 5.0715,
  "metals": {
    "XAU": {
      "name": "Ouro",
      "usd_oz": 4047.399902,
      "usd_g": 130.12692851109173,
      "brl_oz": 20526.388602993004,
      "brl_g": 659.9387179440017,
      "chg_1h": 0,
      "chg_24h": -2.664621418017134
    },
    "XAG": {
      "name": "Prata",
      "usd_oz": 57.443001,
      "usd_g": 1.8468353672924438,
      "brl_oz": 291.32217957150004,
      "brl_g": 9.36622556522363,
      "chg_1h": 0,
      "chg_24h": -5.024630634722079
    },
    "XPT": {
      "name": "Platina",
      "usd_oz": 1595,
      "usd_g": 51.28044077696163,
      "brl_oz": 8089.0425000000005,
      "brl_g": 260.06875540036094,
      "chg_1h": 0,
      "chg_24h": -3.5671100362756953
    },
    "XPD": {
      "name": "Paládio",
      "usd_oz": 1278,
      "usd_g": 41.08865411470656,
      "brl_oz": 6481.377,
      "brl_g": 208.3811093427343,
      "chg_1h": 0,
      "chg_24h": -3.9819684447783623
    },
    "XCU": {
      "name": "Cobre",
      "usd_oz": 6.185337,
      "usd_g": 0.19886320232855767,
      "brl_oz": 31.3689365955,
      "brl_g": 1.0085347306092802,
      "chg_1h": 0,
      "chg_24h": -1.4822568619802698
    }
  }
}
