{
  "timestamp": 1772014197,
  "usdToBrl": 5.1769,
  "metals": {
    "XAU": {
      "name": "Ouro",
      "usd_oz": 5187.299805,
      "usd_g": 166.77556140604833,
      "brl_oz": 26854.132360504496,
      "brl_g": 863.3804038429715,
      "chg_1h": 0.08874929721840301,
      "chg_24h": 0.16219473554133854
    },
    "XAG": {
      "name": "Prata",
      "usd_oz": 90.929001,
      "usd_g": 2.9234352668895203,
      "brl_oz": 470.7303452769,
      "brl_g": 15.134332033160357,
      "chg_1h": 0.32881024137912324,
      "chg_24h": 2.5673141348854447
    },
    "XPT": {
      "name": "Platina",
      "usd_oz": 2305,
      "usd_g": 74.1074708406875,
      "brl_oz": 11932.7545,
      "brl_g": 383.6469657951551,
      "chg_1h": 0.348280365694384,
      "chg_24h": 6.074551311550851
    },
    "XPD": {
      "name": "Paládio",
      "usd_oz": 1847,
      "usd_g": 59.38242891225588,
      "brl_oz": 9561.7343,
      "brl_g": 307.41689623585745,
      "chg_1h": 0.10840108401084012,
      "chg_24h": 3.473389355742297
    },
    "XCU": {
      "name": "Cobre",
      "usd_oz": 5.906755,
      "usd_g": 0.1899065830479762,
      "brl_oz": 30.5786799595,
      "brl_g": 0.983127389781068,
      "chg_1h": 0.053780926149905546,
      "chg_24h": 1.5994099524766239
    }
  }
}
