{
  "timestamp": 1779407022,
  "usdToBrl": 5.012,
  "metals": {
    "XAU": {
      "name": "Ouro",
      "usd_oz": 4536.399902,
      "usd_g": 145.84864358315082,
      "brl_oz": 22736.436308824,
      "brl_g": 730.9934016387518,
      "chg_1h": -0.17604084527154362,
      "chg_24h": -0.21557108309437828
    },
    "XAG": {
      "name": "Prata",
      "usd_oz": 76.722,
      "usd_g": 2.466669578238276,
      "brl_oz": 384.53066399999994,
      "brl_g": 12.362947926130238,
      "chg_1h": -0.2431406042130613,
      "chg_24h": 1.080340438987106
    },
    "XPT": {
      "name": "Platina",
      "usd_oz": 1973,
      "usd_g": 63.43342297990301,
      "brl_oz": 9888.676,
      "brl_g": 317.92831597527385,
      "chg_1h": -0.35353535353535354,
      "chg_24h": 0.8175779253960144
    },
    "XPD": {
      "name": "Paládio",
      "usd_oz": 1408,
      "usd_g": 45.2682511686282,
      "brl_oz": 7056.896,
      "brl_g": 226.8844748571645,
      "chg_1h": -0.6351446718419196,
      "chg_24h": 1.2221423436376708
    },
    "XCU": {
      "name": "Cobre",
      "usd_oz": 6.123272,
      "usd_g": 0.1968677662427758,
      "brl_oz": 30.689839263999996,
      "brl_g": 0.9867012444087923,
      "chg_1h": 0,
      "chg_24h": -0.004964419482992617
    }
  }
}
