{
  "timestamp": 1783645285,
  "usdToBrl": 5.1453,
  "metals": {
    "XAU": {
      "name": "Ouro",
      "usd_oz": 4130,
      "usd_g": 132.78258332843356,
      "brl_oz": 21250.089,
      "brl_g": 683.2062259997891,
      "chg_1h": 0.1284894598260529,
      "chg_24h": 1.337259231996074
    },
    "XAG": {
      "name": "Prata",
      "usd_oz": 60.416,
      "usd_g": 1.942419504690228,
      "brl_oz": 310.8584448,
      "brl_g": 9.994331077482629,
      "chg_1h": 0.4739635051144403,
      "chg_24h": 3.670401702215275
    },
    "XPT": {
      "name": "Platina",
      "usd_oz": 1627,
      "usd_g": 52.30926466715773,
      "brl_oz": 8371.4031,
      "brl_g": 269.14685949192665,
      "chg_1h": 0.3082614056720099,
      "chg_24h": 2.1343377275580666
    },
    "XPD": {
      "name": "Paládio",
      "usd_oz": 1280,
      "usd_g": 41.152955607843815,
      "brl_oz": 6585.9839999999995,
      "brl_g": 211.74430248903877,
      "chg_1h": 0.3134796238244514,
      "chg_24h": 3.059581320450886
    },
    "XCU": {
      "name": "Cobre",
      "usd_oz": 6.065059,
      "usd_g": 0.19499617483277626,
      "brl_oz": 31.2065480727,
      "brl_g": 1.0033138183670836,
      "chg_1h": 0.1173003488141851,
      "chg_24h": 1.5043246446588225
    }
  }
}
