{
  "timestamp": 1773769507,
  "usdToBrl": 5.2089,
  "metals": {
    "XAU": {
      "name": "Ouro",
      "usd_oz": 4998.600098,
      "usd_g": 160.708724948717,
      "brl_oz": 26037.2080504722,
      "brl_g": 837.1156773853719,
      "chg_1h": -0.0839471328795209,
      "chg_24h": 0.06606796646513267
    },
    "XAG": {
      "name": "Prata",
      "usd_oz": 79.592003,
      "usd_g": 2.558942317342478,
      "brl_oz": 414.58678442670004,
      "brl_g": 13.329274636805234,
      "chg_1h": 0.05783446201782278,
      "chg_24h": -1.1095210149776746
    },
    "XPT": {
      "name": "Platina",
      "usd_oz": 2136,
      "usd_g": 68.67399467058937,
      "brl_oz": 11126.2104,
      "brl_g": 357.7159708396329,
      "chg_1h": -0.2335357309668379,
      "chg_24h": 1.0884997633696167
    },
    "XPD": {
      "name": "Paládio",
      "usd_oz": 1634,
      "usd_g": 52.53431989313812,
      "brl_oz": 8511.3426,
      "brl_g": 273.64601889136713,
      "chg_1h": -0.2442002442002442,
      "chg_24h": 0.43023970497848807
    },
    "XCU": {
      "name": "Cobre",
      "usd_oz": 5.759489,
      "usd_g": 0.1851718712038006,
      "brl_oz": 30.000602252100002,
      "brl_g": 0.9645417599134769,
      "chg_1h": -0.015745445278410878,
      "chg_24h": -1.3301059476328125
    }
  }
}
