{
  "timestamp": 1772136217,
  "usdToBrl": 5.1258,
  "metals": {
    "XAU": {
      "name": "Ouro",
      "usd_oz": 5192.100098,
      "usd_g": 166.9298944097465,
      "brl_oz": 26613.6666823284,
      "brl_g": 855.6492527654786,
      "chg_1h": 0.09060793632254223,
      "chg_24h": -0.12118736762780553
    },
    "XAG": {
      "name": "Prata",
      "usd_oz": 88.476997,
      "usd_g": 2.844601507700258,
      "brl_oz": 453.5153912226,
      "brl_g": 14.580858408169984,
      "chg_1h": 0.4176599391928083,
      "chg_24h": -2.750084206249097
    },
    "XPT": {
      "name": "Platina",
      "usd_oz": 2278,
      "usd_g": 73.23940068333454,
      "brl_oz": 11676.5724,
      "brl_g": 375.41052002263615,
      "chg_1h": 0.30823425803610743,
      "chg_24h": -1.9793459552495698
    },
    "XPD": {
      "name": "Paládio",
      "usd_oz": 1807,
      "usd_g": 58.096399049510765,
      "brl_oz": 9262.3206,
      "brl_g": 297.79052224798227,
      "chg_1h": 0.3331482509716824,
      "chg_24h": -0.7688083470620538
    },
    "XCU": {
      "name": "Cobre",
      "usd_oz": 5.958994,
      "usd_g": 0.19158610589797473,
      "brl_oz": 30.544611445199997,
      "brl_g": 0.9820320616118389,
      "chg_1h": -0.19365030660461968,
      "chg_24h": 0.9106522401035839
    }
  }
}
