{
  "timestamp": 1773408006,
  "usdToBrl": 5.1621,
  "metals": {
    "XAU": {
      "name": "Ouro",
      "usd_oz": 5114,
      "usd_g": 164.4189179519635,
      "brl_oz": 26398.9794,
      "brl_g": 848.7468963598307,
      "chg_1h": 0.19788981355300667,
      "chg_24h": -1.2035586682947097
    },
    "XAG": {
      "name": "Prata",
      "usd_oz": 84.319,
      "usd_g": 2.710918799920143,
      "brl_oz": 435.26310989999996,
      "brl_g": 13.994033937067769,
      "chg_1h": 0.5461418299328631,
      "chg_24h": -3.1528564107028214
    },
    "XPT": {
      "name": "Platina",
      "usd_oz": 2109,
      "usd_g": 67.8059245132364,
      "brl_oz": 10886.8689,
      "brl_g": 350.0209629297776,
      "chg_1h": 1.0057471264367817,
      "chg_24h": -3.5224153705397985
    },
    "XPD": {
      "name": "Paládio",
      "usd_oz": 1642,
      "usd_g": 52.79152586568715,
      "brl_oz": 8476.1682,
      "brl_g": 272.51513567126364,
      "chg_1h": 0.984009840098401,
      "chg_24h": -2.20369267421084
    },
    "XCU": {
      "name": "Cobre",
      "usd_oz": 5.806663,
      "usd_g": 0.18668855052242908,
      "brl_oz": 29.9745750723,
      "brl_g": 0.9637049666518311,
      "chg_1h": -0.16766341466349566,
      "chg_24h": -0.5180659192153629
    }
  }
}
