{
  "timestamp": 1776442504,
  "usdToBrl": 4.9764,
  "metals": {
    "XAU": {
      "name": "Ouro",
      "usd_oz": 4872.600098,
      "usd_g": 156.65773088106985,
      "brl_oz": 24248.0071276872,
      "brl_g": 779.591531956556,
      "chg_1h": 0.04927729670052177,
      "chg_24h": 1.7711745781734967
    },
    "XAG": {
      "name": "Prata",
      "usd_oz": 82.554001,
      "usd_g": 2.654172764377261,
      "brl_oz": 410.8217305764,
      "brl_g": 13.208225344647001,
      "chg_1h": -0.2802430261067131,
      "chg_24h": 5.01717332378612
    },
    "XPT": {
      "name": "Platina",
      "usd_oz": 2135,
      "usd_g": 68.64184392402073,
      "brl_oz": 10624.614,
      "brl_g": 341.5892721034968,
      "chg_1h": -0.23364485981308408,
      "chg_24h": 1.2808349146110056
    },
    "XPD": {
      "name": "Paládio",
      "usd_oz": 1610,
      "usd_g": 51.76270197549105,
      "brl_oz": 8012.004,
      "brl_g": 257.5919101108336,
      "chg_1h": -0.18598884066955984,
      "chg_24h": 0.9404388714733543
    },
    "XCU": {
      "name": "Cobre",
      "usd_oz": 6.00012,
      "usd_g": 0.1929083375013561,
      "brl_oz": 29.858997168,
      "brl_g": 0.9599890507417486,
      "chg_1h": 0.018903194639886208,
      "chg_24h": 0.9270298711120367
    }
  }
}
