{
  "timestamp": 1773187157,
  "usdToBrl": 5.1779,
  "metals": {
    "XAU": {
      "name": "Ouro",
      "usd_oz": 5195.899902,
      "usd_g": 167.05206094516097,
      "brl_oz": 26903.8501025658,
      "brl_g": 864.9788663679491,
      "chg_1h": 0.06354820201292193,
      "chg_24h": 1.0384035391346642
    },
    "XAG": {
      "name": "Prata",
      "usd_oz": 88.487999,
      "usd_g": 2.844955230214006,
      "brl_oz": 458.18201002210003,
      "brl_g": 14.730893686525103,
      "chg_1h": 0.06332549375028532,
      "chg_24h": 1.0690754964118359
    },
    "XPT": {
      "name": "Platina",
      "usd_oz": 2202,
      "usd_g": 70.79594394411882,
      "brl_oz": 11401.7358,
      "brl_g": 366.5743181482528,
      "chg_1h": 0.31890660592255127,
      "chg_24h": 0.5938784833257195
    },
    "XPD": {
      "name": "Paládio",
      "usd_oz": 1683,
      "usd_g": 54.10970647500089,
      "brl_oz": 8714.405700000001,
      "brl_g": 280.17464915690715,
      "chg_1h": 0.23823704586063135,
      "chg_24h": -1.5789473684210527
    },
    "XCU": {
      "name": "Cobre",
      "usd_oz": 5.886419,
      "usd_g": 0.18925276546575656,
      "brl_oz": 30.479288940100002,
      "brl_g": 0.9799318943051409,
      "chg_1h": 0,
      "chg_24h": 0.7257176923782517
    }
  }
}
