{
  "timestamp": 1773709000,
  "usdToBrl": 5.2703,
  "metals": {
    "XAU": {
      "name": "Ouro",
      "usd_oz": 5005.700195,
      "usd_g": 160.93699836797668,
      "brl_oz": 26381.5417377085,
      "brl_g": 848.1862624987475,
      "chg_1h": -0.047920427967443155,
      "chg_24h": 0.24231209473194906
    },
    "XAG": {
      "name": "Prata",
      "usd_oz": 80.596001,
      "usd_g": 2.5912216025958874,
      "brl_oz": 424.76510407029997,
      "brl_g": 13.656515212161105,
      "chg_1h": -0.5932656390863432,
      "chg_24h": 0.688366561018584
    },
    "XPT": {
      "name": "Platina",
      "usd_oz": 2125,
      "usd_g": 68.32033645833447,
      "brl_oz": 11199.387499999999,
      "brl_g": 360.0686692363601,
      "chg_1h": -0.18788163457022078,
      "chg_24h": 4.9901185770750995
    },
    "XPD": {
      "name": "Paládio",
      "usd_oz": 1627,
      "usd_g": 52.30926466715773,
      "brl_oz": 8574.7781,
      "brl_g": 275.68551757532134,
      "chg_1h": -0.7321537522879805,
      "chg_24h": 4.428754813863929
    },
    "XCU": {
      "name": "Cobre",
      "usd_oz": 5.833047,
      "usd_g": 0.18753681581989573,
      "brl_oz": 30.741907604099996,
      "brl_g": 0.9883752804155964,
      "chg_1h": 0,
      "chg_24h": -0.6699318914213483
    }
  }
}
