{
  "timestamp": 1772096502,
  "usdToBrl": 5.1287,
  "metals": {
    "XAU": {
      "name": "Ouro",
      "usd_oz": 5180.200195,
      "usd_g": 166.54730364420226,
      "brl_oz": 26567.692740096503,
      "brl_g": 854.1711562000202,
      "chg_1h": -0.02508549647784717,
      "chg_24h": -0.048237403398557956
    },
    "XAG": {
      "name": "Prata",
      "usd_oz": 87.626999,
      "usd_g": 2.8172734374184176,
      "brl_oz": 449.4125897713,
      "brl_g": 14.448950278487839,
      "chg_1h": -0.49849316425196594,
      "chg_24h": -3.314537078302246
    },
    "XPT": {
      "name": "Platina",
      "usd_oz": 2293,
      "usd_g": 73.72166188186397,
      "brl_oz": 11760.109100000001,
      "brl_g": 378.09628729351573,
      "chg_1h": -0.3909643788010426,
      "chg_24h": -0.174140182847192
    },
    "XPD": {
      "name": "Paládio",
      "usd_oz": 1791,
      "usd_g": 57.58198710441271,
      "brl_oz": 9185.5017,
      "brl_g": 295.3207372624015,
      "chg_1h": -0.333889816360601,
      "chg_24h": -2.9268292682926833
    },
    "XCU": {
      "name": "Cobre",
      "usd_oz": 5.950678,
      "usd_g": 0.19131874028951001,
      "brl_oz": 30.519242258600002,
      "brl_g": 0.98121642332281,
      "chg_1h": 0.041928763467968574,
      "chg_24h": 0.7977871054512701
    }
  }
}
