{
  "timestamp": 1781267518,
  "usdToBrl": 5.1604,
  "metals": {
    "XAU": {
      "name": "Ouro",
      "usd_oz": 4199.600098,
      "usd_g": 135.02027844038324,
      "brl_oz": 21671.6163457192,
      "brl_g": 696.7586448637537,
      "chg_1h": 0,
      "chg_24h": 2.775198188043829
    },
    "XAG": {
      "name": "Prata",
      "usd_oz": 66.737,
      "usd_g": 2.1456443737505255,
      "brl_oz": 344.3896148,
      "brl_g": 11.072383226302213,
      "chg_1h": 0,
      "chg_24h": 4.912595107841276
    },
    "XPT": {
      "name": "Platina",
      "usd_oz": 1706,
      "usd_g": 54.849173646079336,
      "brl_oz": 8803.6424,
      "brl_g": 283.04367568322783,
      "chg_1h": 0,
      "chg_24h": 2.4624624624624625
    },
    "XPD": {
      "name": "Paládio",
      "usd_oz": 1320,
      "usd_g": 42.43898547058893,
      "brl_oz": 6811.728,
      "brl_g": 219.00214062242713,
      "chg_1h": 0,
      "chg_24h": 3.8552321007081036
    },
    "XCU": {
      "name": "Cobre",
      "usd_oz": 6.12894,
      "usd_g": 0.1970499966743268,
      "brl_oz": 31.627781976,
      "brl_g": 1.016856802838196,
      "chg_1h": 0,
      "chg_24h": 0.2597060982839448
    }
  }
}
