{
  "timestamp": 1770909058,
  "usdToBrl": 5.1761,
  "metals": {
    "XAU": {
      "name": "Ouro",
      "usd_oz": 5058.399902,
      "usd_g": 162.6313332919746,
      "brl_oz": 26182.7837327422,
      "brl_g": 841.7960442525898,
      "chg_1h": -0.07901390797711816,
      "chg_24h": 0.2278626527830034
    },
    "XAG": {
      "name": "Prata",
      "usd_oz": 82.738998,
      "usd_g": 2.6601205560402175,
      "brl_oz": 428.2653275478,
      "brl_g": 13.76905001011977,
      "chg_1h": -0.5242019648619773,
      "chg_24h": -0.4907031946779884
    },
    "XPT": {
      "name": "Platina",
      "usd_oz": 2131,
      "usd_g": 68.51324093774623,
      "brl_oz": 11030.2691,
      "brl_g": 354.63138641786827,
      "chg_1h": -0.18735362997658078,
      "chg_24h": 1.1390602752728998
    },
    "XPD": {
      "name": "Paládio",
      "usd_oz": 1732,
      "usd_g": 55.685093056863664,
      "brl_oz": 8965.0052,
      "brl_g": 288.231610171632,
      "chg_1h": -0.11534025374855825,
      "chg_24h": -0.34522439585730724
    },
    "XCU": {
      "name": "Cobre",
      "usd_oz": 5.97933,
      "usd_g": 0.19223992348019434,
      "brl_oz": 30.949610013,
      "brl_g": 0.9950530679258339,
      "chg_1h": -0.035392773688375845,
      "chg_24h": 0.46234659293673436
    }
  }
}
