{
  "timestamp": 1772049886,
  "usdToBrl": 5.1287,
  "metals": {
    "XAU": {
      "name": "Ouro",
      "usd_oz": 5198.399902,
      "usd_g": 167.13243781158255,
      "brl_oz": 26661.033577387403,
      "brl_g": 857.1721338042635,
      "chg_1h": -0.17858733513364697,
      "chg_24h": 0.861464920450138
    },
    "XAG": {
      "name": "Prata",
      "usd_oz": 90.978996,
      "usd_g": 2.9250426434642187,
      "brl_oz": 466.6039767852,
      "brl_g": 15.001666205534939,
      "chg_1h": -0.3341231870028701,
      "chg_24h": 4.440307194269369
    },
    "XPT": {
      "name": "Platina",
      "usd_oz": 2324,
      "usd_g": 74.71833502549143,
      "brl_oz": 11919.0988,
      "brl_g": 383.2079248452379,
      "chg_1h": -0.1718213058419244,
      "chg_24h": 6.9489185457892315
    },
    "XPD": {
      "name": "Paládio",
      "usd_oz": 1821,
      "usd_g": 58.546509501471554,
      "brl_oz": 9339.3627,
      "brl_g": 300.26748328019715,
      "chg_1h": -0.38293216630196936,
      "chg_24h": 0.9423503325942351
    },
    "XCU": {
      "name": "Cobre",
      "usd_oz": 5.905218,
      "usd_g": 0.18985716735050018,
      "brl_oz": 30.2860915566,
      "brl_g": 0.9737204541905103,
      "chg_1h": -0.73747401073543,
      "chg_24h": 0.7361570941565884
    }
  }
}
