{
  "timestamp": 1773273000,
  "usdToBrl": 5.1711,
  "metals": {
    "XAU": {
      "name": "Ouro",
      "usd_oz": 5144.100098,
      "usd_g": 165.38665857445235,
      "brl_oz": 26600.6560167678,
      "brl_g": 855.2309501543506,
      "chg_1h": -0.3177967638794712,
      "chg_24h": -0.9416503369921069
    },
    "XAG": {
      "name": "Prata",
      "usd_oz": 84.822998,
      "usd_g": 2.7271227118892383,
      "brl_oz": 438.6282049578,
      "brl_g": 14.102224255450441,
      "chg_1h": -0.4716925895381083,
      "chg_24h": -4.251091137198458
    },
    "XPT": {
      "name": "Platina",
      "usd_oz": 2148,
      "usd_g": 69.0598036294129,
      "brl_oz": 11107.5228,
      "brl_g": 357.11515054805704,
      "chg_1h": -0.9225092250922509,
      "chg_24h": -2.3636363636363638
    },
    "XPD": {
      "name": "Paládio",
      "usd_oz": 1637,
      "usd_g": 52.63077213284401,
      "brl_oz": 8465.0907,
      "brl_g": 272.1589857761497,
      "chg_1h": -0.6674757281553397,
      "chg_24h": -2.906287069988138
    },
    "XCU": {
      "name": "Cobre",
      "usd_oz": 5.80633,
      "usd_g": 0.1866778443238217,
      "brl_oz": 30.025113063,
      "brl_g": 0.9653298007829144,
      "chg_1h": 0,
      "chg_24h": -1.3605725314490877
    }
  }
}
