{
  "timestamp": 1774940630,
  "usdToBrl": 5.2402,
  "metals": {
    "XAU": {
      "name": "Ouro",
      "usd_oz": 4562.899902,
      "usd_g": 146.70063836721945,
      "brl_oz": 23910.5080664604,
      "brl_g": 768.7406851719034,
      "chg_1h": -0.4059827130852317,
      "chg_24h": 0.6929251241310849
    },
    "XAG": {
      "name": "Prata",
      "usd_oz": 72.440002,
      "usd_g": 2.329000145732904,
      "brl_oz": 379.6000984804,
      "brl_g": 12.204426563669564,
      "chg_1h": -0.17363503090605786,
      "chg_24h": 2.696418875034199
    },
    "XPT": {
      "name": "Platina",
      "usd_oz": 1927,
      "usd_g": 61.95448863774612,
      "brl_oz": 10097.865399999999,
      "brl_g": 324.65391135951717,
      "chg_1h": -0.3103983445421624,
      "chg_24h": 0.20800832033281333
    },
    "XPD": {
      "name": "Paládio",
      "usd_oz": 1460,
      "usd_g": 46.94008999019685,
      "brl_oz": 7650.692,
      "brl_g": 245.97545956662952,
      "chg_1h": 0.06854009595613435,
      "chg_24h": 1.248266296809986
    },
    "XCU": {
      "name": "Cobre",
      "usd_oz": 5.521731,
      "usd_g": 0.17752777400113676,
      "brl_oz": 28.934974786199998,
      "brl_g": 0.9302810413207568,
      "chg_1h": -0.01506546869632712,
      "chg_24h": 0.6851004866926713
    }
  }
}
