{
  "timestamp": 1778022638,
  "usdToBrl": 4.9525,
  "metals": {
    "XAU": {
      "name": "Ouro",
      "usd_oz": 4580.700195,
      "usd_g": 147.2729310763098,
      "brl_oz": 22685.9177157375,
      "brl_g": 729.3691911554242,
      "chg_1h": 0.628283569875059,
      "chg_24h": 1.2913869605776989
    },
    "XAG": {
      "name": "Prata",
      "usd_oz": 73.599998,
      "usd_g": 2.3662948831495263,
      "brl_oz": 364.50399009499995,
      "brl_g": 11.719075408798028,
      "chg_1h": 0.9394459173085599,
      "chg_24h": 1.0447713880519154
    },
    "XPT": {
      "name": "Platina",
      "usd_oz": 1984,
      "usd_g": 63.78708119215791,
      "brl_oz": 9825.76,
      "brl_g": 315.90551960416207,
      "chg_1h": 1.1213047910295617,
      "chg_24h": 1.5873015873015872
    },
    "XPD": {
      "name": "Paládio",
      "usd_oz": 1529,
      "usd_g": 49.15849150343218,
      "brl_oz": 7572.3724999999995,
      "brl_g": 243.45742917074787,
      "chg_1h": 0.3939592908732764,
      "chg_24h": 1.8654230512991337
    },
    "XCU": {
      "name": "Cobre",
      "usd_oz": 5.911896,
      "usd_g": 0.19007187003608547,
      "brl_oz": 29.278664939999995,
      "brl_g": 0.9413309363537132,
      "chg_1h": 0,
      "chg_24h": 0.6236152733403696
    }
  }
}
