{
  "timestamp": 1777467387,
  "usdToBrl": 5.0017,
  "metals": {
    "XAU": {
      "name": "Ouro",
      "usd_oz": 4546.100098,
      "usd_g": 146.16051212641284,
      "brl_oz": 22738.228860166597,
      "brl_g": 731.051033502679,
      "chg_1h": -0.5338562958100889,
      "chg_24h": -1.092176514364684
    },
    "XAG": {
      "name": "Prata",
      "usd_oz": 72.098999,
      "usd_g": 2.3180366447007623,
      "brl_oz": 360.6175632983,
      "brl_g": 11.594123885799801,
      "chg_1h": -1.0037113551088286,
      "chg_24h": -2.096599869549036
    },
    "XPT": {
      "name": "Platina",
      "usd_oz": 1901,
      "usd_g": 61.118569226961796,
      "brl_oz": 9508.231699999998,
      "brl_g": 305.6967477024948,
      "chg_1h": -1.2980269989615785,
      "chg_24h": -3.306205493387589
    },
    "XPD": {
      "name": "Paládio",
      "usd_oz": 1463,
      "usd_g": 47.036542229902736,
      "brl_oz": 7317.487099999999,
      "brl_g": 235.2626732713045,
      "chg_1h": -0.3405994550408719,
      "chg_24h": -2.466666666666667
    },
    "XCU": {
      "name": "Cobre",
      "usd_oz": 5.871904,
      "usd_g": 0.1887860973793129,
      "brl_oz": 29.369502236799995,
      "brl_g": 0.9442514232621092,
      "chg_1h": 0.29181089970500873,
      "chg_24h": 0.10180820370914402
    }
  }
}
