{
  "timestamp": 1771962003,
  "usdToBrl": 5.1769,
  "metals": {
    "XAU": {
      "name": "Ouro",
      "usd_oz": 5157.100098,
      "usd_g": 165.80461827984453,
      "brl_oz": 26697.7914973362,
      "brl_g": 858.3539283729272,
      "chg_1h": -0.03682694320604983,
      "chg_24h": -1.1538479529642396
    },
    "XAG": {
      "name": "Prata",
      "usd_oz": 87.295998,
      "usd_g": 2.806631508153455,
      "brl_oz": 451.92265204619997,
      "brl_g": 14.529650654559621,
      "chg_1h": -0.23086584572372665,
      "chg_24h": -0.658892745376959
    },
    "XPT": {
      "name": "Platina",
      "usd_oz": 2175,
      "usd_g": 69.92787378676586,
      "brl_oz": 11259.7575,
      "brl_g": 362.00960980670817,
      "chg_1h": -0.3664681630783326,
      "chg_24h": 1.0218300046446818
    },
    "XPD": {
      "name": "Paládio",
      "usd_oz": 1800,
      "usd_g": 57.87134382353037,
      "brl_oz": 9318.42,
      "brl_g": 299.59415984003437,
      "chg_1h": -0.6622516556291391,
      "chg_24h": 2.3308698123934053
    },
    "XCU": {
      "name": "Cobre",
      "usd_oz": 5.849777,
      "usd_g": 0.18807469780998887,
      "brl_oz": 30.283710551299997,
      "brl_g": 0.9736439030925313,
      "chg_1h": -0.5956839549540365,
      "chg_24h": 1.0281779193032021
    }
  }
}
