{
  "timestamp": 1775602455,
  "usdToBrl": 5.1489,
  "metals": {
    "XAU": {
      "name": "Ouro",
      "usd_oz": 4779.5,
      "usd_g": 153.66449322475745,
      "brl_oz": 24609.167550000002,
      "brl_g": 791.2031091649537,
      "chg_1h": 0.7292060678754417,
      "chg_24h": 2.5489690396187275
    },
    "XAG": {
      "name": "Prata",
      "usd_oz": 75.263,
      "usd_g": 2.419761638994648,
      "brl_oz": 387.52166070000004,
      "brl_g": 12.459110703019544,
      "chg_1h": 2.0280098696709934,
      "chg_24h": 2.8703004832961874
    },
    "XPT": {
      "name": "Platina",
      "usd_oz": 2003,
      "usd_g": 64.39794537696184,
      "brl_oz": 10313.2467,
      "brl_g": 331.5785809514388,
      "chg_1h": 1.1616161616161615,
      "chg_24h": 0.40100250626566414
    },
    "XPD": {
      "name": "Paládio",
      "usd_oz": 1517,
      "usd_g": 48.77268254460865,
      "brl_oz": 7810.8813,
      "brl_g": 251.1256651539355,
      "chg_1h": 0.7304116865869853,
      "chg_24h": 0.7304116865869853
    },
    "XCU": {
      "name": "Cobre",
      "usd_oz": 5.53201,
      "usd_g": 0.17785825152511567,
      "brl_oz": 28.483766289,
      "brl_g": 0.9157743512776682,
      "chg_1h": 0,
      "chg_24h": 0.1501888041270717
    }
  }
}
