{
  "timestamp": 1774417796,
  "usdToBrl": 5.2669,
  "metals": {
    "XAU": {
      "name": "Ouro",
      "usd_oz": 4566,
      "usd_g": 146.80030883235537,
      "brl_oz": 24048.665399999998,
      "brl_g": 773.1825465891325,
      "chg_1h": -0.07659481343691871,
      "chg_24h": 4.537758227222604
    },
    "XAG": {
      "name": "Prata",
      "usd_oz": 73.584,
      "usd_g": 2.3657805355059214,
      "brl_oz": 387.5595696,
      "brl_g": 12.460329502456137,
      "chg_1h": 0.035347617327121605,
      "chg_24h": 7.7049180327869005
    },
    "XPT": {
      "name": "Platina",
      "usd_oz": 1982,
      "usd_g": 63.722779699020656,
      "brl_oz": 10438.995799999999,
      "brl_g": 335.62150839677184,
      "chg_1h": 0,
      "chg_24h": 5.76307363927428
    },
    "XPD": {
      "name": "Paládio",
      "usd_oz": 1483,
      "usd_g": 47.6795571612753,
      "brl_oz": 7810.8126999999995,
      "brl_g": 251.12345961272086,
      "chg_1h": -0.06738544474393532,
      "chg_24h": 2.7008310249307477
    },
    "XCU": {
      "name": "Cobre",
      "usd_oz": 5.426628,
      "usd_g": 0.17447014155022053,
      "brl_oz": 28.5815070132,
      "brl_g": 0.9189167885308565,
      "chg_1h": -0.10297811834642104,
      "chg_24h": -0.21130468090161986
    }
  }
}
