{
  "timestamp": 1777500568,
  "usdToBrl": 4.9854,
  "metals": {
    "XAU": {
      "name": "Ouro",
      "usd_oz": 4545.100098,
      "usd_g": 146.1283613798442,
      "brl_oz": 22659.1420285692,
      "brl_g": 728.5083328230753,
      "chg_1h": 0.004404849486601036,
      "chg_24h": -1.137595273738278
    },
    "XAG": {
      "name": "Prata",
      "usd_oz": 71.450996,
      "usd_g": 2.2972028644720517,
      "brl_oz": 356.21179545840005,
      "brl_g": 11.452475160538967,
      "chg_1h": -0.004206902225013479,
      "chg_24h": -2.53713777756971
    },
    "XPT": {
      "name": "Platina",
      "usd_oz": 1883,
      "usd_g": 60.53985578872649,
      "brl_oz": 9387.5082,
      "brl_g": 301.81539704911705,
      "chg_1h": -0.05307855626326964,
      "chg_24h": -3.2871083718541345
    },
    "XPD": {
      "name": "Paládio",
      "usd_oz": 1484,
      "usd_g": 47.71170790784392,
      "brl_oz": 7398.333600000001,
      "brl_g": 237.86194860376511,
      "chg_1h": 0.1349527665317139,
      "chg_24h": 0
    },
    "XCU": {
      "name": "Cobre",
      "usd_oz": 5.865518,
      "usd_g": 0.18858078271172565,
      "brl_oz": 29.2419534372,
      "brl_g": 0.9401506341310372,
      "chg_1h": 0,
      "chg_24h": 0.1379955560753139
    }
  }
}
