{
  "timestamp": 1773307821,
  "usdToBrl": 5.1711,
  "metals": {
    "XAU": {
      "name": "Ouro",
      "usd_oz": 5181.399902,
      "usd_g": 166.58587511991587,
      "brl_oz": 26793.5370332322,
      "brl_g": 861.432218832597,
      "chg_1h": -0.02122716835503886,
      "chg_24h": -0.15608628962327564
    },
    "XAG": {
      "name": "Prata",
      "usd_oz": 86.995003,
      "usd_g": 2.796954294190031,
      "brl_oz": 449.85986001329996,
      "brl_g": 14.46333035068607,
      "chg_1h": 0.1750296471787082,
      "chg_24h": -0.39614841611104884
    },
    "XPT": {
      "name": "Platina",
      "usd_oz": 2193,
      "usd_g": 70.50658722500117,
      "brl_oz": 11340.2223,
      "brl_g": 364.59661319920355,
      "chg_1h": 0.136986301369863,
      "chg_24h": 1.1531365313653137
    },
    "XPD": {
      "name": "Paládio",
      "usd_oz": 1689,
      "usd_g": 54.30261095441266,
      "brl_oz": 8733.9879,
      "brl_g": 280.8042315063633,
      "chg_1h": 0.2373887240356083,
      "chg_24h": 1.1983223487118035
    },
    "XCU": {
      "name": "Cobre",
      "usd_oz": 5.842194,
      "usd_g": 0.187830898698759,
      "brl_oz": 30.2105693934,
      "brl_g": 0.9712923602611526,
      "chg_1h": -0.011655221102627622,
      "chg_24h": 0.6918760279770118
    }
  }
}
