{
  "timestamp": 1775544741,
  "usdToBrl": 5.1818,
  "metals": {
    "XAU": {
      "name": "Ouro",
      "usd_oz": 4653.5,
      "usd_g": 149.6134991571103,
      "brl_oz": 24113.5063,
      "brl_g": 775.2672299323142,
      "chg_1h": 0.10540596946827564,
      "chg_24h": -0.06012939710181851
    },
    "XAG": {
      "name": "Prata",
      "usd_oz": 72.453003,
      "usd_g": 2.329418137589043,
      "brl_oz": 375.4369709454,
      "brl_g": 12.070578905358902,
      "chg_1h": -0.4328757264972582,
      "chg_24h": 0.12023049996810294
    },
    "XPT": {
      "name": "Platina",
      "usd_oz": 1967,
      "usd_g": 63.24051850049124,
      "brl_oz": 10192.6006,
      "brl_g": 327.6997187658455,
      "chg_1h": -0.15228426395939085,
      "chg_24h": -0.8068582955118508
    },
    "XPD": {
      "name": "Paládio",
      "usd_oz": 1502,
      "usd_g": 48.29042134607923,
      "brl_oz": 7783.0635999999995,
      "brl_g": 250.23130533111333,
      "chg_1h": -0.19933554817275745,
      "chg_24h": -1.6371971185330716
    },
    "XCU": {
      "name": "Cobre",
      "usd_oz": 5.521277,
      "usd_g": 0.17751317756219462,
      "brl_oz": 28.610153158600003,
      "brl_g": 0.91983778349178,
      "chg_1h": 0.09730035479187597,
      "chg_24h": -0.04411886640038891
    }
  }
}
