{
  "timestamp": 1770708914,
  "usdToBrl": 5.1931,
  "metals": {
    "XAU": {
      "name": "Ouro",
      "usd_oz": 5031.600098,
      "usd_g": 161.7696995854817,
      "brl_oz": 26129.6024689238,
      "brl_g": 840.086226917365,
      "chg_1h": -0.05958765227831607,
      "chg_24h": 0.13134523383084357
    },
    "XAG": {
      "name": "Prata",
      "usd_oz": 81.628998,
      "usd_g": 2.6244332273490403,
      "brl_oz": 423.9075495138,
      "brl_g": 13.628944192946301,
      "chg_1h": -0.061218917209827035,
      "chg_24h": 0.3873810025070296
    },
    "XPT": {
      "name": "Platina",
      "usd_oz": 2092,
      "usd_g": 67.25936182156974,
      "brl_oz": 10863.9652,
      "brl_g": 349.28459187559383,
      "chg_1h": -0.3334921391138637,
      "chg_24h": 0.23957834211787254
    },
    "XPD": {
      "name": "Paládio",
      "usd_oz": 1747,
      "usd_g": 56.167354255393086,
      "brl_oz": 9072.3457,
      "brl_g": 291.68268738368187,
      "chg_1h": -0.057208237986270026,
      "chg_24h": 1.2166859791425262
    },
    "XCU": {
      "name": "Cobre",
      "usd_oz": 5.872736,
      "usd_g": 0.188812846800458,
      "brl_oz": 30.4977053216,
      "brl_g": 0.9805239947194585,
      "chg_1h": 0.05538816437898165,
      "chg_24h": 0.11856903624597645
    }
  }
}
