{
  "timestamp": 1776638920,
  "usdToBrl": 4.9764,
  "metals": {
    "XAU": {
      "name": "Ouro",
      "usd_oz": 4783.299805,
      "usd_g": 153.78665979232264,
      "brl_oz": 23803.613149602,
      "brl_g": 765.3039337905144,
      "chg_1h": -0.9955726699437364,
      "chg_24h": -0.9955726699437364
    },
    "XAG": {
      "name": "Prata",
      "usd_oz": 79.703003,
      "usd_g": 2.5625110502115955,
      "brl_oz": 396.6340241292,
      "brl_g": 12.752079990272984,
      "chg_1h": -1.5416647869286353,
      "chg_24h": -1.5416647869286353
    },
    "XPT": {
      "name": "Platina",
      "usd_oz": 2095,
      "usd_g": 67.35581406127562,
      "brl_oz": 10425.557999999999,
      "brl_g": 335.189473094532,
      "chg_1h": -0.7109004739336493,
      "chg_24h": -0.7109004739336493
    },
    "XPD": {
      "name": "Paládio",
      "usd_oz": 1570,
      "usd_g": 50.47667211274593,
      "brl_oz": 7812.948,
      "brl_g": 251.19211110186885,
      "chg_1h": -0.7585335018963337,
      "chg_24h": -0.7585335018963337
    },
    "XCU": {
      "name": "Cobre",
      "usd_oz": 5.998003,
      "usd_g": 0.19284027437087034,
      "brl_oz": 29.848462129199998,
      "brl_g": 0.9596503413791991,
      "chg_1h": 0,
      "chg_24h": -0.11959664856287099
    }
  }
}
