{
  "timestamp": 1776810281,
  "usdToBrl": 4.9639,
  "metals": {
    "XAU": {
      "name": "Ouro",
      "usd_oz": 4717.899902,
      "usd_g": 151.6840040853568,
      "brl_oz": 23419.1833235378,
      "brl_g": 752.9442278793026,
      "chg_1h": -0.06778496396116399,
      "chg_24h": -2.306750615993275
    },
    "XAG": {
      "name": "Prata",
      "usd_oz": 76.980003,
      "usd_g": 2.4749645673052214,
      "brl_oz": 382.1210368917,
      "brl_g": 12.285476615646388,
      "chg_1h": 0.24482107511198406,
      "chg_24h": -3.8062604177859614
    },
    "XPT": {
      "name": "Platina",
      "usd_oz": 2039,
      "usd_g": 65.55537225343245,
      "brl_oz": 10121.3921,
      "brl_g": 325.41031232881335,
      "chg_1h": -0.14691478942213515,
      "chg_24h": -2.950975725844836
    },
    "XPD": {
      "name": "Paládio",
      "usd_oz": 1566,
      "usd_g": 50.348069126471415,
      "brl_oz": 7773.4673999999995,
      "brl_g": 249.92278033689144,
      "chg_1h": -0.19120458891013384,
      "chg_24h": -1.7565872020075282
    },
    "XCU": {
      "name": "Cobre",
      "usd_oz": 5.990292,
      "usd_g": 0.19259235996407964,
      "brl_oz": 29.7352104588,
      "brl_g": 0.9560092156256949,
      "chg_1h": 0,
      "chg_24h": -0.06684684898100095
    }
  }
}
