{
  "timestamp": 1781856984,
  "usdToBrl": 5.1469,
  "metals": {
    "XAU": {
      "name": "Ouro",
      "usd_oz": 4168.200195,
      "usd_g": 134.01074811675073,
      "brl_oz": 21453.3095836455,
      "brl_g": 689.7399194821043,
      "chg_1h": 0,
      "chg_24h": -3.1056677682842406
    },
    "XAG": {
      "name": "Prata",
      "usd_oz": 65.116997,
      "usd_g": 2.0935600678571085,
      "brl_oz": 335.15067185929996,
      "brl_g": 10.77534431325375,
      "chg_1h": 0,
      "chg_24h": -5.393082700806856
    },
    "XPT": {
      "name": "Platina",
      "usd_oz": 1690,
      "usd_g": 54.33476170098129,
      "brl_oz": 8698.260999999999,
      "brl_g": 279.65558499878057,
      "chg_1h": 0,
      "chg_24h": -3.8133181559476377
    },
    "XPD": {
      "name": "Paládio",
      "usd_oz": 1296,
      "usd_g": 41.66736755294186,
      "brl_oz": 6670.3823999999995,
      "brl_g": 214.45777405823645,
      "chg_1h": 0,
      "chg_24h": -3.9288361749444034
    },
    "XCU": {
      "name": "Cobre",
      "usd_oz": 6.189343,
      "usd_g": 0.19899199821931163,
      "brl_oz": 31.8559294867,
      "brl_g": 1.024191915634975,
      "chg_1h": 0,
      "chg_24h": -0.23761763418779774
    }
  }
}
