{
  "timestamp": 1784183837,
  "usdToBrl": 5.081,
  "metals": {
    "XAU": {
      "name": "Ouro",
      "usd_oz": 4025.399902,
      "usd_g": 129.4196120865819,
      "brl_oz": 20453.056902062002,
      "brl_g": 657.5810490119227,
      "chg_1h": 0,
      "chg_24h": -0.13397208827908877
    },
    "XAG": {
      "name": "Prata",
      "usd_oz": 57.061001,
      "usd_g": 1.8345537821032278,
      "brl_oz": 289.926946081,
      "brl_g": 9.321367766866501,
      "chg_1h": 0,
      "chg_24h": -2.5148206564703584
    },
    "XPT": {
      "name": "Platina",
      "usd_oz": 1660,
      "usd_g": 53.370239303922446,
      "brl_oz": 8434.460000000001,
      "brl_g": 271.17418590322995,
      "chg_1h": 0,
      "chg_24h": 1.157830591102986
    },
    "XPD": {
      "name": "Paládio",
      "usd_oz": 1323,
      "usd_g": 42.53543771029482,
      "brl_oz": 6722.1630000000005,
      "brl_g": 216.122559006008,
      "chg_1h": 0,
      "chg_24h": -0.5263157894736842
    },
    "XCU": {
      "name": "Cobre",
      "usd_oz": 6.127655,
      "usd_g": 0.19700868296498608,
      "brl_oz": 31.134615055,
      "brl_g": 1.0010011181450944,
      "chg_1h": 0,
      "chg_24h": -0.24000402448750924
    }
  }
}
