{
  "timestamp": 1776287000,
  "usdToBrl": 4.9981,
  "metals": {
    "XAU": {
      "name": "Ouro",
      "usd_oz": 4792,
      "usd_g": 154.0663775568653,
      "brl_oz": 23950.8952,
      "brl_g": 770.0391616669684,
      "chg_1h": -0.08757338787440562,
      "chg_24h": -1.0305851630552794
    },
    "XAG": {
      "name": "Prata",
      "usd_oz": 79.109001,
      "usd_g": 2.5434134424483377,
      "brl_oz": 395.39469789810005,
      "brl_g": 12.712234726701036,
      "chg_1h": -0.4166679149882203,
      "chg_24h": -0.6891913187322402
    },
    "XPT": {
      "name": "Platina",
      "usd_oz": 2118,
      "usd_g": 68.09528123235407,
      "brl_oz": 10585.9758,
      "brl_g": 340.3470251274289,
      "chg_1h": -0.4231311706629055,
      "chg_24h": 0.33159639981051636
    },
    "XPD": {
      "name": "Paládio",
      "usd_oz": 1585,
      "usd_g": 50.95893331127535,
      "brl_oz": 7921.9885,
      "brl_g": 254.69784458308533,
      "chg_1h": -0.25173064820641916,
      "chg_24h": -1.3690105787181084
    },
    "XCU": {
      "name": "Cobre",
      "usd_oz": 5.947789,
      "usd_g": 0.19122585678267326,
      "brl_oz": 29.727644200900002,
      "brl_g": 0.9557659547854792,
      "chg_1h": 0,
      "chg_24h": 0.1524735743341937
    }
  }
}
