{
  "timestamp": 1783097498,
  "usdToBrl": 5.1962,
  "metals": {
    "XAU": {
      "name": "Ouro",
      "usd_oz": 4172.600098,
      "usd_g": 134.15220828303026,
      "brl_oz": 21681.664629227602,
      "brl_g": 697.0817046802819,
      "chg_1h": 0.03596173586721725,
      "chg_24h": 1.3381930297510598
    },
    "XAG": {
      "name": "Prata",
      "usd_oz": 62.465,
      "usd_g": 2.008296384409347,
      "brl_oz": 324.58063300000003,
      "brl_g": 10.43550967266785,
      "chg_1h": -0.05120565623291583,
      "chg_24h": 2.4318684999465026
    },
    "XPT": {
      "name": "Platina",
      "usd_oz": 1651,
      "usd_g": 53.0808825848048,
      "brl_oz": 8578.9262,
      "brl_g": 275.8188820871627,
      "chg_1h": -0.2416918429003021,
      "chg_24h": 1.7252002464571778
    },
    "XPD": {
      "name": "Paládio",
      "usd_oz": 1293,
      "usd_g": 41.57091531323598,
      "brl_oz": 6718.6866,
      "brl_g": 216.0107901506368,
      "chg_1h": -0.5384615384615384,
      "chg_24h": 0.23255813953488372
    },
    "XCU": {
      "name": "Cobre",
      "usd_oz": 6.004127,
      "usd_g": 0.19303716554285663,
      "brl_oz": 31.198644717400004,
      "brl_g": 1.0030597195937916,
      "chg_1h": 0.023939267228528086,
      "chg_24h": -0.13328032946669838
    }
  }
}
