{
  "timestamp": 1783022271,
  "usdToBrl": 5.201,
  "metals": {
    "XAU": {
      "name": "Ouro",
      "usd_oz": 4122.600098,
      "usd_g": 132.54467095459887,
      "brl_oz": 21441.643109697998,
      "brl_g": 689.3648336348687,
      "chg_1h": 0.11170709082078409,
      "chg_24h": 1.2948769569026068
    },
    "XAG": {
      "name": "Prata",
      "usd_oz": 60.993,
      "usd_g": 1.9609704854603265,
      "brl_oz": 317.22459299999997,
      "brl_g": 10.199007494879158,
      "chg_1h": 0.4347181741836732,
      "chg_24h": 1.5737410071942448
    },
    "XPT": {
      "name": "Platina",
      "usd_oz": 1626,
      "usd_g": 52.277113920589095,
      "brl_oz": 8456.826,
      "brl_g": 271.8932695009839,
      "chg_1h": 0.3703703703703704,
      "chg_24h": 1.8796992481203008
    },
    "XPD": {
      "name": "Paládio",
      "usd_oz": 1286,
      "usd_g": 41.34586008725558,
      "brl_oz": 6688.486,
      "brl_g": 215.03981831381626,
      "chg_1h": -0.15527950310559005,
      "chg_24h": 3.542673107890499
    },
    "XCU": {
      "name": "Cobre",
      "usd_oz": 6.022594,
      "usd_g": 0.19363089337973946,
      "brl_oz": 31.323511393999997,
      "brl_g": 1.007074276468025,
      "chg_1h": 0.16256933727756354,
      "chg_24h": -0.2636905717082507
    }
  }
}
