{
  "timestamp": 1771401728,
  "usdToBrl": 5.2248,
  "metals": {
    "XAU": {
      "name": "Ouro",
      "usd_oz": 4931.700195,
      "usd_g": 158.5578431218982,
      "brl_oz": 25767.147178836003,
      "brl_g": 828.4330187432937,
      "chg_1h": -0.1518464468719515,
      "chg_24h": 0.24391730236317782
    },
    "XAG": {
      "name": "Prata",
      "usd_oz": 76.051003,
      "usd_g": 2.4450965237429663,
      "brl_oz": 397.35128047439997,
      "brl_g": 12.77514031725225,
      "chg_1h": 0.2848341832245532,
      "chg_24h": 1.0967019673171903
    },
    "XPT": {
      "name": "Platina",
      "usd_oz": 2061,
      "usd_g": 66.26268867794226,
      "brl_oz": 10768.3128,
      "brl_g": 346.20929580451275,
      "chg_1h": 0.24319066147859922,
      "chg_24h": 2.232142857142857
    },
    "XPD": {
      "name": "Paládio",
      "usd_oz": 1745,
      "usd_g": 56.10305276225583,
      "brl_oz": 9117.276,
      "brl_g": 293.1272300722343,
      "chg_1h": 0.1722158438576349,
      "chg_24h": 1.3945380592678676
    },
    "XCU": {
      "name": "Cobre",
      "usd_oz": 5.729552,
      "usd_g": 0.1842093743037756,
      "brl_oz": 29.9357632896,
      "brl_g": 0.9624571388623667,
      "chg_1h": -0.24875344717122405,
      "chg_24h": -0.7828550450581444
    }
  }
}
