{
  "timestamp": 1783083965,
  "usdToBrl": 5.201,
  "metals": {
    "XAU": {
      "name": "Ouro",
      "usd_oz": 4175.100098,
      "usd_g": 134.23258514945184,
      "brl_oz": 21714.695609698,
      "brl_g": 698.143675362299,
      "chg_1h": 0,
      "chg_24h": 2.68322916871618
    },
    "XAG": {
      "name": "Prata",
      "usd_oz": 62.351002,
      "usd_g": 2.0046312636020165,
      "brl_oz": 324.287561402,
      "brl_g": 10.426087201994086,
      "chg_1h": 0,
      "chg_24h": 4.088347634469634
    },
    "XPT": {
      "name": "Platina",
      "usd_oz": 1657,
      "usd_g": 53.27378706421656,
      "brl_oz": 8618.056999999999,
      "brl_g": 277.0769665209903,
      "chg_1h": 0,
      "chg_24h": 3.0472636815920398
    },
    "XPD": {
      "name": "Paládio",
      "usd_oz": 1298,
      "usd_g": 41.73166904607912,
      "brl_oz": 6750.897999999999,
      "brl_g": 217.04641070865748,
      "chg_1h": 0,
      "chg_24h": 3.0976965845909454
    },
    "XCU": {
      "name": "Cobre",
      "usd_oz": 6.00458,
      "usd_g": 0.1930517298310522,
      "brl_oz": 31.22982058,
      "brl_g": 1.0040620468513024,
      "chg_1h": 0,
      "chg_24h": 0.13614799240079137
    }
  }
}
