{
  "timestamp": 1782806645,
  "usdToBrl": 5.1639,
  "metals": {
    "XAU": {
      "name": "Ouro",
      "usd_oz": 4034.199951,
      "usd_g": 129.70254023177242,
      "brl_oz": 20832.2051269689,
      "brl_g": 669.7709475028496,
      "chg_1h": 0,
      "chg_24h": -0.8016154619653859
    },
    "XAG": {
      "name": "Prata",
      "usd_oz": 59.179001,
      "usd_g": 1.902649063335582,
      "brl_oz": 305.5944432639,
      "brl_g": 9.825089498158611,
      "chg_1h": 0,
      "chg_24h": 1.0518603896658252
    },
    "XPT": {
      "name": "Platina",
      "usd_oz": 1586,
      "usd_g": 50.99108405784398,
      "brl_oz": 8189.9454,
      "brl_g": 263.3128589663005,
      "chg_1h": 0,
      "chg_24h": -1.734820322180917
    },
    "XPD": {
      "name": "Paládio",
      "usd_oz": 1260,
      "usd_g": 40.50994067647126,
      "brl_oz": 6506.514,
      "brl_g": 209.18928265922995,
      "chg_1h": 0,
      "chg_24h": 0.4784688995215311
    },
    "XCU": {
      "name": "Cobre",
      "usd_oz": 6.058936,
      "usd_g": 0.19479931581153656,
      "brl_oz": 31.2877396104,
      "brl_g": 1.0059241869191937,
      "chg_1h": 0,
      "chg_24h": 0.3920617357223525
    }
  }
}
