{
  "timestamp": 1774294234,
  "usdToBrl": 5.2552,
  "metals": {
    "XAU": {
      "name": "Ouro",
      "usd_oz": 4411.600098,
      "usd_g": 141.83623671293236,
      "brl_oz": 23183.8408350096,
      "brl_g": 745.3777911738022,
      "chg_1h": -0.334353070840101,
      "chg_24h": -1.7942231757549811
    },
    "XAG": {
      "name": "Prata",
      "usd_oz": 69.424004,
      "usd_g": 2.232033558383415,
      "brl_oz": 364.8370258208,
      "brl_g": 11.729782756016522,
      "chg_1h": -0.7732323746577543,
      "chg_24h": 2.1872882812394514
    },
    "XPT": {
      "name": "Platina",
      "usd_oz": 1885,
      "usd_g": 60.60415728186374,
      "brl_oz": 9906.052000000001,
      "brl_g": 318.48696734765036,
      "chg_1h": 0,
      "chg_24h": -2.5336091003102377
    },
    "XPD": {
      "name": "Paládio",
      "usd_oz": 1459,
      "usd_g": 46.90793924362823,
      "brl_oz": 7667.3368,
      "brl_g": 246.51060231311507,
      "chg_1h": 0,
      "chg_24h": 1.8854748603351956
    },
    "XCU": {
      "name": "Cobre",
      "usd_oz": 5.485744,
      "usd_g": 0.17637076508437155,
      "brl_oz": 28.828681868800004,
      "brl_g": 0.9268636446713894,
      "chg_1h": -0.9784564842642939,
      "chg_24h": 1.5363503585866352
    }
  }
}
