{
  "timestamp": 1771891208,
  "usdToBrl": 5.1815,
  "metals": {
    "XAU": {
      "name": "Ouro",
      "usd_oz": 5238.299805,
      "usd_g": 168.41524948104836,
      "brl_oz": 27142.2504396075,
      "brl_g": 872.6436151860521,
      "chg_1h": 0.1701897572720676,
      "chg_24h": 1.4034612787322294
    },
    "XAG": {
      "name": "Prata",
      "usd_oz": 88.304001,
      "usd_g": 2.839039557146872,
      "brl_oz": 457.5471811815,
      "brl_g": 14.710483465356516,
      "chg_1h": -0.030566844815899937,
      "chg_24h": 1.2881258531101984
    },
    "XPT": {
      "name": "Platina",
      "usd_oz": 2161,
      "usd_g": 69.47776333480506,
      "brl_oz": 11197.2215,
      "brl_g": 359.9990307192924,
      "chg_1h": 0.09263547938860583,
      "chg_24h": -2.261420171867933
    },
    "XPD": {
      "name": "Paládio",
      "usd_oz": 1760,
      "usd_g": 56.58531396078525,
      "brl_oz": 9119.439999999999,
      "brl_g": 293.19680428780873,
      "chg_1h": 0,
      "chg_24h": -2.058987200890373
    },
    "XCU": {
      "name": "Cobre",
      "usd_oz": 5.790243,
      "usd_g": 0.1861606352637722,
      "brl_oz": 30.0021441045,
      "brl_g": 0.9645913316192356,
      "chg_1h": 0,
      "chg_24h": 0.3626771201245752
    }
  }
}
