{
  "timestamp": 1774446345,
  "usdToBrl": 5.2669,
  "metals": {
    "XAU": {
      "name": "Ouro",
      "usd_oz": 4561.799805,
      "usd_g": 146.66526942737153,
      "brl_oz": 24026.543392954496,
      "brl_g": 772.471307547023,
      "chg_1h": -0.45389718839045506,
      "chg_24h": 4.134033417915724
    },
    "XAG": {
      "name": "Prata",
      "usd_oz": 72.790001,
      "usd_g": 2.3402528748811773,
      "brl_oz": 383.3776562669,
      "brl_g": 12.325877866711672,
      "chg_1h": -0.8810205145101385,
      "chg_24h": 5.650460586797957
    },
    "XPT": {
      "name": "Platina",
      "usd_oz": 1967,
      "usd_g": 63.24051850049124,
      "brl_oz": 10359.9923,
      "brl_g": 333.0814868902373,
      "chg_1h": -0.6565656565656566,
      "chg_24h": 3.254593175853018
    },
    "XPD": {
      "name": "Paládio",
      "usd_oz": 1462,
      "usd_g": 47.00439148333411,
      "brl_oz": 7700.207799999999,
      "brl_g": 247.5674295035724,
      "chg_1h": -1.349527665317139,
      "chg_24h": 2.452697967764541
    },
    "XCU": {
      "name": "Cobre",
      "usd_oz": 5.463218,
      "usd_g": 0.17564653736716662,
      "brl_oz": 28.7742228842,
      "brl_g": 0.9251127476591299,
      "chg_1h": 0.33321861190500596,
      "chg_24h": 0.42106048716700223
    }
  }
}
