{
  "timestamp": 1771589043,
  "usdToBrl": 5.2343,
  "metals": {
    "XAU": {
      "name": "Ouro",
      "usd_oz": 5017.799805,
      "usd_g": 161.3260098626659,
      "brl_oz": 26264.669519311497,
      "brl_g": 844.4287334241521,
      "chg_1h": -0.3336966724859472,
      "chg_24h": 0.6842227394458927
    },
    "XAG": {
      "name": "Prata",
      "usd_oz": 80.551003,
      "usd_g": 2.589774883301792,
      "brl_oz": 421.62811500289996,
      "brl_g": 13.55565867166657,
      "chg_1h": -0.454770825823,
      "chg_24h": 2.93926471149589
    },
    "XPT": {
      "name": "Platina",
      "usd_oz": 2126,
      "usd_g": 68.35248720490308,
      "brl_oz": 11128.1218,
      "brl_g": 357.77742377662423,
      "chg_1h": 0.1413094677343382,
      "chg_24h": 2.260702260702261
    },
    "XPD": {
      "name": "Paládio",
      "usd_oz": 1737,
      "usd_g": 55.845846789706805,
      "brl_oz": 9091.9791,
      "brl_g": 292.3139158513623,
      "chg_1h": 0,
      "chg_24h": 0.6373117033603708
    },
    "XCU": {
      "name": "Cobre",
      "usd_oz": 5.718212,
      "usd_g": 0.18384478483768735,
      "brl_oz": 29.930837071600003,
      "brl_g": 0.962298757275907,
      "chg_1h": 0.006610894964779207,
      "chg_24h": 0.0396784853035638
    }
  }
}
