{
  "timestamp": 1774612971,
  "usdToBrl": 5.2366,
  "metals": {
    "XAU": {
      "name": "Ouro",
      "usd_oz": 4421.899902,
      "usd_g": 142.1673831010429,
      "brl_oz": 23155.7210268132,
      "brl_g": 744.4737183469213,
      "chg_1h": 0.26074733029957337,
      "chg_24h": -0.6225322588528893
    },
    "XAG": {
      "name": "Prata",
      "usd_oz": 67.889999,
      "usd_g": 2.182714152393407,
      "brl_oz": 355.5127687634,
      "brl_g": 11.430000930423315,
      "chg_1h": -0.5347564516045615,
      "chg_24h": -0.4720562502801795
    },
    "XPT": {
      "name": "Platina",
      "usd_oz": 1844,
      "usd_g": 59.28597667255,
      "brl_oz": 9656.2904,
      "brl_g": 310.4569454434753,
      "chg_1h": -0.37817396002160997,
      "chg_24h": -2.4854574299312535
    },
    "XPD": {
      "name": "Paládio",
      "usd_oz": 1393,
      "usd_g": 44.785989970098775,
      "brl_oz": 7294.5838,
      "brl_g": 234.52631507741924,
      "chg_1h": -0.21489971346704873,
      "chg_24h": -0.9246088193456615
    },
    "XCU": {
      "name": "Cobre",
      "usd_oz": 5.475087,
      "usd_g": 0.17602813457818967,
      "brl_oz": 28.6708405842,
      "brl_g": 0.9217889295321481,
      "chg_1h": 0.10229469208475779,
      "chg_24h": -0.040019871180561946
    }
  }
}
