{
  "timestamp": 1778754831,
  "usdToBrl": 4.9039,
  "metals": {
    "XAU": {
      "name": "Ouro",
      "usd_oz": 4697.5,
      "usd_g": 151.02813200612994,
      "brl_oz": 23036.07025,
      "brl_g": 740.6268565448606,
      "chg_1h": 0,
      "chg_24h": -0.06595111124894268
    },
    "XAG": {
      "name": "Prata",
      "usd_oz": 87.085999,
      "usd_g": 2.79987988352479,
      "brl_oz": 427.06103049610005,
      "brl_g": 13.730330960817218,
      "chg_1h": 0,
      "chg_24h": -0.08948877874479157
    },
    "XPT": {
      "name": "Platina",
      "usd_oz": 2118,
      "usd_g": 68.09528123235407,
      "brl_oz": 10386.4602,
      "brl_g": 333.93244963534113,
      "chg_1h": 0,
      "chg_24h": -0.9817671809256662
    },
    "XPD": {
      "name": "Paládio",
      "usd_oz": 1498,
      "usd_g": 48.16181835980471,
      "brl_oz": 7346.0422,
      "brl_g": 236.18074105464635,
      "chg_1h": 0,
      "chg_24h": -1.3824884792626728
    },
    "XCU": {
      "name": "Cobre",
      "usd_oz": 6.357702,
      "usd_g": 0.20440486576085926,
      "brl_oz": 31.1775348378,
      "brl_g": 1.0023810212046778,
      "chg_1h": 0,
      "chg_24h": 0.9798105562996684
    }
  }
}
