{
  "timestamp": 1783638791,
  "usdToBrl": 5.1453,
  "metals": {
    "XAU": {
      "name": "Ouro",
      "usd_oz": 4124.700195,
      "usd_g": 132.61219064101542,
      "brl_oz": 21222.8199133335,
      "brl_g": 682.3295045052166,
      "chg_1h": 0.004853800460670359,
      "chg_24h": 1.145173982344295
    },
    "XAG": {
      "name": "Prata",
      "usd_oz": 60.131001,
      "usd_g": 1.9332565740689156,
      "brl_oz": 309.3920394453,
      "brl_g": 9.947185050556792,
      "chg_1h": 0.07656153909563071,
      "chg_24h": 2.7335993826724105
    },
    "XPT": {
      "name": "Platina",
      "usd_oz": 1622,
      "usd_g": 52.14851093431459,
      "brl_oz": 8345.676599999999,
      "brl_g": 268.31973331032884,
      "chg_1h": 0.1852995676343422,
      "chg_24h": 1.820464532328939
    },
    "XPD": {
      "name": "Paládio",
      "usd_oz": 1276,
      "usd_g": 41.02435262156931,
      "brl_oz": 6565.4028,
      "brl_g": 211.08260154376055,
      "chg_1h": 0.47244094488188976,
      "chg_24h": 2.903225806451613
    },
    "XCU": {
      "name": "Cobre",
      "usd_oz": 6.057953,
      "usd_g": 0.1947677116276596,
      "brl_oz": 31.1699855709,
      "brl_g": 1.002138306637797,
      "chg_1h": 0,
      "chg_24h": 1.8765064865634906
    }
  }
}
