{
  "timestamp": 1784289587,
  "usdToBrl": 5.0857,
  "metals": {
    "XAU": {
      "name": "Ouro",
      "usd_oz": 3995.199951,
      "usd_g": 128.44866111559594,
      "brl_oz": 20318.3883908007,
      "brl_g": 653.2513558355863,
      "chg_1h": -0.07003624312155939,
      "chg_24h": -0.24967542500601614
    },
    "XAG": {
      "name": "Prata",
      "usd_oz": 55.573002,
      "usd_g": 1.786713503359856,
      "brl_oz": 282.62761627140003,
      "brl_g": 9.08668886403722,
      "chg_1h": -0.04855395858107209,
      "chg_24h": -1.2614803535440413
    },
    "XPT": {
      "name": "Platina",
      "usd_oz": 1585,
      "usd_g": 50.95893331127535,
      "brl_oz": 8060.8345,
      "brl_g": 259.1618471411531,
      "chg_1h": -0.4396984924623116,
      "chg_24h": -3.4713763702801463
    },
    "XPD": {
      "name": "Paládio",
      "usd_oz": 1267,
      "usd_g": 40.73499590245165,
      "brl_oz": 6443.5819,
      "brl_g": 207.16596866109836,
      "chg_1h": -0.39308176100628933,
      "chg_24h": -1.8590240123934934
    },
    "XCU": {
      "name": "Cobre",
      "usd_oz": 6.080103,
      "usd_g": 0.19547985066415471,
      "brl_oz": 30.9215798271,
      "brl_g": 0.9941518765226917,
      "chg_1h": -0.48382373954177227,
      "chg_24h": -0.904395060102582
    }
  }
}
