{
  "timestamp": 1776984294,
  "usdToBrl": 4.963,
  "metals": {
    "XAU": {
      "name": "Ouro",
      "usd_oz": 4693.799805,
      "usd_g": 150.90916797443043,
      "brl_oz": 23295.328432215,
      "brl_g": 748.9622006570983,
      "chg_1h": 0,
      "chg_24h": -0.803077086225122
    },
    "XAG": {
      "name": "Prata",
      "usd_oz": 75.594002,
      "usd_g": 2.430403600410357,
      "brl_oz": 375.173031926,
      "brl_g": 12.062093068836603,
      "chg_1h": 0.04235727176927639,
      "chg_24h": -2.7104183800676247
    },
    "XPT": {
      "name": "Platina",
      "usd_oz": 2012,
      "usd_g": 64.68730209607949,
      "brl_oz": 9985.556,
      "brl_g": 321.0430803028425,
      "chg_1h": -0.09930486593843098,
      "chg_24h": -3.222703222703223
    },
    "XPD": {
      "name": "Paládio",
      "usd_oz": 1492,
      "usd_g": 47.96891388039295,
      "brl_oz": 7404.796,
      "brl_g": 238.0697195883902,
      "chg_1h": -0.2006688963210702,
      "chg_24h": -4.907584448693435
    },
    "XCU": {
      "name": "Cobre",
      "usd_oz": 5.989801,
      "usd_g": 0.19257657394751446,
      "brl_oz": 29.727382363,
      "brl_g": 0.9557575365015143,
      "chg_1h": 0,
      "chg_24h": -0.9791814624224251
    }
  }
}
