{
  "timestamp": 1772668295,
  "usdToBrl": 5.2198,
  "metals": {
    "XAU": {
      "name": "Ouro",
      "usd_oz": 5159.899902,
      "usd_g": 165.89463406869035,
      "brl_oz": 26933.645508459602,
      "brl_g": 865.93681091175,
      "chg_1h": 0.34420493813543096,
      "chg_24h": 0.5691173892494368
    },
    "XAG": {
      "name": "Prata",
      "usd_oz": 84.023003,
      "usd_g": 2.7014022753880687,
      "brl_oz": 438.58327105940003,
      "brl_g": 14.100779597070641,
      "chg_1h": 0.4098984225621366,
      "chg_24h": 0.9345906324251148
    },
    "XPT": {
      "name": "Platina",
      "usd_oz": 2179,
      "usd_g": 70.05647677304037,
      "brl_oz": 11373.9442,
      "brl_g": 365.68079745991616,
      "chg_1h": 0.6001846722068329,
      "chg_24h": 3.172348484848485
    },
    "XPD": {
      "name": "Paládio",
      "usd_oz": 1700,
      "usd_g": 54.65626916666757,
      "brl_oz": 8873.66,
      "brl_g": 285.2947937961714,
      "chg_1h": 0.3541912632821724,
      "chg_24h": 1.3110846245530394
    },
    "XCU": {
      "name": "Cobre",
      "usd_oz": 5.889702,
      "usd_g": 0.18935831636674136,
      "brl_oz": 30.7430664996,
      "brl_g": 0.9884125397711165,
      "chg_1h": 0,
      "chg_24h": 0.8617350260695421
    }
  }
}
