{
  "timestamp": 1777446684,
  "usdToBrl": 5.0017,
  "metals": {
    "XAU": {
      "name": "Ouro",
      "usd_oz": 4581.200195,
      "usd_g": 147.2890064495941,
      "brl_oz": 22913.7890153315,
      "brl_g": 736.6954235589347,
      "chg_1h": 0,
      "chg_24h": -1.0454445735152897
    },
    "XAG": {
      "name": "Prata",
      "usd_oz": 73.494003,
      "usd_g": 2.362887064766985,
      "brl_oz": 367.5949548051,
      "brl_g": 11.818452231845027,
      "chg_1h": 0,
      "chg_24h": 0.2004212851241526
    },
    "XPT": {
      "name": "Platina",
      "usd_oz": 1941,
      "usd_g": 62.40459908970691,
      "brl_oz": 9708.2997,
      "brl_g": 312.12908326698704,
      "chg_1h": 0,
      "chg_24h": -0.9188361408882083
    },
    "XPD": {
      "name": "Paládio",
      "usd_oz": 1480,
      "usd_g": 47.583104921569415,
      "brl_oz": 7402.516,
      "brl_g": 237.99641588621373,
      "chg_1h": 0,
      "chg_24h": 0.6118286879673691
    },
    "XCU": {
      "name": "Cobre",
      "usd_oz": 5.878557,
      "usd_g": 0.18899999629623399,
      "brl_oz": 29.402778546899995,
      "brl_g": 0.9453212814748735,
      "chg_1h": 0,
      "chg_24h": -1.4723443924253838
    }
  }
}
