{
  "timestamp": 1772466737,
  "usdToBrl": 5.2067,
  "metals": {
    "XAU": {
      "name": "Ouro",
      "usd_oz": 5336.299805,
      "usd_g": 171.5660226447739,
      "brl_oz": 27784.512194693496,
      "brl_g": 893.2928101045443,
      "chg_1h": 0.037493205727307265,
      "chg_24h": 1.0624523299916149
    },
    "XAG": {
      "name": "Prata",
      "usd_oz": 90.101997,
      "usd_g": 2.8968464708742787,
      "brl_oz": 469.13406777989996,
      "brl_g": 15.083010519901107,
      "chg_1h": 0.06552202909190369,
      "chg_24h": -4.059036948069119
    },
    "XPT": {
      "name": "Platina",
      "usd_oz": 2308,
      "usd_g": 74.20392308039338,
      "brl_oz": 12017.0636,
      "brl_g": 386.3575663026842,
      "chg_1h": 0.7860262008733625,
      "chg_24h": -2.6571067060312106
    },
    "XPD": {
      "name": "Paládio",
      "usd_oz": 1794,
      "usd_g": 57.6784393441186,
      "brl_oz": 9340.8198,
      "brl_g": 300.3143301330223,
      "chg_1h": 0.33557046979865773,
      "chg_24h": -0.9387078961899503
    },
    "XCU": {
      "name": "Cobre",
      "usd_oz": 6.018566,
      "usd_g": 0.19350139017256104,
      "brl_oz": 31.336867592199997,
      "brl_g": 1.0075036882114736,
      "chg_1h": -0.04518967456625462,
      "chg_24h": -1.1362837440495206
    }
  }
}
