{
  "timestamp": 1784503743,
  "usdToBrl": 5.1158,
  "metals": {
    "XAU": {
      "name": "Ouro",
      "usd_oz": 3993.199951,
      "usd_g": 128.38435962245867,
      "brl_oz": 20428.412309325802,
      "brl_g": 656.7887069565741,
      "chg_1h": -0.1500300078394355,
      "chg_24h": -0.6493692354840137
    },
    "XAG": {
      "name": "Prata",
      "usd_oz": 55.848999,
      "usd_g": 1.7955870129605576,
      "brl_oz": 285.7123090842,
      "brl_g": 9.18586404090362,
      "chg_1h": 0.1991460080940421,
      "chg_24h": -0.4119168897319247
    },
    "XPT": {
      "name": "Platina",
      "usd_oz": 1592,
      "usd_g": 51.18398853725574,
      "brl_oz": 8144.3536,
      "brl_g": 261.84704855889294,
      "chg_1h": 0.12578616352201258,
      "chg_24h": -0.5
    },
    "XPD": {
      "name": "Paládio",
      "usd_oz": 1266,
      "usd_g": 40.702845155883026,
      "brl_oz": 6476.602800000001,
      "brl_g": 208.22761524846638,
      "chg_1h": -0.07892659826361484,
      "chg_24h": -0.31496062992125984
    },
    "XCU": {
      "name": "Cobre",
      "usd_oz": 6.112596,
      "usd_g": 0.19652452487240912,
      "brl_oz": 31.2708186168,
      "brl_g": 1.0053801643422706,
      "chg_1h": 0,
      "chg_24h": 0
    }
  }
}
