{
  "timestamp": 1782256655,
  "usdToBrl": 5.1725,
  "metals": {
    "XAU": {
      "name": "Ouro",
      "usd_oz": 4101.299805,
      "usd_g": 131.85985063251835,
      "brl_oz": 21213.9732413625,
      "brl_g": 682.0450773967012,
      "chg_1h": -0.3111322693928348,
      "chg_24h": -2.1683217826385484
    },
    "XAG": {
      "name": "Prata",
      "usd_oz": 61.591,
      "usd_g": 1.980196631908366,
      "brl_oz": 318.5794475,
      "brl_g": 10.242567078546024,
      "chg_1h": -0.25264708398312336,
      "chg_24h": -5.504841965896345
    },
    "XPT": {
      "name": "Platina",
      "usd_oz": 1662,
      "usd_g": 53.434540797059704,
      "brl_oz": 8596.695,
      "brl_g": 276.3901622727913,
      "chg_1h": -0.06013229104028864,
      "chg_24h": -1.3649851632047478
    },
    "XPD": {
      "name": "Paládio",
      "usd_oz": 1257,
      "usd_g": 40.41348843676537,
      "brl_oz": 6501.8325,
      "brl_g": 209.03876893916888,
      "chg_1h": 0.07961783439490447,
      "chg_24h": -2.558139534883721
    },
    "XCU": {
      "name": "Cobre",
      "usd_oz": 6.071698,
      "usd_g": 0.19520962363924535,
      "brl_oz": 31.405857905,
      "brl_g": 1.0097217782739967,
      "chg_1h": 0,
      "chg_24h": -1.413084459350848
    }
  }
}
