{
  "timestamp": 1774012927,
  "usdToBrl": 5.2987,
  "metals": {
    "XAU": {
      "name": "Ouro",
      "usd_oz": 4670.399902,
      "usd_g": 150.15684362334696,
      "brl_oz": 24747.047960727403,
      "brl_g": 795.6360673070286,
      "chg_1h": -0.2860904299473906,
      "chg_24h": 2.416554148671531
    },
    "XAG": {
      "name": "Prata",
      "usd_oz": 71.554001,
      "usd_g": 2.3005145521223533,
      "brl_oz": 379.14318509870003,
      "brl_g": 12.189736457330714,
      "chg_1h": -1.3646862781854636,
      "chg_24h": 5.341103317973833
    },
    "XPT": {
      "name": "Platina",
      "usd_oz": 2002,
      "usd_g": 64.36579463039322,
      "brl_oz": 10607.9974,
      "brl_g": 341.0550360080646,
      "chg_1h": 0.8056394763343404,
      "chg_24h": 4.652378463146889
    },
    "XPD": {
      "name": "Paládio",
      "usd_oz": 1477,
      "usd_g": 47.486652681863525,
      "brl_oz": 7826.1799,
      "brl_g": 251.61752656539028,
      "chg_1h": 0,
      "chg_24h": 2.0027624309392267
    },
    "XCU": {
      "name": "Cobre",
      "usd_oz": 5.428745,
      "usd_g": 0.17453820468070633,
      "brl_oz": 28.765291131500003,
      "brl_g": 0.9248255851416587,
      "chg_1h": -0.061228949327052175,
      "chg_24h": -0.006962450473115923
    }
  }
}
