{
  "timestamp": 1784533706,
  "usdToBrl": 5.1158,
  "metals": {
    "XAU": {
      "name": "Ouro",
      "usd_oz": 4019.399902,
      "usd_g": 129.22670760717014,
      "brl_oz": 20562.4460186516,
      "brl_g": 661.097990776761,
      "chg_1h": 0,
      "chg_24h": 0.00248433803853509
    },
    "XAG": {
      "name": "Prata",
      "usd_oz": 57.021999,
      "usd_g": 1.8332998386855581,
      "brl_oz": 291.71314248420003,
      "brl_g": 9.37879531474758,
      "chg_1h": 0,
      "chg_24h": 1.6797378145599933
    },
    "XPT": {
      "name": "Platina",
      "usd_oz": 1608,
      "usd_g": 51.6984004823538,
      "brl_oz": 8226.206400000001,
      "brl_g": 264.4786771876256,
      "chg_1h": 0,
      "chg_24h": 0.5
    },
    "XPD": {
      "name": "Paládio",
      "usd_oz": 1284,
      "usd_g": 41.28155859411833,
      "brl_oz": 6568.6872,
      "brl_g": 211.18819745579057,
      "chg_1h": 0,
      "chg_24h": 1.1023622047244095
    },
    "XCU": {
      "name": "Cobre",
      "usd_oz": 6.082069,
      "usd_g": 0.1955430590319086,
      "brl_oz": 31.114648590199998,
      "brl_g": 1.000359181395438,
      "chg_1h": 0,
      "chg_24h": -0.4994113793877461
    }
  }
}
