{
  "timestamp": 1774223922,
  "usdToBrl": 5.2552,
  "metals": {
    "XAU": {
      "name": "Ouro",
      "usd_oz": 4464.399902,
      "usd_g": 143.5337898302096,
      "brl_oz": 23461.3143649904,
      "brl_g": 754.2987723157175,
      "chg_1h": -0.6299172384459595,
      "chg_24h": -0.6188569474473351
    },
    "XAG": {
      "name": "Prata",
      "usd_oz": 68.089996,
      "usd_g": 2.189144205254893,
      "brl_oz": 357.82654697920003,
      "brl_g": 11.504390627455514,
      "chg_1h": -1.0219106743696338,
      "chg_24h": 0.22372161537155666
    },
    "XPT": {
      "name": "Platina",
      "usd_oz": 1917,
      "usd_g": 61.63298117205984,
      "brl_oz": 10074.2184,
      "brl_g": 323.8936426554089,
      "chg_1h": -1.08359133126935,
      "chg_24h": -0.8790072388831437
    },
    "XPD": {
      "name": "Paládio",
      "usd_oz": 1434,
      "usd_g": 46.104170579412525,
      "brl_oz": 7535.956800000001,
      "brl_g": 242.28663722892873,
      "chg_1h": -0.6237006237006237,
      "chg_24h": 0.13966480446927373
    },
    "XCU": {
      "name": "Cobre",
      "usd_oz": 5.402739,
      "usd_g": 0.1737020923654426,
      "brl_oz": 28.392473992800003,
      "brl_g": 0.9128392357988739,
      "chg_1h": 0,
      "chg_24h": 0
    }
  }
}
