{
  "timestamp": 1781819597,
  "usdToBrl": 5.1469,
  "metals": {
    "XAU": {
      "name": "Ouro",
      "usd_oz": 4210.399902,
      "usd_g": 135.36750020177809,
      "brl_oz": 21670.5072556038,
      "brl_g": 696.7229867885316,
      "chg_1h": 0,
      "chg_24h": -1.115573430406115
    },
    "XAG": {
      "name": "Prata",
      "usd_oz": 65.824997,
      "usd_g": 2.116322796427697,
      "brl_oz": 338.79467705929994,
      "brl_g": 10.892501800933713,
      "chg_1h": 0,
      "chg_24h": -3.2597064100599074
    },
    "XPT": {
      "name": "Platina",
      "usd_oz": 1702,
      "usd_g": 54.72057065980482,
      "brl_oz": 8760.023799999999,
      "brl_g": 281.6413051289494,
      "chg_1h": 0,
      "chg_24h": -2.464183381088825
    },
    "XPD": {
      "name": "Paládio",
      "usd_oz": 1305,
      "usd_g": 41.95672427205952,
      "brl_oz": 6716.7045,
      "brl_g": 215.9470641558631,
      "chg_1h": 0,
      "chg_24h": -2.684563758389262
    },
    "XCU": {
      "name": "Cobre",
      "usd_oz": 6.189495,
      "usd_g": 0.19899688513279004,
      "brl_oz": 31.8567118155,
      "brl_g": 1.024217068089957,
      "chg_1h": 0,
      "chg_24h": -0.7636053936414953
    }
  }
}
