{
  "timestamp": 1778631365,
  "usdToBrl": 4.9038,
  "metals": {
    "XAU": {
      "name": "Ouro",
      "usd_oz": 4721.5,
      "usd_g": 151.799749923777,
      "brl_oz": 23153.2917,
      "brl_g": 744.3956136762177,
      "chg_1h": 0.03390110030345912,
      "chg_24h": -0.7900673914339653
    },
    "XAG": {
      "name": "Prata",
      "usd_oz": 87.324997,
      "usd_g": 2.8075638476531988,
      "brl_oz": 428.22432028860004,
      "brl_g": 13.767731596121758,
      "chg_1h": 0.5584995651082215,
      "chg_24h": 0.01832457176978902
    },
    "XPT": {
      "name": "Platina",
      "usd_oz": 2128,
      "usd_g": 68.41678869804035,
      "brl_oz": 10435.2864,
      "brl_g": 335.5022484174503,
      "chg_1h": -0.14077897700610043,
      "chg_24h": -1.0692701069270107
    },
    "XPD": {
      "name": "Paládio",
      "usd_oz": 1515,
      "usd_g": 48.70838105147139,
      "brl_oz": 7429.2570000000005,
      "brl_g": 238.85615900020542,
      "chg_1h": -0.13183915622940012,
      "chg_24h": -1.431359791802212
    },
    "XCU": {
      "name": "Cobre",
      "usd_oz": 6.315971,
      "usd_g": 0.20306318295580383,
      "brl_oz": 30.972258589800003,
      "brl_g": 0.9957812365786709,
      "chg_1h": 1.5114931435229029,
      "chg_24h": 0.9983951479610863
    }
  }
}
