{
  "timestamp": 1784551043,
  "usdToBrl": 5.1158,
  "metals": {
    "XAU": {
      "name": "Ouro",
      "usd_oz": 4015.600098,
      "usd_g": 129.10454107175568,
      "brl_oz": 20543.0069813484,
      "brl_g": 660.4730112148877,
      "chg_1h": 0,
      "chg_24h": -0.09205461037726212
    },
    "XAG": {
      "name": "Prata",
      "usd_oz": 57.073002,
      "usd_g": 1.834939623212798,
      "brl_oz": 291.9740636316,
      "brl_g": 9.387184124432032,
      "chg_1h": 0,
      "chg_24h": 1.7706846729427757
    },
    "XPT": {
      "name": "Platina",
      "usd_oz": 1593,
      "usd_g": 51.216139283824376,
      "brl_oz": 8149.4694,
      "brl_g": 262.01152534818874,
      "chg_1h": 0,
      "chg_24h": -0.43750000000000006
    },
    "XPD": {
      "name": "Paládio",
      "usd_oz": 1281,
      "usd_g": 41.18510635441245,
      "brl_oz": 6553.3398,
      "brl_g": 210.69476708790322,
      "chg_1h": 0,
      "chg_24h": 0.8661417322834646
    },
    "XCU": {
      "name": "Cobre",
      "usd_oz": 6.130376,
      "usd_g": 0.19709616514639933,
      "brl_oz": 31.361777540800002,
      "brl_g": 1.0083045616559496,
      "chg_1h": 0,
      "chg_24h": 0.29087477726321403
    }
  }
}
