{
  "timestamp": 1771934496,
  "usdToBrl": 5.1815,
  "metals": {
    "XAU": {
      "name": "Ouro",
      "usd_oz": 5174,
      "usd_g": 166.34796274608118,
      "brl_oz": 26809.081,
      "brl_g": 861.9319689688195,
      "chg_1h": 0.0212665626793698,
      "chg_24h": 0.43286301911828645
    },
    "XAG": {
      "name": "Prata",
      "usd_oz": 88.199997,
      "usd_g": 2.835695750900748,
      "brl_oz": 457.00828445549996,
      "brl_g": 14.693157533292226,
      "chg_1h": 0.24207780694875544,
      "chg_24h": 1.7559195902545117
    },
    "XPT": {
      "name": "Platina",
      "usd_oz": 2167,
      "usd_g": 69.67066781421684,
      "brl_oz": 11228.3105,
      "brl_g": 360.9985652793645,
      "chg_1h": -0.1382488479262673,
      "chg_24h": -0.4136029411764706
    },
    "XPD": {
      "name": "Paládio",
      "usd_oz": 1774,
      "usd_g": 57.03542441274604,
      "brl_oz": 9191.981,
      "brl_g": 295.5290515946436,
      "chg_1h": -0.5605381165919282,
      "chg_24h": -0.8384572386808273
    },
    "XCU": {
      "name": "Cobre",
      "usd_oz": 5.816642,
      "usd_g": 0.1870093828224374,
      "brl_oz": 30.138930523,
      "brl_g": 0.9689891170944593,
      "chg_1h": -0.1764396062896315,
      "chg_24h": 0.7819965281176875
    }
  }
}
