{
  "timestamp": 1773849861,
  "usdToBrl": 5.2243,
  "metals": {
    "XAU": {
      "name": "Ouro",
      "usd_oz": 4870.299805,
      "usd_g": 156.58377474379327,
      "brl_oz": 25443.9072712615,
      "brl_g": 818.0406143939992,
      "chg_1h": 0.03696836808051045,
      "chg_24h": -2.496500400400407
    },
    "XAG": {
      "name": "Prata",
      "usd_oz": 76.853996,
      "usd_g": 2.4709133481823486,
      "brl_oz": 401.5083313028,
      "brl_g": 12.908792604909046,
      "chg_1h": 0.21122802624486264,
      "chg_24h": -3.431554984375889
    },
    "XPT": {
      "name": "Platina",
      "usd_oz": 2064,
      "usd_g": 66.35914091764815,
      "brl_oz": 10782.9552,
      "brl_g": 346.6800598960692,
      "chg_1h": 0.3403014098201264,
      "chg_24h": -3.506311360448808
    },
    "XPD": {
      "name": "Paládio",
      "usd_oz": 1542,
      "usd_g": 49.576451208824345,
      "brl_oz": 8055.8706,
      "brl_g": 259.00225405026106,
      "chg_1h": -1.0269576379974326,
      "chg_24h": -5.803298717165547
    },
    "XCU": {
      "name": "Cobre",
      "usd_oz": 5.620917,
      "usd_g": 0.1807166779502927,
      "brl_oz": 29.365356683100003,
      "brl_g": 0.9441181406157142,
      "chg_1h": 0.08076375160447202,
      "chg_24h": -2.388046327202661
    }
  }
}
