{
  "timestamp": 1784213333,
  "usdToBrl": 5.0857,
  "metals": {
    "XAU": {
      "name": "Ouro",
      "usd_oz": 4004.399902,
      "usd_g": 128.74444640864073,
      "brl_oz": 20365.1765816014,
      "brl_g": 654.7556311004241,
      "chg_1h": 0,
      "chg_24h": -1.3888924921060508
    },
    "XAG": {
      "name": "Prata",
      "usd_oz": 56.323002,
      "usd_g": 1.810826563286327,
      "brl_oz": 286.44189127140004,
      "brl_g": 9.209320652905273,
      "chg_1h": 0,
      "chg_24h": -3.251679950529062
    },
    "XPT": {
      "name": "Platina",
      "usd_oz": 1656,
      "usd_g": 53.24163631764794,
      "brl_oz": 8421.9192,
      "brl_g": 270.7709898206621,
      "chg_1h": 0,
      "chg_24h": 0.30284675953967294
    },
    "XPD": {
      "name": "Paládio",
      "usd_oz": 1299,
      "usd_g": 41.763819792647745,
      "brl_oz": 6606.3243,
      "brl_g": 212.39825831946865,
      "chg_1h": 0,
      "chg_24h": -2.0361990950226243
    },
    "XCU": {
      "name": "Cobre",
      "usd_oz": 6.134081,
      "usd_g": 0.1972152836624361,
      "brl_oz": 31.196095741700002,
      "brl_g": 1.0029777681220513,
      "chg_1h": 0,
      "chg_24h": 0
    }
  }
}
