{
  "timestamp": 1782407060,
  "usdToBrl": 5.2019,
  "metals": {
    "XAU": {
      "name": "Ouro",
      "usd_oz": 4031.300049,
      "usd_g": 129.60930621749657,
      "brl_oz": 20970.4197248931,
      "brl_g": 674.2146500127955,
      "chg_1h": 0,
      "chg_24h": 1.2863985764008303
    },
    "XAG": {
      "name": "Prata",
      "usd_oz": 58.500999,
      "usd_g": 1.880850792860559,
      "brl_oz": 304.3163466981,
      "brl_g": 9.783997739381341,
      "chg_1h": 0,
      "chg_24h": 1.9838572247591137
    },
    "XPT": {
      "name": "Platina",
      "usd_oz": 1610,
      "usd_g": 51.76270197549105,
      "brl_oz": 8375.059000000001,
      "brl_g": 269.2643994063069,
      "chg_1h": 0,
      "chg_24h": 2.2222222222222223
    },
    "XPD": {
      "name": "Paládio",
      "usd_oz": 1213,
      "usd_g": 38.998855587745744,
      "brl_oz": 6309.9047,
      "brl_g": 202.8681468818946,
      "chg_1h": 0,
      "chg_24h": 3.058623619371283
    },
    "XCU": {
      "name": "Cobre",
      "usd_oz": 6.00458,
      "usd_g": 0.1930517298310522,
      "brl_oz": 31.235224702,
      "brl_g": 1.0042357934081505,
      "chg_1h": 0,
      "chg_24h": 1.1254934738758877
    }
  }
}
