{
  "timestamp": 1774431163,
  "usdToBrl": 5.2669,
  "metals": {
    "XAU": {
      "name": "Ouro",
      "usd_oz": 4561.299805,
      "usd_g": 146.64919405408722,
      "brl_oz": 24023.9099429545,
      "brl_g": 772.386640163472,
      "chg_1h": -0.07667368010676648,
      "chg_24h": 3.5223826864588803
    },
    "XAG": {
      "name": "Prata",
      "usd_oz": 73.120003,
      "usd_g": 2.3508626855503176,
      "brl_oz": 385.1157438007,
      "brl_g": 12.381758678524967,
      "chg_1h": -0.38689445243984855,
      "chg_24h": 5.311677689130039
    },
    "XPT": {
      "name": "Platina",
      "usd_oz": 1970,
      "usd_g": 63.336970740197124,
      "brl_oz": 10375.793,
      "brl_g": 333.5894911915442,
      "chg_1h": -0.5050505050505051,
      "chg_24h": 4.287983059820011
    },
    "XPD": {
      "name": "Paládio",
      "usd_oz": 1488,
      "usd_g": 47.84031089411844,
      "brl_oz": 7837.147199999999,
      "brl_g": 251.9701334482324,
      "chg_1h": -0.2012072434607646,
      "chg_24h": 2.8334485141672427
    },
    "XCU": {
      "name": "Cobre",
      "usd_oz": 5.431164,
      "usd_g": 0.17461597733665582,
      "brl_oz": 28.6053976716,
      "brl_g": 0.9196848910344325,
      "chg_1h": 0.03621160989154324,
      "chg_24h": -0.059822446390284126
    }
  }
}
