{
  "timestamp": 1783530209,
  "usdToBrl": 5.1563,
  "metals": {
    "XAU": {
      "name": "Ouro",
      "usd_oz": 4061.199951,
      "usd_g": 130.57061038912536,
      "brl_oz": 20940.7653073413,
      "brl_g": 673.2612383494471,
      "chg_1h": 0.9119133060007467,
      "chg_24h": -1.9483800407883458
    },
    "XAG": {
      "name": "Prata",
      "usd_oz": 57.935001,
      "usd_g": 1.8626535346042086,
      "brl_oz": 298.7302456563,
      "brl_g": 9.60440042047968,
      "chg_1h": 0.9109628807734045,
      "chg_24h": -4.857702696280277
    },
    "XPT": {
      "name": "Platina",
      "usd_oz": 1583,
      "usd_g": 50.894631818138095,
      "brl_oz": 8162.4229,
      "brl_g": 262.42799004386546,
      "chg_1h": 0.5079365079365079,
      "chg_24h": -4.408212560386474
    },
    "XPD": {
      "name": "Paládio",
      "usd_oz": 1243,
      "usd_g": 39.96337798480458,
      "brl_oz": 6409.2809,
      "brl_g": 206.06316590304786,
      "chg_1h": 0.4850444624090542,
      "chg_24h": -4.015444015444015
    },
    "XCU": {
      "name": "Cobre",
      "usd_oz": 5.963379,
      "usd_g": 0.19172708692167814,
      "brl_oz": 30.748971137699996,
      "brl_g": 0.988602378294249,
      "chg_1h": 0.27968232043501323,
      "chg_24h": -1.1726610871907315
    }
  }
}
