{
  "timestamp": 1780318004,
  "usdToBrl": 5.0453,
  "metals": {
    "XAU": {
      "name": "Ouro",
      "usd_oz": 4508.5,
      "usd_g": 144.95164090465926,
      "brl_oz": 22746.73505,
      "brl_g": 731.3245138562773,
      "chg_1h": 0,
      "chg_24h": -0.7003899822866356
    },
    "XAG": {
      "name": "Prata",
      "usd_oz": 75.910004,
      "usd_g": 2.4405633006275362,
      "brl_oz": 382.9887431812,
      "brl_g": 12.31337402065611,
      "chg_1h": 0,
      "chg_24h": 0.6763952075226737
    },
    "XPT": {
      "name": "Platina",
      "usd_oz": 1956,
      "usd_g": 62.886860288236335,
      "brl_oz": 9868.6068,
      "brl_g": 317.28307621223877,
      "chg_1h": 0,
      "chg_24h": 1.557632398753894
    },
    "XPD": {
      "name": "Paládio",
      "usd_oz": 1383,
      "usd_g": 44.4644825044125,
      "brl_oz": 6977.6499,
      "brl_g": 224.3366535795124,
      "chg_1h": 0,
      "chg_24h": 0.290065264684554
    },
    "XCU": {
      "name": "Cobre",
      "usd_oz": 6.268496,
      "usd_g": 0.20153682626245822,
      "brl_oz": 31.6264428688,
      "brl_g": 1.0168137495419804,
      "chg_1h": 0,
      "chg_24h": 1.1343478342941244
    }
  }
}
