{
  "timestamp": 1770752048,
  "usdToBrl": 5.2067,
  "metals": {
    "XAU": {
      "name": "Ouro",
      "usd_oz": 5030,
      "usd_g": 161.71825524019874,
      "brl_oz": 26189.700999999997,
      "brl_g": 842.0184395591427,
      "chg_1h": 0.28510087214253144,
      "chg_24h": 0.09950248756218905
    },
    "XAG": {
      "name": "Prata",
      "usd_oz": 81.445999,
      "usd_g": 2.618549672877728,
      "brl_oz": 424.0648829933,
      "brl_g": 13.634002581772465,
      "chg_1h": 0.7147487616732772,
      "chg_24h": 0.16232874428774696
    },
    "XPT": {
      "name": "Platina",
      "usd_oz": 2102,
      "usd_g": 67.58086928725602,
      "brl_oz": 10944.4834,
      "brl_g": 351.8733121179559,
      "chg_1h": -0.1899335232668566,
      "chg_24h": 0.7187350263536176
    },
    "XPD": {
      "name": "Paládio",
      "usd_oz": 1735,
      "usd_g": 55.78154529656955,
      "brl_oz": 9033.6245,
      "brl_g": 290.43777189564867,
      "chg_1h": 0.2890173410404624,
      "chg_24h": 0.5214368482039398
    },
    "XCU": {
      "name": "Cobre",
      "usd_oz": 5.892141,
      "usd_g": 0.18943673203762224,
      "brl_oz": 30.678610544699996,
      "brl_g": 0.9863402327002876,
      "chg_1h": 0.21946721666990968,
      "chg_24h": 0.4493860237877871
    }
  }
}
