{
  "timestamp": 1772149262,
  "usdToBrl": 5.1258,
  "metals": {
    "XAU": {
      "name": "Ouro",
      "usd_oz": 5187.799805,
      "usd_g": 166.79163677933266,
      "brl_oz": 26591.624240469,
      "brl_g": 854.9405718035033,
      "chg_1h": 0.03663593659543682,
      "chg_24h": 0.19505976822976906
    },
    "XAG": {
      "name": "Prata",
      "usd_oz": 88.278,
      "usd_g": 2.838203605585341,
      "brl_oz": 452.4953724,
      "brl_g": 14.54806404150934,
      "chg_1h": -0.1583376705912434,
      "chg_24h": -1.0923980391112456
    },
    "XPT": {
      "name": "Platina",
      "usd_oz": 2270,
      "usd_g": 72.98219471078552,
      "brl_oz": 11635.565999999999,
      "brl_g": 374.0921336485444,
      "chg_1h": -0.9166302924487123,
      "chg_24h": -1.0893246187363834
    },
    "XPD": {
      "name": "Paládio",
      "usd_oz": 1808,
      "usd_g": 58.12854979607939,
      "brl_oz": 9267.4464,
      "brl_g": 297.95532054474376,
      "chg_1h": 0,
      "chg_24h": 0.22172949002217296
    },
    "XCU": {
      "name": "Cobre",
      "usd_oz": 5.958994,
      "usd_g": 0.19158610589797473,
      "brl_oz": 30.544611445199997,
      "brl_g": 0.9820320616118389,
      "chg_1h": 0,
      "chg_24h": 0.9106522401035839
    }
  }
}
