{
  "timestamp": 1770735407,
  "usdToBrl": 5.1931,
  "metals": {
    "XAU": {
      "name": "Ouro",
      "usd_oz": 5045.700195,
      "usd_g": 162.2230282307218,
      "brl_oz": 26202.825682654504,
      "brl_g": 842.4404079049615,
      "chg_1h": -0.1740984271441221,
      "chg_24h": 0.41194417910448455
    },
    "XAG": {
      "name": "Prata",
      "usd_oz": 82.538002,
      "usd_g": 2.6536583845829096,
      "brl_oz": 428.6280981862001,
      "brl_g": 13.78071335697751,
      "chg_1h": 0.5371718820419891,
      "chg_24h": 1.5052745589219194
    },
    "XPT": {
      "name": "Platina",
      "usd_oz": 2112,
      "usd_g": 67.9023767529423,
      "brl_oz": 10967.8272,
      "brl_g": 352.6238327157047,
      "chg_1h": -0.37735849056603776,
      "chg_24h": 1.1978917105893627
    },
    "XPD": {
      "name": "Paládio",
      "usd_oz": 1747,
      "usd_g": 56.167354255393086,
      "brl_oz": 9072.3457,
      "brl_g": 291.68268738368187,
      "chg_1h": -0.11435105774728416,
      "chg_24h": 1.2166859791425262
    },
    "XCU": {
      "name": "Cobre",
      "usd_oz": 5.889141,
      "usd_g": 0.18934027979791637,
      "brl_oz": 30.582898127100005,
      "brl_g": 0.9832630070185595,
      "chg_1h": 0.14011458448289968,
      "chg_24h": 0.39824193913820294
    }
  }
}
