{
  "timestamp": 1771585631,
  "usdToBrl": 5.2343,
  "metals": {
    "XAU": {
      "name": "Ouro",
      "usd_oz": 5034.600098,
      "usd_g": 161.8661518251876,
      "brl_oz": 26352.607292961402,
      "brl_g": 847.2559984985794,
      "chg_1h": 0.00993226177998815,
      "chg_24h": 0.8473107516025921
    },
    "XAG": {
      "name": "Prata",
      "usd_oz": 80.918999,
      "usd_g": 2.601606229436061,
      "brl_oz": 423.5543164657,
      "brl_g": 13.617587486737175,
      "chg_1h": 0.3634063498549722,
      "chg_24h": 3.0592114588996364
    },
    "XPT": {
      "name": "Platina",
      "usd_oz": 2123,
      "usd_g": 68.2560349651972,
      "brl_oz": 11112.4189,
      "brl_g": 357.2725638183317,
      "chg_1h": 0,
      "chg_24h": 1.6275730014360938
    },
    "XPD": {
      "name": "Paládio",
      "usd_oz": 1737,
      "usd_g": 55.845846789706805,
      "brl_oz": 9091.9791,
      "brl_g": 292.3139158513623,
      "chg_1h": -0.34423407917383825,
      "chg_24h": 0.0576036866359447
    },
    "XCU": {
      "name": "Cobre",
      "usd_oz": 5.717834,
      "usd_g": 0.1838326318554844,
      "brl_oz": 29.9288585062,
      "brl_g": 0.962235144921162,
      "chg_1h": -0.1307176300076227,
      "chg_24h": -0.11358522630398057
    }
  }
}
