{
  "timestamp": 1773066888,
  "usdToBrl": 5.2765,
  "metals": {
    "XAU": {
      "name": "Ouro",
      "usd_oz": 5090.299805,
      "usd_g": 163.65693898889143,
      "brl_oz": 26858.9669210825,
      "brl_g": 863.5358385748857,
      "chg_1h": -0.3348102229728331,
      "chg_24h": -1.6177076729802928
    },
    "XAG": {
      "name": "Prata",
      "usd_oz": 84.169998,
      "usd_g": 2.706128274379924,
      "brl_oz": 444.12299444700005,
      "brl_g": 14.278885839765671,
      "chg_1h": -0.9333463131014489,
      "chg_24h": -0.5000460912830493
    },
    "XPT": {
      "name": "Platina",
      "usd_oz": 2163,
      "usd_g": 69.54206482794233,
      "brl_oz": 11413.069500000001,
      "brl_g": 366.9387050646377,
      "chg_1h": -0.09237875288683603,
      "chg_24h": 0.37122969837587005
    },
    "XPD": {
      "name": "Paládio",
      "usd_oz": 1678,
      "usd_g": 53.94895274215775,
      "brl_oz": 8853.967,
      "brl_g": 284.6616491439954,
      "chg_1h": 0.7202881152460985,
      "chg_24h": 1.6353725015142337
    },
    "XCU": {
      "name": "Cobre",
      "usd_oz": 5.79933,
      "usd_g": 0.18645278909784133,
      "brl_oz": 30.600164745000004,
      "brl_g": 0.9838181416747598,
      "chg_1h": -0.005207226941288351,
      "chg_24h": 0.05634858414261801
    }
  }
}
