{
  "timestamp": 1771829530,
  "usdToBrl": 5.2144,
  "metals": {
    "XAU": {
      "name": "Ouro",
      "usd_oz": 5153.5,
      "usd_g": 165.6888724414243,
      "brl_oz": 26872.4104,
      "brl_g": 863.968056458563,
      "chg_1h": -0.12016579967201657,
      "chg_24h": 0.8927367190994708
    },
    "XAG": {
      "name": "Prata",
      "usd_oz": 86.711998,
      "usd_g": 2.7878554721573763,
      "brl_oz": 452.1510423712,
      "brl_g": 14.536993574017425,
      "chg_1h": -0.5094313761400594,
      "chg_24h": 2.295730626615986
    },
    "XPT": {
      "name": "Platina",
      "usd_oz": 2169,
      "usd_g": 69.73496930735409,
      "brl_oz": 11310.0336,
      "brl_g": 363.6260239562672,
      "chg_1h": 0,
      "chg_24h": 0.09229349330872173
    },
    "XPD": {
      "name": "Paládio",
      "usd_oz": 1765,
      "usd_g": 56.74606769362839,
      "brl_oz": 9203.416000000001,
      "brl_g": 295.8966953816559,
      "chg_1h": -0.2824858757062147,
      "chg_24h": -1.0095344924284912
    },
    "XCU": {
      "name": "Cobre",
      "usd_oz": 5.772719,
      "usd_g": 0.18559722558090355,
      "brl_oz": 30.101265953600006,
      "brl_g": 0.9677781730690636,
      "chg_1h": -0.10334520395708761,
      "chg_24h": 0.058932432060006895
    }
  }
}
