{
  "timestamp": 1773172079,
  "usdToBrl": 5.1779,
  "metals": {
    "XAU": {
      "name": "Ouro",
      "usd_oz": 5190.5,
      "usd_g": 166.87845006446355,
      "brl_oz": 26875.88995,
      "brl_g": 864.0799265887858,
      "chg_1h": -0.04428834321294717,
      "chg_24h": 1.076877295920099
    },
    "XAG": {
      "name": "Prata",
      "usd_oz": 88.297997,
      "usd_g": 2.838846524064474,
      "brl_oz": 457.1981986663,
      "brl_g": 14.699263416953439,
      "chg_1h": 0.13721831912587992,
      "chg_24h": 2.3305873771047496
    },
    "XPT": {
      "name": "Platina",
      "usd_oz": 2201,
      "usd_g": 70.76379319755019,
      "brl_oz": 11396.5579,
      "brl_g": 366.40784479759515,
      "chg_1h": -0.045413260672116255,
      "chg_24h": 0.18206645425580337
    },
    "XPD": {
      "name": "Paládio",
      "usd_oz": 1676,
      "usd_g": 53.8846512490205,
      "brl_oz": 8678.1604,
      "brl_g": 279.00933570230325,
      "chg_1h": -0.7109004739336493,
      "chg_24h": -1.7584994138335288
    },
    "XCU": {
      "name": "Cobre",
      "usd_oz": 5.886419,
      "usd_g": 0.18925276546575656,
      "brl_oz": 30.479288940100002,
      "brl_g": 0.9799318943051409,
      "chg_1h": 0.2200905355791811,
      "chg_24h": 0.7257176923782517
    }
  }
}
