{
  "timestamp": 1774975070,
  "usdToBrl": 5.224,
  "metals": {
    "XAU": {
      "name": "Ouro",
      "usd_oz": 4619.100098,
      "usd_g": 148.50751662592268,
      "brl_oz": 24130.178911952,
      "brl_g": 775.8032668538201,
      "chg_1h": 0.021653926480135817,
      "chg_24h": 1.5834267653722545
    },
    "XAG": {
      "name": "Prata",
      "usd_oz": 74.093002,
      "usd_g": 2.382145329810846,
      "brl_oz": 387.061842448,
      "brl_g": 12.444327202931861,
      "chg_1h": 0.2801613220322756,
      "chg_24h": 4.247692725090433
    },
    "XPT": {
      "name": "Platina",
      "usd_oz": 1944,
      "usd_g": 62.501051329412796,
      "brl_oz": 10155.456,
      "brl_g": 326.50549214485244,
      "chg_1h": 0.1545595054095827,
      "chg_24h": 1.4613778705636742
    },
    "XPD": {
      "name": "Paládio",
      "usd_oz": 1490,
      "usd_g": 47.90461238725569,
      "brl_oz": 7783.76,
      "brl_g": 250.25369511102372,
      "chg_1h": 0.33670033670033667,
      "chg_24h": 2.9005524861878453
    },
    "XCU": {
      "name": "Cobre",
      "usd_oz": 5.562706,
      "usd_g": 0.1788451508417863,
      "brl_oz": 29.059576144000005,
      "brl_g": 0.9342870679974916,
      "chg_1h": 0.03127153964410509,
      "chg_24h": 1.1658971977947843
    }
  }
}
