{
  "timestamp": 1770985639,
  "usdToBrl": 5.1761,
  "metals": {
    "XAU": {
      "name": "Ouro",
      "usd_oz": 4971.700195,
      "usd_g": 159.84387298464333,
      "brl_oz": 25734.0173793395,
      "brl_g": 827.3678709558124,
      "chg_1h": 0.4201315601553085,
      "chg_24h": -1.9059569030368224
    },
    "XAG": {
      "name": "Prata",
      "usd_oz": 77.634003,
      "usd_g": 2.4959911555611045,
      "brl_oz": 401.84136292830004,
      "brl_g": 12.919499820299833,
      "chg_1h": 0.680856959876838,
      "chg_24h": -7.205182500830146
    },
    "XPT": {
      "name": "Platina",
      "usd_oz": 2026,
      "usd_g": 65.13741254804029,
      "brl_oz": 10486.7786,
      "brl_g": 337.15776108991133,
      "chg_1h": 0.496031746031746,
      "chg_24h": -4.613935969868174
    },
    "XPD": {
      "name": "Paládio",
      "usd_oz": 1670,
      "usd_g": 53.69174676960873,
      "brl_oz": 8644.087,
      "brl_g": 277.9138504541717,
      "chg_1h": 0.6630500301386377,
      "chg_24h": -3.8018433179723505
    },
    "XCU": {
      "name": "Cobre",
      "usd_oz": 5.93125,
      "usd_g": 0.1906941155851747,
      "brl_oz": 30.700743125000002,
      "brl_g": 0.9870518116804228,
      "chg_1h": 0.25430153282383966,
      "chg_24h": -1.4841858968705264
    }
  }
}
