{
  "timestamp": 1775636025,
  "usdToBrl": 5.1489,
  "metals": {
    "XAU": {
      "name": "Ouro",
      "usd_oz": 4814.299805,
      "usd_g": 154.78333293595009,
      "brl_oz": 24788.348265964498,
      "brl_g": 796.9639029539135,
      "chg_1h": -0.21556551867780246,
      "chg_24h": 3.4688023898950306
    },
    "XAG": {
      "name": "Prata",
      "usd_oz": 76.945,
      "usd_g": 2.47383919472308,
      "brl_oz": 396.18211049999996,
      "brl_g": 12.737550629709666,
      "chg_1h": -0.5814290554207404,
      "chg_24h": 6.076894299037961
    },
    "XPT": {
      "name": "Platina",
      "usd_oz": 2047,
      "usd_g": 65.81257822598148,
      "brl_oz": 10539.7983,
      "brl_g": 338.8623840277561,
      "chg_1h": 0.04887585532746823,
      "chg_24h": 3.5931174089068825
    },
    "XPD": {
      "name": "Paládio",
      "usd_oz": 1557,
      "usd_g": 50.05871240735377,
      "brl_oz": 8016.8373,
      "brl_g": 257.7473043142238,
      "chg_1h": -0.8280254777070064,
      "chg_24h": 3.044341495698213
    },
    "XCU": {
      "name": "Cobre",
      "usd_oz": 5.606251,
      "usd_g": 0.1802451551011172,
      "brl_oz": 28.866025773900002,
      "brl_g": 0.9280642791001423,
      "chg_1h": -0.24750180644291306,
      "chg_24h": 1.5779572293687372
    }
  }
}
