{
  "timestamp": 1773974955,
  "usdToBrl": 5.2987,
  "metals": {
    "XAU": {
      "name": "Ouro",
      "usd_oz": 4693.200195,
      "usd_g": 150.88989006528044,
      "brl_oz": 24867.859873246503,
      "brl_g": 799.5202604889015,
      "chg_1h": 0,
      "chg_24h": -3.4817440616966513
    },
    "XAG": {
      "name": "Prata",
      "usd_oz": 74.063004,
      "usd_g": 2.3811808717152805,
      "brl_oz": 392.4376392948,
      "brl_g": 12.617163084957758,
      "chg_1h": 0,
      "chg_24h": -3.2652846275467455
    },
    "XPT": {
      "name": "Platina",
      "usd_oz": 2016,
      "usd_g": 64.815905082354,
      "brl_oz": 10682.1792,
      "brl_g": 343.4400362598692,
      "chg_1h": 0,
      "chg_24h": -1.0309278350515463
    },
    "XPD": {
      "name": "Paládio",
      "usd_oz": 1491,
      "usd_g": 47.93676313382432,
      "brl_oz": 7900.3617,
      "brl_g": 254.00252681719493,
      "chg_1h": 0,
      "chg_24h": -1.6490765171503958
    },
    "XCU": {
      "name": "Cobre",
      "usd_oz": 5.538363,
      "usd_g": 0.17806250521806619,
      "brl_oz": 29.346124028100004,
      "brl_g": 0.9434997963989673,
      "chg_1h": 0,
      "chg_24h": -0.5902805636581586
    }
  }
}
