{
  "timestamp": 1771391042,
  "usdToBrl": 5.2248,
  "metals": {
    "XAU": {
      "name": "Ouro",
      "usd_oz": 4936.700195,
      "usd_g": 158.71859685474135,
      "brl_oz": 25793.271178836003,
      "brl_g": 829.2729248466526,
      "chg_1h": 0.41290971858782366,
      "chg_24h": -0.1537044738329597
    },
    "XAG": {
      "name": "Prata",
      "usd_oz": 76.059998,
      "usd_g": 2.445385719708351,
      "brl_oz": 397.3982775504,
      "brl_g": 12.776651308332193,
      "chg_1h": 2.4708323894816324,
      "chg_24h": 1.2513244974178133
    },
    "XPT": {
      "name": "Platina",
      "usd_oz": 2065,
      "usd_g": 66.39129166421678,
      "brl_oz": 10789.212,
      "brl_g": 346.88122068719986,
      "chg_1h": 1.0273972602739725,
      "chg_24h": 2.2277227722772275
    },
    "XPD": {
      "name": "Paládio",
      "usd_oz": 1749,
      "usd_g": 56.231655748530336,
      "brl_oz": 9138.1752,
      "brl_g": 293.79915495492133,
      "chg_1h": 1.6269610691458454,
      "chg_24h": 1.8044237485448196
    },
    "XCU": {
      "name": "Cobre",
      "usd_oz": 5.746562,
      "usd_g": 0.18475625850290794,
      "brl_oz": 30.0246371376,
      "brl_g": 0.9653144994259935,
      "chg_1h": 0.34851370899751266,
      "chg_24h": -0.4635457840232028
    }
  }
}
