{
  "timestamp": 1772487748,
  "usdToBrl": 5.2067,
  "metals": {
    "XAU": {
      "name": "Ouro",
      "usd_oz": 5329.899902,
      "usd_g": 171.36026098535712,
      "brl_oz": 27751.1898197434,
      "brl_g": 892.2214708724588,
      "chg_1h": -0.18914041198501663,
      "chg_24h": 0.941246641501625
    },
    "XAG": {
      "name": "Prata",
      "usd_oz": 89.574997,
      "usd_g": 2.8799030274326114,
      "brl_oz": 466.39013687989996,
      "brl_g": 14.994791092933378,
      "chg_1h": -1.1597135607851308,
      "chg_24h": -4.620188634067462
    },
    "XPT": {
      "name": "Platina",
      "usd_oz": 2312,
      "usd_g": 74.3325260666679,
      "brl_oz": 12037.890399999998,
      "brl_g": 387.0271634713197,
      "chg_1h": -0.301854247520483,
      "chg_24h": -2.4884015183466888
    },
    "XPD": {
      "name": "Paládio",
      "usd_oz": 1798,
      "usd_g": 57.80704233039311,
      "brl_oz": 9361.6466,
      "brl_g": 300.9839273016578,
      "chg_1h": -0.22197558268590456,
      "chg_24h": -0.7178354500276091
    },
    "XCU": {
      "name": "Cobre",
      "usd_oz": 6.067456,
      "usd_g": 0.19507324017230127,
      "brl_oz": 31.591423155199998,
      "brl_g": 1.015687839605121,
      "chg_1h": 0,
      "chg_24h": -0.3331942559964813
    }
  }
}
