{
  "timestamp": 1772090228,
  "usdToBrl": 5.1287,
  "metals": {
    "XAU": {
      "name": "Ouro",
      "usd_oz": 5188,
      "usd_g": 166.79807319804198,
      "brl_oz": 26607.695600000003,
      "brl_g": 855.457278010798,
      "chg_1h": -0.1885375614230616,
      "chg_24h": -0.0462373236227013
    },
    "XAG": {
      "name": "Prata",
      "usd_oz": 88.672997,
      "usd_g": 2.850903054027709,
      "brl_oz": 454.7771997139,
      "brl_g": 14.621426493191914,
      "chg_1h": -1.147138264014026,
      "chg_24h": -2.2650119786067875
    },
    "XPT": {
      "name": "Platina",
      "usd_oz": 2302,
      "usd_g": 74.01101860098161,
      "brl_oz": 11806.2674,
      "brl_g": 379.58031109885445,
      "chg_1h": -0.21673168617251842,
      "chg_24h": 0.8322382829610162
    },
    "XPD": {
      "name": "Paládio",
      "usd_oz": 1790,
      "usd_g": 57.549836357844086,
      "brl_oz": 9180.373,
      "brl_g": 295.15584572847496,
      "chg_1h": -0.7210205213533,
      "chg_24h": -2.0787746170678334
    },
    "XCU": {
      "name": "Cobre",
      "usd_oz": 5.959599,
      "usd_g": 0.19160555709964874,
      "brl_oz": 30.564995391300002,
      "brl_g": 0.9826874206969686,
      "chg_1h": -0.0798576612217789,
      "chg_24h": 0.9799270252327791
    }
  }
}
