{
  "timestamp": 1776804748,
  "usdToBrl": 4.9639,
  "metals": {
    "XAU": {
      "name": "Ouro",
      "usd_oz": 4713.799805,
      "usd_g": 151.552182905803,
      "brl_oz": 23398.830852039497,
      "brl_g": 752.2898807261155,
      "chg_1h": 0.7415893285726363,
      "chg_24h": -2.2357783891019043
    },
    "XAG": {
      "name": "Prata",
      "usd_oz": 76.780998,
      "usd_g": 2.4685664079843317,
      "brl_oz": 381.1331959722,
      "brl_g": 12.253716792593423,
      "chg_1h": 1.3490079852291479,
      "chg_24h": -3.8494832941149597
    },
    "XPT": {
      "name": "Platina",
      "usd_oz": 2042,
      "usd_g": 65.65182449313834,
      "brl_oz": 10136.2838,
      "brl_g": 325.8890916014894,
      "chg_1h": 1.2394645513138325,
      "chg_24h": -2.8081865778200856
    },
    "XPD": {
      "name": "Paládio",
      "usd_oz": 1566,
      "usd_g": 50.348069126471415,
      "brl_oz": 7773.4673999999995,
      "brl_g": 249.92278033689144,
      "chg_1h": 0.9671179883945842,
      "chg_24h": -1.1987381703470033
    },
    "XCU": {
      "name": "Cobre",
      "usd_oz": 5.990292,
      "usd_g": 0.19259235996407964,
      "brl_oz": 29.7352104588,
      "brl_g": 0.9560092156256949,
      "chg_1h": 0,
      "chg_24h": -0.06684684898100095
    }
  }
}
