{
  "timestamp": 1772516087,
  "usdToBrl": 5.2067,
  "metals": {
    "XAU": {
      "name": "Ouro",
      "usd_oz": 5344.899902,
      "usd_g": 171.84252218388653,
      "brl_oz": 27829.2903197434,
      "brl_g": 894.732460254842,
      "chg_1h": -0.5433504301653552,
      "chg_24h": -0.23705009272231387
    },
    "XAG": {
      "name": "Prata",
      "usd_oz": 89.328003,
      "usd_g": 2.87196198593464,
      "brl_oz": 465.1041132200999,
      "brl_g": 14.953444472165888,
      "chg_1h": -1.1869315473619573,
      "chg_24h": -5.286595671270579
    },
    "XPT": {
      "name": "Platina",
      "usd_oz": 2281,
      "usd_g": 73.33585292304042,
      "brl_oz": 11876.482699999999,
      "brl_g": 381.83778541439455,
      "chg_1h": -0.9982638888888888,
      "chg_24h": -4.320469798657718
    },
    "XPD": {
      "name": "Paládio",
      "usd_oz": 1800,
      "usd_g": 57.87134382353037,
      "brl_oz": 9372.06,
      "brl_g": 301.31872588597554,
      "chg_1h": -0.4424778761061947,
      "chg_24h": -2.2801302931596092
    },
    "XCU": {
      "name": "Cobre",
      "usd_oz": 6.018113,
      "usd_g": 0.19348682588436544,
      "brl_oz": 31.334508957099995,
      "brl_g": 1.0074278563321255,
      "chg_1h": -0.43399243425053097,
      "chg_24h": -1.5118417594387703
    }
  }
}
