{
  "timestamp": 1774901005,
  "usdToBrl": 5.2402,
  "metals": {
    "XAU": {
      "name": "Ouro",
      "usd_oz": 4514.799805,
      "usd_g": 145.15418433864602,
      "brl_oz": 23658.453938160997,
      "brl_g": 760.6369567713729,
      "chg_1h": 0.3155069699774015,
      "chg_24h": 0.4404850945494917
    },
    "XAG": {
      "name": "Prata",
      "usd_oz": 70.210999,
      "usd_g": 2.2573360351791925,
      "brl_oz": 367.9196769598,
      "brl_g": 11.828892291546003,
      "chg_1h": 0.4578558105887246,
      "chg_24h": 0.4822938363011359
    },
    "XPT": {
      "name": "Platina",
      "usd_oz": 1902,
      "usd_g": 61.15071997353042,
      "brl_oz": 9966.8604,
      "brl_g": 320.4420028052941,
      "chg_1h": 0.5285412262156448,
      "chg_24h": 1.5483182060864922
    },
    "XPD": {
      "name": "Paládio",
      "usd_oz": 1440,
      "usd_g": 46.29707505882429,
      "brl_oz": 7545.888,
      "brl_g": 242.60593272325104,
      "chg_1h": 0.41841004184100417,
      "chg_24h": 2.6372059871703493
    },
    "XCU": {
      "name": "Cobre",
      "usd_oz": 5.508739,
      "usd_g": 0.17711007150171715,
      "brl_oz": 28.8668941078,
      "brl_g": 0.9280921966832981,
      "chg_1h": 0,
      "chg_24h": 1.1400041162939456
    }
  }
}
