{
  "timestamp": 1770702803,
  "usdToBrl": 5.1931,
  "metals": {
    "XAU": {
      "name": "Ouro",
      "usd_oz": 5037.200195,
      "usd_g": 161.94974688488847,
      "brl_oz": 26158.684332654502,
      "brl_g": 841.0212305479143,
      "chg_1h": 0.19891787898054852,
      "chg_24h": 0.24278995024876315
    },
    "XAG": {
      "name": "Prata",
      "usd_oz": 81.755997,
      "usd_g": 2.628516340012509,
      "brl_oz": 424.5670680207,
      "brl_g": 13.650148205318962,
      "chg_1h": 0.5114347436161594,
      "chg_24h": 0.543564433791304
    },
    "XPT": {
      "name": "Platina",
      "usd_oz": 2096,
      "usd_g": 67.38796480784426,
      "brl_oz": 10884.7376,
      "brl_g": 349.95244004361604,
      "chg_1h": 0.19120458891013384,
      "chg_24h": 0.43124101581217056
    },
    "XPD": {
      "name": "Paládio",
      "usd_oz": 1745,
      "usd_g": 56.10305276225583,
      "brl_oz": 9061.9595,
      "brl_g": 291.34876329967074,
      "chg_1h": 0.22975301550832855,
      "chg_24h": 1.100811123986095
    },
    "XCU": {
      "name": "Cobre",
      "usd_oz": 5.878028,
      "usd_g": 0.1889829885512992,
      "brl_oz": 30.5251872068,
      "brl_g": 0.9814075578457518,
      "chg_1h": 0.37048793860865503,
      "chg_24h": 0.20878720156786373
    }
  }
}
