{
  "timestamp": 1772701768,
  "usdToBrl": 5.2198,
  "metals": {
    "XAU": {
      "name": "Ouro",
      "usd_oz": 5175.100098,
      "usd_g": 166.38333171807983,
      "brl_oz": 27012.9874915404,
      "brl_g": 868.4877149020332,
      "chg_1h": 0.21106662384143957,
      "chg_24h": -0.05214004213513161
    },
    "XAG": {
      "name": "Prata",
      "usd_oz": 84.282997,
      "usd_g": 2.7097612765914323,
      "brl_oz": 439.9403877406,
      "brl_g": 14.144411911551959,
      "chg_1h": 0.6364143283582026,
      "chg_24h": -1.9406395244099428
    },
    "XPT": {
      "name": "Platina",
      "usd_oz": 2200,
      "usd_g": 70.73164245098155,
      "brl_oz": 11483.560000000001,
      "brl_g": 369.20502726563353,
      "chg_1h": 1.569713758079409,
      "chg_24h": 1.4292300599354542
    },
    "XPD": {
      "name": "Paládio",
      "usd_oz": 1696,
      "usd_g": 54.527666180393055,
      "brl_oz": 8852.7808,
      "brl_g": 284.62351192841567,
      "chg_1h": 0.35502958579881655,
      "chg_24h": -1.22306348281887
    },
    "XCU": {
      "name": "Cobre",
      "usd_oz": 5.828889,
      "usd_g": 0.1874031330156634,
      "brl_oz": 30.4256348022,
      "brl_g": 0.9782068737151598,
      "chg_1h": 0.01945860798884669,
      "chg_24h": -0.902250423710875
    }
  }
}
