{
  "timestamp": 1776042721,
  "usdToBrl": 5.0543,
  "metals": {
    "XAU": {
      "name": "Ouro",
      "usd_oz": 4718.299805,
      "usd_g": 151.6968612653618,
      "brl_oz": 23847.702704411495,
      "brl_g": 766.7214458935181,
      "chg_1h": 1.2923661092179426,
      "chg_24h": -0.650644081766292
    },
    "XAG": {
      "name": "Prata",
      "usd_oz": 74.837997,
      "usd_g": 2.4060974752507414,
      "brl_oz": 378.2536882371,
      "brl_g": 12.161138469159821,
      "chg_1h": 1.8689186343929047,
      "chg_24h": -1.5470873786407693
    },
    "XPT": {
      "name": "Platina",
      "usd_oz": 2042,
      "usd_g": 65.65182449313834,
      "brl_oz": 10320.880599999999,
      "brl_g": 331.82401653566905,
      "chg_1h": 1.642608262817322,
      "chg_24h": -0.5842259006815969
    },
    "XPD": {
      "name": "Paládio",
      "usd_oz": 1559,
      "usd_g": 50.123013900491024,
      "brl_oz": 7879.653699999999,
      "brl_g": 253.33674915725177,
      "chg_1h": 2.431011826544021,
      "chg_24h": 0.7756948933419522
    },
    "XCU": {
      "name": "Cobre",
      "usd_oz": 5.756994,
      "usd_g": 0.18509165509111186,
      "brl_oz": 29.097574774199995,
      "brl_g": 0.9355087523270066,
      "chg_1h": 0,
      "chg_24h": 0
    }
  }
}
