{
  "timestamp": 1781646344,
  "usdToBrl": 5.0603,
  "metals": {
    "XAU": {
      "name": "Ouro",
      "usd_oz": 4332.600098,
      "usd_g": 139.29632773401076,
      "brl_oz": 21924.2562759094,
      "brl_g": 704.8812072324146,
      "chg_1h": 0,
      "chg_24h": 0.5500289294025883
    },
    "XAG": {
      "name": "Prata",
      "usd_oz": 70.158997,
      "usd_g": 2.255664132056131,
      "brl_oz": 355.02557251909997,
      "brl_g": 11.414337207443639,
      "chg_1h": 0,
      "chg_24h": 0.21138820438535438
    },
    "XPT": {
      "name": "Platina",
      "usd_oz": 1813,
      "usd_g": 58.28930352892253,
      "brl_oz": 9174.3239,
      "brl_g": 294.96136264740665,
      "chg_1h": 0,
      "chg_24h": 2.140845070422535
    },
    "XPD": {
      "name": "Paládio",
      "usd_oz": 1377,
      "usd_g": 44.27157802500073,
      "brl_oz": 6968.0331,
      "brl_g": 224.02746627991118,
      "chg_1h": 0,
      "chg_24h": 1.1756061719324025
    },
    "XCU": {
      "name": "Cobre",
      "usd_oz": 6.177526,
      "usd_g": 0.19861207284711016,
      "brl_oz": 31.2601348178,
      "brl_g": 1.0050366722282316,
      "chg_1h": 0,
      "chg_24h": -0.21265800538259574
    }
  }
}
