{
  "timestamp": 1776231498,
  "usdToBrl": 4.9815,
  "metals": {
    "XAU": {
      "name": "Ouro",
      "usd_oz": 4819.899902,
      "usd_g": 154.96338023535685,
      "brl_oz": 24010.331361812998,
      "brl_g": 771.9500786424301,
      "chg_1h": 0,
      "chg_24h": 1.1946231786689085
    },
    "XAG": {
      "name": "Prata",
      "usd_oz": 79.428001,
      "usd_g": 2.5536695306037296,
      "brl_oz": 395.6705869814999,
      "brl_g": 12.721104766702478,
      "chg_1h": 0,
      "chg_24h": 3.520278527256837
    },
    "XPT": {
      "name": "Platina",
      "usd_oz": 2110,
      "usd_g": 67.83807525980504,
      "brl_oz": 10510.964999999998,
      "brl_g": 337.9353719067188,
      "chg_1h": 0,
      "chg_24h": 1.344860710854947
    },
    "XPD": {
      "name": "Paládio",
      "usd_oz": 1605,
      "usd_g": 51.60194824264791,
      "brl_oz": 7995.307499999999,
      "brl_g": 257.05510517075055,
      "chg_1h": 0,
      "chg_24h": 0.8165829145728644
    },
    "XCU": {
      "name": "Cobre",
      "usd_oz": 5.925807,
      "usd_g": 0.19051911907160166,
      "brl_oz": 29.519407570499997,
      "brl_g": 0.9490709916551836,
      "chg_1h": 0,
      "chg_24h": 1.5205275675927523
    }
  }
}
