{
  "timestamp": 1774022099,
  "usdToBrl": 5.2552,
  "metals": {
    "XAU": {
      "name": "Ouro",
      "usd_oz": 4559.600098,
      "usd_g": 146.5945472050893,
      "brl_oz": 23961.6104350096,
      "brl_g": 770.3836644721853,
      "chg_1h": -0.3605690357868566,
      "chg_24h": -0.469319585690485
    },
    "XAG": {
      "name": "Prata",
      "usd_oz": 69.463997,
      "usd_g": 2.2333193631909345,
      "brl_oz": 365.0471970344,
      "brl_g": 11.736539917441,
      "chg_1h": -0.6635453514536881,
      "chg_24h": -0.1896718174942191
    },
    "XPT": {
      "name": "Platina",
      "usd_oz": 1976,
      "usd_g": 63.52987521960889,
      "brl_oz": 10384.2752,
      "brl_g": 333.86220025408863,
      "chg_1h": 0.45754956786985257,
      "chg_24h": 1.5938303341902313
    },
    "XPD": {
      "name": "Paládio",
      "usd_oz": 1459,
      "usd_g": 46.90793924362823,
      "brl_oz": 7667.3368,
      "brl_g": 246.51060231311507,
      "chg_1h": 0.9688581314878892,
      "chg_24h": -0.13689253935660506
    },
    "XCU": {
      "name": "Cobre",
      "usd_oz": 5.394272,
      "usd_g": 0.173429871994246,
      "brl_oz": 28.3479782144,
      "brl_g": 0.9114086633041617,
      "chg_1h": -0.22093086920684882,
      "chg_24h": -1.527721998700254
    }
  }
}
