{
  "timestamp": 1772474736,
  "usdToBrl": 5.2067,
  "metals": {
    "XAU": {
      "name": "Ouro",
      "usd_oz": 5300.700195,
      "usd_g": 170.42146860572194,
      "brl_oz": 27599.1557053065,
      "brl_g": 887.3334605894124,
      "chg_1h": -0.15069602174059105,
      "chg_24h": 0.3882428552503017
    },
    "XAG": {
      "name": "Prata",
      "usd_oz": 87.938004,
      "usd_g": 2.827272480354994,
      "brl_oz": 457.8668054268,
      "brl_g": 14.720759623464346,
      "chg_1h": 0.1902678474544983,
      "chg_24h": -6.363265260096833
    },
    "XPT": {
      "name": "Platina",
      "usd_oz": 2312,
      "usd_g": 74.3325260666679,
      "brl_oz": 12037.890399999998,
      "brl_g": 387.0271634713197,
      "chg_1h": 0.043271311120726956,
      "chg_24h": -2.4884015183466888
    },
    "XPD": {
      "name": "Paládio",
      "usd_oz": 1798,
      "usd_g": 57.80704233039311,
      "brl_oz": 9361.6466,
      "brl_g": 300.9839273016578,
      "chg_1h": 0.1671309192200557,
      "chg_24h": -0.7178354500276091
    },
    "XCU": {
      "name": "Cobre",
      "usd_oz": 6.002463,
      "usd_g": 0.1929836667005664,
      "brl_oz": 31.253024102099996,
      "brl_g": 1.004808057409839,
      "chg_1h": 0.035264627195727295,
      "chg_24h": -1.400798982873784
    }
  }
}
