{
  "timestamp": 1775112517,
  "usdToBrl": 5.1598,
  "metals": {
    "XAU": {
      "name": "Ouro",
      "usd_oz": 4598.5,
      "usd_g": 147.84520809583577,
      "brl_oz": 23727.3403,
      "brl_g": 762.8517047328934,
      "chg_1h": -1.638469688226981,
      "chg_24h": -1.8777339165688678
    },
    "XAG": {
      "name": "Prata",
      "usd_oz": 70.718002,
      "usd_g": 2.2736365601417265,
      "brl_oz": 364.8907467196,
      "brl_g": 11.73150992301928,
      "chg_1h": -1.801009536916059,
      "chg_24h": -5.17069642921246
    },
    "XPT": {
      "name": "Platina",
      "usd_oz": 1896,
      "usd_g": 60.957815494118655,
      "brl_oz": 9782.9808,
      "brl_g": 314.5301363865534,
      "chg_1h": -1.1985409067222512,
      "chg_24h": -3.314635390107088
    },
    "XPD": {
      "name": "Paládio",
      "usd_oz": 1457,
      "usd_g": 46.84363775049097,
      "brl_oz": 7517.8286,
      "brl_g": 241.7038020649833,
      "chg_1h": -0.47814207650273227,
      "chg_24h": -2.476572958500669
    },
    "XCU": {
      "name": "Cobre",
      "usd_oz": 5.517271,
      "usd_g": 0.17738438167144066,
      "brl_oz": 28.468014905799997,
      "brl_g": 0.9152679325482995,
      "chg_1h": -0.1053938627131338,
      "chg_24h": -1.2849855701017452
    }
  }
}
