{
  "timestamp": 1784403123,
  "usdToBrl": 5.1158,
  "metals": {
    "XAU": {
      "name": "Ouro",
      "usd_oz": 4019.300049,
      "usd_g": 129.22349725867304,
      "brl_oz": 20561.9351906742,
      "brl_g": 661.0815672759195,
      "chg_1h": 0,
      "chg_24h": 0.2044314726548132
    },
    "XAG": {
      "name": "Prata",
      "usd_oz": 56.080002,
      "usd_g": 1.8030139318701504,
      "brl_oz": 286.89407423160003,
      "brl_g": 9.223858672661315,
      "chg_1h": 0,
      "chg_24h": -0.3429655490726526
    },
    "XPT": {
      "name": "Platina",
      "usd_oz": 1600,
      "usd_g": 51.44119450980477,
      "brl_oz": 8185.280000000001,
      "brl_g": 263.16286287325926,
      "chg_1h": 0,
      "chg_24h": -0.18714909544603867
    },
    "XPD": {
      "name": "Paládio",
      "usd_oz": 1270,
      "usd_g": 40.831448142157534,
      "brl_oz": 6497.066,
      "brl_g": 208.8855224056495,
      "chg_1h": 0,
      "chg_24h": -0.07867820613690008
    },
    "XCU": {
      "name": "Cobre",
      "usd_oz": 6.112596,
      "usd_g": 0.19652452487240912,
      "brl_oz": 31.2708186168,
      "brl_g": 1.0053801643422706,
      "chg_1h": 0,
      "chg_24h": 0
    }
  }
}
