{
  "timestamp": 1784877174,
  "usdToBrl": 5.0715,
  "metals": {
    "XAU": {
      "name": "Ouro",
      "usd_oz": 4046.5,
      "usd_g": 130.09799598995312,
      "brl_oz": 20521.82475,
      "brl_g": 659.7919866630473,
      "chg_1h": 0,
      "chg_24h": -1.5785353783860676
    },
    "XAG": {
      "name": "Prata",
      "usd_oz": 58.327999,
      "usd_g": 1.8752887137041863,
      "brl_oz": 295.8104469285,
      "brl_g": 9.510526711550781,
      "chg_1h": 0,
      "chg_24h": -1.54780996789282
    },
    "XPT": {
      "name": "Platina",
      "usd_oz": 1596,
      "usd_g": 51.31259152353026,
      "brl_oz": 8094.1140000000005,
      "brl_g": 260.2318079115837,
      "chg_1h": 0,
      "chg_24h": -2.682926829268293
    },
    "XPD": {
      "name": "Paládio",
      "usd_oz": 1261,
      "usd_g": 40.542091423039885,
      "brl_oz": 6395.1615,
      "brl_g": 205.60921665194678,
      "chg_1h": 0,
      "chg_24h": -3.519510328997705
    },
    "XCU": {
      "name": "Cobre",
      "usd_oz": 6.234551,
      "usd_g": 0.20044546917018613,
      "brl_oz": 31.6185253965,
      "brl_g": 1.016559196896599,
      "chg_1h": 0,
      "chg_24h": -0.39135357049620556
    }
  }
}
