{
  "timestamp": 1771353372,
  "usdToBrl": 5.2248,
  "metals": {
    "XAU": {
      "name": "Ouro",
      "usd_oz": 4883,
      "usd_g": 156.99209549461042,
      "brl_oz": 25512.6984,
      "brl_g": 820.2523005402405,
      "chg_1h": 0.3658596622250536,
      "chg_24h": -2.2891884628687875
    },
    "XAG": {
      "name": "Prata",
      "usd_oz": 73.630997,
      "usd_g": 2.367291524142407,
      "brl_oz": 384.7072331256,
      "brl_g": 12.36862475533925,
      "chg_1h": 1.1400859408489183,
      "chg_24h": -4.254714380453314
    },
    "XPT": {
      "name": "Platina",
      "usd_oz": 2020,
      "usd_g": 64.94450806862852,
      "brl_oz": 10554.096,
      "brl_g": 339.3220657569703,
      "chg_1h": -0.04948045522018803,
      "chg_24h": -1.4634146341463417
    },
    "XPD": {
      "name": "Paládio",
      "usd_oz": 1697,
      "usd_g": 54.55981692696169,
      "brl_oz": 8866.4856,
      "brl_g": 285.06413147998944,
      "chg_1h": 0.5927682276229994,
      "chg_24h": -2.7507163323782233
    },
    "XCU": {
      "name": "Cobre",
      "usd_oz": 5.712618,
      "usd_g": 0.18366493356138244,
      "brl_oz": 29.8472865264,
      "brl_g": 0.959612544871511,
      "chg_1h": 0.21219109407874687,
      "chg_24h": -0.9814635928712302
    }
  }
}
