{
  "timestamp": 1778235192,
  "usdToBrl": 4.9167,
  "metals": {
    "XAU": {
      "name": "Ouro",
      "usd_oz": 4715.799805,
      "usd_g": 151.61648439894023,
      "brl_oz": 23186.172901243495,
      "brl_g": 745.4527688442694,
      "chg_1h": -0.09322464764655385,
      "chg_24h": -0.35288314844163443
    },
    "XAG": {
      "name": "Prata",
      "usd_oz": 80.425003,
      "usd_g": 2.585723889234145,
      "brl_oz": 395.4256122501,
      "brl_g": 12.713228646197521,
      "chg_1h": 0.12450171644576295,
      "chg_24h": -0.09068299720883546
    },
    "XPT": {
      "name": "Platina",
      "usd_oz": 2045,
      "usd_g": 65.74827673284422,
      "brl_oz": 10054.6515,
      "brl_g": 323.2645522123751,
      "chg_1h": -0.5350194552529183,
      "chg_24h": -2.3400191021967527
    },
    "XPD": {
      "name": "Paládio",
      "usd_oz": 1520,
      "usd_g": 48.86913478431453,
      "brl_oz": 7473.383999999999,
      "brl_g": 240.27487499403924,
      "chg_1h": -0.45841519318926005,
      "chg_24h": -3.492063492063492
    },
    "XCU": {
      "name": "Cobre",
      "usd_oz": 6.111401,
      "usd_g": 0.1964861047302596,
      "brl_oz": 30.047925296699997,
      "brl_g": 0.9660632311272673,
      "chg_1h": 0,
      "chg_24h": 1.4991357112677672
    }
  }
}
