{
  "timestamp": 1773854148,
  "usdToBrl": 5.2243,
  "metals": {
    "XAU": {
      "name": "Ouro",
      "usd_oz": 4888.100098,
      "usd_g": 157.1560674528836,
      "brl_oz": 25536.9013419814,
      "brl_g": 821.0304431940999,
      "chg_1h": 0.3654865965689814,
      "chg_24h": -2.210618929972261
    },
    "XAG": {
      "name": "Prata",
      "usd_oz": 77.107002,
      "usd_g": 2.4790476799686907,
      "brl_oz": 402.8301105486,
      "brl_g": 12.951288794460432,
      "chg_1h": 0.3292034418093227,
      "chg_24h": -3.1221742214478643
    },
    "XPT": {
      "name": "Platina",
      "usd_oz": 2068,
      "usd_g": 66.48774390392266,
      "brl_oz": 10803.852400000002,
      "brl_g": 347.3519204772632,
      "chg_1h": 0.1937984496124031,
      "chg_24h": -3.1835205992509366
    },
    "XPD": {
      "name": "Paládio",
      "usd_oz": 1544,
      "usd_g": 49.6407527019616,
      "brl_oz": 8066.319200000001,
      "brl_g": 259.338184340858,
      "chg_1h": 0.12970168612191957,
      "chg_24h": -5.507955936352509
    },
    "XCU": {
      "name": "Cobre",
      "usd_oz": 5.613357,
      "usd_g": 0.18047361830623385,
      "brl_oz": 29.3258609751,
      "brl_g": 0.9428483241172576,
      "chg_1h": -0.13449762734444712,
      "chg_24h": -2.537238980749865
    }
  }
}
