{
  "timestamp": 1777590725,
  "usdToBrl": 4.9814,
  "metals": {
    "XAU": {
      "name": "Ouro",
      "usd_oz": 4630.200195,
      "usd_g": 148.86439303145687,
      "brl_oz": 23064.879251373,
      "brl_g": 741.5530874468992,
      "chg_1h": -0.032385515833241445,
      "chg_24h": 1.7134571560730754
    },
    "XAG": {
      "name": "Prata",
      "usd_oz": 74.246002,
      "usd_g": 2.3870643940358462,
      "brl_oz": 369.8490343628,
      "brl_g": 11.890922572450163,
      "chg_1h": -0.006729875782531649,
      "chg_24h": 3.530698477174544
    },
    "XPT": {
      "name": "Platina",
      "usd_oz": 2003,
      "usd_g": 64.39794537696184,
      "brl_oz": 9977.7442,
      "brl_g": 320.7919251007977,
      "chg_1h": 0.15,
      "chg_24h": 6.034939121228163
    },
    "XPD": {
      "name": "Paládio",
      "usd_oz": 1563,
      "usd_g": 50.25161688676553,
      "brl_oz": 7785.928199999999,
      "brl_g": 250.32340435973381,
      "chg_1h": 0.12812299807815503,
      "chg_24h": 5.465587044534413
    },
    "XCU": {
      "name": "Cobre",
      "usd_oz": 5.894395,
      "usd_g": 0.18950919982038794,
      "brl_oz": 29.362339253000002,
      "brl_g": 0.9440211279852805,
      "chg_1h": 0,
      "chg_24h": 0.4923179845326617
    }
  }
}
