{
  "timestamp": 1774353372,
  "usdToBrl": 5.2595,
  "metals": {
    "XAU": {
      "name": "Ouro",
      "usd_oz": 4401.799805,
      "usd_g": 141.52114997639106,
      "brl_oz": 23151.2660743975,
      "brl_g": 744.3304883008287,
      "chg_1h": -0.28543170713400534,
      "chg_24h": 0.9656537862002986
    },
    "XAG": {
      "name": "Prata",
      "usd_oz": 69.692001,
      "usd_g": 2.240649862011568,
      "brl_oz": 366.5450792595,
      "brl_g": 11.784697949249841,
      "chg_1h": -0.9001009982268345,
      "chg_24h": 3.4773616474346523
    },
    "XPT": {
      "name": "Platina",
      "usd_oz": 1902,
      "usd_g": 61.15071997353042,
      "brl_oz": 10003.569,
      "brl_g": 321.6222117007833,
      "chg_1h": -0.575013068478829,
      "chg_24h": 1.8746652383502946
    },
    "XPD": {
      "name": "Paládio",
      "usd_oz": 1426,
      "usd_g": 45.8469646068635,
      "brl_oz": 7500.0470000000005,
      "brl_g": 241.13211034979858,
      "chg_1h": -1.2465373961218837,
      "chg_24h": -1.5873015873015872
    },
    "XCU": {
      "name": "Cobre",
      "usd_oz": 5.440387,
      "usd_g": 0.17491250367225827,
      "brl_oz": 28.6137154265,
      "brl_g": 0.9199523130642424,
      "chg_1h": -0.1941672410291617,
      "chg_24h": -1.2107719810824746
    }
  }
}
