{
  "timestamp": 1772445720,
  "usdToBrl": 5.1556,
  "metals": {
    "XAU": {
      "name": "Ouro",
      "usd_oz": 5390.700195,
      "usd_g": 173.31503579689846,
      "brl_oz": 27792.293925342,
      "brl_g": 893.5429985544896,
      "chg_1h": -0.05932084499405235,
      "chg_24h": 2.0927236831784555
    },
    "XAG": {
      "name": "Prata",
      "usd_oz": 95.551003,
      "usd_g": 3.072036081831212,
      "brl_oz": 492.62275106679994,
      "brl_g": 15.838189223488994,
      "chg_1h": -0.08155998873898206,
      "chg_24h": 1.7430862092650015
    },
    "XPT": {
      "name": "Platina",
      "usd_oz": 2389,
      "usd_g": 76.80813355245225,
      "brl_oz": 12316.7284,
      "brl_g": 395.9920133430228,
      "chg_1h": -0.5412156536219818,
      "chg_24h": 0.7591733445803458
    },
    "XPD": {
      "name": "Paládio",
      "usd_oz": 1842,
      "usd_g": 59.22167517941274,
      "brl_oz": 9496.6152,
      "brl_g": 305.3232685549803,
      "chg_1h": -0.16260162601626016,
      "chg_24h": 1.7117614577581448
    },
    "XCU": {
      "name": "Cobre",
      "usd_oz": 6.119188,
      "usd_g": 0.19673646259378952,
      "brl_oz": 31.5480856528,
      "brl_g": 1.0142945065485411,
      "chg_1h": 0.06303826790790638,
      "chg_24h": 0.5165792231599927
    }
  }
}
