{
  "timestamp": 1771495302,
  "usdToBrl": 5.2229,
  "metals": {
    "XAU": {
      "name": "Ouro",
      "usd_oz": 4996.299805,
      "usd_g": 160.63476881144038,
      "brl_oz": 26095.1742515345,
      "brl_g": 838.979334025272,
      "chg_1h": -0.412601056408219,
      "chg_24h": 1.5508090447154401
    },
    "XAG": {
      "name": "Prata",
      "usd_oz": 78.721001,
      "usd_g": 2.5309389527797097,
      "brl_oz": 411.1519161229,
      "brl_g": 13.218841056473146,
      "chg_1h": -0.6624952511799941,
      "chg_24h": 3.7003344517203725
    },
    "XPT": {
      "name": "Platina",
      "usd_oz": 2086,
      "usd_g": 67.06645734215797,
      "brl_oz": 10894.9694,
      "brl_g": 350.2814000523569,
      "chg_1h": -1.0905642484589853,
      "chg_24h": 2.1047479197258934
    },
    "XPD": {
      "name": "Paládio",
      "usd_oz": 1726,
      "usd_g": 55.4921885774519,
      "brl_oz": 9014.7254,
      "brl_g": 289.83015172117354,
      "chg_1h": -1.3714285714285714,
      "chg_24h": -0.23121387283236997
    },
    "XCU": {
      "name": "Cobre",
      "usd_oz": 5.737944,
      "usd_g": 0.1844791833689795,
      "brl_oz": 29.968707717599997,
      "brl_g": 0.963516326817843,
      "chg_1h": -0.2890048352832361,
      "chg_24h": 0.05405552443972113
    }
  }
}
