{
  "timestamp": 1777052249,
  "usdToBrl": 5.0006,
  "metals": {
    "XAU": {
      "name": "Ouro",
      "usd_oz": 4723.899902,
      "usd_g": 151.87690856476857,
      "brl_oz": 23622.333849941202,
      "brl_g": 759.4756689689817,
      "chg_1h": -0.03174334513709905,
      "chg_24h": 0.9876585731035668
    },
    "XAG": {
      "name": "Prata",
      "usd_oz": 76.632004,
      "usd_g": 2.4637761396500855,
      "brl_oz": 383.2059992024,
      "brl_g": 12.320358963934218,
      "chg_1h": 0.2511800038937571,
      "chg_24h": 2.1133785175326705
    },
    "XPT": {
      "name": "Platina",
      "usd_oz": 2026,
      "usd_g": 65.13741254804029,
      "brl_oz": 10131.215600000001,
      "brl_g": 325.7261451877303,
      "chg_1h": 0,
      "chg_24h": 1.0473815461346634
    },
    "XPD": {
      "name": "Paládio",
      "usd_oz": 1525,
      "usd_g": 49.02988851715767,
      "brl_oz": 7625.915000000001,
      "brl_g": 245.1788605188987,
      "chg_1h": -0.0655307994757536,
      "chg_24h": 2.486559139784946
    },
    "XCU": {
      "name": "Cobre",
      "usd_oz": 5.970032,
      "usd_g": 0.19194098583859923,
      "brl_oz": 29.853742019200002,
      "brl_g": 0.9598200937844994,
      "chg_1h": -0.10877543887066449,
      "chg_24h": 0.32267767689549093
    }
  }
}
