{
  "timestamp": 1773092479,
  "usdToBrl": 5.2302,
  "metals": {
    "XAU": {
      "name": "Ouro",
      "usd_oz": 5138,
      "usd_g": 165.19053586961056,
      "brl_oz": 26872.7676,
      "brl_g": 863.9795407052371,
      "chg_1h": 0,
      "chg_24h": -0.6957866254348666
    },
    "XAG": {
      "name": "Prata",
      "usd_oz": 87.143997,
      "usd_g": 2.801744562524277,
      "brl_oz": 455.7805331094,
      "brl_g": 14.653684410914474,
      "chg_1h": 0.4981997992942162,
      "chg_24h": 3.015609967358766
    },
    "XPT": {
      "name": "Platina",
      "usd_oz": 2186,
      "usd_g": 70.28153199902077,
      "brl_oz": 11433.2172,
      "brl_g": 367.58646866127845,
      "chg_1h": -0.31919744642042863,
      "chg_24h": 1.4385150812064964
    },
    "XPD": {
      "name": "Paládio",
      "usd_oz": 1712,
      "usd_g": 55.0420781254911,
      "brl_oz": 8954.1024,
      "brl_g": 287.88107701194355,
      "chg_1h": -0.11668611435239205,
      "chg_24h": 3.6947304663840095
    },
    "XCU": {
      "name": "Cobre",
      "usd_oz": 5.844008,
      "usd_g": 0.18788922015303447,
      "brl_oz": 30.5653306416,
      "brl_g": 0.9826981992444008,
      "chg_1h": 0,
      "chg_24h": 0.8271820324965238
    }
  }
}
