{
  "timestamp": 1783004086,
  "usdToBrl": 5.201,
  "metals": {
    "XAU": {
      "name": "Ouro",
      "usd_oz": 4124.700195,
      "usd_g": 132.61219064101542,
      "brl_oz": 21452.565714195,
      "brl_g": 689.7160035239211,
      "chg_1h": 0,
      "chg_24h": 0.9520814903686052
    },
    "XAG": {
      "name": "Prata",
      "usd_oz": 61.351002,
      "usd_g": 1.9724805170333886,
      "brl_oz": 319.086561402,
      "brl_g": 10.258871169090654,
      "chg_1h": 0,
      "chg_24h": 1.53248326905227
    },
    "XPT": {
      "name": "Platina",
      "usd_oz": 1624,
      "usd_g": 52.212812427451844,
      "brl_oz": 8446.423999999999,
      "brl_g": 271.558837435177,
      "chg_1h": 0,
      "chg_24h": 1.5
    },
    "XPD": {
      "name": "Paládio",
      "usd_oz": 1291,
      "usd_g": 41.50661382009872,
      "brl_oz": 6714.490999999999,
      "brl_g": 215.87589847833343,
      "chg_1h": 0,
      "chg_24h": 3.778135048231511
    },
    "XCU": {
      "name": "Cobre",
      "usd_oz": 6.014559,
      "usd_g": 0.19337256213106055,
      "brl_oz": 31.281721359,
      "brl_g": 1.0057306956436458,
      "chg_1h": 0,
      "chg_24h": -0.21072593516788476
    }
  }
}
