{
  "timestamp": 1774860538,
  "usdToBrl": 5.2561,
  "metals": {
    "XAU": {
      "name": "Ouro",
      "usd_oz": 4536.799805,
      "usd_g": 145.86150076315585,
      "brl_oz": 23845.873455060497,
      "brl_g": 766.6626341612234,
      "chg_1h": 0.11695476111662036,
      "chg_24h": 0.9299177975528287
    },
    "XAG": {
      "name": "Prata",
      "usd_oz": 71.057999,
      "usd_g": 2.2845677175228203,
      "brl_oz": 373.48794854389996,
      "brl_g": 12.007916380071695,
      "chg_1h": 0.7371870272140532,
      "chg_24h": 1.6944757464224616
    },
    "XPT": {
      "name": "Platina",
      "usd_oz": 1942,
      "usd_g": 62.43674983627554,
      "brl_oz": 10207.3462,
      "brl_g": 328.1738008144479,
      "chg_1h": 0.9880395215808632,
      "chg_24h": 3.6839295248264814
    },
    "XPD": {
      "name": "Paládio",
      "usd_oz": 1452,
      "usd_g": 46.68288401764783,
      "brl_oz": 7631.8572,
      "brl_g": 245.36990668515875,
      "chg_1h": 0.6934812760055479,
      "chg_24h": 3.492516037063435
    },
    "XCU": {
      "name": "Cobre",
      "usd_oz": 5.490358,
      "usd_g": 0.17651910862903916,
      "brl_oz": 28.857870683799998,
      "brl_g": 0.9278020868650927,
      "chg_1h": 0.11303465125645741,
      "chg_24h": 0.06477359132929462
    }
  }
}
