{
  "timestamp": 1777925392,
  "usdToBrl": 4.9661,
  "metals": {
    "XAU": {
      "name": "Ouro",
      "usd_oz": 4516.200195,
      "usd_g": 145.1992079226333,
      "brl_oz": 22427.901788389503,
      "brl_g": 721.0737864645891,
      "chg_1h": 0.004433015943320393,
      "chg_24h": -2.149319866237666
    },
    "XAG": {
      "name": "Prata",
      "usd_oz": 72.870003,
      "usd_g": 2.3428249989081604,
      "brl_oz": 361.8797218983,
      "brl_g": 11.634703227077816,
      "chg_1h": 0.0370673904955187,
      "chg_24h": -3.447632234471059
    },
    "XPT": {
      "name": "Platina",
      "usd_oz": 1951,
      "usd_g": 62.726106555393194,
      "brl_oz": 9688.8611,
      "brl_g": 311.5041177647381,
      "chg_1h": -0.20460358056265981,
      "chg_24h": -2.2055137844611528
    },
    "XPD": {
      "name": "Paládio",
      "usd_oz": 1499,
      "usd_g": 48.193969106373345,
      "brl_oz": 7444.1839,
      "brl_g": 239.33606997916067,
      "chg_1h": -0.13324450366422386,
      "chg_24h": -3.2903225806451615
    },
    "XCU": {
      "name": "Cobre",
      "usd_oz": 5.875257,
      "usd_g": 0.18889389883255753,
      "brl_oz": 29.1771137877,
      "brl_g": 0.9380659909923639,
      "chg_1h": 0,
      "chg_24h": -0.03986320947325034
    }
  }
}
