{
  "timestamp": 1771975055,
  "usdToBrl": 5.1769,
  "metals": {
    "XAU": {
      "name": "Ouro",
      "usd_oz": 5137.399902,
      "usd_g": 165.17124227089624,
      "brl_oz": 26595.805552663798,
      "brl_g": 855.0750041122027,
      "chg_1h": -0.149660761760359,
      "chg_24h": -1.7592840808524572
    },
    "XAG": {
      "name": "Prata",
      "usd_oz": 87.051003,
      "usd_g": 2.798754735997874,
      "brl_oz": 450.65433743069997,
      "brl_g": 14.488873392787394,
      "chg_1h": -0.28408227887686116,
      "chg_24h": -1.4490926011355925
    },
    "XPT": {
      "name": "Platina",
      "usd_oz": 2171,
      "usd_g": 69.79927080049134,
      "brl_oz": 11239.0499,
      "brl_g": 361.34384500706363,
      "chg_1h": -0.1839080459770115,
      "chg_24h": 0.555812876331635
    },
    "XPD": {
      "name": "Paládio",
      "usd_oz": 1806,
      "usd_g": 58.06424830294213,
      "brl_oz": 9349.4814,
      "brl_g": 300.5928070395011,
      "chg_1h": 0.22197558268590456,
      "chg_24h": 2.6136363636363633
    },
    "XCU": {
      "name": "Cobre",
      "usd_oz": 5.862064,
      "usd_g": 0.18846973403307762,
      "brl_oz": 30.3473191216,
      "brl_g": 0.9756889661158396,
      "chg_1h": 0,
      "chg_24h": 1.2403797215419095
    }
  }
}
