{
  "timestamp": 1771211708,
  "usdToBrl": 5.2197,
  "metals": {
    "XAU": {
      "name": "Ouro",
      "usd_oz": 4995.899902,
      "usd_g": 160.62191163143538,
      "brl_oz": 26077.0987184694,
      "brl_g": 838.3981921426032,
      "chg_1h": 0,
      "chg_24h": -0.9379023471425019
    },
    "XAG": {
      "name": "Prata",
      "usd_oz": 75.775002,
      "usd_g": 2.4362228855392782,
      "brl_oz": 395.5227779394,
      "brl_g": 12.71635259564937,
      "chg_1h": 0,
      "chg_24h": -2.3140363542606583
    },
    "XPT": {
      "name": "Platina",
      "usd_oz": 2062,
      "usd_g": 66.2948394245109,
      "brl_oz": 10763.0214,
      "brl_g": 346.0391733441195,
      "chg_1h": 0,
      "chg_24h": -0.5306319343945972
    },
    "XPD": {
      "name": "Paládio",
      "usd_oz": 1707,
      "usd_g": 54.88132439264796,
      "brl_oz": 8910.0279,
      "brl_g": 286.46404893230454,
      "chg_1h": 0,
      "chg_24h": -0.6402793946449359
    },
    "XCU": {
      "name": "Cobre",
      "usd_oz": 5.831459,
      "usd_g": 0.18748576043434476,
      "brl_oz": 30.438466542299995,
      "brl_g": 0.9786194237391492,
      "chg_1h": 0,
      "chg_24h": -0.7817902041171932
    }
  }
}
