{
  "timestamp": 1778794842,
  "usdToBrl": 4.997,
  "metals": {
    "XAU": {
      "name": "Ouro",
      "usd_oz": 4653,
      "usd_g": 149.597423783826,
      "brl_oz": 23251.041,
      "brl_g": 747.5383266477785,
      "chg_1h": 0.043001505052676844,
      "chg_24h": -0.9093467050019011
    },
    "XAG": {
      "name": "Prata",
      "usd_oz": 83.613998,
      "usd_g": 2.688252459287767,
      "brl_oz": 417.819148006,
      "brl_g": 13.43319753906097,
      "chg_1h": 0.2217418377094023,
      "chg_24h": -4.910613939300992
    },
    "XPT": {
      "name": "Platina",
      "usd_oz": 2064,
      "usd_g": 66.35914091764815,
      "brl_oz": 10313.807999999999,
      "brl_g": 331.5966271654878,
      "chg_1h": 0.048473097430925836,
      "chg_24h": -4.089219330855019
    },
    "XPD": {
      "name": "Paládio",
      "usd_oz": 1466,
      "usd_g": 47.13299446960862,
      "brl_oz": 7325.602,
      "brl_g": 235.52357336463427,
      "chg_1h": 0.27359781121751026,
      "chg_24h": -3.805774278215223
    },
    "XCU": {
      "name": "Cobre",
      "usd_oz": 6.367299,
      "usd_g": 0.20471341647567837,
      "brl_oz": 31.817393103,
      "brl_g": 1.0229529421289647,
      "chg_1h": 0,
      "chg_24h": 0.48670716562673927
    }
  }
}
