{
  "timestamp": 1784223470,
  "usdToBrl": 5.0857,
  "metals": {
    "XAU": {
      "name": "Ouro",
      "usd_oz": 3984,
      "usd_g": 128.0885743294139,
      "brl_oz": 20261.4288,
      "brl_g": 651.4200624671003,
      "chg_1h": -0.42240251978191357,
      "chg_24h": -1.973326902389898
    },
    "XAG": {
      "name": "Prata",
      "usd_oz": 55.845001,
      "usd_g": 1.7954584742757762,
      "brl_oz": 284.01092158570003,
      "brl_g": 9.131163162624315,
      "chg_1h": -0.7288240915683152,
      "chg_24h": -3.3572709180583082
    },
    "XPT": {
      "name": "Platina",
      "usd_oz": 1627,
      "usd_g": 52.30926466715773,
      "brl_oz": 8274.4339,
      "brl_g": 266.0292273177641,
      "chg_1h": -1.1543134872417984,
      "chg_24h": -2.10589651022864
    },
    "XPD": {
      "name": "Paládio",
      "usd_oz": 1282,
      "usd_g": 41.21725710098107,
      "brl_oz": 6519.8674,
      "brl_g": 209.61860443845944,
      "chg_1h": -1.0802469135802468,
      "chg_24h": -3.0257186081694405
    },
    "XCU": {
      "name": "Cobre",
      "usd_oz": 6.116164,
      "usd_g": 0.196639238736166,
      "brl_oz": 31.104975254800003,
      "brl_g": 1.0000481764405196,
      "chg_1h": -0.22445632677603636,
      "chg_24h": -0.19122430882316646
    }
  }
}
