{
  "timestamp": 1775587170,
  "usdToBrl": 5.1489,
  "metals": {
    "XAU": {
      "name": "Ouro",
      "usd_oz": 4682.700195,
      "usd_g": 150.55230722630984,
      "brl_oz": 24110.755034035505,
      "brl_g": 775.1787746775467,
      "chg_1h": 0.09619083862228772,
      "chg_24h": 0.4720320784332277
    },
    "XAG": {
      "name": "Prata",
      "usd_oz": 72.206001,
      "usd_g": 2.321476838885099,
      "brl_oz": 371.7814785489,
      "brl_g": 11.953052095735487,
      "chg_1h": -0.07196711483986301,
      "chg_24h": -1.0849612169516827
    },
    "XPT": {
      "name": "Platina",
      "usd_oz": 1955,
      "usd_g": 62.8547095416677,
      "brl_oz": 10066.0995,
      "brl_g": 323.63261395909285,
      "chg_1h": -0.051124744376278126,
      "chg_24h": -1.7587939698492463
    },
    "XPD": {
      "name": "Paládio",
      "usd_oz": 1482,
      "usd_g": 47.647406414706666,
      "brl_oz": 7630.669800000001,
      "brl_g": 245.33173088868315,
      "chg_1h": -0.2691790040376851,
      "chg_24h": -1.7892644135188867
    },
    "XCU": {
      "name": "Cobre",
      "usd_oz": 5.519463,
      "usd_g": 0.1774548561079191,
      "brl_oz": 28.419163040700003,
      "brl_g": 0.9136973086140647,
      "chg_1h": 0.30085916407454405,
      "chg_24h": -0.07695908948218544
    }
  }
}
