{
  "timestamp": 1772640278,
  "usdToBrl": 5.2198,
  "metals": {
    "XAU": {
      "name": "Ouro",
      "usd_oz": 5161.100098,
      "usd_g": 165.93322126611903,
      "brl_oz": 26939.9102915404,
      "brl_g": 866.1382283648882,
      "chg_1h": -0.27052616828436854,
      "chg_24h": 0.8756385416706487
    },
    "XAG": {
      "name": "Prata",
      "usd_oz": 84.713997,
      "usd_g": 2.723618248362511,
      "brl_oz": 442.19012154060005,
      "brl_g": 14.216742532802636,
      "chg_1h": 0.05078362251028256,
      "chg_24h": 1.6596416500505085
    },
    "XPT": {
      "name": "Platina",
      "usd_oz": 2180,
      "usd_g": 70.088627519609,
      "brl_oz": 11379.164,
      "brl_g": 365.8486179268551,
      "chg_1h": 0.9726725335803612,
      "chg_24h": 4.6567450792126746
    },
    "XPD": {
      "name": "Paládio",
      "usd_oz": 1711,
      "usd_g": 55.00992737892248,
      "brl_oz": 8931.077800000001,
      "brl_g": 287.14081893249954,
      "chg_1h": 0.46975924838520255,
      "chg_24h": 1.6636957813428401
    },
    "XCU": {
      "name": "Cobre",
      "usd_oz": 5.870166,
      "usd_g": 0.18873021938177664,
      "brl_oz": 30.6410924868,
      "brl_g": 0.9851339991289978,
      "chg_1h": 0.06830704725188216,
      "chg_24h": -0.12603839611376835
    }
  }
}
