{
  "timestamp": 1774487012,
  "usdToBrl": 5.233,
  "metals": {
    "XAU": {
      "name": "Ouro",
      "usd_oz": 4543,
      "usd_g": 146.06084166127692,
      "brl_oz": 23773.519,
      "brl_g": 764.336384413462,
      "chg_1h": 0.9959495588879553,
      "chg_24h": -0.08138198784405112
    },
    "XAG": {
      "name": "Prata",
      "usd_oz": 72.135002,
      "usd_g": 2.3191941680294725,
      "brl_oz": 377.48246546599995,
      "brl_g": 12.136343081298229,
      "chg_1h": 2.047020594894706,
      "chg_24h": -1.3969900733214906
    },
    "XPT": {
      "name": "Platina",
      "usd_oz": 1953,
      "usd_g": 62.790408048530445,
      "brl_oz": 10220.048999999999,
      "brl_g": 328.5822053179598,
      "chg_1h": 1.3492475350285418,
      "chg_24h": -0.8125952260030471
    },
    "XPD": {
      "name": "Paládio",
      "usd_oz": 1454,
      "usd_g": 46.74718551078509,
      "brl_oz": 7608.781999999999,
      "brl_g": 244.62802177793836,
      "chg_1h": 1.536312849162011,
      "chg_24h": -1.0211027910142956
    },
    "XCU": {
      "name": "Cobre",
      "usd_oz": 5.471231,
      "usd_g": 0.17590416129942105,
      "brl_oz": 28.630951823,
      "brl_g": 0.9205064760798702,
      "chg_1h": -0.45253882614644125,
      "chg_24h": 0.3753229129152972
    }
  }
}
