{
  "timestamp": 1783705903,
  "usdToBrl": 5.1185,
  "metals": {
    "XAU": {
      "name": "Ouro",
      "usd_oz": 4105.600098,
      "usd_g": 131.9981082629322,
      "brl_oz": 21014.514101613,
      "brl_g": 675.6323171438185,
      "chg_1h": -0.15563964007782372,
      "chg_24h": -0.47513080756073367
    },
    "XAG": {
      "name": "Prata",
      "usd_oz": 59.784,
      "usd_g": 1.9221002328588552,
      "brl_oz": 306.004404,
      "brl_g": 9.83827004188805,
      "chg_1h": -0.4197464924336445,
      "chg_24h": -0.7734439834024914
    },
    "XPT": {
      "name": "Platina",
      "usd_oz": 1625,
      "usd_g": 52.24496317402047,
      "brl_oz": 8317.5625,
      "brl_g": 267.4158440062238,
      "chg_1h": -0.24554941682013504,
      "chg_24h": 0.24676125848241826
    },
    "XPD": {
      "name": "Paládio",
      "usd_oz": 1300,
      "usd_g": 41.79597053921638,
      "brl_oz": 6654.05,
      "brl_g": 213.93267520497903,
      "chg_1h": -0.23023791250959325,
      "chg_24h": 2.20125786163522
    },
    "XCU": {
      "name": "Cobre",
      "usd_oz": 6.050469,
      "usd_g": 0.19452709544033997,
      "brl_oz": 30.969325576499998,
      "brl_g": 0.9956869380113802,
      "chg_1h": -0.046206461107114086,
      "chg_24h": -0.10460960853123254
    }
  }
}
