{
  "timestamp": 1779221047,
  "usdToBrl": 5.0232,
  "metals": {
    "XAU": {
      "name": "Ouro",
      "usd_oz": 4483.200195,
      "usd_g": 144.13823328586855,
      "brl_oz": 22520.011219524004,
      "brl_g": 724.0351734415749,
      "chg_1h": -0.4618073934280562,
      "chg_24h": -1.72946452960532
    },
    "XAG": {
      "name": "Prata",
      "usd_oz": 73.936996,
      "usd_g": 2.3771296204416608,
      "brl_oz": 371.4003183072,
      "brl_g": 11.94079750940255,
      "chg_1h": -0.9259286306997162,
      "chg_24h": -4.602345804148068
    },
    "XPT": {
      "name": "Platina",
      "usd_oz": 1932,
      "usd_g": 62.11524237058926,
      "brl_oz": 9704.822400000001,
      "brl_g": 312.01728547594394,
      "chg_1h": -0.5661348430262481,
      "chg_24h": -2.4734982332155475
    },
    "XPD": {
      "name": "Paládio",
      "usd_oz": 1378,
      "usd_g": 44.30372877156936,
      "brl_oz": 6921.9696,
      "brl_g": 222.5464903653472,
      "chg_1h": -0.2172338884866039,
      "chg_24h": -3.8381018841591072
    },
    "XCU": {
      "name": "Cobre",
      "usd_oz": 6.091366,
      "usd_g": 0.19584196452275715,
      "brl_oz": 30.5981496912,
      "brl_g": 0.9837533561907137,
      "chg_1h": 0.04342454787720791,
      "chg_24h": -0.9356473306273764
    }
  }
}
