{
  "timestamp": 1780958820,
  "usdToBrl": 5.1432,
  "metals": {
    "XAU": {
      "name": "Ouro",
      "usd_oz": 4328.299805,
      "usd_g": 139.1580701035969,
      "brl_oz": 22261.311557076,
      "brl_g": 715.7177861568197,
      "chg_1h": -0.0692632728063949,
      "chg_24h": 0.10869892898220954
    },
    "XAG": {
      "name": "Prata",
      "usd_oz": 68.246002,
      "usd_g": 2.1941599146240787,
      "brl_oz": 351.00283748640004,
      "brl_g": 11.285003272894562,
      "chg_1h": -0.07612961182447403,
      "chg_24h": 0.7588731837573767
    },
    "XPT": {
      "name": "Platina",
      "usd_oz": 1764,
      "usd_g": 56.71391694705976,
      "brl_oz": 9072.604800000001,
      "brl_g": 291.69101764211774,
      "chg_1h": -0.11325028312570783,
      "chg_24h": -1.2318029115341544
    },
    "XPD": {
      "name": "Paládio",
      "usd_oz": 1242,
      "usd_g": 39.931227238235955,
      "brl_oz": 6387.8544,
      "brl_g": 205.37428793169516,
      "chg_1h": 0.48543689320388345,
      "chg_24h": -0.5604483586869495
    },
    "XCU": {
      "name": "Cobre",
      "usd_oz": 6.211798,
      "usd_g": 0.19971394323351016,
      "brl_oz": 31.9485194736,
      "brl_g": 1.0271687528385895,
      "chg_1h": 0,
      "chg_24h": -1.7461348848627236
    }
  }
}
