{
  "timestamp": 1770937188,
  "usdToBrl": 5.1761,
  "metals": {
    "XAU": {
      "name": "Ouro",
      "usd_oz": 4922.799805,
      "usd_g": 158.27168893864624,
      "brl_oz": 25480.904070660497,
      "brl_g": 819.2300891153268,
      "chg_1h": -0.028438933116948503,
      "chg_24h": -3.1916833468791284
    },
    "XAG": {
      "name": "Prata",
      "usd_oz": 75.443001,
      "usd_g": 2.425548805527747,
      "brl_oz": 390.50051747609996,
      "brl_g": 12.554883172292172,
      "chg_1h": 0.1367202090108898,
      "chg_24h": -10.621026820480054
    },
    "XPT": {
      "name": "Platina",
      "usd_oz": 2009,
      "usd_g": 64.59084985637361,
      "brl_oz": 10398.7849,
      "brl_g": 334.32869794157546,
      "chg_1h": -0.24826216484607747,
      "chg_24h": -6.1653432975245215
    },
    "XPD": {
      "name": "Paládio",
      "usd_oz": 1640,
      "usd_g": 52.72722437254989,
      "brl_oz": 8488.804,
      "brl_g": 272.9213860747555,
      "chg_1h": -0.24330900243309003,
      "chg_24h": -5.6929269695227145
    },
    "XCU": {
      "name": "Cobre",
      "usd_oz": 6.055821,
      "usd_g": 0.19469916623597527,
      "brl_oz": 31.3455350781,
      "brl_g": 1.0077823543540316,
      "chg_1h": 0,
      "chg_24h": 0.2576047624432089
    }
  }
}
