{
  "timestamp": 1772494602,
  "usdToBrl": 5.2067,
  "metals": {
    "XAU": {
      "name": "Ouro",
      "usd_oz": 5335,
      "usd_g": 171.52423294363027,
      "brl_oz": 27777.744499999997,
      "brl_g": 893.0752236675996,
      "chg_1h": 0.22920634716601648,
      "chg_24h": -0.8069296220212543
    },
    "XAG": {
      "name": "Prata",
      "usd_oz": 89.783997,
      "usd_g": 2.886622533465455,
      "brl_oz": 467.47833717989994,
      "brl_g": 15.029777544994584,
      "chg_1h": 0.3700199980988945,
      "chg_24h": -6.511038250537659
    },
    "XPT": {
      "name": "Platina",
      "usd_oz": 2315,
      "usd_g": 74.42897830637378,
      "brl_oz": 12053.510499999999,
      "brl_g": 387.52936134779634,
      "chg_1h": 0,
      "chg_24h": -3.7822111388196173
    },
    "XPD": {
      "name": "Paládio",
      "usd_oz": 1804,
      "usd_g": 57.999946809804875,
      "brl_oz": 9392.8868,
      "brl_g": 301.98832305461104,
      "chg_1h": 0.11098779134295228,
      "chg_24h": -0.6060606060606061
    },
    "XCU": {
      "name": "Cobre",
      "usd_oz": 6.067456,
      "usd_g": 0.19507324017230127,
      "brl_oz": 31.591423155199998,
      "brl_g": 1.015687839605121,
      "chg_1h": 0,
      "chg_24h": -0.3331942559964813
    }
  }
}
