{
  "timestamp": 1773899761,
  "usdToBrl": 5.2243,
  "metals": {
    "XAU": {
      "name": "Ouro",
      "usd_oz": 4836.100098,
      "usd_g": 155.48422863131495,
      "brl_oz": 25265.2377419814,
      "brl_g": 812.2962556385787,
      "chg_1h": -0.25368790216595916,
      "chg_24h": -3.407435843080284
    },
    "XAG": {
      "name": "Prata",
      "usd_oz": 74.957001,
      "usd_g": 2.4099235426953944,
      "brl_oz": 391.59786032430003,
      "brl_g": 12.59016356410355,
      "chg_1h": -1.0951772297949203,
      "chg_24h": -6.035954744674009
    },
    "XPT": {
      "name": "Platina",
      "usd_oz": 2001,
      "usd_g": 64.33364388382459,
      "brl_oz": 10453.8243,
      "brl_g": 336.0982557422648,
      "chg_1h": -1.6707616707616706,
      "chg_24h": -5.702167766258246
    },
    "XPD": {
      "name": "Paládio",
      "usd_oz": 1495,
      "usd_g": 48.06536612009883,
      "brl_oz": 7810.3285000000005,
      "brl_g": 251.10789222123233,
      "chg_1h": -1.1896893588896233,
      "chg_24h": -7.430340557275541
    },
    "XCU": {
      "name": "Cobre",
      "usd_oz": 5.592113,
      "usd_g": 0.17979060784612994,
      "brl_oz": 29.214875945900005,
      "brl_g": 0.9392800725705367,
      "chg_1h": -0.5966568657756609,
      "chg_24h": -2.2788557700356202
    }
  }
}
