{
  "timestamp": 1782144094,
  "usdToBrl": 5.1519,
  "metals": {
    "XAU": {
      "name": "Ouro",
      "usd_oz": 4184.200195,
      "usd_g": 134.5251600618488,
      "brl_oz": 21556.580984620505,
      "brl_g": 693.0601721226388,
      "chg_1h": 0,
      "chg_24h": 0.6615824743165052
    },
    "XAG": {
      "name": "Prata",
      "usd_oz": 65.584,
      "usd_g": 2.1085745629568975,
      "brl_oz": 337.88220960000007,
      "brl_g": 10.86316529089764,
      "chg_1h": 0,
      "chg_24h": 0.9590385147863907
    },
    "XPT": {
      "name": "Platina",
      "usd_oz": 1674,
      "usd_g": 53.82034975588324,
      "brl_oz": 8624.2806,
      "brl_g": 277.2770599073349,
      "chg_1h": 0,
      "chg_24h": 0
    },
    "XPD": {
      "name": "Paládio",
      "usd_oz": 1280,
      "usd_g": 41.152955607843815,
      "brl_oz": 6594.432000000001,
      "brl_g": 212.01591199605056,
      "chg_1h": 0,
      "chg_24h": 0
    },
    "XCU": {
      "name": "Cobre",
      "usd_oz": 6.160767,
      "usd_g": 0.1980732584853665,
      "brl_oz": 31.7396555073,
      "brl_g": 1.0204536203907597,
      "chg_1h": 0,
      "chg_24h": -0.2796677589755356
    }
  }
}
