{
  "timestamp": 1771963510,
  "usdToBrl": 5.1769,
  "metals": {
    "XAU": {
      "name": "Ouro",
      "usd_oz": 5154,
      "usd_g": 165.70494781470862,
      "brl_oz": 26681.742599999998,
      "brl_g": 857.837944341965,
      "chg_1h": -0.09691800736576855,
      "chg_24h": -1.2132675400278181
    },
    "XAG": {
      "name": "Prata",
      "usd_oz": 87.111,
      "usd_g": 2.8006836843397522,
      "brl_oz": 450.9649359,
      "brl_g": 14.498859365458463,
      "chg_1h": -0.442296961732872,
      "chg_24h": -0.8694167852062541
    },
    "XPT": {
      "name": "Platina",
      "usd_oz": 2173,
      "usd_g": 69.86357229362861,
      "brl_oz": 11249.403699999999,
      "brl_g": 361.6767274068859,
      "chg_1h": -0.45808520384791573,
      "chg_24h": 0.9289363678588017
    },
    "XPD": {
      "name": "Paládio",
      "usd_oz": 1804,
      "usd_g": 57.999946809804875,
      "brl_oz": 9339.1276,
      "brl_g": 300.25992463967884,
      "chg_1h": -0.44150110375275936,
      "chg_24h": 2.558271745309835
    },
    "XCU": {
      "name": "Cobre",
      "usd_oz": 5.862064,
      "usd_g": 0.18846973403307762,
      "brl_oz": 30.3473191216,
      "brl_g": 0.9756889661158396,
      "chg_1h": -0.38689294783606604,
      "chg_24h": 1.2403797215419095
    }
  }
}
