{
  "timestamp": 1772142899,
  "usdToBrl": 5.1258,
  "metals": {
    "XAU": {
      "name": "Ouro",
      "usd_oz": 5184.799805,
      "usd_g": 166.69518453962675,
      "brl_oz": 26576.246840468997,
      "brl_g": 854.4461769132188,
      "chg_1h": -0.23667608412494806,
      "chg_24h": 0.28432151643807035
    },
    "XAG": {
      "name": "Prata",
      "usd_oz": 88.414001,
      "usd_g": 2.8425761392694207,
      "brl_oz": 453.19248632579996,
      "brl_g": 14.570476774667195,
      "chg_1h": -0.46607149324295455,
      "chg_24h": -1.106225741865493
    },
    "XPT": {
      "name": "Platina",
      "usd_oz": 2287,
      "usd_g": 73.5287574024522,
      "brl_oz": 11722.7046,
      "brl_g": 376.8937046934895,
      "chg_1h": -0.13100436681222707,
      "chg_24h": -0.43535045711798
    },
    "XPD": {
      "name": "Paládio",
      "usd_oz": 1809,
      "usd_g": 58.160700542648016,
      "brl_oz": 9272.5722,
      "brl_g": 298.1201188415052,
      "chg_1h": -0.2206287920573635,
      "chg_24h": 0.2771618625277162
    },
    "XCU": {
      "name": "Cobre",
      "usd_oz": 5.958994,
      "usd_g": 0.19158610589797473,
      "brl_oz": 30.544611445199997,
      "brl_g": 0.9820320616118389,
      "chg_1h": 0,
      "chg_24h": 0.9106522401035839
    }
  }
}
