{
  "timestamp": 1776716628,
  "usdToBrl": 4.9831,
  "metals": {
    "XAU": {
      "name": "Ouro",
      "usd_oz": 4815.399902,
      "usd_g": 154.818701875798,
      "brl_oz": 23995.6192516562,
      "brl_g": 771.4770733172891,
      "chg_1h": -0.020762395572360013,
      "chg_24h": -0.33116695625581855
    },
    "XAG": {
      "name": "Prata",
      "usd_oz": 79.805,
      "usd_g": 2.565790329909356,
      "brl_oz": 397.67629550000004,
      "brl_g": 12.785589792971313,
      "chg_1h": -0.21007089892837852,
      "chg_24h": -1.4156663371998495
    },
    "XPT": {
      "name": "Platina",
      "usd_oz": 2099,
      "usd_g": 67.48441704755014,
      "brl_oz": 10459.5269,
      "brl_g": 336.2815985896471,
      "chg_1h": 0.09537434430138292,
      "chg_24h": -0.5213270142180095
    },
    "XPD": {
      "name": "Paládio",
      "usd_oz": 1580,
      "usd_g": 50.79817957843221,
      "brl_oz": 7873.298000000001,
      "brl_g": 253.13240865728557,
      "chg_1h": -0.06325110689437065,
      "chg_24h": -0.12642225031605564
    },
    "XCU": {
      "name": "Cobre",
      "usd_oz": 5.994299,
      "usd_g": 0.19272118800558014,
      "brl_oz": 29.8701913469,
      "brl_g": 0.9603489519506064,
      "chg_1h": 0,
      "chg_24h": -0.0617538870854171
    }
  }
}
