{
  "timestamp": 1777291263,
  "usdToBrl": 5.0006,
  "metals": {
    "XAU": {
      "name": "Ouro",
      "usd_oz": 4705.899902,
      "usd_g": 151.29819512653324,
      "brl_oz": 23532.323049941202,
      "brl_g": 756.5817545497422,
      "chg_1h": 0.02550017961345913,
      "chg_24h": -0.10401424817074222
    },
    "XAG": {
      "name": "Prata",
      "usd_oz": 75.780998,
      "usd_g": 2.4364156614157038,
      "brl_oz": 378.9504585988,
      "brl_g": 12.183540156475368,
      "chg_1h": 0.01055125134738817,
      "chg_24h": -0.03429894382180718
    },
    "XPT": {
      "name": "Platina",
      "usd_oz": 2021,
      "usd_g": 64.97665881519715,
      "brl_oz": 10106.2126,
      "brl_g": 324.92228007127494,
      "chg_1h": -0.24679170779861795,
      "chg_24h": -0.04945598417408506
    },
    "XPD": {
      "name": "Paládio",
      "usd_oz": 1504,
      "usd_g": 48.354722839216485,
      "brl_oz": 7520.902400000001,
      "brl_g": 241.80262702978598,
      "chg_1h": -0.4632693580410324,
      "chg_24h": -1.3123359580052494
    },
    "XCU": {
      "name": "Cobre",
      "usd_oz": 5.984849,
      "usd_g": 0.19241736345050658,
      "brl_oz": 29.9278359094,
      "brl_g": 0.9622022676706034,
      "chg_1h": -0.2959543958682117,
      "chg_24h": -0.022952703232074857
    }
  }
}
