{
  "timestamp": 1771868468,
  "usdToBrl": 5.1815,
  "metals": {
    "XAU": {
      "name": "Ouro",
      "usd_oz": 5197.799805,
      "usd_g": 167.11314424501893,
      "brl_oz": 26932.399689607497,
      "brl_g": 865.8967569055656,
      "chg_1h": -0.41575237091676115,
      "chg_24h": 1.7600169291649432
    },
    "XAG": {
      "name": "Prata",
      "usd_oz": 86.707001,
      "usd_g": 2.7876948148767733,
      "brl_oz": 449.27232568150004,
      "brl_g": 14.444440683284,
      "chg_1h": -0.9549570034720759,
      "chg_24h": 2.2898355742849343
    },
    "XPT": {
      "name": "Platina",
      "usd_oz": 2136,
      "usd_g": 68.67399467058937,
      "brl_oz": 11067.684,
      "brl_g": 355.83430338565876,
      "chg_1h": -0.8356545961002786,
      "chg_24h": -1.430549146285187
    },
    "XPD": {
      "name": "Paládio",
      "usd_oz": 1761,
      "usd_g": 56.617464707353875,
      "brl_oz": 9124.6215,
      "brl_g": 293.3633933811541,
      "chg_1h": -0.7328072153325818,
      "chg_24h": -1.233875490745934
    },
    "XCU": {
      "name": "Cobre",
      "usd_oz": 5.746789,
      "usd_g": 0.184763556722379,
      "brl_oz": 29.776987203499996,
      "brl_g": 0.9573523691570068,
      "chg_1h": -0.30295344478347286,
      "chg_24h": -0.3905140277388129
    }
  }
}
