{
  "timestamp": 1777780997,
  "usdToBrl": 4.9814,
  "metals": {
    "XAU": {
      "name": "Ouro",
      "usd_oz": 4615.399902,
      "usd_g": 148.38855256207242,
      "brl_oz": 22991.1530718228,
      "brl_g": 739.1827357327076,
      "chg_1h": 0,
      "chg_24h": 0
    },
    "XAG": {
      "name": "Prata",
      "usd_oz": 75.472,
      "usd_g": 2.426481145027491,
      "brl_oz": 375.9562208,
      "brl_g": 12.087273175839941,
      "chg_1h": 0,
      "chg_24h": 0
    },
    "XPT": {
      "name": "Platina",
      "usd_oz": 1995,
      "usd_g": 64.14073940441283,
      "brl_oz": 9937.893,
      "brl_g": 319.51067926914203,
      "chg_1h": 0,
      "chg_24h": 0
    },
    "XPD": {
      "name": "Paládio",
      "usd_oz": 1550,
      "usd_g": 49.83365718137337,
      "brl_oz": 7721.17,
      "brl_g": 248.2413798832933,
      "chg_1h": 0,
      "chg_24h": 0
    },
    "XCU": {
      "name": "Cobre",
      "usd_oz": 5.8776,
      "usd_g": 0.18896922803176783,
      "brl_oz": 29.27867664,
      "brl_g": 0.9413313125174482,
      "chg_1h": 0,
      "chg_24h": 0
    }
  }
}
