{
  "timestamp": 1777933782,
  "usdToBrl": 4.9661,
  "metals": {
    "XAU": {
      "name": "Ouro",
      "usd_oz": 4521,
      "usd_g": 145.3535252367671,
      "brl_oz": 22451.7381,
      "brl_g": 721.8401416783091,
      "chg_1h": -0.05526693931690063,
      "chg_24h": -2.191545535199218
    },
    "XAG": {
      "name": "Prata",
      "usd_oz": 72.966003,
      "usd_g": 2.345911470578749,
      "brl_oz": 362.3564674983,
      "brl_g": 11.650030954041124,
      "chg_1h": 0.1578633143776513,
      "chg_24h": -3.864344619445715
    },
    "XPT": {
      "name": "Platina",
      "usd_oz": 1956,
      "usd_g": 62.886860288236335,
      "brl_oz": 9713.6916,
      "brl_g": 312.30243687741046,
      "chg_1h": 0.20491803278688525,
      "chg_24h": -2.6865671641791042
    },
    "XPD": {
      "name": "Paládio",
      "usd_oz": 1504,
      "usd_g": 48.354722839216485,
      "brl_oz": 7469.0144,
      "brl_g": 240.134389091833,
      "chg_1h": 0.13315579227696406,
      "chg_24h": -3.1551835157759176
    },
    "XCU": {
      "name": "Cobre",
      "usd_oz": 5.875257,
      "usd_g": 0.18889389883255753,
      "brl_oz": 29.1771137877,
      "brl_g": 0.9380659909923639,
      "chg_1h": 0,
      "chg_24h": 0
    }
  }
}
