{
  "timestamp": 1774539693,
  "usdToBrl": 5.233,
  "metals": {
    "XAU": {
      "name": "Ouro",
      "usd_oz": 4443.700195,
      "usd_g": 142.86827879640776,
      "brl_oz": 23253.883120435,
      "brl_g": 747.6297029416017,
      "chg_1h": -0.09441999803348457,
      "chg_24h": -2.608104738733551
    },
    "XAG": {
      "name": "Prata",
      "usd_oz": 68.831001,
      "usd_g": 2.212968069215979,
      "brl_oz": 360.192628233,
      "brl_g": 11.58046190620722,
      "chg_1h": -0.4166755703927122,
      "chg_24h": -5.38434038895447
    },
    "XPT": {
      "name": "Platina",
      "usd_oz": 1867,
      "usd_g": 60.025443843628445,
      "brl_oz": 9770.010999999999,
      "brl_g": 314.1131476337076,
      "chg_1h": -0.5857294994675186,
      "chg_24h": -4.987277353689567
    },
    "XPD": {
      "name": "Paládio",
      "usd_oz": 1384,
      "usd_g": 44.49663325098113,
      "brl_oz": 7242.472,
      "brl_g": 232.8508818023842,
      "chg_1h": -0.8595988538681949,
      "chg_24h": -4.617505168849069
    },
    "XCU": {
      "name": "Cobre",
      "usd_oz": 5.458379,
      "usd_g": 0.17549095990452102,
      "brl_oz": 28.563697306999998,
      "brl_g": 0.9183441931803584,
      "chg_1h": -0.21146461043674522,
      "chg_24h": -0.3808188901938101
    }
  }
}
