{
  "timestamp": 1772708147,
  "usdToBrl": 5.2198,
  "metals": {
    "XAU": {
      "name": "Ouro",
      "usd_oz": 5166.899902,
      "usd_g": 166.11968929467076,
      "brl_oz": 26970.1841084596,
      "brl_g": 867.1115541803225,
      "chg_1h": 0.09686355983119178,
      "chg_24h": -0.3875091189512221
    },
    "XAG": {
      "name": "Prata",
      "usd_oz": 84.453003,
      "usd_g": 2.7152270964125784,
      "brl_oz": 440.8277850594,
      "brl_g": 14.172942397854378,
      "chg_1h": 0.19100626393963102,
      "chg_24h": -1.6856590530301252
    },
    "XPT": {
      "name": "Platina",
      "usd_oz": 2179,
      "usd_g": 70.05647677304037,
      "brl_oz": 11373.9442,
      "brl_g": 365.68079745991616,
      "chg_1h": -0.09170105456212746,
      "chg_24h": 0.13786764705882354
    },
    "XPD": {
      "name": "Paládio",
      "usd_oz": 1689,
      "usd_g": 54.30261095441266,
      "brl_oz": 8816.2422,
      "brl_g": 283.4487686598432,
      "chg_1h": 0,
      "chg_24h": -1.6307513104251603
    },
    "XCU": {
      "name": "Cobre",
      "usd_oz": 5.818532,
      "usd_g": 0.18707014773345212,
      "brl_oz": 30.371573333600004,
      "brl_g": 0.9764687571390734,
      "chg_1h": -0.23849358467688297,
      "chg_24h": -0.768420160417108
    }
  }
}
