{
  "timestamp": 1775431190,
  "usdToBrl": 5.1818,
  "metals": {
    "XAU": {
      "name": "Ouro",
      "usd_oz": 4629.200195,
      "usd_g": 148.83224228488825,
      "brl_oz": 23987.589570451,
      "brl_g": 771.218913071834,
      "chg_1h": -0.1811260743163703,
      "chg_24h": -1.0431766780675427
    },
    "XAG": {
      "name": "Prata",
      "usd_oz": 72.214996,
      "usd_g": 2.321766034850483,
      "brl_oz": 374.2036662728,
      "brl_g": 12.030927239388234,
      "chg_1h": -0.6507373623851429,
      "chg_24h": -1.2795518683332774
    },
    "XPT": {
      "name": "Platina",
      "usd_oz": 1976,
      "usd_g": 63.52987521960889,
      "brl_oz": 10239.2368,
      "brl_g": 329.19910741296934,
      "chg_1h": 0.5597964376590331,
      "chg_24h": -0.7035175879396985
    },
    "XPD": {
      "name": "Paládio",
      "usd_oz": 1520,
      "usd_g": 48.86913478431453,
      "brl_oz": 7876.336,
      "brl_g": 253.23008262536104,
      "chg_1h": 0.9296148738379815,
      "chg_24h": -0.6535947712418301
    },
    "XCU": {
      "name": "Cobre",
      "usd_oz": 5.523714,
      "usd_g": 0.17759152893158234,
      "brl_oz": 28.6227812052,
      "brl_g": 0.9202437846176733,
      "chg_1h": 0,
      "chg_24h": 0.2428346889380345
    }
  }
}
