{
  "timestamp": 1776797261,
  "usdToBrl": 4.9639,
  "metals": {
    "XAU": {
      "name": "Ouro",
      "usd_oz": 4705.200195,
      "usd_g": 151.27569902410397,
      "brl_oz": 23356.1432479605,
      "brl_g": 750.9174423857497,
      "chg_1h": -0.35788955442002024,
      "chg_24h": -2.282401212087939
    },
    "XAG": {
      "name": "Prata",
      "usd_oz": 76.724998,
      "usd_g": 2.4667659661764887,
      "brl_oz": 380.8552175722,
      "brl_g": 12.244779579503472,
      "chg_1h": -0.4282681201739114,
      "chg_24h": -4.082958235912466
    },
    "XPT": {
      "name": "Platina",
      "usd_oz": 2035,
      "usd_g": 65.42676926715794,
      "brl_oz": 10101.5365,
      "brl_g": 324.7719399652453,
      "chg_1h": -0.3428011753183154,
      "chg_24h": -2.584968884633796
    },
    "XPD": {
      "name": "Paládio",
      "usd_oz": 1562,
      "usd_g": 50.21946614019691,
      "brl_oz": 7753.6118,
      "brl_g": 249.28440797332343,
      "chg_1h": -0.3190810465858328,
      "chg_24h": -1.2017710309930425
    },
    "XCU": {
      "name": "Cobre",
      "usd_oz": 5.976943,
      "usd_g": 0.19216317964813504,
      "brl_oz": 29.6689473577,
      "brl_g": 0.9538788074553775,
      "chg_1h": 0.6177690284207119,
      "chg_24h": 0.18023227553933474
    }
  }
}
