{
  "timestamp": 1771350053,
  "usdToBrl": 5.2248,
  "metals": {
    "XAU": {
      "name": "Ouro",
      "usd_oz": 4865.200195,
      "usd_g": 156.41981847508444,
      "brl_oz": 25419.697978836004,
      "brl_g": 817.2622675686212,
      "chg_1h": -0.3624835109306683,
      "chg_24h": -2.5478669476986893
    },
    "XAG": {
      "name": "Prata",
      "usd_oz": 72.801003,
      "usd_g": 2.3406065973949253,
      "brl_oz": 380.3706804744,
      "brl_g": 12.229201350069006,
      "chg_1h": -1.4538030456852868,
      "chg_24h": -5.148978024285137
    },
    "XPT": {
      "name": "Platina",
      "usd_oz": 2021,
      "usd_g": 64.97665881519715,
      "brl_oz": 10559.3208,
      "brl_g": 339.4900469776421,
      "chg_1h": -0.34516765285996054,
      "chg_24h": -1.2218963831867058
    },
    "XPD": {
      "name": "Paládio",
      "usd_oz": 1687,
      "usd_g": 54.238309461275406,
      "brl_oz": 8814.2376,
      "brl_g": 283.38431927327173,
      "chg_1h": -1.6326530612244898,
      "chg_24h": -3.2128514056224895
    },
    "XCU": {
      "name": "Cobre",
      "usd_oz": 5.700522,
      "usd_g": 0.18327603813088833,
      "brl_oz": 29.784087345600003,
      "brl_g": 0.9575806440262654,
      "chg_1h": -0.2539791080967523,
      "chg_24h": -1.1833681528944988
    }
  }
}
