{
  "timestamp": 1776925301,
  "usdToBrl": 4.9717,
  "metals": {
    "XAU": {
      "name": "Ouro",
      "usd_oz": 4710.399902,
      "usd_g": 151.44287348609208,
      "brl_oz": 23418.6951927734,
      "brl_g": 752.9285341108041,
      "chg_1h": 0.06372944857999872,
      "chg_24h": -1.12302947376244
    },
    "XAG": {
      "name": "Prata",
      "usd_oz": 76.047997,
      "usd_g": 2.444999878598781,
      "brl_oz": 378.0878266849,
      "brl_g": 12.15580589642956,
      "chg_1h": -0.3172158825899197,
      "chg_24h": -3.1692143892987663
    },
    "XPT": {
      "name": "Platina",
      "usd_oz": 2043,
      "usd_g": 65.68397523970697,
      "brl_oz": 10157.1831,
      "brl_g": 326.5610196992511,
      "chg_1h": 0.14705882352941177,
      "chg_24h": -1.8731988472622478
    },
    "XPD": {
      "name": "Paládio",
      "usd_oz": 1544,
      "usd_g": 49.6407527019616,
      "brl_oz": 7676.304800000001,
      "brl_g": 246.7989302083425,
      "chg_1h": -0.3870967741935484,
      "chg_24h": -3.3187226048841576
    },
    "XCU": {
      "name": "Cobre",
      "usd_oz": 6.049032,
      "usd_g": 0.19448089481752087,
      "brl_oz": 30.073972394400002,
      "brl_g": 0.9669006647642686,
      "chg_1h": 0,
      "chg_24h": 0.9474558672206833
    }
  }
}
