{
  "timestamp": 1782951291,
  "usdToBrl": 5.1874,
  "metals": {
    "XAU": {
      "name": "Ouro",
      "usd_oz": 4044.800049,
      "usd_g": 130.04334129617303,
      "brl_oz": 20981.9957741826,
      "brl_g": 674.586828639768,
      "chg_1h": 0.009893853468890561,
      "chg_24h": 0.9282351055576817
    },
    "XAG": {
      "name": "Prata",
      "usd_oz": 59.473,
      "usd_g": 1.9121013506760118,
      "brl_oz": 308.5102402,
      "brl_g": 9.918834546496745,
      "chg_1h": -0.023534553768055036,
      "chg_24h": 1.5608224717232977
    },
    "XPT": {
      "name": "Platina",
      "usd_oz": 1587,
      "usd_g": 51.02323480441261,
      "brl_oz": 8232.4038,
      "brl_g": 264.67792822441,
      "chg_1h": 0,
      "chg_24h": 2.1893110109465552
    },
    "XPD": {
      "name": "Paládio",
      "usd_oz": 1242,
      "usd_g": 39.931227238235955,
      "brl_oz": 6442.750800000001,
      "brl_g": 207.1392481756252,
      "chg_1h": 0.08058017727639001,
      "chg_24h": 0.8935824532900082
    },
    "XCU": {
      "name": "Cobre",
      "usd_oz": 6.018868,
      "usd_g": 0.19351109969802477,
      "brl_oz": 31.222275863200004,
      "brl_g": 1.0038194785735337,
      "chg_1h": -0.23808134678062437,
      "chg_24h": -0.5314799402679893
    }
  }
}
