{
  "timestamp": 1770841350,
  "usdToBrl": 5.1893,
  "metals": {
    "XAU": {
      "name": "Ouro",
      "usd_oz": 5088.600098,
      "usd_g": 163.6022921398935,
      "brl_oz": 26406.2724885514,
      "brl_g": 848.9813746015494,
      "chg_1h": 0.0294863472529217,
      "chg_24h": 1.076596954057381
    },
    "XAG": {
      "name": "Prata",
      "usd_oz": 84.445999,
      "usd_g": 2.715001912583612,
      "brl_oz": 438.2156226107,
      "brl_g": 14.088959424970138,
      "chg_1h": -0.07573423084287656,
      "chg_24h": 3.899010790260467
    },
    "XPT": {
      "name": "Platina",
      "usd_oz": 2145,
      "usd_g": 68.96335138970701,
      "brl_oz": 11131.0485,
      "brl_g": 357.8715193666066,
      "chg_1h": -0.23255813953488372,
      "chg_24h": 1.7069701280227598
    },
    "XPD": {
      "name": "Paládio",
      "usd_oz": 1735,
      "usd_g": 55.78154529656955,
      "brl_oz": 9003.4355,
      "brl_g": 289.4671730074884,
      "chg_1h": -0.34462952326249285,
      "chg_24h": -0.28735632183908044
    },
    "XCU": {
      "name": "Cobre",
      "usd_oz": 6.040261,
      "usd_g": 0.19419890061936743,
      "brl_oz": 31.3447264073,
      "brl_g": 1.0077563549840833,
      "chg_1h": 0,
      "chg_24h": 2.5138570173388666
    }
  }
}
