{
  "timestamp": 1771331334,
  "usdToBrl": 5.2244,
  "metals": {
    "XAU": {
      "name": "Ouro",
      "usd_oz": 4941.399902,
      "usd_g": 158.86969594344515,
      "brl_oz": 25815.8496480088,
      "brl_g": 829.9988394869349,
      "chg_1h": 0.24343734001234618,
      "chg_24h": -1.2352152740512161
    },
    "XAG": {
      "name": "Prata",
      "usd_oz": 75.157997,
      "usd_g": 2.416385714152702,
      "brl_oz": 392.65543952679997,
      "brl_g": 12.624165525019375,
      "chg_1h": 0.7817633569599721,
      "chg_24h": -2.483394779990085
    },
    "XPT": {
      "name": "Platina",
      "usd_oz": 2020,
      "usd_g": 64.94450806862852,
      "brl_oz": 10553.288,
      "brl_g": 339.29608795374287,
      "chg_1h": 0.7984031936127743,
      "chg_24h": -1.0773751224289911
    },
    "XPD": {
      "name": "Paládio",
      "usd_oz": 1698,
      "usd_g": 54.59196767353031,
      "brl_oz": 8871.0312,
      "brl_g": 285.2102759135918,
      "chg_1h": 0.5328596802841918,
      "chg_24h": -0.8756567425569177
    },
    "XCU": {
      "name": "Cobre",
      "usd_oz": 5.755483,
      "usd_g": 0.18504307531304667,
      "brl_oz": 30.0689453852,
      "brl_g": 0.966739042665481,
      "chg_1h": -0.10233661073156099,
      "chg_24h": -0.07349320695673456
    }
  }
}
