{
  "timestamp": 1772656697,
  "usdToBrl": 5.2198,
  "metals": {
    "XAU": {
      "name": "Ouro",
      "usd_oz": 5139.299805,
      "usd_g": 165.2323255707542,
      "brl_oz": 26826.117122139,
      "brl_g": 862.4796930142228,
      "chg_1h": 0.187137837204525,
      "chg_24h": 0.6501969480191683
    },
    "XAG": {
      "name": "Prata",
      "usd_oz": 83.535004,
      "usd_g": 2.6857127432133248,
      "brl_oz": 436.0360138792,
      "brl_g": 14.018883377024913,
      "chg_1h": 0.09226676891370784,
      "chg_24h": 1.1331916988485469
    },
    "XPT": {
      "name": "Platina",
      "usd_oz": 2172,
      "usd_g": 69.83142154705997,
      "brl_oz": 11337.4056,
      "brl_g": 364.50605419134365,
      "chg_1h": 0.18450184501845018,
      "chg_24h": 3.0360531309297913
    },
    "XPD": {
      "name": "Paládio",
      "usd_oz": 1696,
      "usd_g": 54.527666180393055,
      "brl_oz": 8852.7808,
      "brl_g": 284.62351192841567,
      "chg_1h": -0.05892751915144372,
      "chg_24h": 0.9523809523809524
    },
    "XCU": {
      "name": "Cobre",
      "usd_oz": 5.889702,
      "usd_g": 0.18935831636674136,
      "brl_oz": 30.7430664996,
      "brl_g": 0.9884125397711165,
      "chg_1h": 0.4375821319151423,
      "chg_24h": 0.8617350260695421
    }
  }
}
