{
  "timestamp": 1782316495,
  "usdToBrl": 5.1996,
  "metals": {
    "XAU": {
      "name": "Ouro",
      "usd_oz": 4009.699951,
      "usd_g": 128.91484694084104,
      "brl_oz": 20848.8358652196,
      "brl_g": 670.3056381535971,
      "chg_1h": 0,
      "chg_24h": -3.175413836760922
    },
    "XAG": {
      "name": "Prata",
      "usd_oz": 59.048,
      "usd_g": 1.898437283384345,
      "brl_oz": 307.0259808,
      "brl_g": 9.871114498685241,
      "chg_1h": 0,
      "chg_24h": -5.18489972220884
    },
    "XPT": {
      "name": "Platina",
      "usd_oz": 1598,
      "usd_g": 51.376893016667516,
      "brl_oz": 8308.9608,
      "brl_g": 267.13929292946443,
      "chg_1h": 0,
      "chg_24h": -4.710793082886107
    },
    "XPD": {
      "name": "Paládio",
      "usd_oz": 1195,
      "usd_g": 38.42014214951044,
      "brl_oz": 6213.522,
      "brl_g": 199.76937112059449,
      "chg_1h": 0,
      "chg_24h": -5.533596837944664
    },
    "XCU": {
      "name": "Cobre",
      "usd_oz": 5.953854,
      "usd_g": 0.19142085106061196,
      "brl_oz": 30.9576592584,
      "brl_g": 0.995311857174758,
      "chg_1h": 0,
      "chg_24h": -1.7061191835101388
    }
  }
}
