{
  "timestamp": 1776075570,
  "usdToBrl": 5.0543,
  "metals": {
    "XAU": {
      "name": "Ouro",
      "usd_oz": 4714.200195,
      "usd_g": 151.56505574322162,
      "brl_oz": 23826.9820455885,
      "brl_g": 766.055261242965,
      "chg_1h": -0.4834160673460935,
      "chg_24h": -0.7369661956311782
    },
    "XAG": {
      "name": "Prata",
      "usd_oz": 74.422997,
      "usd_g": 2.3927549154247605,
      "brl_oz": 376.15615373709994,
      "brl_g": 12.093701169031366,
      "chg_1h": -0.5731310014347407,
      "chg_24h": -2.09303944010314
    },
    "XPT": {
      "name": "Platina",
      "usd_oz": 2043,
      "usd_g": 65.68397523970697,
      "brl_oz": 10325.934899999998,
      "brl_g": 331.9865160540509,
      "chg_1h": -0.7288629737609329,
      "chg_24h": -0.5355404089581305
    },
    "XPD": {
      "name": "Paládio",
      "usd_oz": 1552,
      "usd_g": 49.897958674510626,
      "brl_oz": 7844.2735999999995,
      "brl_g": 252.19925252857902,
      "chg_1h": -0.2570694087403599,
      "chg_24h": 0.3232062055591467
    },
    "XCU": {
      "name": "Cobre",
      "usd_oz": 5.758582,
      "usd_g": 0.18514271047666284,
      "brl_oz": 29.105601002599997,
      "brl_g": 0.9357668015621969,
      "chg_1h": -0.09049588483150824,
      "chg_24h": 0.027583839760818286
    }
  }
}
