{
  "timestamp": 1773668857,
  "usdToBrl": 5.2433,
  "metals": {
    "XAU": {
      "name": "Ouro",
      "usd_oz": 5030.700195,
      "usd_g": 161.74076703219237,
      "brl_oz": 26377.4703324435,
      "brl_g": 848.0553637798942,
      "chg_1h": 0.6502340589020764,
      "chg_24h": 0.21913659327616478
    },
    "XAG": {
      "name": "Prata",
      "usd_oz": 81.281998,
      "usd_g": 2.6132769182897264,
      "brl_oz": 426.18590011339995,
      "brl_g": 13.702194865668522,
      "chg_1h": 2.7741263949319643,
      "chg_24h": 0.7274279695148502
    },
    "XPT": {
      "name": "Platina",
      "usd_oz": 2122,
      "usd_g": 68.22388421862857,
      "brl_oz": 11126.282599999999,
      "brl_g": 357.71829212353515,
      "chg_1h": 2.611218568665377,
      "chg_24h": 4.172803141875306
    },
    "XPD": {
      "name": "Paládio",
      "usd_oz": 1622,
      "usd_g": 52.14851093431459,
      "brl_oz": 8504.632599999999,
      "brl_g": 273.4302873818917,
      "chg_1h": 3.7747920665387076,
      "chg_24h": 2.918781725888325
    },
    "XCU": {
      "name": "Cobre",
      "usd_oz": 5.834785,
      "usd_g": 0.18759269381743202,
      "brl_oz": 30.5935281905,
      "brl_g": 0.9836047714929412,
      "chg_1h": 0.4045583800456856,
      "chg_24h": -0.6403357543813494
    }
  }
}
