{
  "timestamp": 1774914558,
  "usdToBrl": 5.2402,
  "metals": {
    "XAU": {
      "name": "Ouro",
      "usd_oz": 4517.899902,
      "usd_g": 145.25385477163118,
      "brl_oz": 23674.699066460398,
      "brl_g": 761.1592497743017,
      "chg_1h": 0.35317418924922506,
      "chg_24h": 1.5532300851645193
    },
    "XAG": {
      "name": "Prata",
      "usd_oz": 70.054001,
      "usd_g": 2.252288432269411,
      "brl_oz": 367.0969760402,
      "brl_g": 11.802441842778167,
      "chg_1h": 0.2131492770638561,
      "chg_24h": 2.668795079542302
    },
    "XPT": {
      "name": "Platina",
      "usd_oz": 1897,
      "usd_g": 60.98996624068728,
      "brl_oz": 9940.659399999999,
      "brl_g": 319.59962109444945,
      "chg_1h": 0,
      "chg_24h": 3.097826086956522
    },
    "XPD": {
      "name": "Paládio",
      "usd_oz": 1430,
      "usd_g": 45.97556759313802,
      "brl_oz": 7493.486,
      "brl_g": 240.92116930156183,
      "chg_1h": -0.06988120195667365,
      "chg_24h": 3.2490974729241873
    },
    "XCU": {
      "name": "Cobre",
      "usd_oz": 5.508739,
      "usd_g": 0.17711007150171715,
      "brl_oz": 28.8668941078,
      "brl_g": 0.9280921966832981,
      "chg_1h": 0,
      "chg_24h": 1.1400041162939456
    }
  }
}
