{
  "timestamp": 1774313769,
  "usdToBrl": 5.2552,
  "metals": {
    "XAU": {
      "name": "Ouro",
      "usd_oz": 4383.100098,
      "usd_g": 140.91994043572646,
      "brl_oz": 23034.0676350096,
      "brl_g": 740.5624709778298,
      "chg_1h": -1.2815293243243269,
      "chg_24h": -1.821069030208939
    },
    "XAG": {
      "name": "Prata",
      "usd_oz": 68.528,
      "usd_g": 2.2032263608549383,
      "brl_oz": 360.12834560000005,
      "brl_g": 11.578395171564873,
      "chg_1h": -1.967011430124601,
      "chg_24h": 0.6432721776044847
    },
    "XPT": {
      "name": "Platina",
      "usd_oz": 1879,
      "usd_g": 60.411252802451976,
      "brl_oz": 9874.5208,
      "brl_g": 317.4732157274456,
      "chg_1h": -0.8443271767810026,
      "chg_24h": -1.98226395409494
    },
    "XPD": {
      "name": "Paládio",
      "usd_oz": 1446,
      "usd_g": 46.489979538236064,
      "brl_oz": 7599.019200000001,
      "brl_g": 244.31414046933818,
      "chg_1h": -1.0266940451745379,
      "chg_24h": 0.8368200836820083
    },
    "XCU": {
      "name": "Cobre",
      "usd_oz": 5.485744,
      "usd_g": 0.17637076508437155,
      "brl_oz": 28.828681868800004,
      "brl_g": 0.9268636446713894,
      "chg_1h": 0,
      "chg_24h": 1.5363503585866352
    }
  }
}
