{
  "timestamp": 1778103572,
  "usdToBrl": 4.9092,
  "metals": {
    "XAU": {
      "name": "Ouro",
      "usd_oz": 4692,
      "usd_g": 150.85130290000248,
      "brl_oz": 23033.9664,
      "brl_g": 740.5592161966922,
      "chg_1h": -0.11921189294900021,
      "chg_24h": 3.073304606404991
    },
    "XAG": {
      "name": "Prata",
      "usd_oz": 77.487,
      "usd_g": 2.491264899363276,
      "brl_oz": 380.3991804,
      "brl_g": 12.230117643954195,
      "chg_1h": -0.27798539523626986,
      "chg_24h": 6.270313292596665
    },
    "XPT": {
      "name": "Platina",
      "usd_oz": 2071,
      "usd_g": 66.58419614362855,
      "brl_oz": 10166.9532,
      "brl_g": 326.8751357083013,
      "chg_1h": -0.04826254826254826,
      "chg_24h": 5.555555555555555
    },
    "XPD": {
      "name": "Paládio",
      "usd_oz": 1559,
      "usd_g": 50.123013900491024,
      "brl_oz": 7653.442800000001,
      "brl_g": 246.06389984029056,
      "chg_1h": -0.4469987228607918,
      "chg_24h": 2.3637557452396587
    },
    "XCU": {
      "name": "Cobre",
      "usd_oz": 6.03554,
      "usd_g": 0.19404711694481694,
      "brl_oz": 29.629672968,
      "brl_g": 0.9526161065054953,
      "chg_1h": 0,
      "chg_24h": 2.0914440984753546
    }
  }
}
