{
  "timestamp": 1778155339,
  "usdToBrl": 4.9092,
  "metals": {
    "XAU": {
      "name": "Ouro",
      "usd_oz": 4746.299805,
      "usd_g": 152.5970821692834,
      "brl_oz": 23300.535002705998,
      "brl_g": 749.1295957854461,
      "chg_1h": 0.2915965134706741,
      "chg_24h": 0.7065521960534618
    },
    "XAG": {
      "name": "Prata",
      "usd_oz": 81.133003,
      "usd_g": 2.6084866178047337,
      "brl_oz": 398.29813832760004,
      "brl_g": 12.805582504126999,
      "chg_1h": 0.7888419490069076,
      "chg_24h": 4.394092632489451
    },
    "XPT": {
      "name": "Platina",
      "usd_oz": 2095,
      "usd_g": 67.35581406127562,
      "brl_oz": 10284.774000000001,
      "brl_g": 330.6631623896143,
      "chg_1h": 0.04775549188156638,
      "chg_24h": 2.0955165692007798
    },
    "XPD": {
      "name": "Paládio",
      "usd_oz": 1568,
      "usd_g": 50.41237061960867,
      "brl_oz": 7697.6256,
      "brl_g": 247.48440984578292,
      "chg_1h": -0.4444444444444444,
      "chg_24h": -0.19096117122851686
    },
    "XCU": {
      "name": "Cobre",
      "usd_oz": 6.019473,
      "usd_g": 0.19353055089969876,
      "brl_oz": 29.5507968516,
      "brl_g": 0.9500801804768012,
      "chg_1h": -0.027619372822680573,
      "chg_24h": 0.5975886217842846
    }
  }
}
