{
  "timestamp": 1780506660,
  "usdToBrl": 5.0184,
  "metals": {
    "XAU": {
      "name": "Ouro",
      "usd_oz": 4448.200195,
      "usd_g": 143.01295715596657,
      "brl_oz": 22322.847858588,
      "brl_g": 717.6962241915027,
      "chg_1h": 0,
      "chg_24h": -0.8779726833850233
    },
    "XAG": {
      "name": "Prata",
      "usd_oz": 73.740997,
      "usd_g": 2.370828106264956,
      "brl_oz": 370.06181934479997,
      "brl_g": 11.897763768480054,
      "chg_1h": 0,
      "chg_24h": -1.895807945081558
    },
    "XPT": {
      "name": "Platina",
      "usd_oz": 1880,
      "usd_g": 60.4434035490206,
      "brl_oz": 9434.591999999999,
      "brl_g": 303.329176370405,
      "chg_1h": 0,
      "chg_24h": -3.0927835051546393
    },
    "XPD": {
      "name": "Paládio",
      "usd_oz": 1344,
      "usd_g": 43.21060338823601,
      "brl_oz": 6744.7296,
      "brl_g": 216.8480920435236,
      "chg_1h": 0,
      "chg_24h": -3.2397408207343417
    },
    "XCU": {
      "name": "Cobre",
      "usd_oz": 6.268722,
      "usd_g": 0.20154409233118276,
      "brl_oz": 31.4589544848,
      "brl_g": 1.0114288729548075,
      "chg_1h": 0,
      "chg_24h": -1.0528263069411345
    }
  }
}
