{
  "timestamp": 1778581126,
  "usdToBrl": 4.9019,
  "metals": {
    "XAU": {
      "name": "Ouro",
      "usd_oz": 4700.899902,
      "usd_g": 151.13744139369012,
      "brl_oz": 23043.3412296138,
      "brl_g": 740.8606239677297,
      "chg_1h": 0,
      "chg_24h": 0.676763076257436
    },
    "XAG": {
      "name": "Prata",
      "usd_oz": 84.188004,
      "usd_g": 2.706707180722639,
      "brl_oz": 412.6811768076001,
      "brl_g": 13.268007929184304,
      "chg_1h": 0,
      "chg_24h": 4.463278611881782
    },
    "XPT": {
      "name": "Platina",
      "usd_oz": 2083,
      "usd_g": 66.97000510245209,
      "brl_oz": 10210.657700000002,
      "brl_g": 328.28026801170995,
      "chg_1h": 0,
      "chg_24h": 1.6593460224499756
    },
    "XPD": {
      "name": "Paládio",
      "usd_oz": 1509,
      "usd_g": 48.515476572059626,
      "brl_oz": 7396.967100000001,
      "brl_g": 237.8180146085791,
      "chg_1h": 0,
      "chg_24h": 0.199203187250996
    },
    "XCU": {
      "name": "Cobre",
      "usd_oz": 6.225177,
      "usd_g": 0.20014408807185186,
      "brl_oz": 30.515195136300004,
      "brl_g": 0.9810863053194107,
      "chg_1h": 0,
      "chg_24h": 1.2978118179373002
    }
  }
}
