{
  "timestamp": 1784564634,
  "usdToBrl": 5.1043,
  "metals": {
    "XAU": {
      "name": "Ouro",
      "usd_oz": 4012.899902,
      "usd_g": 129.01772775447407,
      "brl_oz": 20483.044969778603,
      "brl_g": 658.545187777162,
      "chg_1h": 0.08479615912208782,
      "chg_24h": -0.15923536242565883
    },
    "XAG": {
      "name": "Prata",
      "usd_oz": 57.16,
      "usd_g": 1.8377366738627754,
      "brl_oz": 291.761788,
      "brl_g": 9.380359304397764,
      "chg_1h": 0.3634593500510802,
      "chg_24h": 1.9258166217611692
    },
    "XPT": {
      "name": "Platina",
      "usd_oz": 1605,
      "usd_g": 51.60194824264791,
      "brl_oz": 8192.4015,
      "brl_g": 263.39182441494773,
      "chg_1h": 0.37523452157598497,
      "chg_24h": 0.3125
    },
    "XPD": {
      "name": "Paládio",
      "usd_oz": 1296,
      "usd_g": 41.66736755294186,
      "brl_oz": 6615.1728,
      "brl_g": 212.68274420048115,
      "chg_1h": 0.30959752321981426,
      "chg_24h": 2.047244094488189
    },
    "XCU": {
      "name": "Cobre",
      "usd_oz": 6.134837,
      "usd_g": 0.197239589626842,
      "brl_oz": 31.314048499100004,
      "brl_g": 1.0067700373322896,
      "chg_1h": 0.02835434881359654,
      "chg_24h": 0.36385522615923216
    }
  }
}
