{
  "timestamp": 1770870678,
  "usdToBrl": 5.1893,
  "metals": {
    "XAU": {
      "name": "Ouro",
      "usd_oz": 5057.299805,
      "usd_g": 162.59596435212669,
      "brl_oz": 26243.8458780865,
      "brl_g": 843.759237812491,
      "chg_1h": 0,
      "chg_24h": 0.15843780937860155
    },
    "XAG": {
      "name": "Prata",
      "usd_oz": 83.452003,
      "usd_g": 2.6830441990973823,
      "brl_oz": 433.05747916790006,
      "brl_g": 13.923121262376046,
      "chg_1h": 0,
      "chg_24h": 1.0302599491594528
    },
    "XPT": {
      "name": "Platina",
      "usd_oz": 2121,
      "usd_g": 68.19173347205995,
      "brl_oz": 11006.5053,
      "brl_g": 353.8673625065607,
      "chg_1h": 0,
      "chg_24h": -0.7022471910112359
    },
    "XPD": {
      "name": "Paládio",
      "usd_oz": 1738,
      "usd_g": 55.87799753627543,
      "brl_oz": 9019.0034,
      "brl_g": 289.9676926149941,
      "chg_1h": 0,
      "chg_24h": -1.1938601478112563
    },
    "XCU": {
      "name": "Cobre",
      "usd_oz": 5.975928,
      "usd_g": 0.19213054664036786,
      "brl_oz": 31.0108831704,
      "brl_g": 0.997023045680861,
      "chg_1h": 0,
      "chg_24h": 1.1879054613172524
    }
  }
}
