{
  "timestamp": 1775590989,
  "usdToBrl": 5.1489,
  "metals": {
    "XAU": {
      "name": "Ouro",
      "usd_oz": 4688.5,
      "usd_g": 150.7387752870123,
      "brl_oz": 24140.61765,
      "brl_g": 776.1388800752976,
      "chg_1h": 0.1238559967215593,
      "chg_24h": 0.7954423304310438
    },
    "XAG": {
      "name": "Prata",
      "usd_oz": 72.519997,
      "usd_g": 2.3315720447046617,
      "brl_oz": 373.3982125533,
      "brl_g": 12.005031300979834,
      "chg_1h": 0.4348613628388076,
      "chg_24h": -0.8544671893280684
    },
    "XPT": {
      "name": "Platina",
      "usd_oz": 1958,
      "usd_g": 62.951161781373585,
      "brl_oz": 10081.5462,
      "brl_g": 324.1292368961145,
      "chg_1h": 0.1534526854219949,
      "chg_24h": -1.558572146807441
    },
    "XPD": {
      "name": "Paládio",
      "usd_oz": 1484,
      "usd_g": 47.71170790784392,
      "brl_oz": 7640.9676,
      "brl_g": 245.6628128466976,
      "chg_1h": 0.1349527665317139,
      "chg_24h": -1.5915119363395225
    },
    "XCU": {
      "name": "Cobre",
      "usd_oz": 5.53201,
      "usd_g": 0.17785825152511567,
      "brl_oz": 28.483766289,
      "brl_g": 0.9157743512776682,
      "chg_1h": 0.2273228391964878,
      "chg_24h": 0.1501888041270717
    }
  }
}
