{
  "timestamp": 1784245117,
  "usdToBrl": 5.0857,
  "metals": {
    "XAU": {
      "name": "Ouro",
      "usd_oz": 3981.399902,
      "usd_g": 128.00497923756228,
      "brl_oz": 20248.205481601402,
      "brl_g": 650.9949229084705,
      "chg_1h": 0.10560070028523581,
      "chg_24h": -1.8997190587655512
    },
    "XAG": {
      "name": "Prata",
      "usd_oz": 55.627998,
      "usd_g": 1.7884816658181442,
      "brl_oz": 282.9073094286,
      "brl_g": 9.095681207851335,
      "chg_1h": -0.037736528517549946,
      "chg_24h": -3.9919986195613246
    },
    "XPT": {
      "name": "Platina",
      "usd_oz": 1622,
      "usd_g": 52.14851093431459,
      "brl_oz": 8249.0054,
      "brl_g": 265.2116820586437,
      "chg_1h": -0.12315270935960591,
      "chg_24h": -3.509815585960738
    },
    "XPD": {
      "name": "Paládio",
      "usd_oz": 1273,
      "usd_g": 40.927900381863424,
      "brl_oz": 6474.0961,
      "brl_g": 208.1470229720428,
      "chg_1h": -0.23510971786833856,
      "chg_24h": -4.929051530993279
    },
    "XCU": {
      "name": "Cobre",
      "usd_oz": 6.154719,
      "usd_g": 0.19787881077011943,
      "brl_oz": 31.3010544183,
      "brl_g": 1.0063522679335963,
      "chg_1h": 0,
      "chg_24h": 0.3688294813100032
    }
  }
}
