{
  "timestamp": 1782173987,
  "usdToBrl": 5.1519,
  "metals": {
    "XAU": {
      "name": "Ouro",
      "usd_oz": 4182.200195,
      "usd_g": 134.46085856871153,
      "brl_oz": 21546.277184620503,
      "brl_g": 692.728897260145,
      "chg_1h": -0.2385382265839048,
      "chg_24h": 0.8172116672748704
    },
    "XAG": {
      "name": "Prata",
      "usd_oz": 64.726997,
      "usd_g": 2.0810212766953438,
      "brl_oz": 333.4670158443,
      "brl_g": 10.721213515406742,
      "chg_1h": -0.6934810185262004,
      "chg_24h": -0.009276566534025124
    },
    "XPT": {
      "name": "Platina",
      "usd_oz": 1674,
      "usd_g": 53.82034975588324,
      "brl_oz": 8624.2806,
      "brl_g": 277.2770599073349,
      "chg_1h": -0.6528189910979229,
      "chg_24h": 0.2995805871779509
    },
    "XPD": {
      "name": "Paládio",
      "usd_oz": 1287,
      "usd_g": 41.37801083382421,
      "brl_oz": 6630.4953000000005,
      "brl_g": 213.17537401477898,
      "chg_1h": -0.23255813953488372,
      "chg_24h": 0.39001560062402496
    },
    "XCU": {
      "name": "Cobre",
      "usd_oz": 6.160238,
      "usd_g": 0.19805625074043168,
      "brl_oz": 31.7369301522,
      "brl_g": 1.02036599818963,
      "chg_1h": 0.02455053204185343,
      "chg_24h": 0.1118088692385487
    }
  }
}
