{
  "timestamp": 1771624170,
  "usdToBrl": 5.2144,
  "metals": {
    "XAU": {
      "name": "Ouro",
      "usd_oz": 5101.399902,
      "usd_g": 164.01381539442562,
      "brl_oz": 26600.7396489888,
      "brl_g": 855.233638992693,
      "chg_1h": 0.25941799642574326,
      "chg_24h": 2.046364385480649
    },
    "XAG": {
      "name": "Prata",
      "usd_oz": 84.666,
      "usd_g": 2.7220751089794564,
      "brl_oz": 441.48239040000004,
      "brl_g": 14.193988448262479,
      "chg_1h": 0.44965058254592144,
      "chg_24h": 8.017141281562541
    },
    "XPT": {
      "name": "Platina",
      "usd_oz": 2164,
      "usd_g": 69.57421557451096,
      "brl_oz": 11283.9616,
      "brl_g": 362.78778969173,
      "chg_1h": -0.23052097740894423,
      "chg_24h": 4.138594802694899
    },
    "XPD": {
      "name": "Paládio",
      "usd_oz": 1782,
      "usd_g": 57.29263038529506,
      "brl_oz": 9292.060800000001,
      "brl_g": 298.7466918810826,
      "chg_1h": -0.056085249579360626,
      "chg_24h": 4.516129032258064
    },
    "XCU": {
      "name": "Cobre",
      "usd_oz": 5.769319,
      "usd_g": 0.18548791304257023,
      "brl_oz": 30.083536993600003,
      "brl_g": 0.9672081737691782,
      "chg_1h": 0,
      "chg_24h": 0.9057579389149029
    }
  }
}
