{
  "timestamp": 1776845411,
  "usdToBrl": 4.9639,
  "metals": {
    "XAU": {
      "name": "Ouro",
      "usd_oz": 4761.700195,
      "usd_g": 153.09221620523144,
      "brl_oz": 23636.6035979605,
      "brl_g": 759.9344520211483,
      "chg_1h": -0.046174500834416606,
      "chg_24h": -0.5492858187134431
    },
    "XAG": {
      "name": "Prata",
      "usd_oz": 78.306999,
      "usd_g": 2.517628479398805,
      "brl_oz": 388.7081123361,
      "brl_g": 12.497256008887726,
      "chg_1h": -0.29286067867906024,
      "chg_24h": -0.8747082093887382
    },
    "XPT": {
      "name": "Platina",
      "usd_oz": 2086,
      "usd_g": 67.06645734215797,
      "brl_oz": 10354.695399999999,
      "brl_g": 332.91118760073795,
      "chg_1h": 0.19212295869356388,
      "chg_24h": -0.09578544061302681
    },
    "XPD": {
      "name": "Paládio",
      "usd_oz": 1598,
      "usd_g": 51.376893016667516,
      "brl_oz": 7932.312199999999,
      "brl_g": 255.02975924543588,
      "chg_1h": 0.06261740763932373,
      "chg_24h": 1.3959390862944163
    },
    "XCU": {
      "name": "Cobre",
      "usd_oz": 5.998154,
      "usd_g": 0.19284512913360222,
      "brl_oz": 29.7742366406,
      "brl_g": 0.957263936506288,
      "chg_1h": 0.09839362724369996,
      "chg_24h": 0.5028700724614151
    }
  }
}
