{
  "timestamp": 1773229357,
  "usdToBrl": 5.1779,
  "metals": {
    "XAU": {
      "name": "Ouro",
      "usd_oz": 5187.100098,
      "usd_g": 166.76914067690336,
      "brl_oz": 26858.285597434202,
      "brl_g": 863.5139335109379,
      "chg_1h": -0.01541671996585531,
      "chg_24h": 0.10421102720705631
    },
    "XAG": {
      "name": "Prata",
      "usd_oz": 86.667,
      "usd_g": 2.7864087528632813,
      "brl_oz": 448.7530593,
      "brl_g": 14.427745881450784,
      "chg_1h": -0.01384533723456034,
      "chg_24h": -2.0756101888188083
    },
    "XPT": {
      "name": "Platina",
      "usd_oz": 2179,
      "usd_g": 70.05647677304037,
      "brl_oz": 11282.6441,
      "brl_g": 362.74543108312577,
      "chg_1h": -0.36579789666209417,
      "chg_24h": -1.4473089099954772
    },
    "XPD": {
      "name": "Paládio",
      "usd_oz": 1662,
      "usd_g": 53.434540797059704,
      "brl_oz": 8605.6698,
      "brl_g": 276.67870879309544,
      "chg_1h": 0.24125452352231602,
      "chg_24h": -2.863822326125073
    },
    "XCU": {
      "name": "Cobre",
      "usd_oz": 5.800086,
      "usd_g": 0.18647709506224722,
      "brl_oz": 30.032265299400002,
      "brl_g": 0.9655597505228098,
      "chg_1h": -0.10416569786367025,
      "chg_24h": -0.7387494602749446
    }
  }
}
