{
  "timestamp": 1780943990,
  "usdToBrl": 5.1432,
  "metals": {
    "XAU": {
      "name": "Ouro",
      "usd_oz": 4339.100098,
      "usd_g": 139.50530758670683,
      "brl_oz": 22316.8596240336,
      "brl_g": 717.5036979799506,
      "chg_1h": 0,
      "chg_24h": 0.2101639260969951
    },
    "XAG": {
      "name": "Prata",
      "usd_oz": 68.514999,
      "usd_g": 2.2028083689987996,
      "brl_oz": 352.3863428568,
      "brl_g": 11.329484003434626,
      "chg_1h": 0,
      "chg_24h": 0.8092445116895229
    },
    "XPT": {
      "name": "Platina",
      "usd_oz": 1760,
      "usd_g": 56.58531396078525,
      "brl_oz": 9052.032000000001,
      "brl_g": 291.02958676311073,
      "chg_1h": 0,
      "chg_24h": -1.400560224089636
    },
    "XPD": {
      "name": "Paládio",
      "usd_oz": 1228,
      "usd_g": 39.48111678627516,
      "brl_oz": 6315.8496000000005,
      "brl_g": 203.05927985517042,
      "chg_1h": 0,
      "chg_24h": -1.5236567762630313
    },
    "XCU": {
      "name": "Cobre",
      "usd_oz": 6.211798,
      "usd_g": 0.19971394323351016,
      "brl_oz": 31.9485194736,
      "brl_g": 1.0271687528385895,
      "chg_1h": 0,
      "chg_24h": -1.495237380886951
    }
  }
}
