{
  "timestamp": 1784142259,
  "usdToBrl": 5.081,
  "metals": {
    "XAU": {
      "name": "Ouro",
      "usd_oz": 4061.600098,
      "usd_g": 130.58347541391257,
      "brl_oz": 20636.990097938,
      "brl_g": 663.4946385780898,
      "chg_1h": -0.06396961348716296,
      "chg_24h": 0.4227988132031126
    },
    "XAG": {
      "name": "Prata",
      "usd_oz": 58.061001,
      "usd_g": 1.8667045286718558,
      "brl_oz": 295.007946081,
      "brl_g": 9.4847257101817,
      "chg_1h": 0.47763433416976875,
      "chg_24h": -0.955283975206295
    },
    "XPT": {
      "name": "Platina",
      "usd_oz": 1686,
      "usd_g": 54.206158714706774,
      "brl_oz": 8566.566,
      "brl_g": 275.42149242942514,
      "chg_1h": 1.444043321299639,
      "chg_24h": 3.4355828220858897
    },
    "XPD": {
      "name": "Paládio",
      "usd_oz": 1338,
      "usd_g": 43.01769890882424,
      "brl_oz": 6798.378000000001,
      "brl_g": 218.57292815573595,
      "chg_1h": 1.2102874432677762,
      "chg_24h": 1.2102874432677762
    },
    "XCU": {
      "name": "Cobre",
      "usd_oz": 6.132102,
      "usd_g": 0.19715165733497678,
      "brl_oz": 31.157210262,
      "brl_g": 1.001727570919017,
      "chg_1h": 0.06886555583152731,
      "chg_24h": -0.6411230671763081
    }
  }
}
