{
  "timestamp": 1781636645,
  "usdToBrl": 5.0603,
  "metals": {
    "XAU": {
      "name": "Ouro",
      "usd_oz": 4339.700195,
      "usd_g": 139.52460115327045,
      "brl_oz": 21960.1848967585,
      "brl_g": 706.0363392158945,
      "chg_1h": 0,
      "chg_24h": 0.4304481862988877
    },
    "XAG": {
      "name": "Prata",
      "usd_oz": 70.422997,
      "usd_g": 2.2641519291502483,
      "brl_oz": 356.36149171909994,
      "brl_g": 11.457288007079,
      "chg_1h": 0,
      "chg_24h": 0.22486017540538508
    },
    "XPT": {
      "name": "Platina",
      "usd_oz": 1824,
      "usd_g": 58.64296174117744,
      "brl_oz": 9229.9872,
      "brl_g": 296.75097929888017,
      "chg_1h": 0,
      "chg_24h": 2.4143739472206627
    },
    "XPD": {
      "name": "Paládio",
      "usd_oz": 1387,
      "usd_g": 44.59308549068701,
      "brl_oz": 7018.6361,
      "brl_g": 225.65439050852348,
      "chg_1h": 0,
      "chg_24h": 1.760821716801174
    },
    "XCU": {
      "name": "Cobre",
      "usd_oz": 6.177526,
      "usd_g": 0.19861207284711016,
      "brl_oz": 31.2601348178,
      "brl_g": 1.0050366722282316,
      "chg_1h": 0,
      "chg_24h": -0.21265800538259574
    }
  }
}
