{
  "timestamp": 1771583294,
  "usdToBrl": 5.2343,
  "metals": {
    "XAU": {
      "name": "Ouro",
      "usd_oz": 5025.600098,
      "usd_g": 161.57679510606994,
      "brl_oz": 26305.4985929614,
      "brl_g": 845.7414186237019,
      "chg_1h": -0.16884845025979855,
      "chg_24h": 0.5864398483589445
    },
    "XAG": {
      "name": "Prata",
      "usd_oz": 80.769997,
      "usd_g": 2.5968157038958424,
      "brl_oz": 422.77439529710006,
      "brl_g": 13.592512438902007,
      "chg_1h": 0.17859995756456987,
      "chg_24h": 2.6028581623346003
    },
    "XPT": {
      "name": "Platina",
      "usd_oz": 2117,
      "usd_g": 68.06313048578544,
      "brl_oz": 11081.0131,
      "brl_g": 356.2628439017467,
      "chg_1h": -0.2826189354686764,
      "chg_24h": 1.486097794822627
    },
    "XPD": {
      "name": "Paládio",
      "usd_oz": 1738,
      "usd_g": 55.87799753627543,
      "brl_oz": 9097.2134,
      "brl_g": 292.4822025041265,
      "chg_1h": -0.2868617326448652,
      "chg_24h": 0.6952491309385863
    },
    "XCU": {
      "name": "Cobre",
      "usd_oz": 5.719422,
      "usd_g": 0.18388368724103538,
      "brl_oz": 29.9371705746,
      "brl_g": 0.9625023841257515,
      "chg_1h": -0.10298117938601667,
      "chg_24h": -0.3227985494455841
    }
  }
}
