{
  "timestamp": 1784892068,
  "usdToBrl": 5.0715,
  "metals": {
    "XAU": {
      "name": "Ouro",
      "usd_oz": 4062.399902,
      "usd_g": 130.60918970962115,
      "brl_oz": 20602.461102993002,
      "brl_g": 662.3845056123437,
      "chg_1h": 0.18496140919041607,
      "chg_24h": -0.48990790907578263
    },
    "XAG": {
      "name": "Prata",
      "usd_oz": 58.512001,
      "usd_g": 1.8812045153743069,
      "brl_oz": 296.7436130715,
      "brl_g": 9.540528699720799,
      "chg_1h": 0.16434024924678362,
      "chg_24h": -0.0529491152306766
    },
    "XPT": {
      "name": "Platina",
      "usd_oz": 1609,
      "usd_g": 51.73055122892242,
      "brl_oz": 8160.043500000001,
      "brl_g": 262.3514905574801,
      "chg_1h": 0.12445550715619166,
      "chg_24h": -1.045510455104551
    },
    "XPD": {
      "name": "Paládio",
      "usd_oz": 1276,
      "usd_g": 41.02435262156931,
      "brl_oz": 6471.234,
      "brl_g": 208.05500432028876,
      "chg_1h": 0.47244094488188976,
      "chg_24h": -1.0852713178294573
    },
    "XCU": {
      "name": "Cobre",
      "usd_oz": 6.224648,
      "usd_g": 0.20012708032691703,
      "brl_oz": 31.568302332000002,
      "brl_g": 1.0149444878779599,
      "chg_1h": 0.021853399681969206,
      "chg_24h": -0.4762381376156443
    }
  }
}
