{
  "timestamp": 1772742017,
  "usdToBrl": 5.2484,
  "metals": {
    "XAU": {
      "name": "Ouro",
      "usd_oz": 5095,
      "usd_g": 163.80805376715958,
      "brl_oz": 26740.598,
      "brl_g": 859.7301893915603,
      "chg_1h": 0.6777679704063095,
      "chg_24h": -0.8619813336614568
    },
    "XAG": {
      "name": "Prata",
      "usd_oz": 82.431,
      "usd_g": 2.650218190398573,
      "brl_oz": 432.6308604,
      "brl_g": 13.90940515048787,
      "chg_1h": 1.9000210856189965,
      "chg_24h": -1.3216064489564199
    },
    "XPT": {
      "name": "Platina",
      "usd_oz": 2134,
      "usd_g": 68.60969317745212,
      "brl_oz": 11200.0856,
      "brl_g": 360.0911136725397,
      "chg_1h": 0.9938476100331283,
      "chg_24h": -1.7495395948434622
    },
    "XPD": {
      "name": "Paládio",
      "usd_oz": 1655,
      "usd_g": 53.209485571079306,
      "brl_oz": 8686.102,
      "brl_g": 279.26466407125264,
      "chg_1h": 0.60790273556231,
      "chg_24h": -2.4174528301886795
    },
    "XCU": {
      "name": "Cobre",
      "usd_oz": 5.867952,
      "usd_g": 0.1886590376288737,
      "brl_oz": 30.7973592768,
      "brl_g": 0.9901580930913808,
      "chg_1h": 0.9277760224395865,
      "chg_24h": -0.3692886329393225
    }
  }
}
