{
  "timestamp": 1784733228,
  "usdToBrl": 5.0794,
  "metals": {
    "XAU": {
      "name": "Ouro",
      "usd_oz": 4158.200195,
      "usd_g": 133.68924065106447,
      "brl_oz": 21121.162070483002,
      "brl_g": 679.0611289630168,
      "chg_1h": 0,
      "chg_24h": 2.1746134866344176
    },
    "XAG": {
      "name": "Prata",
      "usd_oz": 60.481998,
      "usd_g": 1.9445413896622643,
      "brl_oz": 307.2122606412,
      "brl_g": 9.877103534650505,
      "chg_1h": 0,
      "chg_24h": 2.378248726238636
    },
    "XPT": {
      "name": "Platina",
      "usd_oz": 1654,
      "usd_g": 53.17733482451068,
      "brl_oz": 8401.327599999999,
      "brl_g": 270.10895450761956,
      "chg_1h": 0,
      "chg_24h": 1.7846153846153845
    },
    "XPD": {
      "name": "Paládio",
      "usd_oz": 1331,
      "usd_g": 42.792643682843845,
      "brl_oz": 6760.6813999999995,
      "brl_g": 217.360954322637,
      "chg_1h": 0,
      "chg_24h": 2.7799227799227797
    },
    "XCU": {
      "name": "Cobre",
      "usd_oz": 6.278399,
      "usd_g": 0.20185521510572735,
      "brl_oz": 31.8904998806,
      "brl_g": 1.0253033796080315,
      "chg_1h": 0,
      "chg_24h": 0.4232286975288811
    }
  }
}
