{
  "timestamp": 1775717173,
  "usdToBrl": 5.0818,
  "metals": {
    "XAU": {
      "name": "Ouro",
      "usd_oz": 4714.299805,
      "usd_g": 151.5682582790873,
      "brl_oz": 23957.128749049,
      "brl_g": 770.239574922666,
      "chg_1h": -0.16307062685303578,
      "chg_24h": -2.2882331655428527
    },
    "XAG": {
      "name": "Prata",
      "usd_oz": 73.971001,
      "usd_g": 2.378222906578727,
      "brl_oz": 375.90583288180005,
      "brl_g": 12.085653166651774,
      "chg_1h": -0.3341475812353313,
      "chg_24h": -4.4240534048990305
    },
    "XPT": {
      "name": "Platina",
      "usd_oz": 2013,
      "usd_g": 64.71945284264812,
      "brl_oz": 10229.663400000001,
      "brl_g": 328.89131545576925,
      "chg_1h": -0.6416584402764067,
      "chg_24h": -1.6129032258064515
    },
    "XPD": {
      "name": "Paládio",
      "usd_oz": 1581,
      "usd_g": 50.83033032500084,
      "brl_oz": 8034.3258000000005,
      "brl_g": 258.30957264558924,
      "chg_1h": 0,
      "chg_24h": 0.7006369426751593
    },
    "XCU": {
      "name": "Cobre",
      "usd_oz": 5.663857,
      "usd_g": 0.18209723100794958,
      "brl_oz": 28.782588502600003,
      "brl_g": 0.9253817085361983,
      "chg_1h": 0.084165415877533,
      "chg_24h": 0.7774866236038386
    }
  }
}
