{
  "timestamp": 1771481778,
  "usdToBrl": 5.2229,
  "metals": {
    "XAU": {
      "name": "Ouro",
      "usd_oz": 5000.200195,
      "usd_g": 160.76016926184923,
      "brl_oz": 26115.545598465502,
      "brl_g": 839.6342880377124,
      "chg_1h": 0.1462134860159317,
      "chg_24h": 1.4424559369133034
    },
    "XAG": {
      "name": "Prata",
      "usd_oz": 78.237,
      "usd_g": 2.515377959289747,
      "brl_oz": 408.62402729999997,
      "brl_g": 13.13756754357442,
      "chg_1h": -0.002553713686364425,
      "chg_24h": 3.573033345520561
    },
    "XPT": {
      "name": "Platina",
      "usd_oz": 2089,
      "usd_g": 67.16290958186386,
      "brl_oz": 10910.6381,
      "brl_g": 350.78516045511674,
      "chg_1h": 0.48100048100048104,
      "chg_24h": 1.8031189083820662
    },
    "XPD": {
      "name": "Paládio",
      "usd_oz": 1740,
      "usd_g": 55.94229902941269,
      "brl_oz": 9087.846,
      "brl_g": 292.18103360071956,
      "chg_1h": 0.4039238315060588,
      "chg_24h": 0.05750431282346176
    },
    "XCU": {
      "name": "Cobre",
      "usd_oz": 5.745503,
      "usd_g": 0.1847222108622918,
      "brl_oz": 30.008187618700003,
      "brl_g": 0.9647856351126638,
      "chg_1h": 0.018417793189776342,
      "chg_24h": 0.2506133160243922
    }
  }
}
