{
  "timestamp": 1773134736,
  "usdToBrl": 5.2302,
  "metals": {
    "XAU": {
      "name": "Ouro",
      "usd_oz": 5185,
      "usd_g": 166.7016209583361,
      "brl_oz": 27118.587,
      "brl_g": 871.8828179362895,
      "chg_1h": -0.025062280409368875,
      "chg_24h": 1.4696980261904138
    },
    "XAG": {
      "name": "Prata",
      "usd_oz": 89.332001,
      "usd_g": 2.8720905246194217,
      "brl_oz": 467.22423163020005,
      "brl_g": 15.0216078618645,
      "chg_1h": 0.10421788913408707,
      "chg_24h": 6.315976047224617
    },
    "XPT": {
      "name": "Platina",
      "usd_oz": 2241,
      "usd_g": 72.04982306029531,
      "brl_oz": 11720.8782,
      "brl_g": 376.83498456995653,
      "chg_1h": 0.5383580080753702,
      "chg_24h": 6.007568590350047
    },
    "XPD": {
      "name": "Paládio",
      "usd_oz": 1724,
      "usd_g": 55.42788708431464,
      "brl_oz": 9016.8648,
      "brl_g": 289.8989350283824,
      "chg_1h": 0.23255813953488372,
      "chg_24h": 6.749226006191951
    },
    "XCU": {
      "name": "Cobre",
      "usd_oz": 5.857692,
      "usd_g": 0.18832917096907958,
      "brl_oz": 30.6369006984,
      "brl_g": 0.98499923000248,
      "chg_1h": 0.10077249801129468,
      "chg_24h": 1.1236746456946385
    }
  }
}
