{
  "timestamp": 1778858615,
  "usdToBrl": 5.0324,
  "metals": {
    "XAU": {
      "name": "Ouro",
      "usd_oz": 4550.299805,
      "usd_g": 146.2955358418323,
      "brl_oz": 22898.928738682,
      "brl_g": 736.2176545704369,
      "chg_1h": 0,
      "chg_24h": -2.9372908489761165
    },
    "XAG": {
      "name": "Prata",
      "usd_oz": 76.693001,
      "usd_g": 2.4657372387385323,
      "brl_oz": 385.94985823239995,
      "brl_g": 12.40857608022779,
      "chg_1h": 0,
      "chg_24h": -9.625150540295316
    },
    "XPT": {
      "name": "Platina",
      "usd_oz": 1991,
      "usd_g": 64.01213641813831,
      "brl_oz": 10019.5084,
      "brl_g": 322.13467531063924,
      "chg_1h": 0,
      "chg_24h": -3.816425120772947
    },
    "XPD": {
      "name": "Paládio",
      "usd_oz": 1442,
      "usd_g": 46.36137655196155,
      "brl_oz": 7256.7208,
      "brl_g": 233.30899136009128,
      "chg_1h": 0,
      "chg_24h": -1.3004791238877482
    },
    "XCU": {
      "name": "Cobre",
      "usd_oz": 6.197659,
      "usd_g": 0.19925936382777631,
      "brl_oz": 31.1890991516,
      "brl_g": 1.0027528225269016,
      "chg_1h": 0,
      "chg_24h": -1.9284044291303508
    }
  }
}
