{
  "timestamp": 1783917537,
  "usdToBrl": 5.1185,
  "metals": {
    "XAU": {
      "name": "Ouro",
      "usd_oz": 4056.800049,
      "usd_g": 130.42915025499659,
      "brl_oz": 20764.7310508065,
      "brl_g": 667.6016055802,
      "chg_1h": 0,
      "chg_24h": -1.5674250142203299
    },
    "XAG": {
      "name": "Prata",
      "usd_oz": 58.258999,
      "usd_g": 1.873070312190951,
      "brl_oz": 298.1986863815,
      "brl_g": 9.587310392949384,
      "chg_1h": 0,
      "chg_24h": -2.9243193254907185
    },
    "XPT": {
      "name": "Platina",
      "usd_oz": 1604,
      "usd_g": 51.56979749607928,
      "brl_oz": 8210.074,
      "brl_g": 263.9600084836818,
      "chg_1h": 0,
      "chg_24h": -1.8960244648318043
    },
    "XPD": {
      "name": "Paládio",
      "usd_oz": 1271,
      "usd_g": 40.863598888726166,
      "brl_oz": 6505.6135,
      "brl_g": 209.1603309119449,
      "chg_1h": 0,
      "chg_24h": -2.230769230769231
    },
    "XCU": {
      "name": "Cobre",
      "usd_oz": 6.066647,
      "usd_g": 0.19504723021832723,
      "brl_oz": 31.052132669499997,
      "brl_g": 0.998349247872508,
      "chg_1h": 0,
      "chg_24h": 0.2598777508617656
    }
  }
}
