{
  "timestamp": 1774024955,
  "usdToBrl": 5.2552,
  "metals": {
    "XAU": {
      "name": "Ouro",
      "usd_oz": 4589.600098,
      "usd_g": 147.55906960214816,
      "brl_oz": 24119.266435009602,
      "brl_g": 775.452422573209,
      "chg_1h": 0.6579524378280246,
      "chg_24h": 0.006543329326035129
    },
    "XAG": {
      "name": "Prata",
      "usd_oz": 70.068001,
      "usd_g": 2.2527385427213718,
      "brl_oz": 368.2213588552,
      "brl_g": 11.838591589709354,
      "chg_1h": 0.8695209404664536,
      "chg_24h": -0.48855590715123287
    },
    "XPT": {
      "name": "Platina",
      "usd_oz": 1989,
      "usd_g": 63.947834925001054,
      "brl_oz": 10452.5928,
      "brl_g": 336.0586620978656,
      "chg_1h": 0.6578947368421052,
      "chg_24h": 1.4795918367346939
    },
    "XPD": {
      "name": "Paládio",
      "usd_oz": 1465,
      "usd_g": 47.10084372303999,
      "brl_oz": 7698.868,
      "brl_g": 247.5243539333198,
      "chg_1h": 0.411240575736806,
      "chg_24h": -0.9465855307640297
    },
    "XCU": {
      "name": "Cobre",
      "usd_oz": 5.407577,
      "usd_g": 0.17385763767734158,
      "brl_oz": 28.4178986504,
      "brl_g": 0.9136566575219656,
      "chg_1h": 0.2466505211453909,
      "chg_24h": -1.5511279631414199
    }
  }
}
