{
  "timestamp": 1784192397,
  "usdToBrl": 5.081,
  "metals": {
    "XAU": {
      "name": "Ouro",
      "usd_oz": 4036.800049,
      "usd_g": 129.78613532362402,
      "brl_oz": 20510.981048969003,
      "brl_g": 659.4433535793337,
      "chg_1h": 0,
      "chg_24h": 0.2682575509190249
    },
    "XAG": {
      "name": "Prata",
      "usd_oz": 57.18,
      "usd_g": 1.838379688794148,
      "brl_oz": 290.53158,
      "brl_g": 9.340807198763066,
      "chg_1h": 0,
      "chg_24h": -1.9765827233298454
    },
    "XPT": {
      "name": "Platina",
      "usd_oz": 1664,
      "usd_g": 53.49884229019696,
      "brl_oz": 8454.784000000001,
      "brl_g": 271.8276176764908,
      "chg_1h": 0,
      "chg_24h": 1.6493585827733657
    },
    "XPD": {
      "name": "Paládio",
      "usd_oz": 1318,
      "usd_g": 42.37468397745168,
      "brl_oz": 6696.758000000001,
      "brl_g": 215.30576928943202,
      "chg_1h": 0,
      "chg_24h": -1.347305389221557
    },
    "XCU": {
      "name": "Cobre",
      "usd_oz": 6.131888,
      "usd_g": 0.1971447770752111,
      "brl_oz": 31.156122928000002,
      "brl_g": 1.0016926123191476,
      "chg_1h": 0,
      "chg_24h": -0.15387526301272103
    }
  }
}
