{
  "timestamp": 1774872381,
  "usdToBrl": 5.2561,
  "metals": {
    "XAU": {
      "name": "Ouro",
      "usd_oz": 4558,
      "usd_g": 146.54310285980634,
      "brl_oz": 23957.3038,
      "brl_g": 770.2452029414281,
      "chg_1h": 0.3986893629973229,
      "chg_24h": 1.4015572858731924
    },
    "XAG": {
      "name": "Prata",
      "usd_oz": 71.233002,
      "usd_g": 2.2901941946245703,
      "brl_oz": 374.40778181219997,
      "brl_g": 12.037489706366204,
      "chg_1h": 0.14198672091398432,
      "chg_24h": 1.9449308477411962
    },
    "XPT": {
      "name": "Platina",
      "usd_oz": 1935,
      "usd_g": 62.21169461029514,
      "brl_oz": 10170.5535,
      "brl_g": 326.9908880411723,
      "chg_1h": 0.20714655618850336,
      "chg_24h": 3.310197544046983
    },
    "XPD": {
      "name": "Paládio",
      "usd_oz": 1465,
      "usd_g": 47.10084372303999,
      "brl_oz": 7700.1865,
      "brl_g": 247.5667446926705,
      "chg_1h": 1.1042097998619738,
      "chg_24h": 4.419101924447612
    },
    "XCU": {
      "name": "Cobre",
      "usd_oz": 5.51145,
      "usd_g": 0.1771972321756647,
      "brl_oz": 28.968732345,
      "brl_g": 0.9313663720385111,
      "chg_1h": 0.2695650228057769,
      "chg_24h": 0.4491868125779547
    }
  }
}
