{
  "timestamp": 1776793533,
  "usdToBrl": 4.9639,
  "metals": {
    "XAU": {
      "name": "Ouro",
      "usd_oz": 4722.100098,
      "usd_g": 151.81904352249134,
      "brl_oz": 23440.032676462197,
      "brl_g": 753.6145501412948,
      "chg_1h": -0.05503199976057867,
      "chg_24h": -1.9314240224959909
    },
    "XAG": {
      "name": "Prata",
      "usd_oz": 77.055,
      "usd_g": 2.4773757768456295,
      "brl_oz": 382.4933145,
      "brl_g": 12.29744561868402,
      "chg_1h": 0.3268045892557177,
      "chg_24h": -3.6704093086875598
    },
    "XPT": {
      "name": "Platina",
      "usd_oz": 2042,
      "usd_g": 65.65182449313834,
      "brl_oz": 10136.2838,
      "brl_g": 325.8890916014894,
      "chg_1h": 0.09803921568627451,
      "chg_24h": -2.2498803255146003
    },
    "XPD": {
      "name": "Paládio",
      "usd_oz": 1567,
      "usd_g": 50.38021987304005,
      "brl_oz": 7778.431299999999,
      "brl_g": 250.0823734277835,
      "chg_1h": 0.2559181062060141,
      "chg_24h": -0.8855154965211892
    },
    "XCU": {
      "name": "Cobre",
      "usd_oz": 5.940246,
      "usd_g": 0.1909833437013061,
      "brl_oz": 29.4867871194,
      "brl_g": 0.9480222197989133,
      "chg_1h": -0.2462840760703108,
      "chg_24h": -0.4348503819020173
    }
  }
}
