{
  "timestamp": 1782335423,
  "usdToBrl": 5.1996,
  "metals": {
    "XAU": {
      "name": "Ouro",
      "usd_oz": 4000.399902,
      "usd_g": 128.61584342236623,
      "brl_oz": 20800.4793304392,
      "brl_g": 668.7509394589355,
      "chg_1h": 0.45955158207075847,
      "chg_24h": -2.6927146836890223
    },
    "XAG": {
      "name": "Prata",
      "usd_oz": 57.551998,
      "usd_g": 1.8503397022161843,
      "brl_oz": 299.2473688008,
      "brl_g": 9.621026315643272,
      "chg_1h": 1.2989738673385673,
      "chg_24h": -6.728900990679722
    },
    "XPT": {
      "name": "Platina",
      "usd_oz": 1595,
      "usd_g": 51.28044077696163,
      "brl_oz": 8293.362000000001,
      "brl_g": 266.6377798638897,
      "chg_1h": 1.0773130544993663,
      "chg_24h": -4.261704681872749
    },
    "XPD": {
      "name": "Paládio",
      "usd_oz": 1193,
      "usd_g": 38.35584065637318,
      "brl_oz": 6203.1228,
      "brl_g": 199.435029076878,
      "chg_1h": 1.1016949152542372,
      "chg_24h": -5.015923566878981
    },
    "XCU": {
      "name": "Cobre",
      "usd_oz": 6.066279,
      "usd_g": 0.19503539874358997,
      "brl_oz": 31.5422242884,
      "brl_g": 1.0141060593071705,
      "chg_1h": 0,
      "chg_24h": -0.08925015704008732
    }
  }
}
