{
  "timestamp": 1774018962,
  "usdToBrl": 5.2552,
  "metals": {
    "XAU": {
      "name": "Ouro",
      "usd_oz": 4576.100098,
      "usd_g": 147.12503452347167,
      "brl_oz": 24048.3212350096,
      "brl_g": 773.1714814277484,
      "chg_1h": -0.7332003886968611,
      "chg_24h": -0.7848515606196541
    },
    "XAG": {
      "name": "Prata",
      "usd_oz": 69.928001,
      "usd_g": 2.248237438201764,
      "brl_oz": 367.4856308552,
      "brl_g": 11.81493738523791,
      "chg_1h": 0.030044202441639994,
      "chg_24h": -0.3391941966194483
    },
    "XPT": {
      "name": "Platina",
      "usd_oz": 1967,
      "usd_g": 63.24051850049124,
      "brl_oz": 10336.9784,
      "brl_g": 332.3415728237816,
      "chg_1h": -1.2054244098442994,
      "chg_24h": 0.9235505387378143
    },
    "XPD": {
      "name": "Paládio",
      "usd_oz": 1445,
      "usd_g": 46.45782879166743,
      "brl_oz": 7593.764,
      "brl_g": 244.1451818659707,
      "chg_1h": -1.0273972602739725,
      "chg_24h": -1.499659168370825
    },
    "XCU": {
      "name": "Cobre",
      "usd_oz": 5.406216,
      "usd_g": 0.17381388051126168,
      "brl_oz": 28.4107463232,
      "brl_g": 0.9134267048627824,
      "chg_1h": 0.6676647375594912,
      "chg_24h": -1.248338450033495
    }
  }
}
