{
  "timestamp": 1773137179,
  "usdToBrl": 5.2302,
  "metals": {
    "XAU": {
      "name": "Ouro",
      "usd_oz": 5179.5,
      "usd_g": 166.52479185220864,
      "brl_oz": 27089.8209,
      "brl_g": 870.9579663454216,
      "chg_1h": -0.10607521697203473,
      "chg_24h": 1.3779315466447555
    },
    "XAG": {
      "name": "Prata",
      "usd_oz": 88.996002,
      "usd_g": 2.861287905923109,
      "brl_oz": 465.4668896604,
      "brl_g": 14.965108005559044,
      "chg_1h": -0.37612389316119876,
      "chg_24h": 6.065053119883997
    },
    "XPT": {
      "name": "Platina",
      "usd_oz": 2230,
      "usd_g": 71.6961648480404,
      "brl_oz": 11663.346,
      "brl_g": 374.98528138822087,
      "chg_1h": -0.4908522980812137,
      "chg_24h": 5.089538171536287
    },
    "XPD": {
      "name": "Paládio",
      "usd_oz": 1722,
      "usd_g": 55.36358559117738,
      "brl_oz": 9006.4044,
      "brl_g": 289.56262535897594,
      "chg_1h": -0.11600928074245939,
      "chg_24h": 6.0344827586206895
    },
    "XCU": {
      "name": "Cobre",
      "usd_oz": 5.854895,
      "usd_g": 0.18823924533092712,
      "brl_oz": 30.622271829,
      "brl_g": 0.984528900929815,
      "chg_1h": -0.04774918175964459,
      "chg_24h": 0.9634029984685405
    }
  }
}
