{
  "timestamp": 1771339039,
  "usdToBrl": 5.2244,
  "metals": {
    "XAU": {
      "name": "Ouro",
      "usd_oz": 4897.899902,
      "usd_g": 157.47113846770984,
      "brl_oz": 25588.5882480088,
      "brl_g": 822.6922158107033,
      "chg_1h": -0.469418776671406,
      "chg_24h": -1.873221978518202
    },
    "XAG": {
      "name": "Prata",
      "usd_oz": 74.372002,
      "usd_g": 2.391115388103493,
      "brl_oz": 388.5490872488,
      "brl_g": 12.492143233607889,
      "chg_1h": -0.2641821668521876,
      "chg_24h": -3.3200750076667833
    },
    "XPT": {
      "name": "Platina",
      "usd_oz": 2042,
      "usd_g": 65.65182449313834,
      "brl_oz": 10668.2248,
      "brl_g": 342.9913918819519,
      "chg_1h": 1.089108910891089,
      "chg_24h": 0.5911330049261084
    },
    "XPD": {
      "name": "Paládio",
      "usd_oz": 1700,
      "usd_g": 54.65626916666757,
      "brl_oz": 8881.48,
      "brl_g": 285.5462126343381,
      "chg_1h": 1.1904761904761905,
      "chg_24h": -0.9324009324009324
    },
    "XCU": {
      "name": "Cobre",
      "usd_oz": 5.716549,
      "usd_g": 0.18379131814614372,
      "brl_oz": 29.8655385956,
      "brl_g": 0.9601993625227133,
      "chg_1h": -0.03436207378350768,
      "chg_24h": -1.0222848151323702
    }
  }
}
