{
  "timestamp": 1780639372,
  "usdToBrl": 5.0645,
  "metals": {
    "XAU": {
      "name": "Ouro",
      "usd_oz": 4440.700195,
      "usd_g": 142.77182655670188,
      "brl_oz": 22489.926137577502,
      "brl_g": 723.0679155964167,
      "chg_1h": 0,
      "chg_24h": -0.8506656171027341
    },
    "XAG": {
      "name": "Prata",
      "usd_oz": 72.361,
      "usd_g": 2.3264601724524896,
      "brl_oz": 366.4722845,
      "brl_g": 11.782357543385633,
      "chg_1h": 0,
      "chg_24h": -1.8700814176859561
    },
    "XPT": {
      "name": "Platina",
      "usd_oz": 1884,
      "usd_g": 60.57200653529512,
      "brl_oz": 9541.518,
      "brl_g": 306.7669270980021,
      "chg_1h": 0,
      "chg_24h": -0.1589825119236884
    },
    "XPD": {
      "name": "Paládio",
      "usd_oz": 1323,
      "usd_g": 42.53543771029482,
      "brl_oz": 6700.3335,
      "brl_g": 215.4207242837881,
      "chg_1h": 0,
      "chg_24h": -0.8988764044943821
    },
    "XCU": {
      "name": "Cobre",
      "usd_oz": 6.291704,
      "usd_g": 0.20228298078882295,
      "brl_oz": 31.864334908,
      "brl_g": 1.0244621562049938,
      "chg_1h": 0,
      "chg_24h": -0.027631933744370337
    }
  }
}
