{
  "timestamp": 1779429199,
  "usdToBrl": 5.012,
  "metals": {
    "XAU": {
      "name": "Ouro",
      "usd_oz": 4534.100098,
      "usd_g": 145.77470316758928,
      "brl_oz": 22724.909691176,
      "brl_g": 730.6228122759574,
      "chg_1h": 0,
      "chg_24h": 0.17011744800978432
    },
    "XAG": {
      "name": "Prata",
      "usd_oz": 77.061996,
      "usd_g": 2.477600703468623,
      "brl_oz": 386.2347239519999,
      "brl_g": 12.417734725784738,
      "chg_1h": 0,
      "chg_24h": 2.319583022782083
    },
    "XPT": {
      "name": "Platina",
      "usd_oz": 1969,
      "usd_g": 63.30481999362849,
      "brl_oz": 9868.627999999999,
      "brl_g": 317.28375780806596,
      "chg_1h": 0,
      "chg_24h": 1.757105943152455
    },
    "XPD": {
      "name": "Paládio",
      "usd_oz": 1400,
      "usd_g": 45.01104519607917,
      "brl_oz": 7016.799999999999,
      "brl_g": 225.5953585227488,
      "chg_1h": 0,
      "chg_24h": 1.4492753623188406
    },
    "XCU": {
      "name": "Cobre",
      "usd_oz": 6.104219,
      "usd_g": 0.19625519806840372,
      "brl_oz": 30.594345627999996,
      "brl_g": 0.9836310527188393,
      "chg_1h": 0,
      "chg_24h": -0.12616309414539217
    }
  }
}
