{
  "timestamp": 1784915406,
  "usdToBrl": 5.0827,
  "metals": {
    "XAU": {
      "name": "Ouro",
      "usd_oz": 4066.399902,
      "usd_g": 130.73779269589565,
      "brl_oz": 20668.2907818954,
      "brl_g": 664.5009789354289,
      "chg_1h": 0,
      "chg_24h": 0.5489330712867133
    },
    "XAG": {
      "name": "Prata",
      "usd_oz": 58.736,
      "usd_g": 1.888406250454933,
      "brl_oz": 298.5374672,
      "brl_g": 9.598202449187289,
      "chg_1h": 0,
      "chg_24h": 1.9987861769347148
    },
    "XPT": {
      "name": "Platina",
      "usd_oz": 1601,
      "usd_g": 51.4733452563734,
      "brl_oz": 8137.4027,
      "brl_g": 261.6235719345691,
      "chg_1h": 0,
      "chg_24h": 0.25046963055729493
    },
    "XPD": {
      "name": "Paládio",
      "usd_oz": 1272,
      "usd_g": 40.89574963529479,
      "brl_oz": 6465.1944,
      "brl_g": 207.86082667131282,
      "chg_1h": 0,
      "chg_24h": -0.3134796238244514
    },
    "XCU": {
      "name": "Cobre",
      "usd_oz": 6.202346,
      "usd_g": 0.1994100543769435,
      "brl_oz": 31.524664014200003,
      "brl_g": 1.0135414833816907,
      "chg_1h": 0,
      "chg_24h": -0.3317536535084178
    }
  }
}
