{
  "timestamp": 1770743918,
  "usdToBrl": 5.2067,
  "metals": {
    "XAU": {
      "name": "Ouro",
      "usd_oz": 5030,
      "usd_g": 161.71825524019874,
      "brl_oz": 26189.700999999997,
      "brl_g": 842.0184395591427,
      "chg_1h": 0.31510120030218797,
      "chg_24h": 0.09950248756218905
    },
    "XAG": {
      "name": "Prata",
      "usd_oz": 80.861,
      "usd_g": 2.5997415182858274,
      "brl_oz": 421.0189687,
      "brl_g": 13.536074163258817,
      "chg_1h": 0.2827589095249274,
      "chg_24h": -0.5571033072864404
    },
    "XPT": {
      "name": "Platina",
      "usd_oz": 2100,
      "usd_g": 67.51656779411876,
      "brl_oz": 10934.07,
      "brl_g": 351.5385135336381,
      "chg_1h": -0.09514747859181732,
      "chg_24h": 0.6229036895064686
    },
    "XPD": {
      "name": "Paládio",
      "usd_oz": 1740,
      "usd_g": 55.94229902941269,
      "brl_oz": 9059.658,
      "brl_g": 291.274768356443,
      "chg_1h": 0.17271157167530224,
      "chg_24h": 0.8111239860950173
    },
    "XCU": {
      "name": "Cobre",
      "usd_oz": 5.879162,
      "usd_g": 0.18901944749790803,
      "brl_oz": 30.6110327854,
      "brl_g": 0.9841675572873576,
      "chg_1h": 0.22166122670729382,
      "chg_24h": 0.22811966556541854
    }
  }
}
