{
  "timestamp": 1775073905,
  "usdToBrl": 5.1598,
  "metals": {
    "XAU": {
      "name": "Ouro",
      "usd_oz": 4765.700195,
      "usd_g": 153.22081919150597,
      "brl_oz": 24590.059866161002,
      "brl_g": 790.5887828643324,
      "chg_1h": 0.06509253215071134,
      "chg_24h": 1.9662885411070938
    },
    "XAG": {
      "name": "Prata",
      "usd_oz": 75.278999,
      "usd_g": 2.420276018788999,
      "brl_oz": 388.4245790402,
      "brl_g": 12.488140201747477,
      "chg_1h": -0.2702634958795096,
      "chg_24h": -0.055761342198875505
    },
    "XPT": {
      "name": "Platina",
      "usd_oz": 1970,
      "usd_g": 63.336970740197124,
      "brl_oz": 10164.805999999999,
      "brl_g": 326.8061016252691,
      "chg_1h": 0,
      "chg_24h": -0.15205271160669032
    },
    "XPD": {
      "name": "Paládio",
      "usd_oz": 1506,
      "usd_g": 48.41902433235374,
      "brl_oz": 7770.658799999999,
      "brl_g": 249.83248175007884,
      "chg_1h": -0.06635700066357,
      "chg_24h": -0.3309066843150232
    },
    "XCU": {
      "name": "Cobre",
      "usd_oz": 5.54339,
      "usd_g": 0.17822412702106666,
      "brl_oz": 28.602783721999998,
      "brl_g": 0.9196008506032997,
      "chg_1h": 0,
      "chg_24h": -0.20025157921136266
    }
  }
}
