{
  "timestamp": 1780026459,
  "usdToBrl": 5.0726,
  "metals": {
    "XAU": {
      "name": "Ouro",
      "usd_oz": 4500.5,
      "usd_g": 144.69443493211023,
      "brl_oz": 22829.2363,
      "brl_g": 733.9769906366224,
      "chg_1h": 0,
      "chg_24h": 2.9415151509111537
    },
    "XAG": {
      "name": "Prata",
      "usd_oz": 75.685997,
      "usd_g": 2.433361308340938,
      "brl_oz": 383.92478838220006,
      "brl_g": 12.343468572690242,
      "chg_1h": 0,
      "chg_24h": 4.791968287766517
    },
    "XPT": {
      "name": "Platina",
      "usd_oz": 1921,
      "usd_g": 61.76158415833435,
      "brl_oz": 9744.464600000001,
      "brl_g": 313.29181180156684,
      "chg_1h": 0,
      "chg_24h": 1.4255543822597676
    },
    "XPD": {
      "name": "Paládio",
      "usd_oz": 1395,
      "usd_g": 44.85029146323603,
      "brl_oz": 7076.277000000001,
      "brl_g": 227.50758847641112,
      "chg_1h": 0,
      "chg_24h": 0.7220216606498195
    },
    "XCU": {
      "name": "Cobre",
      "usd_oz": 6.166513,
      "usd_g": 0.19825799667514984,
      "brl_oz": 31.280253843800004,
      "brl_g": 1.0056835139343652,
      "chg_1h": 0,
      "chg_24h": 0.8830706081846542
    }
  }
}
