{
  "timestamp": 1776262482,
  "usdToBrl": 4.9815,
  "metals": {
    "XAU": {
      "name": "Ouro",
      "usd_oz": 4827.200195,
      "usd_g": 155.19809010547658,
      "brl_oz": 24046.6977713925,
      "brl_g": 773.1192858604315,
      "chg_1h": 0.2762893552164317,
      "chg_24h": 0.5247854019158756
    },
    "XAG": {
      "name": "Prata",
      "usd_oz": 80.428001,
      "usd_g": 2.5858202771723575,
      "brl_oz": 400.65208698149996,
      "brl_g": 12.881263710734098,
      "chg_1h": 2.099676235822066,
      "chg_24h": 1.8398265739747095
    },
    "XPT": {
      "name": "Platina",
      "usd_oz": 2138,
      "usd_g": 68.73829616372663,
      "brl_oz": 10650.446999999998,
      "brl_g": 342.4198223396042,
      "chg_1h": 1.519468186134853,
      "chg_24h": 1.9065776930409915
    },
    "XPD": {
      "name": "Paládio",
      "usd_oz": 1610,
      "usd_g": 51.76270197549105,
      "brl_oz": 8020.214999999999,
      "brl_g": 257.85589989090863,
      "chg_1h": -0.12406947890818859,
      "chg_24h": 1.0037641154328731
    },
    "XCU": {
      "name": "Cobre",
      "usd_oz": 5.927545,
      "usd_g": 0.19057499706913797,
      "brl_oz": 29.5280654175,
      "brl_g": 0.9493493478999108,
      "chg_1h": -0.016580844351240884,
      "chg_24h": -0.0726417069604228
    }
  }
}
