{
  "timestamp": 1781791953,
  "usdToBrl": 5.1469,
  "metals": {
    "XAU": {
      "name": "Ouro",
      "usd_oz": 4242.899902,
      "usd_g": 136.4123994652585,
      "brl_oz": 21837.781505603798,
      "brl_g": 702.1009788077389,
      "chg_1h": 0,
      "chg_24h": -2.6277138333675945
    },
    "XAG": {
      "name": "Prata",
      "usd_oz": 66.827003,
      "usd_g": 2.148538037393942,
      "brl_oz": 343.9519017407,
      "brl_g": 11.05831042466288,
      "chg_1h": 0,
      "chg_24h": -5.695491380487576
    },
    "XPT": {
      "name": "Platina",
      "usd_oz": 1728,
      "usd_g": 55.55649007058915,
      "brl_oz": 8893.8432,
      "brl_g": 285.94369874431527,
      "chg_1h": 0,
      "chg_24h": -4.053303720155469
    },
    "XPD": {
      "name": "Paládio",
      "usd_oz": 1310,
      "usd_g": 42.11747800490266,
      "brl_oz": 6742.438999999999,
      "brl_g": 216.77444754343347,
      "chg_1h": 0,
      "chg_24h": -5.415162454873646
    },
    "XCU": {
      "name": "Cobre",
      "usd_oz": 6.18889,
      "usd_g": 0.19897743393111603,
      "brl_oz": 31.853597940999997,
      "brl_g": 1.024116954700061,
      "chg_1h": 0,
      "chg_24h": -0.6227367144576708
    }
  }
}
