{
  "timestamp": 1777981628,
  "usdToBrl": 4.9661,
  "metals": {
    "XAU": {
      "name": "Ouro",
      "usd_oz": 4562.200195,
      "usd_g": 146.67814226479018,
      "brl_oz": 22656.3423883895,
      "brl_g": 728.4183223011745,
      "chg_1h": 0.1690678449884806,
      "chg_24h": -0.07665855948739095
    },
    "XAG": {
      "name": "Prata",
      "usd_oz": 73.823997,
      "usd_g": 2.3734966182301527,
      "brl_oz": 366.6173515017,
      "brl_g": 11.78702155579276,
      "chg_1h": 0.06234514353872406,
      "chg_24h": 0.3684363606047983
    },
    "XPT": {
      "name": "Platina",
      "usd_oz": 1989,
      "usd_g": 63.947834925001054,
      "brl_oz": 9877.5729,
      "brl_g": 317.5713430210477,
      "chg_1h": 0.05030181086519115,
      "chg_24h": 1.9477191184008202
    },
    "XPD": {
      "name": "Paládio",
      "usd_oz": 1532,
      "usd_g": 49.254943743138064,
      "brl_oz": 7608.0652,
      "brl_g": 244.60497612279795,
      "chg_1h": 0.3274394237066143,
      "chg_24h": 2.338009352037408
    },
    "XCU": {
      "name": "Cobre",
      "usd_oz": 5.903807,
      "usd_g": 0.18981180264709185,
      "brl_oz": 29.3188959427,
      "brl_g": 0.9426243931257229,
      "chg_1h": 0.2837899814849308,
      "chg_24h": 0.48593618968496505
    }
  }
}
