{
  "timestamp": 1775042038,
  "usdToBrl": 5.224,
  "metals": {
    "XAU": {
      "name": "Ouro",
      "usd_oz": 4739.899902,
      "usd_g": 152.3913205098666,
      "brl_oz": 24761.237088048,
      "brl_g": 796.0922583435431,
      "chg_1h": 0.4748256915739292,
      "chg_24h": 3.670081590589013
    },
    "XAG": {
      "name": "Prata",
      "usd_oz": 75.134003,
      "usd_g": 2.4156142891395347,
      "brl_oz": 392.50003167200003,
      "brl_g": 12.619169046464929,
      "chg_1h": 0.902480484071906,
      "chg_24h": 2.9077823093018256
    },
    "XPT": {
      "name": "Platina",
      "usd_oz": 1983,
      "usd_g": 63.75493044558929,
      "brl_oz": 10359.192000000001,
      "brl_g": 333.05575664775847,
      "chg_1h": 0.7110208227526663,
      "chg_24h": 2.586652871184687
    },
    "XPD": {
      "name": "Paládio",
      "usd_oz": 1511,
      "usd_g": 48.57977806519688,
      "brl_oz": 7893.464,
      "brl_g": 253.7807606125885,
      "chg_1h": 0.8005336891260841,
      "chg_24h": 1.2056262558606832
    },
    "XCU": {
      "name": "Cobre",
      "usd_oz": 5.547661,
      "usd_g": 0.17836144285966127,
      "brl_oz": 28.980981063999998,
      "brl_g": 0.9317601774988705,
      "chg_1h": 0.2595739466769991,
      "chg_24h": 0.27738839888907413
    }
  }
}
