{
  "timestamp": 1771522359,
  "usdToBrl": 5.2343,
  "metals": {
    "XAU": {
      "name": "Ouro",
      "usd_oz": 4992.899902,
      "usd_g": 160.5254593917295,
      "brl_oz": 26134.335957038602,
      "brl_g": 840.2384120941298,
      "chg_1h": -0.1260260192480697,
      "chg_24h": -0.05204880392352895
    },
    "XAG": {
      "name": "Prata",
      "usd_oz": 78.046997,
      "usd_g": 2.5092692209894687,
      "brl_oz": 408.52139639710003,
      "brl_g": 13.134267883425176,
      "chg_1h": -0.18289422732077978,
      "chg_24h": -0.04738870959479351
    },
    "XPT": {
      "name": "Platina",
      "usd_oz": 2076,
      "usd_g": 66.7449498764717,
      "brl_oz": 10866.4068,
      "brl_g": 349.3630911384158,
      "chg_1h": -0.2402691013935608,
      "chg_24h": -1.0014306151645207
    },
    "XPD": {
      "name": "Paládio",
      "usd_oz": 1702,
      "usd_g": 54.72057065980482,
      "brl_oz": 8908.7786,
      "brl_g": 286.42388300461636,
      "chg_1h": -0.17595307917888564,
      "chg_24h": -2.520045819014891
    },
    "XCU": {
      "name": "Cobre",
      "usd_oz": 5.729401,
      "usd_g": 0.18420451954104372,
      "brl_oz": 29.989403654300002,
      "brl_g": 0.9641817166336851,
      "chg_1h": -0.11861500765749848,
      "chg_24h": -1.12847842390945
    }
  }
}
