{
  "timestamp": 1780008210,
  "usdToBrl": 5.0726,
  "metals": {
    "XAU": {
      "name": "Ouro",
      "usd_oz": 4496.600098,
      "usd_g": 144.56905017126573,
      "brl_oz": 22809.453657114802,
      "brl_g": 733.3409638987627,
      "chg_1h": -0.004441091635382734,
      "chg_24h": 0.8387132527024734
    },
    "XAG": {
      "name": "Prata",
      "usd_oz": 75.832001,
      "usd_g": 2.4380554459429438,
      "brl_oz": 384.6654082726001,
      "brl_g": 12.367280055090177,
      "chg_1h": 0.06466358146275306,
      "chg_24h": 1.3566435254468439
    },
    "XPT": {
      "name": "Platina",
      "usd_oz": 1928,
      "usd_g": 61.98663938431475,
      "brl_oz": 9779.972800000001,
      "brl_g": 314.43342694087505,
      "chg_1h": -0.05184033177812338,
      "chg_24h": -0.4132231404958678
    },
    "XPD": {
      "name": "Paládio",
      "usd_oz": 1394,
      "usd_g": 44.81814071666741,
      "brl_oz": 7071.2044000000005,
      "brl_g": 227.3445005993671,
      "chg_1h": 0.28776978417266186,
      "chg_24h": -1.1347517730496455
    },
    "XCU": {
      "name": "Cobre",
      "usd_oz": 6.096461,
      "usd_g": 0.1960057725765243,
      "brl_oz": 30.9249080686,
      "brl_g": 0.9942588819716772,
      "chg_1h": 0,
      "chg_24h": -1.0497252454742154
    }
  }
}
