{
  "timestamp": 1784590411,
  "usdToBrl": 5.1043,
  "metals": {
    "XAU": {
      "name": "Ouro",
      "usd_oz": 4007,
      "usd_g": 128.82804150049233,
      "brl_oz": 20452.9301,
      "brl_g": 657.5769722309631,
      "chg_1h": -0.07979529796767622,
      "chg_24h": 0.34558873007458735
    },
    "XAG": {
      "name": "Prata",
      "usd_oz": 56.444,
      "usd_g": 1.814716739319638,
      "brl_oz": 288.1071092,
      "brl_g": 9.262858652509228,
      "chg_1h": -0.019488087167188015,
      "chg_24h": 1.0653745110095947
    },
    "XPT": {
      "name": "Platina",
      "usd_oz": 1599,
      "usd_g": 51.40904376323614,
      "brl_oz": 8161.7757,
      "brl_g": 262.40718208068625,
      "chg_1h": 0,
      "chg_24h": 0.4396984924623116
    },
    "XPD": {
      "name": "Paládio",
      "usd_oz": 1279,
      "usd_g": 41.12080486127519,
      "brl_oz": 6528.3997,
      "brl_g": 209.89292425340696,
      "chg_1h": 0.0782472613458529,
      "chg_24h": 1.0268562401263823
    },
    "XCU": {
      "name": "Cobre",
      "usd_oz": 6.126027,
      "usd_g": 0.19695634154957237,
      "brl_oz": 31.2690796161,
      "brl_g": 1.0053242541714822,
      "chg_1h": 0,
      "chg_24h": 0.21972661042869102
    }
  }
}
