{
  "timestamp": 1775580073,
  "usdToBrl": 5.1489,
  "metals": {
    "XAU": {
      "name": "Ouro",
      "usd_oz": 4658.399902,
      "usd_g": 149.77103466452343,
      "brl_oz": 23985.6352554078,
      "brl_g": 771.1560803841647,
      "chg_1h": 0.16556016679548102,
      "chg_24h": -0.23130927244382668
    },
    "XAG": {
      "name": "Prata",
      "usd_oz": 71.706001,
      "usd_g": 2.3054014656007844,
      "brl_oz": 369.20702854890004,
      "brl_g": 11.87028160623188,
      "chg_1h": 0.5877621198355077,
      "chg_24h": -1.6122117539089005
    },
    "XPT": {
      "name": "Platina",
      "usd_oz": 1947,
      "usd_g": 62.59750356911868,
      "brl_oz": 10024.908300000001,
      "brl_g": 322.30828612703516,
      "chg_1h": 0.8808290155440414,
      "chg_24h": -2.1608040201005023
    },
    "XPD": {
      "name": "Paládio",
      "usd_oz": 1480,
      "usd_g": 47.583104921569415,
      "brl_oz": 7620.372,
      "brl_g": 245.00064893066877,
      "chg_1h": 1.439342015078821,
      "chg_24h": -1.9867549668874174
    },
    "XCU": {
      "name": "Cobre",
      "usd_oz": 5.511072,
      "usd_g": 0.17718507919346177,
      "brl_oz": 28.375958620800002,
      "brl_g": 0.9123082542592154,
      "chg_1h": 0.05902515713565417,
      "chg_24h": -0.2288677509371339
    }
  }
}
