{
  "timestamp": 1772783467,
  "usdToBrl": 5.2484,
  "metals": {
    "XAU": {
      "name": "Ouro",
      "usd_oz": 5117.5,
      "usd_g": 164.53144556495369,
      "brl_oz": 26858.687,
      "brl_g": 863.526838903103,
      "chg_1h": 0.07626529109160134,
      "chg_24h": -0.9043064412029508
    },
    "XAG": {
      "name": "Prata",
      "usd_oz": 84.324997,
      "usd_g": 2.7111116079473145,
      "brl_oz": 442.5713142548,
      "brl_g": 14.228998163150687,
      "chg_1h": 0.13418396746744102,
      "chg_24h": 0.6865635820895477
    },
    "XPT": {
      "name": "Platina",
      "usd_oz": 2158,
      "usd_g": 69.38131109509918,
      "brl_oz": 11326.0472,
      "brl_g": 364.1408731515185,
      "chg_1h": 0.5591798695246971,
      "chg_24h": -0.3693444136657433
    },
    "XPD": {
      "name": "Paládio",
      "usd_oz": 1683,
      "usd_g": 54.10970647500089,
      "brl_oz": 8833.057200000001,
      "brl_g": 283.9893834633947,
      "chg_1h": 0.29797377830750893,
      "chg_24h": -0.41420118343195267
    },
    "XCU": {
      "name": "Cobre",
      "usd_oz": 5.824655,
      "usd_g": 0.18726700675469182,
      "brl_oz": 30.570119302000002,
      "brl_g": 0.9828521582513245,
      "chg_1h": 0.01816746591495873,
      "chg_24h": -0.053193725542681196
    }
  }
}
