{
  "timestamp": 1771322455,
  "usdToBrl": 5.2244,
  "metals": {
    "XAU": {
      "name": "Ouro",
      "usd_oz": 4925.399902,
      "usd_g": 158.3552839983471,
      "brl_oz": 25732.259248008802,
      "brl_g": 827.3113457209646,
      "chg_1h": 0.08127768683001042,
      "chg_24h": -1.7435346792190425
    },
    "XAG": {
      "name": "Prata",
      "usd_oz": 74.740997,
      "usd_g": 2.402978852833584,
      "brl_oz": 390.4768647268,
      "brl_g": 12.554122718743775,
      "chg_1h": -0.5746744406106387,
      "chg_24h": -3.093601502633345
    },
    "XPT": {
      "name": "Platina",
      "usd_oz": 2005,
      "usd_g": 64.46224687009911,
      "brl_oz": 10474.922,
      "brl_g": 336.77656254814576,
      "chg_1h": -0.29835902536051717,
      "chg_24h": -2.242808386153096
    },
    "XPD": {
      "name": "Paládio",
      "usd_oz": 1706,
      "usd_g": 54.849173646079336,
      "brl_oz": 8912.8264,
      "brl_g": 286.5540227965769,
      "chg_1h": 0.4120070629782225,
      "chg_24h": -0.29222676797194624
    },
    "XCU": {
      "name": "Cobre",
      "usd_oz": 5.771283,
      "usd_g": 0.18555105710883102,
      "brl_oz": 30.151490905200003,
      "brl_g": 0.9693929427593768,
      "chg_1h": 0.019652872048891847,
      "chg_24h": 0.06815952971139222
    }
  }
}
