{
  "timestamp": 1772628985,
  "usdToBrl": 5.2434,
  "metals": {
    "XAU": {
      "name": "Ouro",
      "usd_oz": 5169.100098,
      "usd_g": 166.19042723866806,
      "brl_oz": 27103.6594538532,
      "brl_g": 871.4028861832322,
      "chg_1h": -0.4333923949317253,
      "chg_24h": -0.5693749570030833
    },
    "XAG": {
      "name": "Prata",
      "usd_oz": 85.540001,
      "usd_g": 2.750174893631184,
      "brl_oz": 448.52044124340006,
      "brl_g": 14.42026703726575,
      "chg_1h": -0.6469435636549362,
      "chg_24h": 3.3803525799331684
    },
    "XPT": {
      "name": "Platina",
      "usd_oz": 2164,
      "usd_g": 69.57421557451096,
      "brl_oz": 11346.7176,
      "brl_g": 364.8054419433908,
      "chg_1h": -0.6883891693437356,
      "chg_24h": 2.802850356294537
    },
    "XPD": {
      "name": "Paládio",
      "usd_oz": 1706,
      "usd_g": 54.849173646079336,
      "brl_oz": 8945.2404,
      "brl_g": 287.5961570958524,
      "chg_1h": -0.64065230052417,
      "chg_24h": 0.11737089201877934
    },
    "XCU": {
      "name": "Cobre",
      "usd_oz": 5.868503,
      "usd_g": 0.188676752690233,
      "brl_oz": 30.7709086302,
      "brl_g": 0.9893076850559678,
      "chg_1h": 0.04640473280539194,
      "chg_24h": -0.7999557796399487
    }
  }
}
