{
  "timestamp": 1775553517,
  "usdToBrl": 5.1818,
  "metals": {
    "XAU": {
      "name": "Ouro",
      "usd_oz": 4693,
      "usd_g": 150.88345364657113,
      "brl_oz": 24318.1874,
      "brl_g": 781.8478801058022,
      "chg_1h": 0.8618302315672702,
      "chg_24h": -0.233843537414966
    },
    "XAG": {
      "name": "Prata",
      "usd_oz": 73.120003,
      "usd_g": 2.3508626855503176,
      "brl_oz": 378.8932315454,
      "brl_g": 12.181700263984636,
      "chg_1h": 0.8037277194923512,
      "chg_24h": -0.6305677864753292
    },
    "XPT": {
      "name": "Platina",
      "usd_oz": 1994,
      "usd_g": 64.1085886578442,
      "brl_oz": 10332.5092,
      "brl_g": 332.19788470721704,
      "chg_1h": 0.9109311740890688,
      "chg_24h": -0.8453505718547987
    },
    "XPD": {
      "name": "Paládio",
      "usd_oz": 1518,
      "usd_g": 48.804833291177275,
      "brl_oz": 7865.9724,
      "brl_g": 252.8968851482224,
      "chg_1h": 0.4632693580410324,
      "chg_24h": -1.171875
    },
    "XCU": {
      "name": "Cobre",
      "usd_oz": 5.525587,
      "usd_g": 0.17765174727990538,
      "brl_oz": 28.6324867166,
      "brl_g": 0.9205558240550137,
      "chg_1h": 0.11643074010704482,
      "chg_24h": 0.033908345001203745
    }
  }
}
