{
  "timestamp": 1779877174,
  "usdToBrl": 5.0201,
  "metals": {
    "XAU": {
      "name": "Ouro",
      "usd_oz": 4483.5,
      "usd_g": 144.14787224044355,
      "brl_oz": 22507.61835,
      "brl_g": 723.6367334342507,
      "chg_1h": 0,
      "chg_24h": -0.7526286662977311
    },
    "XAG": {
      "name": "Prata",
      "usd_oz": 75.526001,
      "usd_g": 2.428217317492943,
      "brl_oz": 379.14807762009997,
      "brl_g": 12.189893755546324,
      "chg_1h": 0,
      "chg_24h": -0.6707375189092989
    },
    "XPT": {
      "name": "Platina",
      "usd_oz": 1944,
      "usd_g": 62.501051329412796,
      "brl_oz": 9759.074400000001,
      "brl_g": 313.7615277787852,
      "chg_1h": 0,
      "chg_24h": -0.20533880903490762
    },
    "XPD": {
      "name": "Paládio",
      "usd_oz": 1409,
      "usd_g": 45.30040191519682,
      "brl_oz": 7073.320900000001,
      "brl_g": 227.41254765447957,
      "chg_1h": 0,
      "chg_24h": 1.003584229390681
    },
    "XCU": {
      "name": "Cobre",
      "usd_oz": 6.145118,
      "usd_g": 0.19757013145231406,
      "brl_oz": 30.8491068718,
      "brl_g": 0.9918218169037618,
      "chg_1h": 0,
      "chg_24h": 0.20091977623257262
    }
  }
}
