{
  "timestamp": 1775731508,
  "usdToBrl": 5.0818,
  "metals": {
    "XAU": {
      "name": "Ouro",
      "usd_oz": 4742.200195,
      "usd_g": 152.4652766471432,
      "brl_oz": 24098.912950951002,
      "brl_g": 774.7980428654524,
      "chg_1h": 0.20073107546589478,
      "chg_24h": -0.9710359409960931
    },
    "XAG": {
      "name": "Prata",
      "usd_oz": 74.222,
      "usd_g": 2.3862927118167057,
      "brl_oz": 377.1813596,
      "brl_g": 12.126662302910136,
      "chg_1h": 0.033695432884002424,
      "chg_24h": -3.6528413863839737
    },
    "XPT": {
      "name": "Platina",
      "usd_oz": 2042,
      "usd_g": 65.65182449313834,
      "brl_oz": 10377.035600000001,
      "brl_g": 333.62944170923043,
      "chg_1h": 0.6903353057199211,
      "chg_24h": -0.29296875
    },
    "XPD": {
      "name": "Paládio",
      "usd_oz": 1590,
      "usd_g": 51.11968704411849,
      "brl_oz": 8080.062000000001,
      "brl_g": 259.7800256208014,
      "chg_1h": 0.12594458438287154,
      "chg_24h": 2.2508038585209005
    },
    "XCU": {
      "name": "Cobre",
      "usd_oz": 5.650929,
      "usd_g": 0.18168158615631033,
      "brl_oz": 28.7168909922,
      "brl_g": 0.9232694845291379,
      "chg_1h": 0.07363500308405352,
      "chg_24h": 0.7480336860301678
    }
  }
}
