{
  "timestamp": 1782352365,
  "usdToBrl": 5.1996,
  "metals": {
    "XAU": {
      "name": "Ouro",
      "usd_oz": 3988.800049,
      "usd_g": 128.24289948832987,
      "brl_oz": 20740.1647347804,
      "brl_g": 666.81178017952,
      "chg_1h": 0,
      "chg_24h": -2.9701490162919604
    },
    "XAG": {
      "name": "Prata",
      "usd_oz": 57.279999,
      "usd_g": 1.841594731300264,
      "brl_oz": 297.8330828004,
      "brl_g": 9.575555964868853,
      "chg_1h": 0,
      "chg_24h": -7.453189942216741
    },
    "XPT": {
      "name": "Platina",
      "usd_oz": 1572,
      "usd_g": 50.54097360588319,
      "brl_oz": 8173.7712,
      "brl_g": 262.7928463611502,
      "chg_1h": 0,
      "chg_24h": -5.642256902761105
    },
    "XPD": {
      "name": "Paládio",
      "usd_oz": 1196,
      "usd_g": 38.452292896079065,
      "brl_oz": 6218.7216,
      "brl_g": 199.9365421424527,
      "chg_1h": 0,
      "chg_24h": -4.777070063694268
    },
    "XCU": {
      "name": "Cobre",
      "usd_oz": 5.964211,
      "usd_g": 0.19175383634282325,
      "brl_oz": 31.0115115156,
      "brl_g": 0.9970432474481439,
      "chg_1h": 0,
      "chg_24h": -1.5547819013780197
    }
  }
}
