{
  "timestamp": 1771227180,
  "usdToBrl": 5.2197,
  "metals": {
    "XAU": {
      "name": "Ouro",
      "usd_oz": 4998.5,
      "usd_g": 160.70550672328696,
      "brl_oz": 26090.670449999998,
      "brl_g": 838.8345334435409,
      "chg_1h": 0.14224662698644835,
      "chg_24h": -0.8863458373974056
    },
    "XAG": {
      "name": "Prata",
      "usd_oz": 76.889999,
      "usd_g": 2.472070871511059,
      "brl_oz": 401.3427277803,
      "brl_g": 12.903468328026273,
      "chg_1h": 0.8975644844557616,
      "chg_24h": -0.8766288513600493
    },
    "XPT": {
      "name": "Platina",
      "usd_oz": 2059,
      "usd_g": 66.19838718480501,
      "brl_oz": 10747.362299999999,
      "brl_g": 345.5357215885267,
      "chg_1h": -0.09704027171276079,
      "chg_24h": -0.6753497346840328
    },
    "XPD": {
      "name": "Paládio",
      "usd_oz": 1709,
      "usd_g": 54.94562588578522,
      "brl_oz": 8920.467299999998,
      "brl_g": 286.7996834360331,
      "chg_1h": 0.2934272300469483,
      "chg_24h": -0.5238649592549476
    },
    "XCU": {
      "name": "Cobre",
      "usd_oz": 5.773399,
      "usd_g": 0.18561908808857022,
      "brl_oz": 30.1354107603,
      "brl_g": 0.9688759540959099,
      "chg_1h": 0.12847748114765958,
      "chg_24h": -1.7696406306997843
    }
  }
}
