{
  "timestamp": 1773617675,
  "usdToBrl": 5.2433,
  "metals": {
    "XAU": {
      "name": "Ouro",
      "usd_oz": 4987.100098,
      "usd_g": 160.33899136317777,
      "brl_oz": 26148.861943843396,
      "brl_g": 840.7054334145499,
      "chg_1h": -0.5345101522531397,
      "chg_24h": -0.6494431088229655
    },
    "XAG": {
      "name": "Prata",
      "usd_oz": 79.890999,
      "usd_g": 2.5685552619635112,
      "brl_oz": 418.89247505669994,
      "brl_g": 13.467705805053278,
      "chg_1h": 0.23084295945344666,
      "chg_24h": -0.9963454984819378
    },
    "XPT": {
      "name": "Platina",
      "usd_oz": 2026,
      "usd_g": 65.13741254804029,
      "brl_oz": 10622.925799999999,
      "brl_g": 341.5349952131396,
      "chg_1h": 0.19782393669634024,
      "chg_24h": -0.5400098183603338
    },
    "XPD": {
      "name": "Paládio",
      "usd_oz": 1560,
      "usd_g": 50.15516464705965,
      "brl_oz": 8179.548,
      "brl_g": 262.97857479392786,
      "chg_1h": 0.06414368184733803,
      "chg_24h": -1.015228426395939
    },
    "XCU": {
      "name": "Cobre",
      "usd_oz": 5.872388,
      "usd_g": 0.18880165834065213,
      "brl_oz": 30.790692000399996,
      "brl_g": 0.9899437351775412,
      "chg_1h": 0,
      "chg_24h": 0
    }
  }
}
