{
  "timestamp": 1783710880,
  "usdToBrl": 5.1185,
  "metals": {
    "XAU": {
      "name": "Ouro",
      "usd_oz": 4101.600098,
      "usd_g": 131.8695052766577,
      "brl_oz": 20994.040101612998,
      "brl_g": 674.9740627585724,
      "chg_1h": -0.09742790102593182,
      "chg_24h": -0.5720957986137315
    },
    "XAG": {
      "name": "Prata",
      "usd_oz": 59.741001,
      "usd_g": 1.9207177829071507,
      "brl_oz": 305.7843136185,
      "brl_g": 9.83119397181025,
      "chg_1h": -0.07192392613408569,
      "chg_24h": -0.8448116182572663
    },
    "XPT": {
      "name": "Platina",
      "usd_oz": 1624,
      "usd_g": 52.212812427451844,
      "brl_oz": 8312.444,
      "brl_g": 267.2512804099123,
      "chg_1h": -0.06153846153846154,
      "chg_24h": 0.1850709438618137
    },
    "XPD": {
      "name": "Paládio",
      "usd_oz": 1298,
      "usd_g": 41.73166904607912,
      "brl_oz": 6643.813,
      "brl_g": 213.603548012356,
      "chg_1h": -0.15384615384615385,
      "chg_24h": 2.044025157232704
    },
    "XCU": {
      "name": "Cobre",
      "usd_oz": 6.050922,
      "usd_g": 0.19454165972853557,
      "brl_oz": 30.971644257,
      "brl_g": 0.9957614853205093,
      "chg_1h": 0.007487022906823566,
      "chg_24h": -0.09713041776976244
    }
  }
}
