{
  "timestamp": 1772643662,
  "usdToBrl": 5.2198,
  "metals": {
    "XAU": {
      "name": "Ouro",
      "usd_oz": 5150.899902,
      "usd_g": 165.6052773495727,
      "brl_oz": 26886.6673084596,
      "brl_g": 864.4264267092997,
      "chg_1h": -0.19763608157788878,
      "chg_24h": 1.2382319073383374
    },
    "XAG": {
      "name": "Prata",
      "usd_oz": 83.711998,
      "usd_g": 2.691403232451492,
      "brl_oz": 436.9598871604,
      "brl_g": 14.048586592750299,
      "chg_1h": -1.1828021761268235,
      "chg_24h": 1.8158770645257782
    },
    "XPT": {
      "name": "Platina",
      "usd_oz": 2163,
      "usd_g": 69.54206482794233,
      "brl_oz": 11290.4274,
      "brl_g": 362.9956699888934,
      "chg_1h": -0.7798165137614679,
      "chg_24h": 3.890489913544669
    },
    "XPD": {
      "name": "Paládio",
      "usd_oz": 1692,
      "usd_g": 54.39906319411855,
      "brl_oz": 8831.901600000001,
      "brl_g": 283.95223006066,
      "chg_1h": -1.1104617182933958,
      "chg_24h": 0.9546539379474941
    },
    "XCU": {
      "name": "Cobre",
      "usd_oz": 5.882942,
      "usd_g": 0.18914097731993743,
      "brl_oz": 30.7077806516,
      "brl_g": 0.9872780734146094,
      "chg_1h": 0.2176429082243956,
      "chg_24h": 0.2654170889882644
    }
  }
}
