{
  "timestamp": 1776084571,
  "usdToBrl": 5.0543,
  "metals": {
    "XAU": {
      "name": "Ouro",
      "usd_oz": 4722.5,
      "usd_g": 151.83190067034565,
      "brl_oz": 23868.93175,
      "brl_g": 767.403975558128,
      "chg_1h": 0.2994668739588273,
      "chg_24h": -0.5622040323360247
    },
    "XAG": {
      "name": "Prata",
      "usd_oz": 74.184998,
      "usd_g": 2.3851030698921734,
      "brl_oz": 374.9532353913999,
      "brl_g": 12.055026446156011,
      "chg_1h": -0.10503480872037503,
      "chg_24h": -2.4061383429368313
    },
    "XPT": {
      "name": "Platina",
      "usd_oz": 2048,
      "usd_g": 65.8447289725501,
      "brl_oz": 10351.2064,
      "brl_g": 332.79901364596,
      "chg_1h": 0.7874015748031495,
      "chg_24h": -0.2921129503407984
    },
    "XPD": {
      "name": "Paládio",
      "usd_oz": 1565,
      "usd_g": 50.31591837990279,
      "brl_oz": 7909.9794999999995,
      "brl_g": 254.31174626754265,
      "chg_1h": 1.425793907971484,
      "chg_24h": 1.1635423400129283
    },
    "XCU": {
      "name": "Cobre",
      "usd_oz": 5.794869,
      "usd_g": 0.18630936461739867,
      "brl_oz": 29.2890063867,
      "brl_g": 0.941663421585718,
      "chg_1h": 0.2878213046953117,
      "chg_24h": 0.6578954225069638
    }
  }
}
