{
  "timestamp": 1771285649,
  "usdToBrl": 5.2244,
  "metals": {
    "XAU": {
      "name": "Ouro",
      "usd_oz": 4990.399902,
      "usd_g": 160.44508252530792,
      "brl_oz": 26071.8452480088,
      "brl_g": 838.2292891452188,
      "chg_1h": -0.07008550569061846,
      "chg_24h": -0.6766977283489327
    },
    "XAG": {
      "name": "Prata",
      "usd_oz": 76.751999,
      "usd_g": 2.467634068484588,
      "brl_oz": 400.9831435756,
      "brl_g": 12.891907427390883,
      "chg_1h": 0.023455052213413867,
      "chg_24h": 0.005209256199383912
    },
    "XPT": {
      "name": "Platina",
      "usd_oz": 2050,
      "usd_g": 65.90903046568737,
      "brl_oz": 10710.02,
      "brl_g": 344.3351387649371,
      "chg_1h": 0.14655593551538837,
      "chg_24h": -0.822447992259313
    },
    "XPD": {
      "name": "Paládio",
      "usd_oz": 1755,
      "usd_g": 56.42456022794211,
      "brl_oz": 9168.822,
      "brl_g": 294.78447245486075,
      "chg_1h": 0.2857142857142857,
      "chg_24h": 2.571595558153127
    },
    "XCU": {
      "name": "Cobre",
      "usd_oz": 5.787621,
      "usd_g": 0.18607633600626924,
      "brl_oz": 30.2368471524,
      "brl_g": 0.972137209831153,
      "chg_1h": 0,
      "chg_24h": -1.5276632148048985
    }
  }
}
