{
  "timestamp": 1778705994,
  "usdToBrl": 4.9039,
  "metals": {
    "XAU": {
      "name": "Ouro",
      "usd_oz": 4689.700195,
      "usd_g": 150.77736245229025,
      "brl_oz": 22997.8207862605,
      "brl_g": 739.3971077297862,
      "chg_1h": -0.03623027317017158,
      "chg_24h": -0.5365812301166416
    },
    "XAG": {
      "name": "Prata",
      "usd_oz": 87.639999,
      "usd_g": 2.81769139712381,
      "brl_oz": 429.77779109610003,
      "brl_g": 13.817676842355452,
      "chg_1h": -0.5413234860920132,
      "chg_24h": 1.099360969896811
    },
    "XPT": {
      "name": "Platina",
      "usd_oz": 2147,
      "usd_g": 69.02765288284428,
      "brl_oz": 10528.6733,
      "brl_g": 338.5047069721801,
      "chg_1h": -0.6938020351526364,
      "chg_24h": 0.5620608899297423
    },
    "XPD": {
      "name": "Paládio",
      "usd_oz": 1522,
      "usd_g": 48.93343627745179,
      "brl_oz": 7463.7358,
      "brl_g": 239.96467816099585,
      "chg_1h": -0.45781556572923476,
      "chg_24h": 0.5284015852047557
    },
    "XCU": {
      "name": "Cobre",
      "usd_oz": 6.336459,
      "usd_g": 0.20372188745150188,
      "brl_oz": 31.0733612901,
      "brl_g": 0.9990317638734201,
      "chg_1h": 0,
      "chg_24h": 1.8407801955889171
    }
  }
}
