{
  "timestamp": 1774392844,
  "usdToBrl": 5.2669,
  "metals": {
    "XAU": {
      "name": "Ouro",
      "usd_oz": 4474.5,
      "usd_g": 143.8585155213259,
      "brl_oz": 23566.744049999998,
      "brl_g": 757.6884153992713,
      "chg_1h": -0.01787154011684478,
      "chg_24h": 1.497107859816264
    },
    "XAG": {
      "name": "Prata",
      "usd_oz": 71.746002,
      "usd_g": 2.3066875276142764,
      "brl_oz": 377.8790179338,
      "brl_g": 12.149092539191631,
      "chg_1h": 0.5437371971261264,
      "chg_24h": 3.364018525996535
    },
    "XPT": {
      "name": "Platina",
      "usd_oz": 1946,
      "usd_g": 62.565352822550054,
      "brl_oz": 10249.3874,
      "brl_g": 329.52545678108885,
      "chg_1h": 0.1544004117344313,
      "chg_24h": 3.2360742705570296
    },
    "XPD": {
      "name": "Paládio",
      "usd_oz": 1461,
      "usd_g": 46.97224073676548,
      "brl_oz": 7694.9409,
      "brl_g": 247.39809473647009,
      "chg_1h": 0,
      "chg_24h": 0.6891798759476223
    },
    "XCU": {
      "name": "Cobre",
      "usd_oz": 5.450773,
      "usd_g": 0.17524642132612003,
      "brl_oz": 28.708676313699996,
      "brl_g": 0.9230053764825416,
      "chg_1h": 0,
      "chg_24h": -0.6374887344360314
    }
  }
}
