{
  "timestamp": 1772482768,
  "usdToBrl": 5.2067,
  "metals": {
    "XAU": {
      "name": "Ouro",
      "usd_oz": 5334.899902,
      "usd_g": 171.52101471820026,
      "brl_oz": 27777.2233197434,
      "brl_g": 893.0584673332532,
      "chg_1h": 0.24992114693095116,
      "chg_24h": 1.035940020830967
    },
    "XAG": {
      "name": "Prata",
      "usd_oz": 89.749001,
      "usd_g": 2.8854973859385393,
      "brl_oz": 467.2961235067,
      "brl_g": 15.023919239366192,
      "chg_1h": 0.6854551369786193,
      "chg_24h": -4.434908486115923
    },
    "XPT": {
      "name": "Platina",
      "usd_oz": 2318,
      "usd_g": 74.52543054607966,
      "brl_oz": 12069.130599999999,
      "brl_g": 388.03155922427294,
      "chg_1h": 0.3463203463203463,
      "chg_24h": -2.235343736819907
    },
    "XPD": {
      "name": "Paládio",
      "usd_oz": 1801,
      "usd_g": 57.90349457009899,
      "brl_oz": 9377.2667,
      "brl_g": 301.4861251781344,
      "chg_1h": 0.3342618384401114,
      "chg_24h": -0.5521811154058531
    },
    "XCU": {
      "name": "Cobre",
      "usd_oz": 6.067456,
      "usd_g": 0.19507324017230127,
      "brl_oz": 31.591423155199998,
      "brl_g": 1.015687839605121,
      "chg_1h": 1.0077037765085801,
      "chg_24h": -0.3331942559964813
    }
  }
}
