{
  "timestamp": 1774280705,
  "usdToBrl": 5.2552,
  "metals": {
    "XAU": {
      "name": "Ouro",
      "usd_oz": 4412.899902,
      "usd_g": 141.87802638192525,
      "brl_oz": 23190.671564990404,
      "brl_g": 745.5974042422936,
      "chg_1h": -1.5241517903218835,
      "chg_24h": -1.765288490220553
    },
    "XAG": {
      "name": "Prata",
      "usd_oz": 68.926003,
      "usd_g": 2.2160224544414917,
      "brl_oz": 362.2199309656,
      "brl_g": 11.645641202580927,
      "chg_1h": -1.8511591675778105,
      "chg_24h": 1.4542655683555081
    },
    "XPT": {
      "name": "Platina",
      "usd_oz": 1878,
      "usd_g": 60.37910205588335,
      "brl_oz": 9869.2656,
      "brl_g": 317.3042571240782,
      "chg_1h": -1.9321148825065273,
      "chg_24h": -2.8955532574974145
    },
    "XPD": {
      "name": "Paládio",
      "usd_oz": 1456,
      "usd_g": 46.81148700392234,
      "brl_oz": 7651.5712,
      "brl_g": 246.00372650301267,
      "chg_1h": -1.9528619528619526,
      "chg_24h": 1.675977653631285
    },
    "XCU": {
      "name": "Cobre",
      "usd_oz": 5.533449,
      "usd_g": 0.17790451644942792,
      "brl_oz": 29.079381184800003,
      "brl_g": 0.9349238148450337,
      "chg_1h": -0.20995146878563672,
      "chg_24h": 2.4193284184188735
    }
  }
}
