{
  "timestamp": 1778784550,
  "usdToBrl": 4.997,
  "metals": {
    "XAU": {
      "name": "Ouro",
      "usd_oz": 4670.799805,
      "usd_g": 150.169700803352,
      "brl_oz": 23339.986625585,
      "brl_g": 750.3979949143499,
      "chg_1h": -0.12829285516103037,
      "chg_24h": -0.4391034111421282
    },
    "XAG": {
      "name": "Prata",
      "usd_oz": 84.5,
      "usd_g": 2.7167380850490646,
      "brl_oz": 422.24649999999997,
      "brl_g": 13.575540210990175,
      "chg_1h": -0.37492159241054895,
      "chg_24h": -4.104766529889798
    },
    "XPT": {
      "name": "Platina",
      "usd_oz": 2071,
      "usd_g": 66.58419614362855,
      "brl_oz": 10348.787,
      "brl_g": 332.72122812971185,
      "chg_1h": 0.04830917874396135,
      "chg_24h": -4.2090656799259945
    },
    "XPD": {
      "name": "Paládio",
      "usd_oz": 1462,
      "usd_g": 47.00439148333411,
      "brl_oz": 7305.614,
      "brl_g": 234.88094424222055,
      "chg_1h": 0.06844626967830253,
      "chg_24h": -4.381948986265534
    },
    "XCU": {
      "name": "Cobre",
      "usd_oz": 6.367299,
      "usd_g": 0.20471341647567837,
      "brl_oz": 31.817393103,
      "brl_g": 1.0229529421289647,
      "chg_1h": 0.6993587616663955,
      "chg_24h": 0.48670716562673927
    }
  }
}
