{
  "timestamp": 1778530621,
  "usdToBrl": 4.9019,
  "metals": {
    "XAU": {
      "name": "Ouro",
      "usd_oz": 4735.899902,
      "usd_g": 152.2627175235921,
      "brl_oz": 23214.907729613802,
      "brl_g": 746.3766150288961,
      "chg_1h": 0.23493264176513529,
      "chg_24h": 0.4283501105820354
    },
    "XAG": {
      "name": "Prata",
      "usd_oz": 85.969002,
      "usd_g": 2.763967596059872,
      "brl_oz": 421.4114509038001,
      "brl_g": 13.548692759125888,
      "chg_1h": 0.26358537786573044,
      "chg_24h": 6.836257721423237
    },
    "XPT": {
      "name": "Platina",
      "usd_oz": 2135,
      "usd_g": 68.64184392402073,
      "brl_oz": 10465.5565,
      "brl_g": 336.47545473115724,
      "chg_1h": 0.18770530267480057,
      "chg_24h": 3.289791969037252
    },
    "XPD": {
      "name": "Paládio",
      "usd_oz": 1533,
      "usd_g": 49.287094489706696,
      "brl_oz": 7514.612700000001,
      "brl_g": 241.60040847909326,
      "chg_1h": 0,
      "chg_24h": 1.054713249835201
    },
    "XCU": {
      "name": "Cobre",
      "usd_oz": 6.253536,
      "usd_g": 0.20105585109379157,
      "brl_oz": 30.654208118400003,
      "brl_g": 0.985555676476657,
      "chg_1h": 1.4996410567458314,
      "chg_24h": 1.884614200289
    }
  }
}
