{
  "timestamp": 1771266355,
  "usdToBrl": 5.2244,
  "metals": {
    "XAU": {
      "name": "Ouro",
      "usd_oz": 4997.399902,
      "usd_g": 160.6701377512883,
      "brl_oz": 26108.416048008803,
      "brl_g": 839.4050676678306,
      "chg_1h": 0.10015223335768746,
      "chg_24h": -0.9081593279879748
    },
    "XAG": {
      "name": "Prata",
      "usd_oz": 76.903,
      "usd_g": 2.472488863367198,
      "brl_oz": 401.77203320000007,
      "brl_g": 12.91727081777559,
      "chg_1h": 0.19543471122782805,
      "chg_24h": -0.8598685058656534
    },
    "XPT": {
      "name": "Platina",
      "usd_oz": 2050,
      "usd_g": 65.90903046568737,
      "brl_oz": 10710.02,
      "brl_g": 344.3351387649371,
      "chg_1h": 0.19550342130987292,
      "chg_24h": -1.1095031355523395
    },
    "XPD": {
      "name": "Paládio",
      "usd_oz": 1745,
      "usd_g": 56.10305276225583,
      "brl_oz": 9116.578,
      "brl_g": 293.10478885112934,
      "chg_1h": 0.11474469305794606,
      "chg_24h": 1.571594877764843
    },
    "XCU": {
      "name": "Cobre",
      "usd_oz": 5.769241,
      "usd_g": 0.18548540528433788,
      "brl_oz": 30.1408226804,
      "brl_g": 0.9690499513674948,
      "chg_1h": 0.007852602661083381,
      "chg_24h": -1.8403861021729289
    }
  }
}
