{
  "timestamp": 1778116699,
  "usdToBrl": 4.9092,
  "metals": {
    "XAU": {
      "name": "Ouro",
      "usd_oz": 4716.5,
      "usd_g": 151.63899619093388,
      "brl_oz": 23154.2418,
      "brl_g": 744.4261601005327,
      "chg_1h": 0.5093104355980881,
      "chg_24h": 2.5905968708136085
    },
    "XAG": {
      "name": "Prata",
      "usd_oz": 78.168999,
      "usd_g": 2.513191676372334,
      "brl_oz": 383.7472498908,
      "brl_g": 12.337760577647064,
      "chg_1h": 0.8215975551152414,
      "chg_24h": 5.561026634575099
    },
    "XPT": {
      "name": "Platina",
      "usd_oz": 2084,
      "usd_g": 67.00215584902071,
      "brl_oz": 10230.7728,
      "brl_g": 328.92698349401246,
      "chg_1h": 0.7249879168680522,
      "chg_24h": 4.934541792547835
    },
    "XPD": {
      "name": "Paládio",
      "usd_oz": 1575,
      "usd_g": 50.63742584558907,
      "brl_oz": 7731.990000000001,
      "brl_g": 248.58925096116587,
      "chg_1h": 0.7677543186180422,
      "chg_24h": 2.8067885117493474
    },
    "XCU": {
      "name": "Cobre",
      "usd_oz": 6.018868,
      "usd_g": 0.19351109969802477,
      "brl_oz": 29.5478267856,
      "brl_g": 0.9499846906375432,
      "chg_1h": -0.27623046156598746,
      "chg_24h": 1.5898767746338072
    }
  }
}
