{
  "timestamp": 1784231378,
  "usdToBrl": 5.0857,
  "metals": {
    "XAU": {
      "name": "Ouro",
      "usd_oz": 3974.199951,
      "usd_g": 127.77349543765474,
      "brl_oz": 20211.5886908007,
      "brl_g": 649.8176657472808,
      "chg_1h": -0.2509914191804075,
      "chg_24h": -2.0819474467231935
    },
    "XAG": {
      "name": "Prata",
      "usd_oz": 55.558998,
      "usd_g": 1.786263264304909,
      "brl_oz": 282.5563961286,
      "brl_g": 9.084399083275477,
      "chg_1h": -0.23702931399940497,
      "chg_24h": -3.9569250449453683
    },
    "XPT": {
      "name": "Platina",
      "usd_oz": 1623,
      "usd_g": 52.18066168088321,
      "brl_oz": 8254.0911,
      "brl_g": 265.37519111046777,
      "chg_1h": -0.3071253071253071,
      "chg_24h": -3.6795252225519293
    },
    "XPD": {
      "name": "Paládio",
      "usd_oz": 1282,
      "usd_g": 41.21725710098107,
      "brl_oz": 6519.8674,
      "brl_g": 209.61860443845944,
      "chg_1h": 0.078064012490242,
      "chg_24h": -4.185351270553064
    },
    "XCU": {
      "name": "Cobre",
      "usd_oz": 6.154719,
      "usd_g": 0.19787881077011943,
      "brl_oz": 31.3010544183,
      "brl_g": 1.0063522679335963,
      "chg_1h": 0,
      "chg_24h": 0.3688294813100032
    }
  }
}
