{
  "timestamp": 1773083407,
  "usdToBrl": 5.2302,
  "metals": {
    "XAU": {
      "name": "Ouro",
      "usd_oz": 5123.200195,
      "usd_g": 164.71471108979046,
      "brl_oz": 26795.361659889,
      "brl_g": 861.4908819418221,
      "chg_1h": 0.5673083859657274,
      "chg_24h": -0.9818284692694172
    },
    "XAG": {
      "name": "Prata",
      "usd_oz": 86.024002,
      "usd_g": 2.7657358871211466,
      "brl_oz": 449.9227352604,
      "brl_g": 14.465351836821021,
      "chg_1h": 2.1201868767086856,
      "chg_24h": 1.69162929103757
    },
    "XPT": {
      "name": "Platina",
      "usd_oz": 2185,
      "usd_g": 70.24938125245214,
      "brl_oz": 11427.987,
      "brl_g": 367.4183138265752,
      "chg_1h": 0.6912442396313364,
      "chg_24h": 1.3921113689095126
    },
    "XPD": {
      "name": "Paládio",
      "usd_oz": 1700,
      "usd_g": 54.65626916666757,
      "brl_oz": 8891.34,
      "brl_g": 285.8632189955047,
      "chg_1h": 0.4728132387706856,
      "chg_24h": 2.967898243488795
    },
    "XCU": {
      "name": "Cobre",
      "usd_oz": 5.827906,
      "usd_g": 0.1873715288317864,
      "brl_oz": 30.4811139612,
      "brl_g": 0.9799905700960092,
      "chg_1h": 0.0038952042485482672,
      "chg_24h": 0.5493728157590955
    }
  }
}
