{
  "timestamp": 1775219481,
  "usdToBrl": 5.1818,
  "metals": {
    "XAU": {
      "name": "Ouro",
      "usd_oz": 4678,
      "usd_g": 150.40119244804168,
      "brl_oz": 24240.4604,
      "brl_g": 779.3488990272624,
      "chg_1h": 0,
      "chg_24h": 1.6426234053922046
    },
    "XAG": {
      "name": "Prata",
      "usd_oz": 73.153,
      "usd_g": 2.351923563734843,
      "brl_oz": 379.0642154,
      "brl_g": 12.18719752256121,
      "chg_1h": 0,
      "chg_24h": 3.31177414009399
    },
    "XPT": {
      "name": "Platina",
      "usd_oz": 2007,
      "usd_g": 64.52654836323636,
      "brl_oz": 10399.8726,
      "brl_g": 334.3636683086182,
      "chg_1h": 0,
      "chg_24h": 4.422476586888657
    },
    "XPD": {
      "name": "Paládio",
      "usd_oz": 1532,
      "usd_g": 49.254943743138064,
      "brl_oz": 7938.5176,
      "brl_g": 255.22926748819282,
      "chg_1h": 0,
      "chg_24h": 3.7940379403794036
    },
    "XCU": {
      "name": "Cobre",
      "usd_oz": 5.510333,
      "usd_g": 0.17716131979174754,
      "brl_oz": 28.5534435394,
      "brl_g": 0.9180145268968773,
      "chg_1h": 0,
      "chg_24h": 0.4177563582375529
    }
  }
}
