{
  "timestamp": 1770966923,
  "usdToBrl": 5.1761,
  "metals": {
    "XAU": {
      "name": "Ouro",
      "usd_oz": 4958.799805,
      "usd_g": 159.42911581511683,
      "brl_oz": 25667.243670660497,
      "brl_g": 825.2210463706263,
      "chg_1h": -0.054422956767113756,
      "chg_24h": -2.0406608127092043
    },
    "XAG": {
      "name": "Prata",
      "usd_oz": 77.272003,
      "usd_g": 2.484352585303261,
      "brl_oz": 399.96761472829996,
      "brl_g": 12.859257416788209,
      "chg_1h": 0.7970154003855183,
      "chg_24h": -7.570477806975469
    },
    "XPT": {
      "name": "Platina",
      "usd_oz": 2043,
      "usd_g": 65.68397523970697,
      "brl_oz": 10574.7723,
      "brl_g": 339.9868242382472,
      "chg_1h": 0.7396449704142012,
      "chg_24h": -3.5410764872521248
    },
    "XPD": {
      "name": "Paládio",
      "usd_oz": 1686,
      "usd_g": 54.206158714706774,
      "brl_oz": 8726.9046,
      "brl_g": 280.57649812319374,
      "chg_1h": 0.5366726296958855,
      "chg_24h": -2.430555555555556
    },
    "XCU": {
      "name": "Cobre",
      "usd_oz": 5.953929,
      "usd_g": 0.19142326236660462,
      "brl_oz": 30.8181318969,
      "brl_g": 0.9908259483357822,
      "chg_1h": 0.01904987489069461,
      "chg_24h": -1.0404012282837702
    }
  }
}
