{
  "timestamp": 1781143464,
  "usdToBrl": 5.1907,
  "metals": {
    "XAU": {
      "name": "Ouro",
      "usd_oz": 4096.299805,
      "usd_g": 131.6990968996752,
      "brl_oz": 21262.663397813496,
      "brl_g": 683.610502277144,
      "chg_1h": 0,
      "chg_24h": -2.1895939589302853
    },
    "XAG": {
      "name": "Prata",
      "usd_oz": 64.054001,
      "usd_g": 2.0593839528576434,
      "brl_oz": 332.4851029907,
      "brl_g": 10.689644284098168,
      "chg_1h": 0,
      "chg_24h": -1.0168083513663024
    },
    "XPT": {
      "name": "Platina",
      "usd_oz": 1684,
      "usd_g": 54.14185722156952,
      "brl_oz": 8741.138799999999,
      "brl_g": 281.0341382800009,
      "chg_1h": 0,
      "chg_24h": 0.05941770647653001
    },
    "XPD": {
      "name": "Paládio",
      "usd_oz": 1267,
      "usd_g": 40.73499590245165,
      "brl_oz": 6576.6169,
      "brl_g": 211.44314323085578,
      "chg_1h": 0,
      "chg_24h": 2.1774193548387095
    },
    "XCU": {
      "name": "Cobre",
      "usd_oz": 6.141263,
      "usd_g": 0.197446190324292,
      "brl_oz": 31.8774538541,
      "brl_g": 1.0248839401163023,
      "chg_1h": 0,
      "chg_24h": -1.2784543706887406
    }
  }
}
