{
  "timestamp": 1784063287,
  "usdToBrl": 5.1233,
  "metals": {
    "XAU": {
      "name": "Ouro",
      "usd_oz": 4053.699951,
      "usd_g": 130.32947978986067,
      "brl_oz": 20768.320958958302,
      "brl_g": 667.7170238073933,
      "chg_1h": -0.09119019789437692,
      "chg_24h": 1.3374331447263197
    },
    "XAG": {
      "name": "Prata",
      "usd_oz": 58.825001,
      "usd_g": 1.8912676990502877,
      "brl_oz": 301.37812762330003,
      "brl_g": 9.689531802544339,
      "chg_1h": -0.2391191534104412,
      "chg_24h": 1.9691830672950272
    },
    "XPT": {
      "name": "Platina",
      "usd_oz": 1636,
      "usd_g": 52.598621386275376,
      "brl_oz": 8381.7188,
      "brl_g": 269.4785169483047,
      "chg_1h": -0.1221001221001221,
      "chg_24h": 1.804604853764779
    },
    "XPD": {
      "name": "Paládio",
      "usd_oz": 1326,
      "usd_g": 42.631889950000705,
      "brl_oz": 6793.495800000001,
      "brl_g": 218.41596178083864,
      "chg_1h": -0.2257336343115124,
      "chg_24h": 4.327301337529504
    },
    "XCU": {
      "name": "Cobre",
      "usd_oz": 6.17167,
      "usd_g": 0.19842379807520424,
      "brl_oz": 31.619316911000002,
      "brl_g": 1.016584644678694,
      "chg_1h": 0,
      "chg_24h": 0.7844526280395949
    }
  }
}
