{
  "timestamp": 1775441138,
  "usdToBrl": 5.1818,
  "metals": {
    "XAU": {
      "name": "Ouro",
      "usd_oz": 4630.600098,
      "usd_g": 148.8772502114619,
      "brl_oz": 23994.8435878164,
      "brl_g": 771.4521351457532,
      "chg_1h": 0,
      "chg_24h": -1.0132514322360007
    },
    "XAG": {
      "name": "Prata",
      "usd_oz": 72.061996,
      "usd_g": 2.316846970625483,
      "brl_oz": 373.4108508728,
      "brl_g": 12.005437632387128,
      "chg_1h": 0,
      "chg_24h": -1.4887082679839205
    },
    "XPT": {
      "name": "Platina",
      "usd_oz": 1979,
      "usd_g": 63.62632745931477,
      "brl_oz": 10254.7822,
      "brl_g": 329.6989036286773,
      "chg_1h": 0,
      "chg_24h": -0.5527638190954774
    },
    "XPD": {
      "name": "Paládio",
      "usd_oz": 1524,
      "usd_g": 48.99773777058904,
      "brl_oz": 7897.0632,
      "brl_g": 253.8964775796383,
      "chg_1h": 0,
      "chg_24h": -0.39215686274509803
    },
    "XCU": {
      "name": "Cobre",
      "usd_oz": 5.523714,
      "usd_g": 0.17759152893158234,
      "brl_oz": 28.6227812052,
      "brl_g": 0.9202437846176733,
      "chg_1h": 0,
      "chg_24h": 0.2428346889380345
    }
  }
}
