{
  "timestamp": 1771456611,
  "usdToBrl": 5.2229,
  "metals": {
    "XAU": {
      "name": "Ouro",
      "usd_oz": 4978.299805,
      "usd_g": 160.05605537320508,
      "brl_oz": 26001.1620515345,
      "brl_g": 835.9567716087129,
      "chg_1h": 0.006022599437518101,
      "chg_24h": 2.2973349429774923
    },
    "XAG": {
      "name": "Prata",
      "usd_oz": 77.656998,
      "usd_g": 2.49673046197845,
      "brl_oz": 405.5947348542,
      "brl_g": 13.040173529867246,
      "chg_1h": 0.43065673389852804,
      "chg_24h": 5.769466658570896
    },
    "XPT": {
      "name": "Platina",
      "usd_oz": 2091,
      "usd_g": 67.22721107500111,
      "brl_oz": 10921.0839,
      "brl_g": 351.1210007236233,
      "chg_1h": 0.43227665706051877,
      "chg_24h": 3.5148514851485153
    },
    "XPD": {
      "name": "Paládio",
      "usd_oz": 1735,
      "usd_g": 55.78154529656955,
      "brl_oz": 9061.7315,
      "brl_g": 291.3414329294531,
      "chg_1h": 0.17321016166281755,
      "chg_24h": 1.461988304093567
    },
    "XCU": {
      "name": "Cobre",
      "usd_oz": 5.81135,
      "usd_g": 0.18683924107159622,
      "brl_oz": 30.352099915,
      "brl_g": 0.9758426721928399,
      "chg_1h": 0,
      "chg_24h": 1.7236846297085309
    }
  }
}
