{
  "timestamp": 1775565516,
  "usdToBrl": 5.1818,
  "metals": {
    "XAU": {
      "name": "Ouro",
      "usd_oz": 4663.100098,
      "usd_g": 149.9221494749423,
      "brl_oz": 24163.2520878164,
      "brl_g": 776.866594149256,
      "chg_1h": 0.23645234986945032,
      "chg_24h": -0.23320286692340847
    },
    "XAG": {
      "name": "Prata",
      "usd_oz": 72.416,
      "usd_g": 2.328228463513764,
      "brl_oz": 375.2452288,
      "brl_g": 12.064414252235622,
      "chg_1h": 0.37006471690350057,
      "chg_24h": -1.1601547943132486
    },
    "XPT": {
      "name": "Platina",
      "usd_oz": 1955,
      "usd_g": 62.8547095416677,
      "brl_oz": 10130.419,
      "brl_g": 325.7005339030137,
      "chg_1h": 0.0511770726714432,
      "chg_24h": -2.1521521521521523
    },
    "XPD": {
      "name": "Paládio",
      "usd_oz": 1497,
      "usd_g": 48.12966761323609,
      "brl_oz": 7757.1546,
      "brl_g": 249.39831163826676,
      "chg_1h": 0.6048387096774194,
      "chg_24h": -1.64257555847569
    },
    "XCU": {
      "name": "Cobre",
      "usd_oz": 5.517498,
      "usd_g": 0.17739167989091173,
      "brl_oz": 28.590571136399998,
      "brl_g": 0.9192082068587264,
      "chg_1h": 0.40584539659731556,
      "chg_24h": -0.11253298052723623
    }
  }
}
