{
  "timestamp": 1771245834,
  "usdToBrl": 5.2197,
  "metals": {
    "XAU": {
      "name": "Ouro",
      "usd_oz": 5003.200195,
      "usd_g": 160.8566215015551,
      "brl_oz": 26115.2040578415,
      "brl_g": 839.6233072516671,
      "chg_1h": -0.013983233352052015,
      "chg_24h": -0.7931471774540569
    },
    "XAG": {
      "name": "Prata",
      "usd_oz": 77.071999,
      "usd_g": 2.4779223073865495,
      "brl_oz": 402.2927131803,
      "brl_g": 12.93401106786557,
      "chg_1h": -0.09851713206367443,
      "chg_24h": -0.642002062653072
    },
    "XPT": {
      "name": "Platina",
      "usd_oz": 2042,
      "usd_g": 65.65182449313834,
      "brl_oz": 10658.6274,
      "brl_g": 342.68282830683415,
      "chg_1h": -0.09784735812133072,
      "chg_24h": -1.4954172696575012
    },
    "XPD": {
      "name": "Paládio",
      "usd_oz": 1713,
      "usd_g": 55.074228872059734,
      "brl_oz": 8941.346099999999,
      "brl_g": 287.47095244349015,
      "chg_1h": -0.34904013961605584,
      "chg_24h": -0.2910360884749709
    },
    "XCU": {
      "name": "Cobre",
      "usd_oz": 5.759716,
      "usd_g": 0.18517916942327167,
      "brl_oz": 30.063989605199996,
      "brl_g": 0.9665797106386511,
      "chg_1h": -0.5014903054996656,
      "chg_24h": -2.0024473373296514
    }
  }
}
