{
  "timestamp": 1770704350,
  "usdToBrl": 5.1931,
  "metals": {
    "XAU": {
      "name": "Ouro",
      "usd_oz": 5034.600098,
      "usd_g": 161.8661518251876,
      "brl_oz": 26145.1817689238,
      "brl_g": 840.5871130433817,
      "chg_1h": 0.05167126391096759,
      "chg_24h": 0.191046726368157
    },
    "XAG": {
      "name": "Prata",
      "usd_oz": 81.679001,
      "usd_g": 2.6260408611297112,
      "brl_oz": 424.1672200931,
      "brl_g": 13.637292795932705,
      "chg_1h": 0.3107090986647167,
      "chg_24h": 0.4488747159575946
    },
    "XPT": {
      "name": "Platina",
      "usd_oz": 2099,
      "usd_g": 67.48441704755014,
      "brl_oz": 10900.3169,
      "brl_g": 350.45332616963265,
      "chg_1h": 0.1431297709923664,
      "chg_24h": 0.574988021082894
    },
    "XPD": {
      "name": "Paládio",
      "usd_oz": 1748,
      "usd_g": 56.19950500196171,
      "brl_oz": 9077.5388,
      "brl_g": 291.8496494256874,
      "chg_1h": 0.05724098454493417,
      "chg_24h": 1.2746234067207416
    },
    "XCU": {
      "name": "Cobre",
      "usd_oz": 5.869485,
      "usd_g": 0.1887083247233634,
      "brl_oz": 30.4808225535,
      "brl_g": 0.9799812011208986,
      "chg_1h": -0.05922053314485914,
      "chg_24h": 0.06314589651403503
    }
  }
}
