{
  "timestamp": 1784017865,
  "usdToBrl": 5.1155,
  "metals": {
    "XAU": {
      "name": "Ouro",
      "usd_oz": 4022.899902,
      "usd_g": 129.33923522016033,
      "brl_oz": 20579.144448681,
      "brl_g": 661.6348577687302,
      "chg_1h": 0,
      "chg_24h": -0.9015912797142478
    },
    "XAG": {
      "name": "Prata",
      "usd_oz": 58.159,
      "usd_g": 1.8698552696848347,
      "brl_oz": 297.5123645,
      "brl_g": 9.565244632072773,
      "chg_1h": 0,
      "chg_24h": -0.5964979250102181
    },
    "XPT": {
      "name": "Platina",
      "usd_oz": 1611,
      "usd_g": 51.79485272205968,
      "brl_oz": 8241.0705,
      "brl_g": 264.9565690996963,
      "chg_1h": 0,
      "chg_24h": -0.6781750924784217
    },
    "XPD": {
      "name": "Paládio",
      "usd_oz": 1290,
      "usd_g": 41.474463073530096,
      "brl_oz": 6598.995,
      "brl_g": 212.1626158526432,
      "chg_1h": 0,
      "chg_24h": 0.9389671361502347
    },
    "XCU": {
      "name": "Cobre",
      "usd_oz": 6.145269,
      "usd_g": 0.1975749862150459,
      "brl_oz": 31.436123569499998,
      "brl_g": 1.0106948419830672,
      "chg_1h": 0,
      "chg_24h": 1.1183080134520094
    }
  }
}
