{
  "timestamp": 1771958430,
  "usdToBrl": 5.1769,
  "metals": {
    "XAU": {
      "name": "Ouro",
      "usd_oz": 5159,
      "usd_g": 165.86570154755177,
      "brl_oz": 26707.627099999998,
      "brl_g": 858.6701503415208,
      "chg_1h": -0.042629522531054405,
      "chg_24h": -0.9788867562380038
    },
    "XAG": {
      "name": "Prata",
      "usd_oz": 87.498001,
      "usd_g": 2.8131260554125577,
      "brl_oz": 452.9684013769,
      "brl_g": 14.56327227626527,
      "chg_1h": -0.6979651209011737,
      "chg_24h": -0.18708447718220222
    },
    "XPT": {
      "name": "Platina",
      "usd_oz": 2183,
      "usd_g": 70.18507975931489,
      "brl_oz": 11301.1727,
      "brl_g": 363.34113940599724,
      "chg_1h": 0.5527406725011516,
      "chg_24h": 1.3934045517882026
    },
    "XPD": {
      "name": "Paládio",
      "usd_oz": 1812,
      "usd_g": 58.2571527823539,
      "brl_oz": 9380.5428,
      "brl_g": 301.5914542389679,
      "chg_1h": 0.4434589800443459,
      "chg_24h": 2.3728813559322033
    },
    "XCU": {
      "name": "Cobre",
      "usd_oz": 5.884832,
      "usd_g": 0.18920174223095215,
      "brl_oz": 30.4651867808,
      "brl_g": 0.9794784993554162,
      "chg_1h": -0.02055710781539597,
      "chg_24h": 2.0089135974570143
    }
  }
}
