{
  "timestamp": 1773215746,
  "usdToBrl": 5.1779,
  "metals": {
    "XAU": {
      "name": "Ouro",
      "usd_oz": 5196.700195,
      "usd_g": 167.07779096258463,
      "brl_oz": 26907.993939690503,
      "brl_g": 865.112093825167,
      "chg_1h": -0.046159969124709474,
      "chg_24h": 0.31852050845305213
    },
    "XAG": {
      "name": "Prata",
      "usd_oz": 86.825996,
      "usd_g": 2.791520592964707,
      "brl_oz": 449.5763246884,
      "brl_g": 14.454214478311956,
      "chg_1h": -0.8280967380807629,
      "chg_24h": -2.6461564364190457
    },
    "XPT": {
      "name": "Platina",
      "usd_oz": 2167,
      "usd_g": 69.67066781421684,
      "brl_oz": 11220.5093,
      "brl_g": 360.7477508752334,
      "chg_1h": -1.1855905152758779,
      "chg_24h": -2.4313372354795137
    },
    "XPD": {
      "name": "Paládio",
      "usd_oz": 1675,
      "usd_g": 53.85250050245187,
      "brl_oz": 8672.9825,
      "brl_g": 278.8428623516455,
      "chg_1h": -0.7113218731475993,
      "chg_24h": -2.7858386535113175
    },
    "XCU": {
      "name": "Cobre",
      "usd_oz": 5.815583,
      "usd_g": 0.18697533518182122,
      "brl_oz": 30.112507215700003,
      "brl_g": 0.9681395880379521,
      "chg_1h": -0.19980347424313738,
      "chg_24h": -0.6162541672049789
    }
  }
}
