{
  "timestamp": 1779143731,
  "usdToBrl": 5.0392,
  "metals": {
    "XAU": {
      "name": "Ouro",
      "usd_oz": 4574.5,
      "usd_g": 147.0735901781887,
      "brl_oz": 23051.8204,
      "brl_g": 741.1332356259286,
      "chg_1h": 0.15545163883921914,
      "chg_24h": 0.5649884827147356
    },
    "XAG": {
      "name": "Prata",
      "usd_oz": 78.166,
      "usd_g": 2.513095256283375,
      "brl_oz": 393.8941072,
      "brl_g": 12.663989615463183,
      "chg_1h": 0.4626892527568561,
      "chg_24h": 2.0430569324958308
    },
    "XPT": {
      "name": "Platina",
      "usd_oz": 1991,
      "usd_g": 64.01213641813831,
      "brl_oz": 10033.0472,
      "brl_g": 322.56995783828256,
      "chg_1h": 0.15090543259557343,
      "chg_24h": -0.49975012493753124
    },
    "XPD": {
      "name": "Paládio",
      "usd_oz": 1436,
      "usd_g": 46.16847207254978,
      "brl_oz": 7236.291200000001,
      "brl_g": 232.65216446799286,
      "chg_1h": 0,
      "chg_24h": -0.2777777777777778
    },
    "XCU": {
      "name": "Cobre",
      "usd_oz": 6.148898,
      "usd_g": 0.19769166127434346,
      "brl_oz": 30.9855268016,
      "brl_g": 0.9962078194936715,
      "chg_1h": 0,
      "chg_24h": -1.315008552627141
    }
  }
}
