{
  "timestamp": 1776946319,
  "usdToBrl": 4.9717,
  "metals": {
    "XAU": {
      "name": "Ouro",
      "usd_oz": 4729.600098,
      "usd_g": 152.06017412175606,
      "brl_oz": 23514.1528072266,
      "brl_g": 755.9975676811347,
      "chg_1h": 0.657626614119387,
      "chg_24h": -0.5048805012036585
    },
    "XAG": {
      "name": "Prata",
      "usd_oz": 76.333,
      "usd_g": 2.45416293782308,
      "brl_oz": 379.5047761,
      "brl_g": 12.201361877975007,
      "chg_1h": 2.2175475121510595,
      "chg_24h": -2.3937113383105535
    },
    "XPT": {
      "name": "Platina",
      "usd_oz": 2040,
      "usd_g": 65.58752300000108,
      "brl_oz": 10142.268,
      "brl_g": 326.0814880991054,
      "chg_1h": 1.2909632571996028,
      "chg_24h": -2.158273381294964
    },
    "XPD": {
      "name": "Paládio",
      "usd_oz": 1516,
      "usd_g": 48.74053179804002,
      "brl_oz": 7537.0972,
      "brl_g": 242.32330194031556,
      "chg_1h": 1.2016021361815754,
      "chg_24h": -4.654088050314465
    },
    "XCU": {
      "name": "Cobre",
      "usd_oz": 6.049032,
      "usd_g": 0.19448089481752087,
      "brl_oz": 30.073972394400002,
      "brl_g": 0.9669006647642686,
      "chg_1h": 0,
      "chg_24h": 0.9130842488838242
    }
  }
}
