{
  "timestamp": 1777635276,
  "usdToBrl": 4.9814,
  "metals": {
    "XAU": {
      "name": "Ouro",
      "usd_oz": 4574.600098,
      "usd_g": 147.0768084036187,
      "brl_oz": 22787.9129281772,
      "brl_g": 732.6484133817862,
      "chg_1h": 0.14229110265875788,
      "chg_24h": -1.4285980176264579
    },
    "XAG": {
      "name": "Prata",
      "usd_oz": 73.655998,
      "usd_g": 2.3680953249573693,
      "brl_oz": 366.90998843719996,
      "brl_g": 11.79643005174264,
      "chg_1h": 0.32007192274885643,
      "chg_24h": -0.21946272969380268
    },
    "XPT": {
      "name": "Platina",
      "usd_oz": 1982,
      "usd_g": 63.722779699020656,
      "brl_oz": 9873.1348,
      "brl_g": 317.4286547927015,
      "chg_1h": 0.6091370558375634,
      "chg_24h": 1.381074168797954
    },
    "XPD": {
      "name": "Paládio",
      "usd_oz": 1547,
      "usd_g": 49.737204941667486,
      "brl_oz": 7706.2258,
      "brl_g": 247.7609126964224,
      "chg_1h": 0.5851755526657998,
      "chg_24h": 2.5182239893969514
    },
    "XCU": {
      "name": "Cobre",
      "usd_oz": 5.871224,
      "usd_g": 0.18876423487164623,
      "brl_oz": 29.2469152336,
      "brl_g": 0.9403101595896185,
      "chg_1h": -0.31576506047211433,
      "chg_24h": -0.10676309770534158
    }
  }
}
