{
  "timestamp": 1783448386,
  "usdToBrl": 5.1413,
  "metals": {
    "XAU": {
      "name": "Ouro",
      "usd_oz": 4141.799805,
      "usd_g": 133.16195586854778,
      "brl_oz": 21294.2353374465,
      "brl_g": 684.6255637069647,
      "chg_1h": 0,
      "chg_24h": -0.5164172893381144
    },
    "XAG": {
      "name": "Prata",
      "usd_oz": 61.078999,
      "usd_g": 1.963735417514482,
      "brl_oz": 314.02545755870005,
      "brl_g": 10.096152902067207,
      "chg_1h": 0,
      "chg_24h": -1.9929077195954406
    },
    "XPT": {
      "name": "Platina",
      "usd_oz": 1660,
      "usd_g": 53.370239303922446,
      "brl_oz": 8534.558,
      "brl_g": 274.39241133325646,
      "chg_1h": 0,
      "chg_24h": 1.2195121951219512
    },
    "XPD": {
      "name": "Paládio",
      "usd_oz": 1303,
      "usd_g": 41.89242277892226,
      "brl_oz": 6699.1139,
      "brl_g": 215.381513233273,
      "chg_1h": 0,
      "chg_24h": 0.15372790161414296
    },
    "XCU": {
      "name": "Cobre",
      "usd_oz": 6.03703,
      "usd_g": 0.19409502155720418,
      "brl_oz": 31.038182339,
      "brl_g": 0.9979007343320538,
      "chg_1h": 0,
      "chg_24h": 0.005599093013181447
    }
  }
}
