{
  "timestamp": 1776145079,
  "usdToBrl": 5.0274,
  "metals": {
    "XAU": {
      "name": "Ouro",
      "usd_oz": 4763,
      "usd_g": 153.13400590637508,
      "brl_oz": 23945.5062,
      "brl_g": 769.8659012937101,
      "chg_1h": 0,
      "chg_24h": 0.6742597142149942
    },
    "XAG": {
      "name": "Prata",
      "usd_oz": 76.726997,
      "usd_g": 2.4668302355188794,
      "brl_oz": 385.7373047178,
      "brl_g": 12.401742326047614,
      "chg_1h": 0,
      "chg_24h": 2.78093524827618
    },
    "XPT": {
      "name": "Platina",
      "usd_oz": 2082,
      "usd_g": 66.93785435588346,
      "brl_oz": 10467.0468,
      "brl_g": 336.5233689887685,
      "chg_1h": 0,
      "chg_24h": 1.412566975158305
    },
    "XPD": {
      "name": "Paládio",
      "usd_oz": 1592,
      "usd_g": 51.18398853725574,
      "brl_oz": 8003.620800000001,
      "brl_g": 257.32238397219953,
      "chg_1h": 0,
      "chg_24h": 2.313624678663239
    },
    "XCU": {
      "name": "Cobre",
      "usd_oz": 5.837053,
      "usd_g": 0.18766561171064966,
      "brl_oz": 29.3452002522,
      "brl_g": 0.9434700963141202,
      "chg_1h": 0,
      "chg_24h": 1.3294223112272745
    }
  }
}
