{
  "timestamp": 1772602959,
  "usdToBrl": 5.2434,
  "metals": {
    "XAU": {
      "name": "Ouro",
      "usd_oz": 5164.100098,
      "usd_g": 166.02967350582492,
      "brl_oz": 27077.4424538532,
      "brl_g": 870.5599900604424,
      "chg_1h": 0.1143791007902038,
      "chg_24h": -3.3826602427549113
    },
    "XAG": {
      "name": "Prata",
      "usd_oz": 84.883003,
      "usd_g": 2.7290519174370886,
      "brl_oz": 445.0755379302,
      "brl_g": 14.309510823889632,
      "chg_1h": 0.1924008475873435,
      "chg_24h": -4.976043178755483
    },
    "XPT": {
      "name": "Platina",
      "usd_oz": 2151,
      "usd_g": 69.1562558691188,
      "brl_oz": 11278.5534,
      "brl_g": 362.6139120241375,
      "chg_1h": 0.608044901777362,
      "chg_24h": -5.699254712845243
    },
    "XPD": {
      "name": "Paládio",
      "usd_oz": 1709,
      "usd_g": 54.94562588578522,
      "brl_oz": 8960.9706,
      "brl_g": 288.1018947695262,
      "chg_1h": 0.6478209658421673,
      "chg_24h": -5.055555555555555
    },
    "XCU": {
      "name": "Cobre",
      "usd_oz": 5.861094,
      "usd_g": 0.18843854780890604,
      "brl_oz": 30.7320602796,
      "brl_g": 0.988058681581218,
      "chg_1h": -0.7679566738277672,
      "chg_24h": -2.609106874530273
    }
  }
}
