{
  "timestamp": 1772103683,
  "usdToBrl": 5.1287,
  "metals": {
    "XAU": {
      "name": "Ouro",
      "usd_oz": 5172.600098,
      "usd_g": 166.30295485165826,
      "brl_oz": 26528.7141226126,
      "brl_g": 852.9179645476997,
      "chg_1h": -0.29491324599578256,
      "chg_24h": -0.027056474681099944
    },
    "XAG": {
      "name": "Prata",
      "usd_oz": 87.141998,
      "usd_g": 2.8016802931818865,
      "brl_oz": 446.9251651426,
      "brl_g": 14.368977719641942,
      "chg_1h": -0.6679726199607647,
      "chg_24h": -3.56877965082761
    },
    "XPT": {
      "name": "Platina",
      "usd_oz": 2271,
      "usd_g": 73.01434545735414,
      "brl_oz": 11647.2777,
      "brl_g": 374.4686735471322,
      "chg_1h": -0.9162303664921465,
      "chg_24h": -1.088850174216028
    },
    "XPD": {
      "name": "Paládio",
      "usd_oz": 1776,
      "usd_g": 57.0997259058833,
      "brl_oz": 9108.5712,
      "brl_g": 292.84736425350366,
      "chg_1h": -0.6155567991046447,
      "chg_24h": -3.3206314643440393
    },
    "XCU": {
      "name": "Cobre",
      "usd_oz": 5.956726,
      "usd_g": 0.19151318800475708,
      "brl_oz": 30.5502606362,
      "brl_g": 0.9822136873199977,
      "chg_1h": -0.06596587155310411,
      "chg_24h": 1.0671841797894286
    }
  }
}
