{
  "timestamp": 1776161599,
  "usdToBrl": 5.0274,
  "metals": {
    "XAU": {
      "name": "Ouro",
      "usd_oz": 4784.700195,
      "usd_g": 153.83168337630988,
      "brl_oz": 24054.601760343,
      "brl_g": 773.3734050060604,
      "chg_1h": -0.01462170381428996,
      "chg_24h": 1.495481674171879
    },
    "XAG": {
      "name": "Prata",
      "usd_oz": 77.927002,
      "usd_g": 2.505411292154966,
      "brl_oz": 391.77020985480004,
      "brl_g": 12.595704730179877,
      "chg_1h": -0.2330064367357671,
      "chg_24h": 4.708228828785284
    },
    "XPT": {
      "name": "Platina",
      "usd_oz": 2090,
      "usd_g": 67.19506032843248,
      "brl_oz": 10507.266,
      "brl_g": 337.8164462951614,
      "chg_1h": -0.5235602094240838,
      "chg_24h": 2.3005384238864415
    },
    "XPD": {
      "name": "Paládio",
      "usd_oz": 1598,
      "usd_g": 51.376893016667516,
      "brl_oz": 8033.7852,
      "brl_g": 258.29219195199425,
      "chg_1h": -0.5600497822028625,
      "chg_24h": 2.9639175257731956
    },
    "XCU": {
      "name": "Cobre",
      "usd_oz": 5.87009,
      "usd_g": 0.18872777592503742,
      "brl_oz": 29.511290466000002,
      "brl_g": 0.9488100206855331,
      "chg_1h": -0.07464496827376205,
      "chg_24h": 1.9363794767531421
    }
  }
}
