{
  "timestamp": 1776293677,
  "usdToBrl": 4.9981,
  "metals": {
    "XAU": {
      "name": "Ouro",
      "usd_oz": 4810.299805,
      "usd_g": 154.65472994967558,
      "brl_oz": 24042.359455370497,
      "brl_g": 772.9798057614736,
      "chg_1h": 0.38188240818029323,
      "chg_24h": -0.6300611722983658
    },
    "XAG": {
      "name": "Prata",
      "usd_oz": 79.483002,
      "usd_g": 2.555437853815751,
      "brl_oz": 397.2639922962,
      "brl_g": 12.772333937156505,
      "chg_1h": 0.4727666830225712,
      "chg_24h": -0.1620333618047477
    },
    "XPT": {
      "name": "Platina",
      "usd_oz": 2126,
      "usd_g": 68.35248720490308,
      "brl_oz": 10625.9606,
      "brl_g": 341.63256629882613,
      "chg_1h": 0.3777148253068933,
      "chg_24h": 0.9017560512577124
    },
    "XPD": {
      "name": "Paládio",
      "usd_oz": 1589,
      "usd_g": 51.08753629754986,
      "brl_oz": 7941.9809,
      "brl_g": 255.34061516878396,
      "chg_1h": 0.2523659305993691,
      "chg_24h": -1.0585305105853051
    },
    "XCU": {
      "name": "Cobre",
      "usd_oz": 5.947789,
      "usd_g": 0.19122585678267326,
      "brl_oz": 29.727644200900002,
      "brl_g": 0.9557659547854792,
      "chg_1h": 0,
      "chg_24h": 0.1524735743341937
    }
  }
}
