{
  "timestamp": 1773268364,
  "usdToBrl": 5.1711,
  "metals": {
    "XAU": {
      "name": "Ouro",
      "usd_oz": 5169.5,
      "usd_g": 166.20328438652234,
      "brl_oz": 26732.00145,
      "brl_g": 859.4538038911456,
      "chg_1h": -0.1487328036384799,
      "chg_24h": -0.44486572360727733
    },
    "XAG": {
      "name": "Prata",
      "usd_oz": 85.406998,
      "usd_g": 2.7458987478853167,
      "brl_oz": 441.64812735780004,
      "brl_g": 14.199317015189761,
      "chg_1h": -0.5438235025290197,
      "chg_24h": -3.420708605716357
    },
    "XPT": {
      "name": "Platina",
      "usd_oz": 2166,
      "usd_g": 69.63851706764821,
      "brl_oz": 11200.6026,
      "brl_g": 360.10773560851567,
      "chg_1h": -0.5052824988516307,
      "chg_24h": -1.3211845102505695
    },
    "XPD": {
      "name": "Paládio",
      "usd_oz": 1652,
      "usd_g": 53.11303333137342,
      "brl_oz": 8542.6572,
      "brl_g": 274.6528066598651,
      "chg_1h": -0.42194092827004215,
      "chg_24h": -1.6081000595592614
    },
    "XCU": {
      "name": "Cobre",
      "usd_oz": 5.80633,
      "usd_g": 0.1866778443238217,
      "brl_oz": 30.025113063,
      "brl_g": 0.9653298007829144,
      "chg_1h": 0,
      "chg_24h": -1.3605725314490877
    }
  }
}
