{
  "timestamp": 1778823329,
  "usdToBrl": 4.997,
  "metals": {
    "XAU": {
      "name": "Ouro",
      "usd_oz": 4574.700195,
      "usd_g": 147.08002659689802,
      "brl_oz": 22859.776874415,
      "brl_g": 734.9588929046994,
      "chg_1h": 0,
      "chg_24h": -2.572671813438391
    },
    "XAG": {
      "name": "Prata",
      "usd_oz": 79.063004,
      "usd_g": 2.5419346045584206,
      "brl_oz": 395.077830988,
      "brl_g": 12.702047218978427,
      "chg_1h": 0,
      "chg_24h": -9.186654501555953
    },
    "XPT": {
      "name": "Platina",
      "usd_oz": 2000,
      "usd_g": 64.30149313725596,
      "brl_oz": 9994,
      "brl_g": 321.314561206868,
      "chg_1h": 0,
      "chg_24h": -6.585707613264829
    },
    "XPD": {
      "name": "Paládio",
      "usd_oz": 1442,
      "usd_g": 46.36137655196155,
      "brl_oz": 7205.674,
      "brl_g": 231.66779863015185,
      "chg_1h": 0,
      "chg_24h": -5.006587615283268
    },
    "XCU": {
      "name": "Cobre",
      "usd_oz": 6.31015,
      "usd_g": 0.20287603346002786,
      "brl_oz": 31.53181955,
      "brl_g": 1.0137715391997593,
      "chg_1h": 0,
      "chg_24h": -0.35338177738811083
    }
  }
}
