{
  "timestamp": 1783362807,
  "usdToBrl": 5.18,
  "metals": {
    "XAU": {
      "name": "Ouro",
      "usd_oz": 4163.299805,
      "usd_g": 133.8531969197733,
      "brl_oz": 21565.892989899996,
      "brl_g": 693.3595600444256,
      "chg_1h": 0.3083918804963173,
      "chg_24h": -0.3065130791795556
    },
    "XAG": {
      "name": "Prata",
      "usd_oz": 62.320999,
      "usd_g": 2.003666644752718,
      "brl_oz": 322.82277482,
      "brl_g": 10.378993219819078,
      "chg_1h": 0.8022612082125161,
      "chg_24h": -0.31351313445984796
    },
    "XPT": {
      "name": "Platina",
      "usd_oz": 1640,
      "usd_g": 52.72722437254989,
      "brl_oz": 8495.199999999999,
      "brl_g": 273.1270222498084,
      "chg_1h": 0.3058103975535168,
      "chg_24h": -0.48543689320388345
    },
    "XPD": {
      "name": "Paládio",
      "usd_oz": 1301,
      "usd_g": 41.828121285785,
      "brl_oz": 6739.179999999999,
      "brl_g": 216.6696682603663,
      "chg_1h": 0.8527131782945736,
      "chg_24h": 0.774593338497289
    },
    "XCU": {
      "name": "Cobre",
      "usd_oz": 6.036692,
      "usd_g": 0.194084154604864,
      "brl_oz": 31.27006456,
      "brl_g": 1.0053559208531955,
      "chg_1h": -0.04785099366147917,
      "chg_24h": 0.39070724097228043
    }
  }
}
