{
  "timestamp": 1777267994,
  "usdToBrl": 5.0006,
  "metals": {
    "XAU": {
      "name": "Ouro",
      "usd_oz": 4716.5,
      "usd_g": 151.63899619093388,
      "brl_oz": 23585.3299,
      "brl_g": 758.285964352384,
      "chg_1h": 0,
      "chg_24h": 0.12100270094157291
    },
    "XAG": {
      "name": "Prata",
      "usd_oz": 76.021004,
      "usd_g": 2.444132033496654,
      "brl_oz": 380.15063260240004,
      "brl_g": 12.22212664670337,
      "chg_1h": 0,
      "chg_24h": 0.2823024296213074
    },
    "XPT": {
      "name": "Platina",
      "usd_oz": 2024,
      "usd_g": 65.07311105490304,
      "brl_oz": 10121.2144,
      "brl_g": 325.40459914114814,
      "chg_1h": 0,
      "chg_24h": 0.09891196834817012
    },
    "XPD": {
      "name": "Paládio",
      "usd_oz": 1519,
      "usd_g": 48.83698403774591,
      "brl_oz": 7595.911400000001,
      "brl_g": 244.2142223791522,
      "chg_1h": 0,
      "chg_24h": -0.32808398950131235
    },
    "XCU": {
      "name": "Cobre",
      "usd_oz": 6.003068,
      "usd_g": 0.19300311790224042,
      "brl_oz": 30.0189418408,
      "brl_g": 0.9651313913819435,
      "chg_1h": 0,
      "chg_24h": 0.2813961324193903
    }
  }
}
