{
  "timestamp": 1771803238,
  "usdToBrl": 5.2144,
  "metals": {
    "XAU": {
      "name": "Ouro",
      "usd_oz": 5147.700195,
      "usd_g": 165.50240438072186,
      "brl_oz": 26842.167896808005,
      "brl_g": 862.9957374028361,
      "chg_1h": 0.7791909348970684,
      "chg_24h": 0.7791909348970684
    },
    "XAG": {
      "name": "Prata",
      "usd_oz": 86.421997,
      "usd_g": 2.778531723501728,
      "brl_oz": 450.63886115680003,
      "brl_g": 14.48837581902741,
      "chg_1h": 1.9536111407122223,
      "chg_24h": 1.9536111407122223
    },
    "XPT": {
      "name": "Platina",
      "usd_oz": 2204,
      "usd_g": 70.86024543725607,
      "brl_oz": 11492.537600000001,
      "brl_g": 369.4936638080281,
      "chg_1h": 1.7074296262113522,
      "chg_24h": 1.7074296262113522
    },
    "XPD": {
      "name": "Paládio",
      "usd_oz": 1797,
      "usd_g": 57.774891583824484,
      "brl_oz": 9370.276800000001,
      "brl_g": 301.26139467469443,
      "chg_1h": 0.7851934941110488,
      "chg_24h": 0.7851934941110488
    },
    "XCU": {
      "name": "Cobre",
      "usd_oz": 5.769319,
      "usd_g": 0.18548791304257023,
      "brl_oz": 30.083536993600003,
      "brl_g": 0.9672081737691782,
      "chg_1h": 0,
      "chg_24h": 0
    }
  }
}
