{
  "timestamp": 1782872980,
  "usdToBrl": 5.1784,
  "metals": {
    "XAU": {
      "name": "Ouro",
      "usd_oz": 3982.300049,
      "usd_g": 128.0339196356338,
      "brl_oz": 20621.9425737416,
      "brl_g": 663.010849441166,
      "chg_1h": 0,
      "chg_24h": 0.1634891070951843
    },
    "XAG": {
      "name": "Prata",
      "usd_oz": 57.880001,
      "usd_g": 1.8608852435429342,
      "brl_oz": 299.7257971784,
      "brl_g": 9.63640814516273,
      "chg_1h": 0,
      "chg_24h": 0.6363685363563604
    },
    "XPT": {
      "name": "Platina",
      "usd_oz": 1543,
      "usd_g": 49.60860195539298,
      "brl_oz": 7990.2712,
      "brl_g": 256.893184365807,
      "chg_1h": 0,
      "chg_24h": -1.9071837253655435
    },
    "XPD": {
      "name": "Paládio",
      "usd_oz": 1224,
      "usd_g": 39.35251380000065,
      "brl_oz": 6338.3616,
      "brl_g": 203.78305746192336,
      "chg_1h": 0,
      "chg_24h": -1.5285599356395816
    },
    "XCU": {
      "name": "Cobre",
      "usd_oz": 6.007529,
      "usd_g": 0.19314654238268308,
      "brl_oz": 31.1093881736,
      "brl_g": 1.000190055074486,
      "chg_1h": 0,
      "chg_24h": -0.34611208225606505
    }
  }
}
