{
  "timestamp": 1776099871,
  "usdToBrl": 5.0274,
  "metals": {
    "XAU": {
      "name": "Ouro",
      "usd_oz": 4737.899902,
      "usd_g": 152.32701901672937,
      "brl_oz": 23819.3179673148,
      "brl_g": 765.8088554047052,
      "chg_1h": 0.519794638889098,
      "chg_24h": -0.2379409697636517
    },
    "XAG": {
      "name": "Prata",
      "usd_oz": 75.560997,
      "usd_g": 2.429342465019859,
      "brl_oz": 379.8753563178,
      "brl_g": 12.21327630864084,
      "chg_1h": 1.820506694791903,
      "chg_24h": -0.595946799273812
    },
    "XPT": {
      "name": "Platina",
      "usd_oz": 2075,
      "usd_g": 66.71279912990306,
      "brl_oz": 10431.855,
      "brl_g": 335.3919263456747,
      "chg_1h": 1.2195121951219512,
      "chg_24h": 1.0223953261927945
    },
    "XPD": {
      "name": "Paládio",
      "usd_oz": 1596,
      "usd_g": 51.31259152353026,
      "brl_oz": 8023.7304,
      "brl_g": 257.96892262539603,
      "chg_1h": 1.3333333333333335,
      "chg_24h": 3.167420814479638
    },
    "XCU": {
      "name": "Cobre",
      "usd_oz": 5.851644,
      "usd_g": 0.18813472325383251,
      "brl_oz": 29.4185550456,
      "brl_g": 0.9458285076863177,
      "chg_1h": 0.2577528012884299,
      "chg_24h": 1.6440871746609527
    }
  }
}
