{
  "timestamp": 1781072312,
  "usdToBrl": 5.163,
  "metals": {
    "XAU": {
      "name": "Ouro",
      "usd_oz": 4213.399902,
      "usd_g": 135.46395244148397,
      "brl_oz": 21753.783694026002,
      "brl_g": 699.4003864553817,
      "chg_1h": 0,
      "chg_24h": -2.8812466075885506
    },
    "XAG": {
      "name": "Prata",
      "usd_oz": 65.065002,
      "usd_g": 2.091888389789273,
      "brl_oz": 335.93060532600003,
      "brl_g": 10.800419756482016,
      "chg_1h": 0,
      "chg_24h": -5.085266221414715
    },
    "XPT": {
      "name": "Platina",
      "usd_oz": 1686,
      "usd_g": 54.206158714706774,
      "brl_oz": 8704.818000000001,
      "brl_g": 279.86639744403107,
      "chg_1h": 0,
      "chg_24h": -4.638009049773756
    },
    "XPD": {
      "name": "Paládio",
      "usd_oz": 1234,
      "usd_g": 39.67402126568693,
      "brl_oz": 6371.142000000001,
      "brl_g": 204.83697179474163,
      "chg_1h": 0,
      "chg_24h": -0.9630818619582664
    },
    "XCU": {
      "name": "Cobre",
      "usd_oz": 6.201666,
      "usd_g": 0.19938819186927684,
      "brl_oz": 32.019201558000006,
      "brl_g": 1.0294412346210764,
      "chg_1h": 0,
      "chg_24h": -0.5684673155343111
    }
  }
}
