{
  "timestamp": 1775160295,
  "usdToBrl": 5.1818,
  "metals": {
    "XAU": {
      "name": "Ouro",
      "usd_oz": 4676.799805,
      "usd_g": 150.36260528276375,
      "brl_oz": 24234.241229549,
      "brl_g": 779.1489480542252,
      "chg_1h": 0.22071798992820427,
      "chg_24h": -1.865421372776906
    },
    "XAG": {
      "name": "Prata",
      "usd_oz": 72.877998,
      "usd_g": 2.343082044126977,
      "brl_oz": 377.6392100364,
      "brl_g": 12.14138253625717,
      "chg_1h": 0.3331626099134701,
      "chg_24h": -3.18946988123473
    },
    "XPT": {
      "name": "Platina",
      "usd_oz": 2007,
      "usd_g": 64.52654836323636,
      "brl_oz": 10399.8726,
      "brl_g": 334.3636683086182,
      "chg_1h": 0.35000000000000003,
      "chg_24h": 1.8781725888324874
    },
    "XPD": {
      "name": "Paládio",
      "usd_oz": 1536,
      "usd_g": 49.38354672941258,
      "brl_oz": 7959.2448,
      "brl_g": 255.8956624424701,
      "chg_1h": 0.26109660574412535,
      "chg_24h": 1.9920318725099602
    },
    "XCU": {
      "name": "Cobre",
      "usd_oz": 5.510333,
      "usd_g": 0.17716131979174754,
      "brl_oz": 28.5534435394,
      "brl_g": 0.9180145268968773,
      "chg_1h": 0,
      "chg_24h": -0.5963318474796009
    }
  }
}
