{
  "timestamp": 1772959480,
  "usdToBrl": 5.2765,
  "metals": {
    "XAU": {
      "name": "Ouro",
      "usd_oz": 5174,
      "usd_g": 166.34796274608118,
      "brl_oz": 27300.611,
      "brl_g": 877.7350254296974,
      "chg_1h": 0,
      "chg_24h": 0
    },
    "XAG": {
      "name": "Prata",
      "usd_oz": 84.593002,
      "usd_g": 2.71972816878144,
      "brl_oz": 446.35497505300003,
      "brl_g": 14.35064568257527,
      "chg_1h": 0,
      "chg_24h": 0
    },
    "XPT": {
      "name": "Platina",
      "usd_oz": 2155,
      "usd_g": 69.2848588553933,
      "brl_oz": 11370.8575,
      "brl_g": 365.5815577504828,
      "chg_1h": 0,
      "chg_24h": 0
    },
    "XPD": {
      "name": "Paládio",
      "usd_oz": 1651,
      "usd_g": 53.0808825848048,
      "brl_oz": 8711.5015,
      "brl_g": 280.0812769587225,
      "chg_1h": 0,
      "chg_24h": 0
    },
    "XCU": {
      "name": "Cobre",
      "usd_oz": 5.796064,
      "usd_g": 0.1863477847595482,
      "brl_oz": 30.582931696000003,
      "brl_g": 0.9832640862837561,
      "chg_1h": 0,
      "chg_24h": 0
    }
  }
}
