{
  "timestamp": 1778760864,
  "usdToBrl": 4.9039,
  "metals": {
    "XAU": {
      "name": "Ouro",
      "usd_oz": 4701.299805,
      "usd_g": 151.15029857369512,
      "brl_oz": 23054.7041137395,
      "brl_g": 741.2259491755435,
      "chg_1h": 0.08088994145821503,
      "chg_24h": 0.20248093258105246
    },
    "XAG": {
      "name": "Prata",
      "usd_oz": 86.948997,
      "usd_g": 2.795475166943395,
      "brl_oz": 426.38918638830006,
      "brl_g": 13.708730671173715,
      "chg_1h": -0.15731805522492245,
      "chg_24h": 0.2351651310681362
    },
    "XPT": {
      "name": "Platina",
      "usd_oz": 2103,
      "usd_g": 67.61302003382464,
      "brl_oz": 10312.9017,
      "brl_g": 331.56748894387266,
      "chg_1h": -0.708215297450425,
      "chg_24h": -2.0493712156497437
    },
    "XPD": {
      "name": "Paládio",
      "usd_oz": 1488,
      "usd_g": 47.84031089411844,
      "brl_oz": 7297.0032,
      "brl_g": 234.60410059366743,
      "chg_1h": -0.6675567423230975,
      "chg_24h": -1.9762845849802373
    },
    "XCU": {
      "name": "Cobre",
      "usd_oz": 6.334871,
      "usd_g": 0.2036708320659509,
      "brl_oz": 31.0655738969,
      "brl_g": 0.9987813933682167,
      "chg_1h": -0.359107740501207,
      "chg_24h": 0.3604971771748187
    }
  }
}
