{
  "timestamp": 1775080397,
  "usdToBrl": 5.1598,
  "metals": {
    "XAU": {
      "name": "Ouro",
      "usd_oz": 4759.5,
      "usd_g": 153.0214782933849,
      "brl_oz": 24558.0681,
      "brl_g": 789.5602236982073,
      "chg_1h": -0.00840147919564614,
      "chg_24h": 1.9208573974404102
    },
    "XAG": {
      "name": "Prata",
      "usd_oz": 75.233002,
      "usd_g": 2.418797180899082,
      "brl_oz": 388.18724371959996,
      "brl_g": 12.480509694003082,
      "chg_1h": -0.002657008006151105,
      "chg_24h": -0.022588704318938148
    },
    "XPT": {
      "name": "Platina",
      "usd_oz": 1971,
      "usd_g": 63.36912148676575,
      "brl_oz": 10169.9658,
      "brl_g": 326.9719930474139,
      "chg_1h": 0.1524390243902439,
      "chg_24h": 0.45871559633027525
    },
    "XPD": {
      "name": "Paládio",
      "usd_oz": 1501,
      "usd_g": 48.2582705995106,
      "brl_oz": 7744.859799999999,
      "brl_g": 249.0030246393548,
      "chg_1h": 0,
      "chg_24h": -0.33200531208499334
    },
    "XCU": {
      "name": "Cobre",
      "usd_oz": 5.54339,
      "usd_g": 0.17822412702106666,
      "brl_oz": 28.602783721999998,
      "brl_g": 0.9196008506032997,
      "chg_1h": 0,
      "chg_24h": -0.20025157921136266
    }
  }
}
