{
  "timestamp": 1782105891,
  "usdToBrl": 5.1603,
  "metals": {
    "XAU": {
      "name": "Ouro",
      "usd_oz": 4188.600098,
      "usd_g": 134.66662022812832,
      "brl_oz": 21614.4330857094,
      "brl_g": 694.9201603632106,
      "chg_1h": 0,
      "chg_24h": 0.7674333366253165
    },
    "XAG": {
      "name": "Prata",
      "usd_oz": 65.786003,
      "usd_g": 2.115069110216,
      "brl_oz": 339.4755112809,
      "brl_g": 10.914391129447626,
      "chg_1h": 0,
      "chg_24h": 1.2699989419805455
    },
    "XPT": {
      "name": "Platina",
      "usd_oz": 1673,
      "usd_g": 53.78819900931461,
      "brl_oz": 8633.181900000001,
      "brl_g": 277.5632433477662,
      "chg_1h": 0,
      "chg_24h": -0.05973715651135006
    },
    "XPD": {
      "name": "Paládio",
      "usd_oz": 1290,
      "usd_g": 41.474463073530096,
      "brl_oz": 6656.787,
      "brl_g": 214.02067179833736,
      "chg_1h": 0,
      "chg_24h": 0.78125
    },
    "XCU": {
      "name": "Cobre",
      "usd_oz": 6.151318,
      "usd_g": 0.19776946608103954,
      "brl_oz": 31.742646275400002,
      "brl_g": 1.0205497758179884,
      "chg_1h": 0,
      "chg_24h": -0.4326125821356136
    }
  }
}
