{
  "timestamp": 1771308710,
  "usdToBrl": 5.2244,
  "metals": {
    "XAU": {
      "name": "Ouro",
      "usd_oz": 4892,
      "usd_g": 157.28145221372807,
      "brl_oz": 25557.7648,
      "brl_g": 821.701218945401,
      "chg_1h": -1.057779808318069,
      "chg_24h": -1.9914233271546053
    },
    "XAG": {
      "name": "Prata",
      "usd_oz": 74.629997,
      "usd_g": 2.399410119964467,
      "brl_oz": 389.8969563268,
      "brl_g": 12.535478230742362,
      "chg_1h": -0.6522976310317692,
      "chg_24h": -2.068083850771801
    },
    "XPT": {
      "name": "Platina",
      "usd_oz": 2006,
      "usd_g": 64.49439761666773,
      "brl_oz": 10480.1464,
      "brl_g": 336.94453090851886,
      "chg_1h": -0.6930693069306931,
      "chg_24h": -2.6686074721009216
    },
    "XPD": {
      "name": "Paládio",
      "usd_oz": 1713,
      "usd_g": 55.074228872059734,
      "brl_oz": 8949.3972,
      "brl_g": 287.7298013191889,
      "chg_1h": -0.2910360884749709,
      "chg_24h": 0.528169014084507
    },
    "XCU": {
      "name": "Cobre",
      "usd_oz": 5.767276,
      "usd_g": 0.1854222290673305,
      "brl_oz": 30.1305567344,
      "brl_g": 0.9687198935393615,
      "chg_1h": -0.10475767512787834,
      "chg_24h": 0.022285848174237573
    }
  }
}
