{
  "timestamp": 1782223294,
  "usdToBrl": 5.1519,
  "metals": {
    "XAU": {
      "name": "Ouro",
      "usd_oz": 4138.299805,
      "usd_g": 133.0494282555576,
      "brl_oz": 21320.1067653795,
      "brl_g": 685.4573494298072,
      "chg_1h": 0,
      "chg_24h": -1.0969931614374082
    },
    "XAG": {
      "name": "Prata",
      "usd_oz": 62.466,
      "usd_g": 2.0083285351559157,
      "brl_oz": 321.8185854,
      "brl_g": 10.346707780269762,
      "chg_1h": 0,
      "chg_24h": -4.7542083434984175
    },
    "XPT": {
      "name": "Platina",
      "usd_oz": 1670,
      "usd_g": 53.69174676960873,
      "brl_oz": 8603.673,
      "brl_g": 276.6145101823472,
      "chg_1h": 0,
      "chg_24h": -0.23894862604540024
    },
    "XPD": {
      "name": "Paládio",
      "usd_oz": 1260,
      "usd_g": 40.50994067647126,
      "brl_oz": 6491.394,
      "brl_g": 208.7031633711123,
      "chg_1h": 0,
      "chg_24h": -1.5625
    },
    "XCU": {
      "name": "Cobre",
      "usd_oz": 6.064832,
      "usd_g": 0.1949888766133052,
      "brl_oz": 31.245407980800003,
      "brl_g": 1.004563193424087,
      "chg_1h": 0,
      "chg_24h": -1.5571924729502007
    }
  }
}
