{
  "timestamp": 1778171270,
  "usdToBrl": 4.9167,
  "metals": {
    "XAU": {
      "name": "Ouro",
      "usd_oz": 4721.100098,
      "usd_g": 151.78689277592272,
      "brl_oz": 23212.232851836598,
      "brl_g": 746.2906157113792,
      "chg_1h": -0.6816009677080069,
      "chg_24h": 0.7211037144230684
    },
    "XAG": {
      "name": "Prata",
      "usd_oz": 80.176003,
      "usd_g": 2.5777183533385566,
      "brl_oz": 394.20135395009993,
      "brl_g": 12.67386782785968,
      "chg_1h": -2.132483019389538,
      "chg_24h": 4.012561784050953
    },
    "XPT": {
      "name": "Platina",
      "usd_oz": 2050,
      "usd_g": 65.90903046568737,
      "brl_oz": 10079.234999999999,
      "brl_g": 324.05493009064503,
      "chg_1h": -1.4896684286400768,
      "chg_24h": -0.3403014098201264
    },
    "XPD": {
      "name": "Paládio",
      "usd_oz": 1532,
      "usd_g": 49.254943743138064,
      "brl_oz": 7532.384399999999,
      "brl_g": 242.1717819018869,
      "chg_1h": -1.0974822466107166,
      "chg_24h": -1.983365323096609
    },
    "XCU": {
      "name": "Cobre",
      "usd_oz": 6.003371,
      "usd_g": 0.1930128595784507,
      "brl_oz": 29.516774195699995,
      "brl_g": 0.9489863266893686,
      "chg_1h": -0.23743452395691617,
      "chg_24h": -0.24496050506196934
    }
  }
}
