{
  "timestamp": 1776708678,
  "usdToBrl": 4.9831,
  "metals": {
    "XAU": {
      "name": "Ouro",
      "usd_oz": 4815.100098,
      "usd_g": 154.80906295337374,
      "brl_oz": 23994.125298343803,
      "brl_g": 771.4290416029568,
      "chg_1h": 0.11435462175508299,
      "chg_24h": -0.3373722798904056
    },
    "XAG": {
      "name": "Prata",
      "usd_oz": 79.990997,
      "usd_g": 2.571770272318881,
      "brl_oz": 398.6031371507,
      "brl_g": 12.815388443992218,
      "chg_1h": -0.14855074087441827,
      "chg_24h": -1.185901406327367
    },
    "XPT": {
      "name": "Platina",
      "usd_oz": 2089,
      "usd_g": 67.16290958186386,
      "brl_oz": 10409.6959,
      "brl_g": 334.6794947373858,
      "chg_1h": 0,
      "chg_24h": -0.9952606635071091
    },
    "XPD": {
      "name": "Paládio",
      "usd_oz": 1581,
      "usd_g": 50.83033032500084,
      "brl_oz": 7878.2811,
      "brl_g": 253.2926190425117,
      "chg_1h": -0.06321112515802782,
      "chg_24h": -0.06321112515802782
    },
    "XCU": {
      "name": "Cobre",
      "usd_oz": 5.96619,
      "usd_g": 0.19181746267028257,
      "brl_oz": 29.730121389,
      "brl_g": 0.9558455982322851,
      "chg_1h": 0.3703288108681872,
      "chg_24h": -0.5303931992031289
    }
  }
}
