{
  "timestamp": 1775066755,
  "usdToBrl": 5.1598,
  "metals": {
    "XAU": {
      "name": "Ouro",
      "usd_oz": 4765.600098,
      "usd_g": 153.21760099822666,
      "brl_oz": 24589.5433856604,
      "brl_g": 790.5721776306499,
      "chg_1h": -0.5301586725109604,
      "chg_24h": 2.5124827460708485
    },
    "XAG": {
      "name": "Prata",
      "usd_oz": 75.782997,
      "usd_g": 2.4364799307580944,
      "brl_oz": 391.02510792059996,
      "brl_g": 12.571749146725615,
      "chg_1h": -0.3956193154934133,
      "chg_24h": 1.4525141624277484
    },
    "XPT": {
      "name": "Platina",
      "usd_oz": 1977,
      "usd_g": 63.56202596617752,
      "brl_oz": 10200.9246,
      "brl_g": 327.9673415802828,
      "chg_1h": -0.9519038076152305,
      "chg_24h": 0.5083884087442806
    },
    "XPD": {
      "name": "Paládio",
      "usd_oz": 1509,
      "usd_g": 48.515476572059626,
      "brl_oz": 7786.138199999999,
      "brl_g": 250.33015601651326,
      "chg_1h": -0.6583278472679395,
      "chg_24h": 0.199203187250996
    },
    "XCU": {
      "name": "Cobre",
      "usd_oz": 5.568215,
      "usd_g": 0.17902226930463286,
      "brl_oz": 28.730875757,
      "brl_g": 0.9237191051580446,
      "chg_1h": -0.16552376024370838,
      "chg_24h": -0.19664158893429293
    }
  }
}
