{
  "timestamp": 1770850377,
  "usdToBrl": 5.1893,
  "metals": {
    "XAU": {
      "name": "Ouro",
      "usd_oz": 5085.100098,
      "usd_g": 163.48976452690331,
      "brl_oz": 26388.1099385514,
      "brl_g": 848.3974350594594,
      "chg_1h": 0.08857221417153939,
      "chg_24h": 1.1597894338662695
    },
    "XAG": {
      "name": "Prata",
      "usd_oz": 84.407997,
      "usd_g": 2.713780119912511,
      "brl_oz": 438.0184188321,
      "brl_g": 14.082619176261993,
      "chg_1h": 0.20894077763935892,
      "chg_24h": 4.2794981715754
    },
    "XPT": {
      "name": "Platina",
      "usd_oz": 2141,
      "usd_g": 68.83474840343251,
      "brl_oz": 11110.2913,
      "brl_g": 357.2041598899324,
      "chg_1h": 0,
      "chg_24h": 2.195704057279236
    },
    "XPD": {
      "name": "Paládio",
      "usd_oz": 1739,
      "usd_g": 55.91014828284406,
      "brl_oz": 9024.1927,
      "brl_g": 290.1345324841627,
      "chg_1h": 0.23054755043227668,
      "chg_24h": 0.462160600808781
    },
    "XCU": {
      "name": "Cobre",
      "usd_oz": 6.040261,
      "usd_g": 0.19419890061936743,
      "brl_oz": 31.3447264073,
      "brl_g": 1.0077563549840833,
      "chg_1h": 0,
      "chg_24h": 2.5138570173388666
    }
  }
}
