{
  "timestamp": 1781482322,
  "usdToBrl": 5.1073,
  "metals": {
    "XAU": {
      "name": "Ouro",
      "usd_oz": 4300,
      "usd_g": 138.24821024510032,
      "brl_oz": 21961.390000000003,
      "brl_g": 706.075084184801,
      "chg_1h": 0.18405679782913842,
      "chg_24h": 1.8884960472612764
    },
    "XAG": {
      "name": "Prata",
      "usd_oz": 70.570999,
      "usd_g": 2.268910303943899,
      "brl_oz": 360.4272631927,
      "brl_g": 11.588005595332676,
      "chg_1h": 0.3912043470810432,
      "chg_24h": 3.541824127876053
    },
    "XPT": {
      "name": "Platina",
      "usd_oz": 1775,
      "usd_g": 57.067575159314664,
      "brl_oz": 9065.4575,
      "brl_g": 291.46122661116783,
      "chg_1h": 0.39592760180995473,
      "chg_24h": 2.8389339513325607
    },
    "XPD": {
      "name": "Paládio",
      "usd_oz": 1349,
      "usd_g": 43.37135712107915,
      "brl_oz": 6889.747700000001,
      "brl_g": 221.51053222448755,
      "chg_1h": 0.4467609828741623,
      "chg_24h": 3.134556574923547
    },
    "XCU": {
      "name": "Cobre",
      "usd_oz": 6.185488,
      "usd_g": 0.19886805709128957,
      "brl_oz": 31.591142862400005,
      "brl_g": 1.0156788279823432,
      "chg_1h": 0.896743877714649,
      "chg_24h": 0.7675158327733383
    }
  }
}
