{
  "timestamp": 1773207147,
  "usdToBrl": 5.1779,
  "metals": {
    "XAU": {
      "name": "Ouro",
      "usd_oz": 5196,
      "usd_g": 167.05527917059098,
      "brl_oz": 26904.3684,
      "brl_g": 864.9955300174031,
      "chg_1h": -0.2208353336533845,
      "chg_24h": 0.4854106340424744
    },
    "XAG": {
      "name": "Prata",
      "usd_oz": 87.566002,
      "usd_g": 2.8153123383299707,
      "brl_oz": 453.4080017558,
      "brl_g": 14.577405756638756,
      "chg_1h": -1.0553649717514153,
      "chg_24h": -1.2406085760043302
    },
    "XPT": {
      "name": "Platina",
      "usd_oz": 2186,
      "usd_g": 70.28153199902077,
      "brl_oz": 11318.8894,
      "brl_g": 363.91074453772967,
      "chg_1h": -0.9963768115942028,
      "chg_24h": -0.5006827492034593
    },
    "XPD": {
      "name": "Paládio",
      "usd_oz": 1688,
      "usd_g": 54.27046020784403,
      "brl_oz": 8740.2952,
      "brl_g": 281.0070159101956,
      "chg_1h": -0.8225616921269095,
      "chg_24h": -0.997067448680352
    },
    "XCU": {
      "name": "Cobre",
      "usd_oz": 5.839699,
      "usd_g": 0.18775068258607028,
      "brl_oz": 30.237377452100002,
      "brl_g": 0.9721542593624133,
      "chg_1h": -0.14737570699814012,
      "chg_24h": 0.025898451008863645
    }
  }
}
