{
  "timestamp": 1781286909,
  "usdToBrl": 5.1073,
  "metals": {
    "XAU": {
      "name": "Ouro",
      "usd_oz": 4225.100098,
      "usd_g": 135.84012247788326,
      "brl_oz": 21578.853730515402,
      "brl_g": 693.7762575312933,
      "chg_1h": 0,
      "chg_24h": 1.726301287903285
    },
    "XAG": {
      "name": "Prata",
      "usd_oz": 68.263,
      "usd_g": 2.194706413014252,
      "brl_oz": 348.63961990000007,
      "brl_g": 11.209024063187691,
      "chg_1h": 0,
      "chg_24h": 3.3755385123817447
    },
    "XPT": {
      "name": "Platina",
      "usd_oz": 1713,
      "usd_g": 55.074228872059734,
      "brl_oz": 8748.804900000001,
      "brl_g": 281.2806091182707,
      "chg_1h": 0,
      "chg_24h": 0.11689070718877849
    },
    "XPD": {
      "name": "Paládio",
      "usd_oz": 1305,
      "usd_g": 41.95672427205952,
      "brl_oz": 6665.026500000001,
      "brl_g": 214.28557787468958,
      "chg_1h": 0,
      "chg_24h": 1.0844306738962044
    },
    "XCU": {
      "name": "Cobre",
      "usd_oz": 6.156156,
      "usd_g": 0.19792501139293855,
      "brl_oz": 31.441335538800004,
      "brl_g": 1.010862410687155,
      "chg_1h": 0,
      "chg_24h": 1.1078883833987543
    }
  }
}
