{
  "timestamp": 1773703283,
  "usdToBrl": 5.2703,
  "metals": {
    "XAU": {
      "name": "Ouro",
      "usd_oz": 5007,
      "usd_g": 160.9787880691203,
      "brl_oz": 26388.392099999997,
      "brl_g": 848.4065067606847,
      "chg_1h": -0.08979347500748279,
      "chg_24h": 0.3990275231888901
    },
    "XAG": {
      "name": "Prata",
      "usd_oz": 81.042,
      "usd_g": 2.605560803414749,
      "brl_oz": 427.1156526,
      "brl_g": 13.73208710223675,
      "chg_1h": 0.1309713896524944,
      "chg_24h": 1.440714241162522
    },
    "XPT": {
      "name": "Platina",
      "usd_oz": 2130,
      "usd_g": 68.4810901911776,
      "brl_oz": 11225.739,
      "brl_g": 360.9158896345633,
      "chg_1h": 0.2824858757062147,
      "chg_24h": 5.133267522211254
    },
    "XPD": {
      "name": "Paládio",
      "usd_oz": 1636,
      "usd_g": 52.598621386275376,
      "brl_oz": 8622.210799999999,
      "brl_g": 277.2105142920871,
      "chg_1h": 0.8009858287122612,
      "chg_24h": 4.871794871794872
    },
    "XCU": {
      "name": "Cobre",
      "usd_oz": 5.833047,
      "usd_g": 0.18753681581989573,
      "brl_oz": 30.741907604099996,
      "brl_g": 0.9883752804155964,
      "chg_1h": 0,
      "chg_24h": -0.6699318914213483
    }
  }
}
