{
  "timestamp": 1773993849,
  "usdToBrl": 5.2987,
  "metals": {
    "XAU": {
      "name": "Ouro",
      "usd_oz": 4705.799805,
      "usd_g": 151.29497693325396,
      "brl_oz": 24934.6214267535,
      "brl_g": 801.6666942762328,
      "chg_1h": 0.36898379012476595,
      "chg_24h": -0.9201009579955859
    },
    "XAG": {
      "name": "Prata",
      "usd_oz": 72.960999,
      "usd_g": 2.3457505882429195,
      "brl_oz": 386.5984454013,
      "brl_g": 12.429428641922758,
      "chg_1h": 1.0708081082280574,
      "chg_24h": 1.292517024746866
    },
    "XPT": {
      "name": "Platina",
      "usd_oz": 2011,
      "usd_g": 64.65515134951087,
      "brl_oz": 10655.6857,
      "brl_g": 342.5882504556533,
      "chg_1h": 0.49975012493753124,
      "chg_24h": 2.864450127877238
    },
    "XPD": {
      "name": "Paládio",
      "usd_oz": 1504,
      "usd_g": 48.354722839216485,
      "brl_oz": 7969.2448,
      "brl_g": 256.2171699081564,
      "chg_1h": 0.7367716008037508,
      "chg_24h": 1.3477088948787064
    },
    "XCU": {
      "name": "Cobre",
      "usd_oz": 5.46163,
      "usd_g": 0.17559548198161565,
      "brl_oz": 28.939538881000004,
      "brl_g": 0.9304277803759868,
      "chg_1h": 0.08726617539585668,
      "chg_24h": -2.1680330394234697
    }
  }
}
