{
  "timestamp": 1782340800,
  "usdToBrl": 5.1996,
  "metals": {
    "XAU": {
      "name": "Ouro",
      "usd_oz": 4005.699951,
      "usd_g": 128.78624395456652,
      "brl_oz": 20828.0374652196,
      "brl_g": 669.6369540661641,
      "chg_1h": 0.1324879794480093,
      "chg_24h": -2.330964780566672
    },
    "XAG": {
      "name": "Prata",
      "usd_oz": 57.847,
      "usd_g": 1.859824236755423,
      "brl_oz": 300.7812612,
      "brl_g": 9.670342101433498,
      "chg_1h": 0.5125834206485825,
      "chg_24h": -6.078810215778279
    },
    "XPT": {
      "name": "Platina",
      "usd_oz": 1601,
      "usd_g": 51.4733452563734,
      "brl_oz": 8324.5596,
      "brl_g": 267.64080599503916,
      "chg_1h": 0.3761755485893417,
      "chg_24h": -3.6702767749699152
    },
    "XPD": {
      "name": "Paládio",
      "usd_oz": 1198,
      "usd_g": 38.51659438921632,
      "brl_oz": 6229.120800000001,
      "brl_g": 200.2708841861692,
      "chg_1h": 0.4191114836546521,
      "chg_24h": -4.6937151949085125
    },
    "XCU": {
      "name": "Cobre",
      "usd_oz": 6.066279,
      "usd_g": 0.19503539874358997,
      "brl_oz": 31.5422242884,
      "brl_g": 1.0141060593071705,
      "chg_1h": 0,
      "chg_24h": -0.08925015704008732
    }
  }
}
