{
  "timestamp": 1773359847,
  "usdToBrl": 5.1621,
  "metals": {
    "XAU": {
      "name": "Ouro",
      "usd_oz": 5100.600098,
      "usd_g": 163.98810109871704,
      "brl_oz": 26329.8077658858,
      "brl_g": 846.5229766816872,
      "chg_1h": 0.10009023648316925,
      "chg_24h": -0.8456289568881559
    },
    "XAG": {
      "name": "Prata",
      "usd_oz": 84.263,
      "usd_g": 2.7091183581123,
      "brl_oz": 434.9740323,
      "brl_g": 13.984739876411503,
      "chg_1h": -0.20725738614096237,
      "chg_24h": -0.6601959529890621
    },
    "XPT": {
      "name": "Platina",
      "usd_oz": 2149,
      "usd_g": 69.09195437598153,
      "brl_oz": 11093.3529,
      "brl_g": 356.65957768425426,
      "chg_1h": -0.18578727357176034,
      "chg_24h": 0.04655493482309125
    },
    "XPD": {
      "name": "Paládio",
      "usd_oz": 1650,
      "usd_g": 53.04873183823617,
      "brl_oz": 8517.465,
      "brl_g": 273.84285862215893,
      "chg_1h": -0.12106537530266344,
      "chg_24h": 0.794135613927917
    },
    "XCU": {
      "name": "Cobre",
      "usd_oz": 5.840421,
      "usd_g": 0.18777389542509282,
      "brl_oz": 30.148837244099997,
      "brl_g": 0.9693076255738716,
      "chg_1h": 0,
      "chg_24h": 0.587135074995739
    }
  }
}
