{
  "timestamp": 1773299420,
  "usdToBrl": 5.1711,
  "metals": {
    "XAU": {
      "name": "Ouro",
      "usd_oz": 5166.700195,
      "usd_g": 166.11326856552577,
      "brl_oz": 26717.5233783645,
      "brl_g": 858.9883230791903,
      "chg_1h": 0.1900423352448511,
      "chg_24h": -0.6231829045273277
    },
    "XAG": {
      "name": "Prata",
      "usd_oz": 86.021004,
      "usd_g": 2.765639499182934,
      "brl_oz": 444.8232137844,
      "brl_g": 14.301398414224868,
      "chg_1h": 0.6446741471314696,
      "chg_24h": -1.7475516528348505
    },
    "XPT": {
      "name": "Platina",
      "usd_oz": 2173,
      "usd_g": 69.86357229362861,
      "brl_oz": 11236.8003,
      "brl_g": 361.2715186875829,
      "chg_1h": 0.4623208506703652,
      "chg_24h": -0.9119927040583675
    },
    "XPD": {
      "name": "Paládio",
      "usd_oz": 1666,
      "usd_g": 53.56314378333422,
      "brl_oz": 8615.0526,
      "brl_g": 276.9803728179996,
      "chg_1h": 0.3614457831325301,
      "chg_24h": -1.2448132780082988
    },
    "XCU": {
      "name": "Cobre",
      "usd_oz": 5.828208,
      "usd_g": 0.18738123835725015,
      "brl_oz": 30.1382463888,
      "brl_g": 0.9689671216691763,
      "chg_1h": 0.20795675737387515,
      "chg_24h": 0.016851929202685505
    }
  }
}
