{
  "timestamp": 1774381284,
  "usdToBrl": 5.2669,
  "metals": {
    "XAU": {
      "name": "Ouro",
      "usd_oz": 4397.100098,
      "usd_g": 141.37005088768726,
      "brl_oz": 23159.086506156196,
      "brl_g": 744.5819210203599,
      "chg_1h": -0.5540980517682267,
      "chg_24h": -0.32867893004566706
    },
    "XAG": {
      "name": "Prata",
      "usd_oz": 69.594002,
      "usd_g": 2.237499120998589,
      "brl_oz": 366.5446491338,
      "brl_g": 11.784684120387467,
      "chg_1h": -0.7048211122369472,
      "chg_24h": 0.2448691953866659
    },
    "XPT": {
      "name": "Platina",
      "usd_oz": 1907,
      "usd_g": 61.31147370637356,
      "brl_oz": 10043.978299999999,
      "brl_g": 322.92140086409887,
      "chg_1h": -0.935064935064935,
      "chg_24h": 1.16710875331565
    },
    "XPD": {
      "name": "Paládio",
      "usd_oz": 1434,
      "usd_g": 46.104170579412525,
      "brl_oz": 7552.7346,
      "brl_g": 242.8260560247078,
      "chg_1h": -0.8298755186721992,
      "chg_24h": -1.7135023989033584
    },
    "XCU": {
      "name": "Cobre",
      "usd_oz": 5.467102,
      "usd_g": 0.17577141086683917,
      "brl_oz": 28.794679523799996,
      "brl_g": 0.9257704438945552,
      "chg_1h": -0.29315126853488904,
      "chg_24h": -0.3398262842743065
    }
  }
}
