{
  "timestamp": 1783076686,
  "usdToBrl": 5.201,
  "metals": {
    "XAU": {
      "name": "Ouro",
      "usd_oz": 4178.5,
      "usd_g": 134.34189453701202,
      "brl_oz": 21732.3785,
      "brl_g": 698.7121934869995,
      "chg_1h": 0,
      "chg_24h": 2.733999204886299
    },
    "XAG": {
      "name": "Prata",
      "usd_oz": 62.429001,
      "usd_g": 2.007138989683623,
      "brl_oz": 324.693234201,
      "brl_g": 10.439129885344522,
      "chg_1h": 0,
      "chg_24h": 3.9911381408369055
    },
    "XPT": {
      "name": "Platina",
      "usd_oz": 1661,
      "usd_g": 53.40239005049108,
      "brl_oz": 8638.860999999999,
      "brl_g": 277.74583065260407,
      "chg_1h": 0,
      "chg_24h": 2.3413431916204557
    },
    "XPD": {
      "name": "Paládio",
      "usd_oz": 1296,
      "usd_g": 41.66736755294186,
      "brl_oz": 6740.495999999999,
      "brl_g": 216.7119786428506,
      "chg_1h": 0,
      "chg_24h": 2.2888713496448303
    },
    "XCU": {
      "name": "Cobre",
      "usd_oz": 5.98243,
      "usd_g": 0.1923395907945571,
      "brl_oz": 31.114618429999997,
      "brl_g": 1.0003582117224914,
      "chg_1h": 0,
      "chg_24h": -0.14763134725079372
    }
  }
}
