{
  "timestamp": 1778191896,
  "usdToBrl": 4.9167,
  "metals": {
    "XAU": {
      "name": "Ouro",
      "usd_oz": 4692.200195,
      "usd_g": 150.8577393187118,
      "brl_oz": 23070.1406987565,
      "brl_g": 741.7222469083102,
      "chg_1h": 0.08319412499689102,
      "chg_24h": -0.0575029725095886
    },
    "XAG": {
      "name": "Prata",
      "usd_oz": 78.736,
      "usd_g": 2.531421181827493,
      "brl_oz": 387.1212912,
      "brl_g": 12.446238524691234,
      "chg_1h": 0.08262511173432284,
      "chg_24h": 1.623690658910558
    },
    "XPT": {
      "name": "Platina",
      "usd_oz": 2027,
      "usd_g": 65.16956329460892,
      "brl_oz": 9966.150899999999,
      "brl_g": 320.4191918506037,
      "chg_1h": -0.24606299212598426,
      "chg_24h": -2.1245774987928536
    },
    "XPD": {
      "name": "Paládio",
      "usd_oz": 1498,
      "usd_g": 48.16181835980471,
      "brl_oz": 7365.2166,
      "brl_g": 236.7972123296518,
      "chg_1h": -0.5972130059721301,
      "chg_24h": -4.097311139564661
    },
    "XCU": {
      "name": "Cobre",
      "usd_oz": 6.042606,
      "usd_g": 0.19427429412007086,
      "brl_oz": 29.709680920199997,
      "brl_g": 0.9551884219001523,
      "chg_1h": 0,
      "chg_24h": 0.11707320306053835
    }
  }
}
