{
  "timestamp": 1770817201,
  "usdToBrl": 5.2067,
  "metals": {
    "XAU": {
      "name": "Ouro",
      "usd_oz": 5052.299805,
      "usd_g": 162.43521061928357,
      "brl_oz": 26305.809394693497,
      "brl_g": 845.7514111314237,
      "chg_1h": -0.13835906686300833,
      "chg_24h": -0.04352942922149271
    },
    "XAG": {
      "name": "Prata",
      "usd_oz": 84.352997,
      "usd_g": 2.7120118288512365,
      "brl_oz": 439.20074947989997,
      "brl_g": 14.120631989279731,
      "chg_1h": 0.5926755178159407,
      "chg_24h": 2.747965211883513
    },
    "XPT": {
      "name": "Platina",
      "usd_oz": 2150,
      "usd_g": 69.12410512255016,
      "brl_oz": 11194.404999999999,
      "brl_g": 359.9084781415819,
      "chg_1h": -1.82648401826484,
      "chg_24h": 1.4150943396226416
    },
    "XPD": {
      "name": "Paládio",
      "usd_oz": 1762,
      "usd_g": 56.6496154539225,
      "brl_oz": 9174.205399999999,
      "brl_g": 294.95755278393824,
      "chg_1h": -0.5081874647092038,
      "chg_24h": 0.7432818753573471
    },
    "XCU": {
      "name": "Cobre",
      "usd_oz": 5.978347,
      "usd_g": 0.1922083192963174,
      "brl_oz": 31.1274593249,
      "brl_g": 1.0007710560801357,
      "chg_1h": -0.2082185396625954,
      "chg_24h": 1.6569909950873274
    }
  }
}
