{
  "timestamp": 1773159340,
  "usdToBrl": 5.1779,
  "metals": {
    "XAU": {
      "name": "Ouro",
      "usd_oz": 5225,
      "usd_g": 167.9876508210812,
      "brl_oz": 27054.5275,
      "brl_g": 869.8232571864763,
      "chg_1h": 0.13415101571483326,
      "chg_24h": 2.328585411918811
    },
    "XAG": {
      "name": "Prata",
      "usd_oz": 89.384003,
      "usd_g": 2.8737624277424834,
      "brl_oz": 462.82142913370006,
      "brl_g": 14.880054474607805,
      "chg_1h": -0.1307203286077132,
      "chg_24h": 5.479055196860635
    },
    "XPT": {
      "name": "Platina",
      "usd_oz": 2220,
      "usd_g": 71.37465738235412,
      "brl_oz": 11494.938,
      "brl_g": 369.5708384600914,
      "chg_1h": -1.06951871657754,
      "chg_24h": 2.0689655172413794
    },
    "XPD": {
      "name": "Paládio",
      "usd_oz": 1693,
      "usd_g": 54.43121394068717,
      "brl_oz": 8766.1847,
      "brl_g": 281.8393826634841,
      "chg_1h": -0.11799410029498525,
      "chg_24h": 0.41518386714116245
    },
    "XCU": {
      "name": "Cobre",
      "usd_oz": 5.881354,
      "usd_g": 0.18908992193438645,
      "brl_oz": 30.4530628766,
      "brl_g": 0.9790887067840597,
      "chg_1h": 0.0733191595436162,
      "chg_24h": 0.7432903371571001
    }
  }
}
