{
  "timestamp": 1784739003,
  "usdToBrl": 5.0797,
  "metals": {
    "XAU": {
      "name": "Ouro",
      "usd_oz": 4147.799805,
      "usd_g": 133.35486034795954,
      "brl_oz": 21069.578669458497,
      "brl_g": 677.4026841095301,
      "chg_1h": -0.2501175872317686,
      "chg_24h": 1.8064860557944566
    },
    "XAG": {
      "name": "Prata",
      "usd_oz": 60.131001,
      "usd_g": 1.9332565740689156,
      "brl_oz": 305.4474457797,
      "brl_g": 9.82036341929787,
      "chg_1h": -0.5803330108241457,
      "chg_24h": 1.7445059812015533
    },
    "XPT": {
      "name": "Platina",
      "usd_oz": 1647,
      "usd_g": 52.95227959853028,
      "brl_oz": 8366.2659,
      "brl_g": 268.9816946766543,
      "chg_1h": -0.42321644498186217,
      "chg_24h": 0.6108735491753208
    },
    "XPD": {
      "name": "Paládio",
      "usd_oz": 1327,
      "usd_g": 42.66404069656933,
      "brl_oz": 6740.7618999999995,
      "brl_g": 216.7205275263632,
      "chg_1h": -0.30052592036063114,
      "chg_24h": 1.452599388379205
    },
    "XCU": {
      "name": "Cobre",
      "usd_oz": 6.264338,
      "usd_g": 0.20140314345822588,
      "brl_oz": 31.8209577386,
      "brl_g": 1.02306754782475,
      "chg_1h": -0.2239583690045803,
      "chg_24h": -0.09524249997208856
    }
  }
}
