{
  "timestamp": 1777867787,
  "usdToBrl": 4.9814,
  "metals": {
    "XAU": {
      "name": "Ouro",
      "usd_oz": 4613.100098,
      "usd_g": 148.3146121465109,
      "brl_oz": 22979.6968281772,
      "brl_g": 738.8144089466294,
      "chg_1h": 0,
      "chg_24h": -0.04982892162830015
    },
    "XAG": {
      "name": "Prata",
      "usd_oz": 75.827003,
      "usd_g": 2.437894756511594,
      "brl_oz": 377.7246327442,
      "brl_g": 12.144128940086853,
      "chg_1h": 0,
      "chg_24h": 0.47037709349164014
    },
    "XPT": {
      "name": "Platina",
      "usd_oz": 2015,
      "usd_g": 64.78375433578539,
      "brl_oz": 10037.520999999999,
      "brl_g": 322.71379384828134,
      "chg_1h": 0,
      "chg_24h": 1.0025062656641603
    },
    "XPD": {
      "name": "Paládio",
      "usd_oz": 1553,
      "usd_g": 49.93010942107926,
      "brl_oz": 7736.1142,
      "brl_g": 248.72184707016422,
      "chg_1h": 0,
      "chg_24h": 0.1935483870967742
    },
    "XCU": {
      "name": "Cobre",
      "usd_oz": 5.875257,
      "usd_g": 0.18889389883255753,
      "brl_oz": 29.2670052198,
      "brl_g": 0.940956067644502,
      "chg_1h": 0,
      "chg_24h": -0.03986320947325034
    }
  }
}
