{
  "timestamp": 1778486206,
  "usdToBrl": 4.914,
  "metals": {
    "XAU": {
      "name": "Ouro",
      "usd_oz": 4670.299805,
      "usd_g": 150.15362543006768,
      "brl_oz": 22949.853241769997,
      "brl_g": 737.8549153633526,
      "chg_1h": 0,
      "chg_24h": -0.9627497110214551
    },
    "XAG": {
      "name": "Prata",
      "usd_oz": 80.444,
      "usd_g": 2.5863346569667094,
      "brl_oz": 395.301816,
      "brl_g": 12.70924850433441,
      "chg_1h": 0,
      "chg_24h": -0.029828005422572638
    },
    "XPT": {
      "name": "Platina",
      "usd_oz": 2037,
      "usd_g": 65.4910707602952,
      "brl_oz": 10009.818,
      "brl_g": 321.8231217160906,
      "chg_1h": 0,
      "chg_24h": -1.4513788098693758
    },
    "XPD": {
      "name": "Paládio",
      "usd_oz": 1493,
      "usd_g": 48.00106462696158,
      "brl_oz": 7336.602,
      "brl_g": 235.8772315768892,
      "chg_1h": 0,
      "chg_24h": -1.5820698747528017
    },
    "XCU": {
      "name": "Cobre",
      "usd_oz": 6.109058,
      "usd_g": 0.19641077553104933,
      "brl_oz": 30.019911011999998,
      "brl_g": 0.9651625509595764,
      "chg_1h": 0,
      "chg_24h": -0.4692677139479032
    }
  }
}
