{
  "timestamp": 1772067223,
  "usdToBrl": 5.1287,
  "metals": {
    "XAU": {
      "name": "Ouro",
      "usd_oz": 5188.600098,
      "usd_g": 166.81736679675632,
      "brl_oz": 26610.7733226126,
      "brl_g": 855.5562290905242,
      "chg_1h": 0.21051630240247116,
      "chg_24h": 0.7104056288819854
    },
    "XAG": {
      "name": "Prata",
      "usd_oz": 89.290001,
      "usd_g": 2.870740193263539,
      "brl_oz": 457.9416281287,
      "brl_g": 14.723165229190712,
      "chg_1h": 0.04145855134188161,
      "chg_24h": 1.9385308496712859
    },
    "XPT": {
      "name": "Platina",
      "usd_oz": 2309,
      "usd_g": 74.23607382696201,
      "brl_oz": 11842.168300000001,
      "brl_g": 380.7345518363401,
      "chg_1h": 0.6100217864923747,
      "chg_24h": 6.552838024919243
    },
    "XPD": {
      "name": "Paládio",
      "usd_oz": 1823,
      "usd_g": 58.61081099460881,
      "brl_oz": 9349.6201,
      "brl_g": 300.59726634805025,
      "chg_1h": 1.0532150776053215,
      "chg_24h": 1.5033407572383073
    },
    "XCU": {
      "name": "Cobre",
      "usd_oz": 5.905218,
      "usd_g": 0.18985716735050018,
      "brl_oz": 30.2860915566,
      "brl_g": 0.9737204541905103,
      "chg_1h": 0,
      "chg_24h": 0.44577225659212794
    }
  }
}
