{
  "timestamp": 1773397173,
  "usdToBrl": 5.1621,
  "metals": {
    "XAU": {
      "name": "Ouro",
      "usd_oz": 5097.299805,
      "usd_g": 163.8819942148718,
      "brl_oz": 26312.771323390498,
      "brl_g": 845.9752423365898,
      "chg_1h": 0.12768131234734342,
      "chg_24h": -1.788025110262531
    },
    "XAG": {
      "name": "Prata",
      "usd_oz": 83.301003,
      "usd_g": 2.678189436365519,
      "brl_oz": 430.00810758629996,
      "brl_g": 13.825081689462445,
      "chg_1h": 0.48613957564211957,
      "chg_24h": -4.5107490027053165
    },
    "XPT": {
      "name": "Platina",
      "usd_oz": 2082,
      "usd_g": 66.93785435588346,
      "brl_oz": 10747.492199999999,
      "brl_g": 345.539897970506,
      "chg_1h": 0.09615384615384616,
      "chg_24h": -5.191256830601093
    },
    "XPD": {
      "name": "Paládio",
      "usd_oz": 1629,
      "usd_g": 52.373566160294985,
      "brl_oz": 8409.0609,
      "brl_g": 270.35758587605875,
      "chg_1h": 0,
      "chg_24h": -3.666469544648137
    },
    "XCU": {
      "name": "Cobre",
      "usd_oz": 5.825638,
      "usd_g": 0.18729861093856875,
      "brl_oz": 30.072525919799997,
      "brl_g": 0.9668541595259857,
      "chg_1h": 0.08442248764929275,
      "chg_24h": -0.2872610515401101
    }
  }
}
