{
  "timestamp": 1774471024,
  "usdToBrl": 5.233,
  "metals": {
    "XAU": {
      "name": "Ouro",
      "usd_oz": 4520.899902,
      "usd_g": 145.3503070113371,
      "brl_oz": 23657.869187165998,
      "brl_g": 760.618156590327,
      "chg_1h": 0.01327560174961581,
      "chg_24h": 1.8863180231154693
    },
    "XAG": {
      "name": "Prata",
      "usd_oz": 71.654999,
      "usd_g": 2.3037617132242914,
      "brl_oz": 374.970609767,
      "brl_g": 12.055585045302715,
      "chg_1h": -0.30331556630006096,
      "chg_24h": 1.7089935818650457
    },
    "XPT": {
      "name": "Platina",
      "usd_oz": 1940,
      "usd_g": 62.37244834313828,
      "brl_oz": 10152.019999999999,
      "brl_g": 326.3950221796426,
      "chg_1h": -0.205761316872428,
      "chg_24h": 0.4660797514241326
    },
    "XPD": {
      "name": "Paládio",
      "usd_oz": 1441,
      "usd_g": 46.32922580539292,
      "brl_oz": 7540.753,
      "brl_g": 242.44083863962115,
      "chg_1h": -0.06934812760055478,
      "chg_24h": -0.48342541436464087
    },
    "XCU": {
      "name": "Cobre",
      "usd_oz": 5.496103,
      "usd_g": 0.17670381466807594,
      "brl_oz": 28.761106998999995,
      "brl_g": 0.9246910621580413,
      "chg_1h": 0,
      "chg_24h": 0.8316251658251016
    }
  }
}
