{
  "timestamp": 1773165656,
  "usdToBrl": 5.1779,
  "metals": {
    "XAU": {
      "name": "Ouro",
      "usd_oz": 5228.899902,
      "usd_g": 168.1130355819257,
      "brl_oz": 27074.7208025658,
      "brl_g": 870.4724869396531,
      "chg_1h": -0.08980808453049251,
      "chg_24h": 2.6421707035752378
    },
    "XAG": {
      "name": "Prata",
      "usd_oz": 89.194,
      "usd_g": 2.8676536894422044,
      "brl_oz": 461.83761260000006,
      "brl_g": 14.848424038562792,
      "chg_1h": -0.44200917254198413,
      "chg_24h": 5.8833318203581735
    },
    "XPT": {
      "name": "Platina",
      "usd_oz": 2235,
      "usd_g": 71.85691858088354,
      "brl_oz": 11572.6065,
      "brl_g": 372.06793871995694,
      "chg_1h": -0.3566651805617477,
      "chg_24h": 2.995391705069124
    },
    "XPD": {
      "name": "Paládio",
      "usd_oz": 1707,
      "usd_g": 54.88132439264796,
      "brl_oz": 8838.6753,
      "brl_g": 284.17000957269187,
      "chg_1h": -0.0585480093676815,
      "chg_24h": 0.8865248226950355
    },
    "XCU": {
      "name": "Cobre",
      "usd_oz": 5.890275,
      "usd_g": 0.18937673874452518,
      "brl_oz": 30.4992549225,
      "brl_g": 0.980573815545277,
      "chg_1h": -0.0731010025474252,
      "chg_24h": 1.074115441155906
    }
  }
}
