{
  "timestamp": 1772632776,
  "usdToBrl": 5.2434,
  "metals": {
    "XAU": {
      "name": "Ouro",
      "usd_oz": 5176.299805,
      "usd_g": 166.42190319379344,
      "brl_oz": 27141.410397536998,
      "brl_g": 872.6166072063365,
      "chg_1h": 0.1392835670329819,
      "chg_24h": 0.15478978197550597
    },
    "XAG": {
      "name": "Prata",
      "usd_oz": 85.321999,
      "usd_g": 2.74316596657773,
      "brl_oz": 447.37736955660006,
      "brl_g": 14.383516429153671,
      "chg_1h": -0.2548538665553657,
      "chg_24h": 3.0533613915665625
    },
    "XPT": {
      "name": "Platina",
      "usd_oz": 2183,
      "usd_g": 70.18507975931489,
      "brl_oz": 11446.342200000001,
      "brl_g": 368.0084472099917,
      "chg_1h": 0.878003696857671,
      "chg_24h": 4.150763358778626
    },
    "XPD": {
      "name": "Paládio",
      "usd_oz": 1720,
      "usd_g": 55.299284098040125,
      "brl_oz": 9018.648000000001,
      "brl_g": 289.9562662396636,
      "chg_1h": 0.8206330597889802,
      "chg_24h": 1.5348288075560803
    },
    "XCU": {
      "name": "Cobre",
      "usd_oz": 5.87077,
      "usd_g": 0.1887496384327041,
      "brl_oz": 30.782795418000003,
      "brl_g": 0.9896898541580407,
      "chg_1h": 0.03862995384002846,
      "chg_24h": 0.016729735383977797
    }
  }
}
