{
  "timestamp": 1775831982,
  "usdToBrl": 5.0992,
  "metals": {
    "XAU": {
      "name": "Ouro",
      "usd_oz": 4790.799805,
      "usd_g": 154.02779039158733,
      "brl_oz": 24429.246365655996,
      "brl_g": 785.4185087647821,
      "chg_1h": 0.4634304757336354,
      "chg_24h": 0.5308950792151852
    },
    "XAG": {
      "name": "Prata",
      "usd_oz": 76.848999,
      "usd_g": 2.470752690901745,
      "brl_oz": 391.8684157008,
      "brl_g": 12.598862121446178,
      "chg_1h": 0.8358277131115396,
      "chg_24h": 2.6555870212794406
    },
    "XPT": {
      "name": "Platina",
      "usd_oz": 2079,
      "usd_g": 66.84140211617758,
      "brl_oz": 10601.236799999999,
      "brl_g": 340.8376776708127,
      "chg_1h": 0.8244422890397671,
      "chg_24h": 1.2664393570384802
    },
    "XPD": {
      "name": "Paládio",
      "usd_oz": 1555,
      "usd_g": 49.99441091421651,
      "brl_oz": 7929.255999999999,
      "brl_g": 254.9315001337728,
      "chg_1h": 0.7124352331606217,
      "chg_24h": -0.6389776357827476
    },
    "XCU": {
      "name": "Cobre",
      "usd_oz": 5.774533,
      "usd_g": 0.18565554703517903,
      "brl_oz": 29.4454986736,
      "brl_g": 0.9466947654417849,
      "chg_1h": 0.3850578099545856,
      "chg_24h": 2.0398848296211423
    }
  }
}
