{
  "timestamp": 1771425390,
  "usdToBrl": 5.2248,
  "metals": {
    "XAU": {
      "name": "Ouro",
      "usd_oz": 4978.299805,
      "usd_g": 160.05605537320508,
      "brl_oz": 26010.620821164,
      "brl_g": 836.260878113922,
      "chg_1h": 0.48644804512182827,
      "chg_24h": 1.6415178874351672
    },
    "XAG": {
      "name": "Prata",
      "usd_oz": 77.533997,
      "usd_g": 2.492775887999762,
      "brl_oz": 405.0996275256,
      "brl_g": 13.024255459621157,
      "chg_1h": 1.063629107546363,
      "chg_24h": 4.251593227247001
    },
    "XPT": {
      "name": "Platina",
      "usd_oz": 2101,
      "usd_g": 67.54871854068739,
      "brl_oz": 10977.3048,
      "brl_g": 352.9285446313835,
      "chg_1h": 1.3996138996138996,
      "chg_24h": 2.889324191968658
    },
    "XPD": {
      "name": "Paládio",
      "usd_oz": 1763,
      "usd_g": 56.68176620049113,
      "brl_oz": 9211.322400000001,
      "brl_g": 296.1508920443261,
      "chg_1h": 0.17045454545454544,
      "chg_24h": 3.705882352941176
    },
    "XCU": {
      "name": "Cobre",
      "usd_oz": 5.766822,
      "usd_g": 0.18540763262838836,
      "brl_oz": 30.1304915856,
      "brl_g": 0.9687177989568035,
      "chg_1h": -0.07205015439317829,
      "chg_24h": 0.8794291800875088
    }
  }
}
