{
  "timestamp": 1773742067,
  "usdToBrl": 5.2703,
  "metals": {
    "XAU": {
      "name": "Ouro",
      "usd_oz": 5004.799805,
      "usd_g": 160.90805015727372,
      "brl_oz": 26376.796412291496,
      "brl_g": 848.0336967438797,
      "chg_1h": -0.28690606950378267,
      "chg_24h": 0.5403865792719498
    },
    "XAG": {
      "name": "Prata",
      "usd_oz": 80.709,
      "usd_g": 2.594854604807396,
      "brl_oz": 425.36064269999997,
      "brl_g": 13.675662223716419,
      "chg_1h": -0.2262250958370416,
      "chg_24h": 4.360140795741787
    },
    "XPT": {
      "name": "Platina",
      "usd_oz": 2148,
      "usd_g": 69.0598036294129,
      "brl_oz": 11320.6044,
      "brl_g": 363.9658830680948,
      "chg_1h": 0,
      "chg_24h": 4.831625183016105
    },
    "XPD": {
      "name": "Paládio",
      "usd_oz": 1640,
      "usd_g": 52.72722437254989,
      "brl_oz": 8643.292,
      "brl_g": 277.8882906106497,
      "chg_1h": -0.06093845216331505,
      "chg_24h": 5.670103092783505
    },
    "XCU": {
      "name": "Cobre",
      "usd_oz": 5.771056,
      "usd_g": 0.18554375888935992,
      "brl_oz": 30.4151964368,
      "brl_g": 0.9778712724745936,
      "chg_1h": 0.014418850983946964,
      "chg_24h": -0.25217581580345744
    }
  }
}
