{
  "timestamp": 1784102710,
  "usdToBrl": 5.1233,
  "metals": {
    "XAU": {
      "name": "Ouro",
      "usd_oz": 4026,
      "usd_g": 129.43890568529625,
      "brl_oz": 20626.4058,
      "brl_g": 663.1543454974783,
      "chg_1h": 0,
      "chg_24h": 0.07706127608242659
    },
    "XAG": {
      "name": "Prata",
      "usd_oz": 58.333,
      "usd_g": 1.875449499587776,
      "brl_oz": 298.85745890000004,
      "brl_g": 9.608490421238054,
      "chg_1h": 0,
      "chg_24h": 0.2991798345913779
    },
    "XPT": {
      "name": "Platina",
      "usd_oz": 1637,
      "usd_g": 52.63077213284401,
      "brl_oz": 8386.8421,
      "brl_g": 269.6432348681997,
      "chg_1h": 0,
      "chg_24h": 1.6139044072004967
    },
    "XPD": {
      "name": "Paládio",
      "usd_oz": 1336,
      "usd_g": 42.953397415686986,
      "brl_oz": 6844.728800000001,
      "brl_g": 220.06314097978915,
      "chg_1h": 0,
      "chg_24h": 3.565891472868217
    },
    "XCU": {
      "name": "Cobre",
      "usd_oz": 6.141338,
      "usd_g": 0.19744860163028463,
      "brl_oz": 31.463916975400004,
      "brl_g": 1.0115884207324373,
      "chg_1h": 0,
      "chg_24h": -0.06396790767010663
    }
  }
}
