{
  "timestamp": 1771258057,
  "usdToBrl": 5.2244,
  "metals": {
    "XAU": {
      "name": "Ouro",
      "usd_oz": 4978.200195,
      "usd_g": 160.0528528373394,
      "brl_oz": 26008.109098758003,
      "brl_g": 836.180124363396,
      "chg_1h": -0.07225521178885072,
      "chg_24h": -1.2888641633628426
    },
    "XAG": {
      "name": "Prata",
      "usd_oz": 76.093002,
      "usd_g": 2.446446822948102,
      "brl_oz": 397.5402796488,
      "brl_g": 12.781216781810064,
      "chg_1h": -0.507316830036869,
      "chg_24h": -1.9040840531133103
    },
    "XPT": {
      "name": "Platina",
      "usd_oz": 2035,
      "usd_g": 65.42676926715794,
      "brl_oz": 10631.654,
      "brl_g": 341.8156133593399,
      "chg_1h": -0.196174595389897,
      "chg_24h": -1.8330921369995177
    },
    "XPD": {
      "name": "Paládio",
      "usd_oz": 1732,
      "usd_g": 55.685093056863664,
      "brl_oz": 9048.6608,
      "brl_g": 290.92120016627854,
      "chg_1h": 0.05777007510109763,
      "chg_24h": 0.8149010477299184
    },
    "XCU": {
      "name": "Cobre",
      "usd_oz": 5.768183,
      "usd_g": 0.18545138979446824,
      "brl_oz": 30.1352952652,
      "brl_g": 0.9688722408422199,
      "chg_1h": -0.21447671090501336,
      "chg_24h": -1.8583872346449377
    }
  }
}
