{
  "timestamp": 1783606481,
  "usdToBrl": 5.1453,
  "metals": {
    "XAU": {
      "name": "Ouro",
      "usd_oz": 4123.399902,
      "usd_g": 132.57038525030745,
      "brl_oz": 21216.1295157606,
      "brl_g": 682.1144032284069,
      "chg_1h": 0,
      "chg_24h": 1.1926929521836807
    },
    "XAG": {
      "name": "Prata",
      "usd_oz": 60.240002,
      "usd_g": 1.9367610375956426,
      "brl_oz": 309.9528822906,
      "brl_g": 9.965216566740859,
      "chg_1h": 0,
      "chg_24h": 2.688243106838821
    },
    "XPT": {
      "name": "Platina",
      "usd_oz": 1625,
      "usd_g": 52.24496317402047,
      "brl_oz": 8361.1125,
      "brl_g": 268.8160090192875,
      "chg_1h": 0,
      "chg_24h": 2.3944549464398235
    },
    "XPD": {
      "name": "Paládio",
      "usd_oz": 1273,
      "usd_g": 40.927900381863424,
      "brl_oz": 6549.966899999999,
      "brl_g": 210.58632583480187,
      "chg_1h": 0,
      "chg_24h": 2.5785656728444803
    },
    "XCU": {
      "name": "Cobre",
      "usd_oz": 6.056139,
      "usd_g": 0.1947093901733841,
      "brl_oz": 31.160651996699997,
      "brl_g": 1.0018382252591131,
      "chg_1h": 0,
      "chg_24h": 1.7153831748545643
    }
  }
}
