{
  "timestamp": 1772166478,
  "usdToBrl": 5.1258,
  "metals": {
    "XAU": {
      "name": "Ouro",
      "usd_oz": 5187.799805,
      "usd_g": 166.79163677933266,
      "brl_oz": 26591.624240469,
      "brl_g": 854.9405718035033,
      "chg_1h": 0.12158264981182382,
      "chg_24h": -0.13283519242635902
    },
    "XAG": {
      "name": "Prata",
      "usd_oz": 89.747002,
      "usd_g": 2.885433116596148,
      "brl_oz": 460.0251828516,
      "brl_g": 14.790153069048536,
      "chg_1h": -0.0033403899721505996,
      "chg_24h": 0.1026189292579114
    },
    "XPT": {
      "name": "Platina",
      "usd_oz": 2394,
      "usd_g": 76.96888728529538,
      "brl_oz": 12271.1652,
      "brl_g": 394.52712244696704,
      "chg_1h": 0.2932551319648094,
      "chg_24h": 4.132231404958678
    },
    "XPD": {
      "name": "Paládio",
      "usd_oz": 1849,
      "usd_g": 59.44673040539314,
      "brl_oz": 9477.6042,
      "brl_g": 304.71205071196414,
      "chg_1h": 0.43454644215100485,
      "chg_24h": 2.7793218454697053
    },
    "XCU": {
      "name": "Cobre",
      "usd_oz": 5.970939,
      "usd_g": 0.191970146565737,
      "brl_oz": 30.605839126200003,
      "brl_g": 0.9840005772666547,
      "chg_1h": -0.04809324431366835,
      "chg_24h": 0.20934921997528047
    }
  }
}
