{
  "timestamp": 1775147884,
  "usdToBrl": 5.1818,
  "metals": {
    "XAU": {
      "name": "Ouro",
      "usd_oz": 4666.700195,
      "usd_g": 150.0378952812118,
      "brl_oz": 24181.907070451,
      "brl_g": 777.4663657681833,
      "chg_1h": -0.1006059660614293,
      "chg_24h": -2.358030491502482
    },
    "XAG": {
      "name": "Prata",
      "usd_oz": 72.346001,
      "usd_g": 2.3259779434047068,
      "brl_oz": 374.8825079818,
      "brl_g": 12.052752507134509,
      "chg_1h": -0.015203780831042662,
      "chg_24h": -4.373799542314451
    },
    "XPT": {
      "name": "Platina",
      "usd_oz": 1994,
      "usd_g": 64.1085886578442,
      "brl_oz": 10332.5092,
      "brl_g": 332.19788470721704,
      "chg_1h": 0.1004016064257028,
      "chg_24h": 0.35228988424760943
    },
    "XPD": {
      "name": "Paládio",
      "usd_oz": 1523,
      "usd_g": 48.965587024020415,
      "brl_oz": 7891.8814,
      "brl_g": 253.729878841069,
      "chg_1h": -0.06561679790026247,
      "chg_24h": 0.46174142480211083
    },
    "XCU": {
      "name": "Cobre",
      "usd_oz": 5.522714,
      "usd_g": 0.17755937818501372,
      "brl_oz": 28.617599405199996,
      "brl_g": 0.920077185879104,
      "chg_1h": -0.1025616165592022,
      "chg_24h": -0.8119366614690469
    }
  }
}
