{
  "timestamp": 1774243005,
  "usdToBrl": 5.2552,
  "metals": {
    "XAU": {
      "name": "Ouro",
      "usd_oz": 4370.5,
      "usd_g": 140.5148378781886,
      "brl_oz": 22967.8516,
      "brl_g": 738.4335760174567,
      "chg_1h": 0.2730211933290355,
      "chg_24h": -2.709144510867026
    },
    "XAG": {
      "name": "Prata",
      "usd_oz": 66.490997,
      "usd_g": 2.137735193642403,
      "brl_oz": 349.4234874344,
      "brl_g": 11.234225989629557,
      "chg_1h": 1.9581685815086396,
      "chg_24h": -2.1298933068448895
    },
    "XPT": {
      "name": "Platina",
      "usd_oz": 1875,
      "usd_g": 60.28264981617747,
      "brl_oz": 9853.5,
      "brl_g": 316.79738131397585,
      "chg_1h": 0.8064516129032258,
      "chg_24h": -3.050672182006205
    },
    "XPD": {
      "name": "Paládio",
      "usd_oz": 1430,
      "usd_g": 45.97556759313802,
      "brl_oz": 7514.936000000001,
      "brl_g": 241.61080281545892,
      "chg_1h": 0.846262341325811,
      "chg_24h": -0.13966480446927373
    },
    "XCU": {
      "name": "Cobre",
      "usd_oz": 5.456792,
      "usd_g": 0.17543993666971663,
      "brl_oz": 28.6765333184,
      "brl_g": 0.921971955186695,
      "chg_1h": 1.7536721385513876,
      "chg_24h": 1.0004740188263708
    }
  }
}
