{
  "timestamp": 1774511469,
  "usdToBrl": 5.233,
  "metals": {
    "XAU": {
      "name": "Ouro",
      "usd_oz": 4459.700195,
      "usd_g": 143.3826907415058,
      "brl_oz": 23337.611120435,
      "brl_g": 750.3216206502998,
      "chg_1h": 0.0920212072407684,
      "chg_24h": -2.051347455353035
    },
    "XAG": {
      "name": "Prata",
      "usd_oz": 69.925003,
      "usd_g": 2.2481410502635515,
      "brl_oz": 365.91754069899997,
      "brl_g": 11.764522116029164,
      "chg_1h": -0.17416021417734842,
      "chg_24h": -4.584841122475749
    },
    "XPT": {
      "name": "Platina",
      "usd_oz": 1901,
      "usd_g": 61.118569226961796,
      "brl_oz": 9947.932999999999,
      "brl_g": 319.83347276469107,
      "chg_1h": 0,
      "chg_24h": -3.355363497712252
    },
    "XPD": {
      "name": "Paládio",
      "usd_oz": 1420,
      "usd_g": 45.654060127451736,
      "brl_oz": 7430.86,
      "brl_g": 238.90769664695492,
      "chg_1h": -0.21082220660576245,
      "chg_24h": -4.054054054054054
    },
    "XCU": {
      "name": "Cobre",
      "usd_oz": 5.460421,
      "usd_g": 0.17555661172901418,
      "brl_oz": 28.574383092999998,
      "brl_g": 0.9186877491779312,
      "chg_1h": 0.11921702540870574,
      "chg_24h": 0.6577829196543792
    }
  }
}
