{
  "timestamp": 1771839273,
  "usdToBrl": 5.2144,
  "metals": {
    "XAU": {
      "name": "Ouro",
      "usd_oz": 5148.299805,
      "usd_g": 165.52168228987185,
      "brl_oz": 26845.294503192,
      "brl_g": 863.0962601323079,
      "chg_1h": 0.4076121113909469,
      "chg_24h": 0.7909298101981392
    },
    "XAG": {
      "name": "Prata",
      "usd_oz": 86.887001,
      "usd_g": 2.793481949259126,
      "brl_oz": 453.06357801440004,
      "brl_g": 14.566332276216787,
      "chg_1h": 0.8835914925062348,
      "chg_24h": 2.502184867779361
    },
    "XPT": {
      "name": "Platina",
      "usd_oz": 2175,
      "usd_g": 69.92787378676586,
      "brl_oz": 11341.320000000002,
      "brl_g": 364.6319050737119,
      "chg_1h": 1.0687732342007434,
      "chg_24h": 0.36917397323488693
    },
    "XPD": {
      "name": "Paládio",
      "usd_oz": 1786,
      "usd_g": 57.42123337156958,
      "brl_oz": 9312.9184,
      "brl_g": 299.4172792927124,
      "chg_1h": 1.3045944412932502,
      "chg_24h": 0.16825574873808188
    },
    "XCU": {
      "name": "Cobre",
      "usd_oz": 5.77786,
      "usd_g": 0.18576251256901288,
      "brl_oz": 30.128073184000005,
      "brl_g": 0.9686400455398608,
      "chg_1h": 0.14151527940386566,
      "chg_24h": 0.14804173594838715
    }
  }
}
