{
  "timestamp": 1776211187,
  "usdToBrl": 4.9815,
  "metals": {
    "XAU": {
      "name": "Ouro",
      "usd_oz": 4839.399902,
      "usd_g": 155.5903197934451,
      "brl_oz": 24107.470611812998,
      "brl_g": 775.0731780510467,
      "chg_1h": -0.028918836894547845,
      "chg_24h": 1.6958350745607278
    },
    "XAG": {
      "name": "Prata",
      "usd_oz": 79.648003,
      "usd_g": 2.560742759150321,
      "brl_oz": 396.76652694449996,
      "brl_g": 12.756340054707323,
      "chg_1h": 0.04522308194745516,
      "chg_24h": 5.025258251915521
    },
    "XPT": {
      "name": "Platina",
      "usd_oz": 2109,
      "usd_g": 67.8059245132364,
      "brl_oz": 10505.983499999998,
      "brl_g": 337.77521296268714,
      "chg_1h": 0.09492168960607499,
      "chg_24h": 1.1510791366906474
    },
    "XPD": {
      "name": "Paládio",
      "usd_oz": 1603,
      "usd_g": 51.53764674951066,
      "brl_oz": 7985.344499999999,
      "brl_g": 256.7347872826873,
      "chg_1h": -0.18679950186799502,
      "chg_24h": -0.24891101431238333
    },
    "XCU": {
      "name": "Cobre",
      "usd_oz": 5.938734,
      "usd_g": 0.19093473177249434,
      "brl_oz": 29.583803421,
      "brl_g": 0.9511413663246805,
      "chg_1h": 0,
      "chg_24h": 3.299289483351698
    }
  }
}
