{
  "timestamp": 1776170509,
  "usdToBrl": 5.0274,
  "metals": {
    "XAU": {
      "name": "Ouro",
      "usd_oz": 4776.600098,
      "usd_g": 153.57125921048157,
      "brl_oz": 24013.8793326852,
      "brl_g": 772.0641485547751,
      "chg_1h": -0.056487500473926894,
      "chg_24h": 1.145581746956059
    },
    "XAG": {
      "name": "Prata",
      "usd_oz": 77.778999,
      "usd_g": 2.500652885210569,
      "brl_oz": 391.0261395726,
      "brl_g": 12.571782315107615,
      "chg_1h": 0.08493045249560695,
      "chg_24h": 4.844646622488291
    },
    "XPT": {
      "name": "Platina",
      "usd_oz": 2075,
      "usd_g": 66.71279912990306,
      "brl_oz": 10431.855,
      "brl_g": 335.3919263456747,
      "chg_1h": -0.6701771182383915,
      "chg_24h": 1.318359375
    },
    "XPD": {
      "name": "Paládio",
      "usd_oz": 1593,
      "usd_g": 51.216139283824376,
      "brl_oz": 8008.6482000000005,
      "brl_g": 257.48401863549867,
      "chg_1h": 0,
      "chg_24h": 1.7891373801916934
    },
    "XCU": {
      "name": "Cobre",
      "usd_oz": 5.913938,
      "usd_g": 0.1901375218605786,
      "brl_oz": 29.7317319012,
      "brl_g": 0.955897377401873,
      "chg_1h": 0.962810162148239,
      "chg_24h": 2.0547315219722764
    }
  }
}
