{
  "timestamp": 1775606764,
  "usdToBrl": 5.1489,
  "metals": {
    "XAU": {
      "name": "Ouro",
      "usd_oz": 4847.700195,
      "usd_g": 155.85718041013345,
      "brl_oz": 24960.323534035502,
      "brl_g": 802.4930362137362,
      "chg_1h": 1.4269315828015556,
      "chg_24h": 4.188884073425134
    },
    "XAG": {
      "name": "Prata",
      "usd_oz": 76.816002,
      "usd_g": 2.4696918127172203,
      "brl_oz": 395.5179126978,
      "brl_g": 12.716196174499697,
      "chg_1h": 2.063433559650814,
      "chg_24h": 5.448408307823251
    },
    "XPT": {
      "name": "Platina",
      "usd_oz": 2041,
      "usd_g": 65.61967374656972,
      "brl_oz": 10508.904900000001,
      "brl_g": 337.8691381537128,
      "chg_1h": 1.8971542685971046,
      "chg_24h": 2.924861321230459
    },
    "XPD": {
      "name": "Paládio",
      "usd_oz": 1544,
      "usd_g": 49.6407527019616,
      "brl_oz": 7949.9016,
      "brl_g": 255.5952715871301,
      "chg_1h": 1.7798286090969018,
      "chg_24h": 2.796271637816245
    },
    "XCU": {
      "name": "Cobre",
      "usd_oz": 5.58463,
      "usd_g": 0.17955002380955687,
      "brl_oz": 28.754701407,
      "brl_g": 0.9244851175930274,
      "chg_1h": 0.9511913391335178,
      "chg_24h": 1.1876062789393567
    }
  }
}
