{
  "timestamp": 1776104083,
  "usdToBrl": 5.0274,
  "metals": {
    "XAU": {
      "name": "Ouro",
      "usd_oz": 4731.799805,
      "usd_g": 152.1308963440383,
      "brl_oz": 23788.650339656997,
      "brl_g": 764.8228682800182,
      "chg_1h": -0.12875107381279705,
      "chg_24h": -0.3663856920228375
    },
    "XAG": {
      "name": "Prata",
      "usd_oz": 75.167,
      "usd_g": 2.4166751673240596,
      "brl_oz": 377.89457580000004,
      "brl_g": 12.149592736204978,
      "chg_1h": -0.5214290647858958,
      "chg_24h": -1.1142684242376328
    },
    "XPT": {
      "name": "Platina",
      "usd_oz": 2072,
      "usd_g": 66.61634689019718,
      "brl_oz": 10416.7728,
      "brl_g": 334.9070223557773,
      "chg_1h": -0.14457831325301204,
      "chg_24h": 0.8763388510223954
    },
    "XPD": {
      "name": "Paládio",
      "usd_oz": 1591,
      "usd_g": 51.15183779068712,
      "brl_oz": 7998.5934,
      "brl_g": 257.16074930890045,
      "chg_1h": -0.3132832080200501,
      "chg_24h": 2.8442146089204914
    },
    "XCU": {
      "name": "Cobre",
      "usd_oz": 5.828286,
      "usd_g": 0.1873837461154825,
      "brl_oz": 29.301125036400002,
      "brl_g": 0.9420530452209768,
      "chg_1h": -0.3991698743122444,
      "chg_24h": 1.2383545996400305
    }
  }
}
