{
  "timestamp": 1782260064,
  "usdToBrl": 5.1725,
  "metals": {
    "XAU": {
      "name": "Ouro",
      "usd_oz": 4110.899902,
      "usd_g": 132.1685009181996,
      "brl_oz": 21263.629743095004,
      "brl_g": 683.6415709993876,
      "chg_1h": 0.23407449970608676,
      "chg_24h": -1.704851266690743
    },
    "XAG": {
      "name": "Prata",
      "usd_oz": 61.893002,
      "usd_g": 1.9899062216735848,
      "brl_oz": 320.14155284500004,
      "brl_g": 10.292789931606618,
      "chg_1h": 0.4903346268123616,
      "chg_24h": -4.378381712965912
    },
    "XPT": {
      "name": "Platina",
      "usd_oz": 1666,
      "usd_g": 53.56314378333422,
      "brl_oz": 8617.385,
      "brl_g": 277.0553612192963,
      "chg_1h": 0.24067388688327318,
      "chg_24h": -0.4778972520908005
    },
    "XPD": {
      "name": "Paládio",
      "usd_oz": 1256,
      "usd_g": 40.381337690196744,
      "brl_oz": 6496.660000000001,
      "brl_g": 208.87246920254267,
      "chg_1h": -0.07955449482895784,
      "chg_24h": -2.4087024087024087
    },
    "XCU": {
      "name": "Cobre",
      "usd_oz": 6.058406,
      "usd_g": 0.19478227591585517,
      "brl_oz": 31.337105035,
      "brl_g": 1.007511322174761,
      "chg_1h": -0.21891734404444785,
      "chg_24h": -1.653053015159478
    }
  }
}
