{
  "timestamp": 1777659227,
  "usdToBrl": 4.9814,
  "metals": {
    "XAU": {
      "name": "Ouro",
      "usd_oz": 4622.799805,
      "usd_g": 148.62646496805783,
      "brl_oz": 23028.014948627,
      "brl_g": 740.3678725918833,
      "chg_1h": -0.37713080480583305,
      "chg_24h": 0.09959745800927328
    },
    "XAG": {
      "name": "Prata",
      "usd_oz": 75.93,
      "usd_g": 2.441206186955923,
      "brl_oz": 378.237702,
      "brl_g": 12.160624499702234,
      "chg_1h": -0.48362885575805115,
      "chg_24h": 3.0775259471505123
    },
    "XPT": {
      "name": "Platina",
      "usd_oz": 1995,
      "usd_g": 64.14073940441283,
      "brl_oz": 9937.893,
      "brl_g": 319.51067926914203,
      "chg_1h": -0.8941877794336811,
      "chg_24h": 0.35211267605633806
    },
    "XPD": {
      "name": "Paládio",
      "usd_oz": 1557,
      "usd_g": 50.05871240735377,
      "brl_oz": 7756.0398,
      "brl_g": 249.36246998599205,
      "chg_1h": -0.4475703324808184,
      "chg_24h": 0.19305019305019305
    },
    "XCU": {
      "name": "Cobre",
      "usd_oz": 5.893644,
      "usd_g": 0.1894850546097149,
      "brl_oz": 29.3585982216,
      "brl_g": 0.9439008510328338,
      "chg_1h": 0.6072648500274056,
      "chg_24h": 0.49572244999294424
    }
  }
}
