{
  "timestamp": 1776449103,
  "usdToBrl": 4.9764,
  "metals": {
    "XAU": {
      "name": "Ouro",
      "usd_oz": 4864.200195,
      "usd_g": 156.38766772851582,
      "brl_oz": 24206.205850398,
      "brl_g": 778.2475896841861,
      "chg_1h": 0.08024998778857631,
      "chg_24h": 1.6530499964475447
    },
    "XAG": {
      "name": "Prata",
      "usd_oz": 81.981003,
      "usd_g": 2.63575045089493,
      "brl_oz": 407.9702633292,
      "brl_g": 13.11654854383353,
      "chg_1h": -0.12182843627845055,
      "chg_24h": 4.608965103205402
    },
    "XPT": {
      "name": "Platina",
      "usd_oz": 2129,
      "usd_g": 68.44893944460897,
      "brl_oz": 10594.7556,
      "brl_g": 340.62930225215206,
      "chg_1h": -0.1875293014533521,
      "chg_24h": 1.4292520247737017
    },
    "XPD": {
      "name": "Paládio",
      "usd_oz": 1598,
      "usd_g": 51.376893016667516,
      "brl_oz": 7952.2872,
      "brl_g": 255.67197040814423,
      "chg_1h": -0.5600497822028625,
      "chg_24h": 0.8838383838383838
    },
    "XCU": {
      "name": "Cobre",
      "usd_oz": 5.994072,
      "usd_g": 0.19271388978610907,
      "brl_oz": 29.8288999008,
      "brl_g": 0.9590214011315932,
      "chg_1h": 0.013882307399669358,
      "chg_24h": 0.8291304878799601
    }
  }
}
