{
  "timestamp": 1773248830,
  "usdToBrl": 5.1711,
  "metals": {
    "XAU": {
      "name": "Ouro",
      "usd_oz": 5180.5,
      "usd_g": 166.55694259877725,
      "brl_oz": 26788.88355,
      "brl_g": 861.282605872537,
      "chg_1h": 0.18565623357525765,
      "chg_24h": -1.0145998357859227
    },
    "XAG": {
      "name": "Prata",
      "usd_oz": 85.663002,
      "usd_g": 2.754129467609872,
      "brl_oz": 442.97194964220006,
      "brl_g": 14.241878889957409,
      "chg_1h": 0.7515524851441479,
      "chg_24h": -4.383295206308518
    },
    "XPT": {
      "name": "Platina",
      "usd_oz": 2209,
      "usd_g": 71.02099917009922,
      "brl_oz": 11422.9599,
      "brl_g": 367.2566888085001,
      "chg_1h": 1.052150045745654,
      "chg_24h": -1.5158270173874275
    },
    "XPD": {
      "name": "Paládio",
      "usd_oz": 1664,
      "usd_g": 53.49884229019696,
      "brl_oz": 8604.7104,
      "brl_g": 276.6478633668375,
      "chg_1h": 0.6045949214026602,
      "chg_24h": -2.576112412177986
    },
    "XCU": {
      "name": "Cobre",
      "usd_oz": 5.811728,
      "usd_g": 0.18685139405379914,
      "brl_oz": 30.053026660799997,
      "brl_g": 0.9662272437916007,
      "chg_1h": 0.17723167637860002,
      "chg_24h": -1.405629303102653
    }
  }
}
