{
  "timestamp": 1782447866,
  "usdToBrl": 5.2019,
  "metals": {
    "XAU": {
      "name": "Ouro",
      "usd_oz": 4010.399902,
      "usd_g": 128.9373508880525,
      "brl_oz": 20861.699250213802,
      "brl_g": 670.7192055845603,
      "chg_1h": 0,
      "chg_24h": 0.48105710652731104
    },
    "XAG": {
      "name": "Prata",
      "usd_oz": 56.729,
      "usd_g": 1.8238797020916968,
      "brl_oz": 295.0985851,
      "brl_g": 9.487639822310799,
      "chg_1h": 0,
      "chg_24h": -1.1086934155428039
    },
    "XPT": {
      "name": "Platina",
      "usd_oz": 1580,
      "usd_g": 50.79817957843221,
      "brl_oz": 8219.002,
      "brl_g": 264.2470503490465,
      "chg_1h": 0,
      "chg_24h": 0.7010834926704907
    },
    "XPD": {
      "name": "Paládio",
      "usd_oz": 1200,
      "usd_g": 38.58089588235358,
      "brl_oz": 6242.280000000001,
      "brl_g": 200.6939622904151,
      "chg_1h": 0,
      "chg_24h": 0.586756077116513
    },
    "XCU": {
      "name": "Cobre",
      "usd_oz": 5.976382,
      "usd_g": 0.19214514307931002,
      "brl_oz": 31.0885415258,
      "brl_g": 0.9995198197842629,
      "chg_1h": 0,
      "chg_24h": 0.35289182898247345
    }
  }
}
