{
  "timestamp": 1771535139,
  "usdToBrl": 5.2343,
  "metals": {
    "XAU": {
      "name": "Ouro",
      "usd_oz": 5000.700195,
      "usd_g": 160.77624463513354,
      "brl_oz": 26175.165030688502,
      "brl_g": 841.5510972936795,
      "chg_1h": 0.22447529812607173,
      "chg_24h": 0.35319573466052534
    },
    "XAG": {
      "name": "Prata",
      "usd_oz": 78.462997,
      "usd_g": 2.5226439315620177,
      "brl_oz": 410.6988651971,
      "brl_g": 13.20427513097507,
      "chg_1h": 0.6671490619151373,
      "chg_24h": 1.44808834805766
    },
    "XPT": {
      "name": "Platina",
      "usd_oz": 2078,
      "usd_g": 66.80925136960894,
      "brl_oz": 10876.8754,
      "brl_g": 349.69966444394413,
      "chg_1h": 0.6295399515738499,
      "chg_24h": -0.4789272030651341
    },
    "XPD": {
      "name": "Paládio",
      "usd_oz": 1705,
      "usd_g": 54.81702289951071,
      "brl_oz": 8924.4815,
      "brl_g": 286.9287429629089,
      "chg_1h": 0.5899705014749262,
      "chg_24h": -2.0114942528735633
    },
    "XCU": {
      "name": "Cobre",
      "usd_oz": 5.717532,
      "usd_g": 0.18382292233002068,
      "brl_oz": 29.9272777476,
      "brl_g": 0.9621843223520272,
      "chg_1h": 0,
      "chg_24h": -1.614392524972678
    }
  }
}
