{
  "timestamp": 1778871100,
  "usdToBrl": 5.0324,
  "metals": {
    "XAU": {
      "name": "Ouro",
      "usd_oz": 4560.299805,
      "usd_g": 146.6170433075186,
      "brl_oz": 22949.252738681997,
      "brl_g": 737.8356087407566,
      "chg_1h": 0.16473379725072276,
      "chg_24h": -2.3657618526427084
    },
    "XAG": {
      "name": "Prata",
      "usd_oz": 77.046997,
      "usd_g": 2.4771184744208403,
      "brl_oz": 387.7313077028,
      "brl_g": 12.465851010675436,
      "chg_1h": 0.38958148238936213,
      "chg_24h": -8.82012189349112
    },
    "XPT": {
      "name": "Platina",
      "usd_oz": 1995,
      "usd_g": 64.14073940441283,
      "brl_oz": 10039.638,
      "brl_g": 322.7818569787671,
      "chg_1h": 0.20090406830738325,
      "chg_24h": -3.669724770642202
    },
    "XPD": {
      "name": "Paládio",
      "usd_oz": 1442,
      "usd_g": 46.36137655196155,
      "brl_oz": 7256.7208,
      "brl_g": 233.30899136009128,
      "chg_1h": 0.3479471120389701,
      "chg_24h": -1.3679890560875512
    },
    "XCU": {
      "name": "Cobre",
      "usd_oz": 6.230834,
      "usd_g": 0.20032596484519055,
      "brl_oz": 31.356049021599997,
      "brl_g": 1.008120385486937,
      "chg_1h": 0.5070814940418303,
      "chg_24h": -2.1432164564598
    }
  }
}
