{
  "timestamp": 1783948580,
  "usdToBrl": 5.1185,
  "metals": {
    "XAU": {
      "name": "Ouro",
      "usd_oz": 4063.100098,
      "usd_g": 130.63170153376552,
      "brl_oz": 20796.977851613,
      "brl_g": 668.6383643005788,
      "chg_1h": 0,
      "chg_24h": -1.4145631432588952
    },
    "XAG": {
      "name": "Prata",
      "usd_oz": 58.544998,
      "usd_g": 1.882265393558832,
      "brl_oz": 299.662572263,
      "brl_g": 9.634375416930881,
      "chg_1h": 0,
      "chg_24h": -2.4477655213783502
    },
    "XPT": {
      "name": "Platina",
      "usd_oz": 1632,
      "usd_g": 52.47001840000087,
      "brl_oz": 8353.392,
      "brl_g": 268.5677891804044,
      "chg_1h": 0,
      "chg_24h": -0.1834862385321101
    },
    "XPD": {
      "name": "Paládio",
      "usd_oz": 1290,
      "usd_g": 41.474463073530096,
      "brl_oz": 6602.865,
      "brl_g": 212.2870392418638,
      "chg_1h": 0,
      "chg_24h": -0.7692307692307693
    },
    "XCU": {
      "name": "Cobre",
      "usd_oz": 6.127806,
      "usd_g": 0.19701353772771796,
      "brl_oz": 31.365175010999998,
      "brl_g": 1.0084137928593244,
      "chg_1h": 0,
      "chg_24h": 1.2706162796347353
    }
  }
}
