{
  "timestamp": 1773269684,
  "usdToBrl": 5.1711,
  "metals": {
    "XAU": {
      "name": "Ouro",
      "usd_oz": 5160.5,
      "usd_g": 165.9139276674047,
      "brl_oz": 26685.46155,
      "brl_g": 857.9575113609164,
      "chg_1h": -0.3225719379391383,
      "chg_24h": -0.6181892961940912
    },
    "XAG": {
      "name": "Prata",
      "usd_oz": 85.224998,
      "usd_g": 2.7400473120098265,
      "brl_oz": 440.7069871578,
      "brl_g": 14.169058655134014,
      "chg_1h": -0.7557619214691156,
      "chg_24h": -3.6265164604047966
    },
    "XPT": {
      "name": "Platina",
      "usd_oz": 2168,
      "usd_g": 69.70281856078546,
      "brl_oz": 11210.9448,
      "brl_g": 360.4402450596777,
      "chg_1h": -0.41341295360587965,
      "chg_24h": -1.2300683371298404
    },
    "XPD": {
      "name": "Paládio",
      "usd_oz": 1648,
      "usd_g": 52.984430345098914,
      "brl_oz": 8521.9728,
      "brl_g": 273.987787757541,
      "chg_1h": -0.6630500301386377,
      "chg_24h": -1.846337105419893
    },
    "XCU": {
      "name": "Cobre",
      "usd_oz": 5.80633,
      "usd_g": 0.1866778443238217,
      "brl_oz": 30.025113063,
      "brl_g": 0.9653298007829144,
      "chg_1h": 0,
      "chg_24h": -1.3605725314490877
    }
  }
}
