{
  "timestamp": 1779984646,
  "usdToBrl": 5.0726,
  "metals": {
    "XAU": {
      "name": "Ouro",
      "usd_oz": 4482.399902,
      "usd_g": 144.1125032684449,
      "brl_oz": 22737.421742885203,
      "brl_g": 731.0250840795137,
      "chg_1h": 0,
      "chg_24h": 0.7077220493286214
    },
    "XAG": {
      "name": "Prata",
      "usd_oz": 75.174004,
      "usd_g": 2.416900351153026,
      "brl_oz": 381.32765269040004,
      "brl_g": 12.25996872125884,
      "chg_1h": 0,
      "chg_24h": 0.5524297280017617
    },
    "XPT": {
      "name": "Platina",
      "usd_oz": 1918,
      "usd_g": 61.66513191862847,
      "brl_oz": 9729.2468,
      "brl_g": 312.8025481704348,
      "chg_1h": 0,
      "chg_24h": -0.6732263076126359
    },
    "XPD": {
      "name": "Paládio",
      "usd_oz": 1387,
      "usd_g": 44.59308549068701,
      "brl_oz": 7035.6962,
      "brl_g": 226.20288546005895,
      "chg_1h": 0,
      "chg_24h": -1.9787985865724382
    },
    "XCU": {
      "name": "Cobre",
      "usd_oz": 6.174829,
      "usd_g": 0.19852536228361456,
      "brl_oz": 31.322437585400003,
      "brl_g": 1.0070397527198633,
      "chg_1h": 0,
      "chg_24h": 1.1605028315895571
    }
  }
}
