{
  "timestamp": 1771504191,
  "usdToBrl": 5.2229,
  "metals": {
    "XAU": {
      "name": "Ouro",
      "usd_oz": 4992.299805,
      "usd_g": 160.50616582516588,
      "brl_oz": 26074.2826515345,
      "brl_g": 838.3076534882589,
      "chg_1h": 0.17255472166297317,
      "chg_24h": 1.3335709351906029
    },
    "XAG": {
      "name": "Prata",
      "usd_oz": 78.099998,
      "usd_g": 2.510973242708352,
      "brl_oz": 407.9084795542,
      "brl_g": 13.114562149341452,
      "chg_1h": -0.19297006035666553,
      "chg_24h": 2.936519323689396
    },
    "XPT": {
      "name": "Platina",
      "usd_oz": 2078,
      "usd_g": 66.80925136960894,
      "brl_oz": 10853.1862,
      "brl_g": 348.93803897833055,
      "chg_1h": -0.0481000481000481,
      "chg_24h": 1.267056530214425
    },
    "XPD": {
      "name": "Paládio",
      "usd_oz": 1712,
      "usd_g": 55.0420781254911,
      "brl_oz": 8941.604800000001,
      "brl_g": 287.47926984162746,
      "chg_1h": -0.8111239860950173,
      "chg_24h": -1.9473081328751431
    },
    "XCU": {
      "name": "Cobre",
      "usd_oz": 5.705058,
      "usd_g": 0.18342187391732362,
      "brl_oz": 29.796947428200003,
      "brl_g": 0.9579941052827895,
      "chg_1h": -0.1904497314879252,
      "chg_24h": -0.5442900276834401
    }
  }
}
