{
  "timestamp": 1776838549,
  "usdToBrl": 4.9639,
  "metals": {
    "XAU": {
      "name": "Ouro",
      "usd_oz": 4763.899902,
      "usd_g": 153.16293842751367,
      "brl_oz": 23647.5227235378,
      "brl_g": 760.285510060335,
      "chg_1h": 0.1345223751970596,
      "chg_24h": -0.22827979067490015
    },
    "XAG": {
      "name": "Prata",
      "usd_oz": 78.537003,
      "usd_g": 2.5250232797125753,
      "brl_oz": 389.8498291917,
      "brl_g": 12.533963058165252,
      "chg_1h": 0.526078392930381,
      "chg_24h": -0.28693295075099556
    },
    "XPT": {
      "name": "Platina",
      "usd_oz": 2082,
      "usd_g": 66.93785435588346,
      "brl_oz": 10334.8398,
      "brl_g": 332.2728152371699,
      "chg_1h": 0.5311443746982134,
      "chg_24h": 0.04805382027871216
    },
    "XPD": {
      "name": "Paládio",
      "usd_oz": 1597,
      "usd_g": 51.344742270098884,
      "brl_oz": 7927.3483,
      "brl_g": 254.87016615454382,
      "chg_1h": 0.630119722747322,
      "chg_24h": 1.7197452229299364
    },
    "XCU": {
      "name": "Cobre",
      "usd_oz": 5.992258,
      "usd_g": 0.19265556833183356,
      "brl_oz": 29.744969486199995,
      "brl_g": 0.9563229756423886,
      "chg_1h": 0.08966257940265844,
      "chg_24h": 0.6897759244845645
    }
  }
}
