{
  "timestamp": 1773177912,
  "usdToBrl": 5.1779,
  "metals": {
    "XAU": {
      "name": "Ouro",
      "usd_oz": 5192.299805,
      "usd_g": 166.93631513889147,
      "brl_oz": 26885.2091603095,
      "brl_g": 864.3795461576661,
      "chg_1h": -0.07121237490377884,
      "chg_24h": 1.0568276566757426
    },
    "XAG": {
      "name": "Prata",
      "usd_oz": 88.444,
      "usd_g": 2.8435406295157333,
      "brl_oz": 457.9541876,
      "brl_g": 14.723569025569516,
      "chg_1h": -0.16479964622641669,
      "chg_24h": 1.4917872082456853
    },
    "XPT": {
      "name": "Platina",
      "usd_oz": 2200,
      "usd_g": 70.73164245098155,
      "brl_oz": 11391.380000000001,
      "brl_g": 366.2413714469374,
      "chg_1h": -0.09082652134423251,
      "chg_24h": 0.6404391582799633
    },
    "XPD": {
      "name": "Paládio",
      "usd_oz": 1683,
      "usd_g": 54.10970647500089,
      "brl_oz": 8714.405700000001,
      "brl_g": 280.17464915690715,
      "chg_1h": 0.29797377830750893,
      "chg_24h": -1.6939252336448596
    },
    "XCU": {
      "name": "Cobre",
      "usd_oz": 5.886419,
      "usd_g": 0.18925276546575656,
      "brl_oz": 30.479288940100002,
      "brl_g": 0.9799318943051409,
      "chg_1h": 0,
      "chg_24h": 0.7257176923782517
    }
  }
}
