{
  "timestamp": 1774299154,
  "usdToBrl": 5.2552,
  "metals": {
    "XAU": {
      "name": "Ouro",
      "usd_oz": 4411.5,
      "usd_g": 141.83301848750233,
      "brl_oz": 23183.3148,
      "brl_g": 745.3608787555223,
      "chg_1h": 0.40284482192060983,
      "chg_24h": -1.7964514379796097
    },
    "XAG": {
      "name": "Prata",
      "usd_oz": 69.377998,
      "usd_g": 2.2305544311367793,
      "brl_oz": 364.5952550896001,
      "brl_g": 11.722009646510003,
      "chg_1h": 0.5201480977766256,
      "chg_24h": 2.119570660333204
    },
    "XPT": {
      "name": "Platina",
      "usd_oz": 1888,
      "usd_g": 60.70060952156963,
      "brl_oz": 9921.8176,
      "brl_g": 318.99384315775274,
      "chg_1h": 0.3188097768331562,
      "chg_24h": -2.378490175801448
    },
    "XPD": {
      "name": "Paládio",
      "usd_oz": 1459,
      "usd_g": 46.90793924362823,
      "brl_oz": 7667.3368,
      "brl_g": 246.51060231311507,
      "chg_1h": 0.34387895460797796,
      "chg_24h": 1.8854748603351956
    },
    "XCU": {
      "name": "Cobre",
      "usd_oz": 5.485744,
      "usd_g": 0.17637076508437155,
      "brl_oz": 28.828681868800004,
      "brl_g": 0.9268636446713894,
      "chg_1h": 0,
      "chg_24h": 1.5363503585866352
    }
  }
}
