{
  "timestamp": 1776202069,
  "usdToBrl": 4.9815,
  "metals": {
    "XAU": {
      "name": "Ouro",
      "usd_oz": 4841.899902,
      "usd_g": 155.67069665986665,
      "brl_oz": 24119.924361813,
      "brl_g": 775.4735754111257,
      "chg_1h": 0.020657316206576667,
      "chg_24h": 2.108859361578316
    },
    "XAG": {
      "name": "Prata",
      "usd_oz": 79.657997,
      "usd_g": 2.561064073711528,
      "brl_oz": 396.81631205549996,
      "brl_g": 12.757940683193976,
      "chg_1h": -0.033884671742099436,
      "chg_24h": 5.232701497188798
    },
    "XPT": {
      "name": "Platina",
      "usd_oz": 2111,
      "usd_g": 67.87022600637367,
      "brl_oz": 10515.9465,
      "brl_g": 338.09553085075044,
      "chg_1h": -0.04734848484848485,
      "chg_24h": 1.344215074411906
    },
    "XPD": {
      "name": "Paládio",
      "usd_oz": 1607,
      "usd_g": 51.666249735785165,
      "brl_oz": 8005.2705,
      "brl_g": 257.3754230588138,
      "chg_1h": -0.18633540372670807,
      "chg_24h": 0.2495321272613849
    },
    "XCU": {
      "name": "Cobre",
      "usd_oz": 5.938734,
      "usd_g": 0.19093473177249434,
      "brl_oz": 29.583803421,
      "brl_g": 0.9511413663246805,
      "chg_1h": 0,
      "chg_24h": 3.299289483351698
    }
  }
}
