{
  "timestamp": 1772726426,
  "usdToBrl": 5.2484,
  "metals": {
    "XAU": {
      "name": "Ouro",
      "usd_oz": 5097.5,
      "usd_g": 163.88843063358112,
      "brl_oz": 26753.719,
      "brl_g": 860.1520393372872,
      "chg_1h": -0.015687680807144118,
      "chg_24h": -1.2322973163152917
    },
    "XAG": {
      "name": "Prata",
      "usd_oz": 82.281998,
      "usd_g": 2.6454276648583543,
      "brl_oz": 431.8488383032,
      "brl_g": 13.884262556242588,
      "chg_1h": -0.44284796572761864,
      "chg_24h": -2.870834910552036
    },
    "XPT": {
      "name": "Platina",
      "usd_oz": 2133,
      "usd_g": 68.57754243088348,
      "brl_oz": 11194.8372,
      "brl_g": 359.9223736942489,
      "chg_1h": -0.7445323406235459,
      "chg_24h": -2.1559633027522938
    },
    "XPD": {
      "name": "Paládio",
      "usd_oz": 1660,
      "usd_g": 53.370239303922446,
      "brl_oz": 8712.344000000001,
      "brl_g": 280.10836396270656,
      "chg_1h": -0.4796163069544364,
      "chg_24h": -2.9807130333138514
    },
    "XCU": {
      "name": "Cobre",
      "usd_oz": 5.808023,
      "usd_g": 0.1867322755377624,
      "brl_oz": 30.4828279132,
      "brl_g": 0.9800456749323921,
      "chg_1h": 0.36445909507836266,
      "chg_24h": -1.0586242365207361
    }
  }
}
