{
  "timestamp": 1774995978,
  "usdToBrl": 5.224,
  "metals": {
    "XAU": {
      "name": "Ouro",
      "usd_oz": 4678.399902,
      "usd_g": 150.414049595896,
      "brl_oz": 24439.961088048003,
      "brl_g": 785.7629950889607,
      "chg_1h": 0.1841641474821309,
      "chg_24h": 3.710926668144538
    },
    "XAG": {
      "name": "Prata",
      "usd_oz": 75.517998,
      "usd_g": 2.427960015068155,
      "brl_oz": 394.50602155200005,
      "brl_g": 12.68366311871604,
      "chg_1h": 0.356143521594692,
      "chg_24h": 7.721267767437381
    },
    "XPT": {
      "name": "Platina",
      "usd_oz": 1972,
      "usd_g": 63.40127223333438,
      "brl_oz": 10301.728000000001,
      "brl_g": 331.20824614693885,
      "chg_1h": 0.509683995922528,
      "chg_24h": 3.8441284886782516
    },
    "XPD": {
      "name": "Paládio",
      "usd_oz": 1511,
      "usd_g": 48.57977806519688,
      "brl_oz": 7893.464,
      "brl_g": 253.7807606125885,
      "chg_1h": 0.33200531208499334,
      "chg_24h": 3.9917412250516175
    },
    "XCU": {
      "name": "Cobre",
      "usd_oz": 5.554513,
      "usd_g": 0.17858173977514952,
      "brl_oz": 29.016775912,
      "brl_g": 0.9329110085853811,
      "chg_1h": 0,
      "chg_24h": 0.8309342664446393
    }
  }
}
