{
  "timestamp": 1784752953,
  "usdToBrl": 5.0797,
  "metals": {
    "XAU": {
      "name": "Ouro",
      "usd_oz": 4135.299805,
      "usd_g": 132.9529760158517,
      "brl_oz": 21006.082419458497,
      "brl_g": 675.3612322677219,
      "chg_1h": -0.038678649179471,
      "chg_24h": 1.347934106303752
    },
    "XAG": {
      "name": "Prata",
      "usd_oz": 59.910999,
      "usd_g": 1.9261833455223243,
      "brl_oz": 304.32990162029995,
      "brl_g": 9.78443354024975,
      "chg_1h": -0.1716282867331058,
      "chg_24h": 1.6836674363731083
    },
    "XPT": {
      "name": "Platina",
      "usd_oz": 1649,
      "usd_g": 53.01658109166754,
      "brl_oz": 8376.425299999999,
      "brl_g": 269.3083269713436,
      "chg_1h": 0.18226002430133656,
      "chg_24h": 0.9797917942437232
    },
    "XPD": {
      "name": "Paládio",
      "usd_oz": 1320,
      "usd_g": 42.43898547058893,
      "brl_oz": 6705.204,
      "brl_g": 215.5773144949506,
      "chg_1h": -0.0757002271006813,
      "chg_24h": 1.2269938650306749
    },
    "XCU": {
      "name": "Cobre",
      "usd_oz": 6.271353,
      "usd_g": 0.20162868094540481,
      "brl_oz": 31.8565918341,
      "brl_g": 1.0242132105983728,
      "chg_1h": 0,
      "chg_24h": -0.11222606272713609
    }
  }
}
