{
  "timestamp": 1772780841,
  "usdToBrl": 5.2484,
  "metals": {
    "XAU": {
      "name": "Ouro",
      "usd_oz": 5113.600098,
      "usd_g": 164.40606080410922,
      "brl_oz": 26838.2187543432,
      "brl_g": 862.8687695242868,
      "chg_1h": -0.08596916764361295,
      "chg_24h": -1.1195959006091099
    },
    "XAG": {
      "name": "Prata",
      "usd_oz": 84.211998,
      "usd_g": 2.7074786057358065,
      "brl_oz": 441.97825030319996,
      "brl_g": 14.209930714343807,
      "chg_1h": 0.5456402798271142,
      "chg_24h": 0.5864681431603918
    },
    "XPT": {
      "name": "Platina",
      "usd_oz": 2146,
      "usd_g": 68.99550213627565,
      "brl_oz": 11263.0664,
      "brl_g": 362.1159934120291,
      "chg_1h": -0.13959981386691486,
      "chg_24h": -1.014760147601476
    },
    "XPD": {
      "name": "Paládio",
      "usd_oz": 1678,
      "usd_g": 53.94895274215775,
      "brl_oz": 8806.815200000001,
      "brl_g": 283.14568357194076,
      "chg_1h": -0.1784651992861392,
      "chg_24h": -0.5334914048606995
    },
    "XCU": {
      "name": "Cobre",
      "usd_oz": 5.823597,
      "usd_g": 0.1872329912648222,
      "brl_oz": 30.564566494800005,
      "brl_g": 0.9826736313542929,
      "chg_1h": -0.12317393610698255,
      "chg_24h": -0.3041242778653302
    }
  }
}
