{
  "timestamp": 1772004667,
  "usdToBrl": 5.1769,
  "metals": {
    "XAU": {
      "name": "Ouro",
      "usd_oz": 5190.399902,
      "usd_g": 166.87523183903352,
      "brl_oz": 26870.1812526638,
      "brl_g": 863.8963877074926,
      "chg_1h": -0.055839314287374174,
      "chg_24h": 0.22205488072011012
    },
    "XAG": {
      "name": "Prata",
      "usd_oz": 90.727997,
      "usd_g": 2.91697283822624,
      "brl_oz": 469.6897676693,
      "brl_g": 15.10087668621342,
      "chg_1h": 0.014331698807551845,
      "chg_24h": 2.7031934662981
    },
    "XPT": {
      "name": "Platina",
      "usd_oz": 2283,
      "usd_g": 73.40015441617768,
      "brl_oz": 11818.8627,
      "brl_g": 379.98525939711027,
      "chg_1h": -0.087527352297593,
      "chg_24h": 5.792400370713624
    },
    "XPD": {
      "name": "Paládio",
      "usd_oz": 1828,
      "usd_g": 58.77156472745195,
      "brl_oz": 9463.3732,
      "brl_g": 304.254513437546,
      "chg_1h": -0.27277686852154936,
      "chg_24h": 3.8046564452015903
    },
    "XCU": {
      "name": "Cobre",
      "usd_oz": 5.901766,
      "usd_g": 0.1897461829733453,
      "brl_oz": 30.5528524054,
      "brl_g": 0.9822970146347113,
      "chg_1h": -0.0934270142713549,
      "chg_24h": 1.4581883545724343
    }
  }
}
