{
  "timestamp": 1778139255,
  "usdToBrl": 4.9092,
  "metals": {
    "XAU": {
      "name": "Ouro",
      "usd_oz": 4742,
      "usd_g": 152.4588402284339,
      "brl_oz": 23279.4264,
      "brl_g": 748.4509384494278,
      "chg_1h": 0,
      "chg_24h": 1.6092073877096813
    },
    "XAG": {
      "name": "Prata",
      "usd_oz": 79.561996,
      "usd_g": 2.557977569890193,
      "brl_oz": 390.5857507632,
      "brl_g": 12.557623486104935,
      "chg_1h": 0,
      "chg_24h": 4.8026713736234745
    },
    "XPT": {
      "name": "Platina",
      "usd_oz": 2094,
      "usd_g": 67.32366331470699,
      "brl_oz": 10279.864800000001,
      "brl_g": 330.50532794455955,
      "chg_1h": 0,
      "chg_24h": 4.230960676953709
    },
    "XPD": {
      "name": "Paládio",
      "usd_oz": 1585,
      "usd_g": 50.95893331127535,
      "brl_oz": 7781.082,
      "brl_g": 250.16759541171297,
      "chg_1h": 0,
      "chg_24h": 2.522639068564036
    },
    "XCU": {
      "name": "Cobre",
      "usd_oz": 6.028091,
      "usd_g": 0.19380762603362722,
      "brl_oz": 29.5931043372,
      "brl_g": 0.9514403977242828,
      "chg_1h": 0,
      "chg_24h": 1.5563597278168846
    }
  }
}
