{
  "timestamp": 1779812887,
  "usdToBrl": 5.0201,
  "metals": {
    "XAU": {
      "name": "Ouro",
      "usd_oz": 4508.600098,
      "usd_g": 144.9548591300893,
      "brl_oz": 22633.6233519698,
      "brl_g": 727.6878883189613,
      "chg_1h": 0,
      "chg_24h": -1.3111503119185752
    },
    "XAG": {
      "name": "Prata",
      "usd_oz": 76.303001,
      "usd_g": 2.453198447576767,
      "brl_oz": 383.04869532009997,
      "brl_g": 12.315301526680129,
      "chg_1h": 0,
      "chg_24h": -2.0299444547040193
    },
    "XPT": {
      "name": "Platina",
      "usd_oz": 1953,
      "usd_g": 62.790408048530445,
      "brl_oz": 9804.2553,
      "brl_g": 315.2141274444277,
      "chg_1h": 0,
      "chg_24h": -1.2139605462822458
    },
    "XPD": {
      "name": "Paládio",
      "usd_oz": 1407,
      "usd_g": 45.23610042205957,
      "brl_oz": 7063.2807,
      "brl_g": 227.08974772878128,
      "chg_1h": 0,
      "chg_24h": -0.8456659619450317
    },
    "XCU": {
      "name": "Cobre",
      "usd_oz": 6.141943,
      "usd_g": 0.19746805283195867,
      "brl_oz": 30.833168054300003,
      "brl_g": 0.9913093720217158,
      "chg_1h": 0,
      "chg_24h": 0.2418262656913004
    }
  }
}
