{
  "timestamp": 1784713344,
  "usdToBrl": 5.0794,
  "metals": {
    "XAU": {
      "name": "Ouro",
      "usd_oz": 4119,
      "usd_g": 132.42892511617865,
      "brl_oz": 20922.0486,
      "brl_g": 672.6594822351178,
      "chg_1h": 0,
      "chg_24h": 1.3483600625140586
    },
    "XAG": {
      "name": "Prata",
      "usd_oz": 59.534,
      "usd_g": 1.9140625462166982,
      "brl_oz": 302.39699959999996,
      "brl_g": 9.722289297253097,
      "chg_1h": 0,
      "chg_24h": 0.45558855291575995
    },
    "XPT": {
      "name": "Platina",
      "usd_oz": 1659,
      "usd_g": 53.33808855735382,
      "brl_oz": 8426.7246,
      "brl_g": 270.925487018223,
      "chg_1h": 0,
      "chg_24h": 1.4058679706601467
    },
    "XPD": {
      "name": "Paládio",
      "usd_oz": 1328,
      "usd_g": 42.69619144313796,
      "brl_oz": 6745.4432,
      "brl_g": 216.87103481627494,
      "chg_1h": 0,
      "chg_24h": 1.7624521072796935
    },
    "XCU": {
      "name": "Cobre",
      "usd_oz": 6.278399,
      "usd_g": 0.20185521510572735,
      "brl_oz": 31.8904998806,
      "brl_g": 1.0253033796080315,
      "chg_1h": 0,
      "chg_24h": 0.9603812773008268
    }
  }
}
