{
  "timestamp": 1774949646,
  "usdToBrl": 5.2402,
  "metals": {
    "XAU": {
      "name": "Ouro",
      "usd_oz": 4556.899902,
      "usd_g": 146.5077338878077,
      "brl_oz": 23879.066866460398,
      "brl_g": 767.7298271188898,
      "chg_1h": -0.1818166267733684,
      "chg_24h": 0.5338916310126652
    },
    "XAG": {
      "name": "Prata",
      "usd_oz": 73.166,
      "usd_g": 2.3523415234402347,
      "brl_oz": 383.4044732,
      "brl_g": 12.326740051131518,
      "chg_1h": 0.12727273075616588,
      "chg_24h": 2.8941862267484293
    },
    "XPT": {
      "name": "Platina",
      "usd_oz": 1927,
      "usd_g": 61.95448863774612,
      "brl_oz": 10097.865399999999,
      "brl_g": 324.65391135951717,
      "chg_1h": -0.3619441571871768,
      "chg_24h": -0.5162622612287042
    },
    "XPD": {
      "name": "Paládio",
      "usd_oz": 1465,
      "usd_g": 47.10084372303999,
      "brl_oz": 7676.893,
      "brl_g": 246.81784127747417,
      "chg_1h": -0.136332651670075,
      "chg_24h": 1.313969571230982
    },
    "XCU": {
      "name": "Cobre",
      "usd_oz": 5.516288,
      "usd_g": 0.17735277748756373,
      "brl_oz": 28.9064523776,
      "brl_g": 0.9293640245903314,
      "chg_1h": -0.13821698818031342,
      "chg_24h": 0.4474009772533959
    }
  }
}
