{
  "timestamp": 1773765850,
  "usdToBrl": 5.2089,
  "metals": {
    "XAU": {
      "name": "Ouro",
      "usd_oz": 5002.799805,
      "usd_g": 160.84374866413648,
      "brl_oz": 26059.0839042645,
      "brl_g": 837.8190024166205,
      "chg_1h": 0.15615225225224527,
      "chg_24h": 0.23642165898616813
    },
    "XAG": {
      "name": "Prata",
      "usd_oz": 79.545998,
      "usd_g": 2.557463222246588,
      "brl_oz": 414.3471489822,
      "brl_g": 13.321570178360252,
      "chg_1h": -0.04900546646987952,
      "chg_24h": -0.9611830354194174
    },
    "XPT": {
      "name": "Platina",
      "usd_oz": 2141,
      "usd_g": 68.83474840343251,
      "brl_oz": 11152.2549,
      "brl_g": 358.55332095863963,
      "chg_1h": 0.09350163627863488,
      "chg_24h": 1.4691943127962086
    },
    "XPD": {
      "name": "Paládio",
      "usd_oz": 1638,
      "usd_g": 52.66292287941263,
      "brl_oz": 8532.1782,
      "brl_g": 274.31589898657245,
      "chg_1h": 0.061087354917532075,
      "chg_24h": 1.1111111111111112
    },
    "XCU": {
      "name": "Cobre",
      "usd_oz": 5.760396,
      "usd_g": 0.18520103193093834,
      "brl_oz": 30.0053267244,
      "brl_g": 0.9646936552250647,
      "chg_1h": 0.03412387853566738,
      "chg_24h": -1.0980962177258187
    }
  }
}
