{
  "timestamp": 1772086331,
  "usdToBrl": 5.1287,
  "metals": {
    "XAU": {
      "name": "Ouro",
      "usd_oz": 5197.799805,
      "usd_g": 167.11314424501893,
      "brl_oz": 26657.9558599035,
      "brl_g": 857.0731828894286,
      "chg_1h": 0.059668698551318455,
      "chg_24h": 0.08665011012203638
    },
    "XAG": {
      "name": "Prata",
      "usd_oz": 89.702003,
      "usd_g": 2.883986365151307,
      "brl_oz": 460.05466278610004,
      "brl_g": 14.79110087095151,
      "chg_1h": 0.05242763986869394,
      "chg_24h": -1.116676453361685
    },
    "XPT": {
      "name": "Platina",
      "usd_oz": 2307,
      "usd_g": 74.17177233382475,
      "brl_oz": 11831.9109,
      "brl_g": 380.40476876848703,
      "chg_1h": 0.34797738147020446,
      "chg_24h": 0.9628008752735231
    },
    "XPD": {
      "name": "Paládio",
      "usd_oz": 1803,
      "usd_g": 57.96779606323625,
      "brl_oz": 9247.0461,
      "brl_g": 297.29943566951977,
      "chg_1h": 0.22234574763757642,
      "chg_24h": -1.6366612111292964
    },
    "XCU": {
      "name": "Cobre",
      "usd_oz": 5.964362,
      "usd_g": 0.19175869110555513,
      "brl_oz": 30.589423389400004,
      "brl_g": 0.9834727990730606,
      "chg_1h": 0.09896844237567966,
      "chg_24h": 0.966213751325702
    }
  }
}
