{
  "timestamp": 1776993049,
  "usdToBrl": 4.963,
  "metals": {
    "XAU": {
      "name": "Ouro",
      "usd_oz": 4704.899902,
      "usd_g": 151.26604437996463,
      "brl_oz": 23350.418213626002,
      "brl_g": 750.7333782577645,
      "chg_1h": 0.18312495703200662,
      "chg_24h": -0.815840188896121
    },
    "XAG": {
      "name": "Prata",
      "usd_oz": 75.778,
      "usd_g": 2.4363192734774914,
      "brl_oz": 376.08621400000004,
      "brl_g": 12.09145255426879,
      "chg_1h": 0.1321374754600231,
      "chg_24h": -3.2135272589665442
    },
    "XPT": {
      "name": "Platina",
      "usd_oz": 2014,
      "usd_g": 64.75160358921676,
      "brl_oz": 9995.482,
      "brl_g": 321.36220861328275,
      "chg_1h": -0.04962779156327543,
      "chg_24h": -3.451581975071908
    },
    "XPD": {
      "name": "Paládio",
      "usd_oz": 1499,
      "usd_g": 48.193969106373345,
      "brl_oz": 7439.537,
      "brl_g": 239.18666867493093,
      "chg_1h": 0.26755852842809363,
      "chg_24h": -5.186590765338393
    },
    "XCU": {
      "name": "Cobre",
      "usd_oz": 5.969729,
      "usd_g": 0.19193124416238896,
      "brl_oz": 29.627765027000002,
      "brl_g": 0.9525547647779364,
      "chg_1h": -0.3351029525020926,
      "chg_24h": -1.311003148933587
    }
  }
}
