{
  "timestamp": 1783510095,
  "usdToBrl": 5.1413,
  "metals": {
    "XAU": {
      "name": "Ouro",
      "usd_oz": 4052.699951,
      "usd_g": 130.29732904329205,
      "brl_oz": 20836.1462580763,
      "brl_g": 669.8976578102775,
      "chg_1h": -0.1256862816899209,
      "chg_24h": -2.217346543140477
    },
    "XAG": {
      "name": "Prata",
      "usd_oz": 58.521,
      "usd_g": 1.8814938399426782,
      "brl_oz": 300.8740173,
      "brl_g": 9.673324279297292,
      "chg_1h": -0.47279715641422254,
      "chg_24h": -4.271085519858662
    },
    "XPT": {
      "name": "Platina",
      "usd_oz": 1574,
      "usd_g": 50.605275099020446,
      "brl_oz": 8092.4062,
      "brl_g": 260.1769008665938,
      "chg_1h": -0.37974683544303794,
      "chg_24h": -4.779189352692075
    },
    "XPD": {
      "name": "Paládio",
      "usd_oz": 1230,
      "usd_g": 39.54541827941242,
      "brl_oz": 6323.799,
      "brl_g": 203.31485899994306,
      "chg_1h": -0.3241491085899514,
      "chg_24h": -5.238828967642527
    },
    "XCU": {
      "name": "Cobre",
      "usd_oz": 5.972678,
      "usd_g": 0.19202605671401984,
      "brl_oz": 30.707329401400003,
      "brl_g": 0.9872635653837902,
      "chg_1h": -0.2801922043055647,
      "chg_24h": -1.0445966161159952
    }
  }
}
