{
  "timestamp": 1778093754,
  "usdToBrl": 4.9092,
  "metals": {
    "XAU": {
      "name": "Ouro",
      "usd_oz": 4687.700195,
      "usd_g": 150.71306095915298,
      "brl_oz": 23012.857797294004,
      "brl_g": 739.8805588606739,
      "chg_1h": 0.008542018148137164,
      "chg_24h": 2.6878465498357142
    },
    "XAG": {
      "name": "Prata",
      "usd_oz": 77.221001,
      "usd_g": 2.482712832926768,
      "brl_oz": 379.09333810920003,
      "brl_g": 12.18813383940409,
      "chg_1h": 0.17902909850421325,
      "chg_24h": 5.296103066558584
    },
    "XPT": {
      "name": "Platina",
      "usd_oz": 2057,
      "usd_g": 66.13408569166776,
      "brl_oz": 10098.224400000001,
      "brl_g": 324.6654534775354,
      "chg_1h": 0,
      "chg_24h": 4.257475924987329
    },
    "XPD": {
      "name": "Paládio",
      "usd_oz": 1561,
      "usd_g": 50.18731539362828,
      "brl_oz": 7663.2612,
      "brl_g": 246.37956873039997,
      "chg_1h": -0.12795905310300704,
      "chg_24h": 2.562417871222076
    },
    "XCU": {
      "name": "Cobre",
      "usd_oz": 6.03554,
      "usd_g": 0.19404711694481694,
      "brl_oz": 29.629672968,
      "brl_g": 0.9526161065054953,
      "chg_1h": 0.28957581886549033,
      "chg_24h": 2.060110817048719
    }
  }
}
