{
  "timestamp": 1777648404,
  "usdToBrl": 4.9814,
  "metals": {
    "XAU": {
      "name": "Ouro",
      "usd_oz": 4627.600098,
      "usd_g": 148.78079797175602,
      "brl_oz": 23051.927128177198,
      "brl_g": 741.1366670165054,
      "chg_1h": -0.2607948033590662,
      "chg_24h": 0.1233301482261261
    },
    "XAG": {
      "name": "Prata",
      "usd_oz": 75.517998,
      "usd_g": 2.427960015068155,
      "brl_oz": 376.18535523720004,
      "brl_g": 12.094640019060506,
      "chg_1h": -1.453708557589058,
      "chg_24h": 2.889756956425057
    },
    "XPT": {
      "name": "Platina",
      "usd_oz": 1999,
      "usd_g": 64.26934239068733,
      "brl_oz": 9957.8186,
      "brl_g": 320.15130218496984,
      "chg_1h": -0.8924144769459593,
      "chg_24h": 1.5236160487557135
    },
    "XPD": {
      "name": "Paládio",
      "usd_oz": 1562,
      "usd_g": 50.21946614019691,
      "brl_oz": 7780.9468,
      "brl_g": 250.16324863077688,
      "chg_1h": -0.3826530612244898,
      "chg_24h": 3.7873754152823924
    },
    "XCU": {
      "name": "Cobre",
      "usd_oz": 5.872056,
      "usd_g": 0.18879098429279134,
      "brl_oz": 29.251059758399997,
      "brl_g": 0.9404434091561108,
      "chg_1h": -0.07461999533391186,
      "chg_24h": 0.31901209949869536
    }
  }
}
