{
  "timestamp": 1770808173,
  "usdToBrl": 5.2067,
  "metals": {
    "XAU": {
      "name": "Ouro",
      "usd_oz": 5094.899902,
      "usd_g": 163.80483554172955,
      "brl_oz": 26527.6153197434,
      "brl_g": 852.8826372151232,
      "chg_1h": 0.6976797240152205,
      "chg_24h": 0.895096842476997
    },
    "XAG": {
      "name": "Prata",
      "usd_oz": 85.724998,
      "usd_g": 2.7561226852941405,
      "brl_oz": 446.34434708659995,
      "brl_g": 14.350303985521,
      "chg_1h": 2.2288147933785947,
      "chg_24h": 4.536310147051156
    },
    "XPT": {
      "name": "Platina",
      "usd_oz": 2195,
      "usd_g": 70.57088871813842,
      "brl_oz": 11428.706499999998,
      "brl_g": 367.4414462887313,
      "chg_1h": 0.7342817806333181,
      "chg_24h": 4.1765543426673
    },
    "XPD": {
      "name": "Paládio",
      "usd_oz": 1791,
      "usd_g": 57.58198710441271,
      "brl_oz": 9325.1997,
      "brl_g": 299.8121322565456,
      "chg_1h": 0.9014084507042254,
      "chg_24h": 2.5186033199771036
    },
    "XCU": {
      "name": "Cobre",
      "usd_oz": 5.983035,
      "usd_g": 0.1923590419962311,
      "brl_oz": 31.151868334499998,
      "brl_g": 1.0015558239617763,
      "chg_1h": 0.6882878480061794,
      "chg_24h": 1.847994927206257
    }
  }
}
