{
  "timestamp": 1774564368,
  "usdToBrl": 5.2366,
  "metals": {
    "XAU": {
      "name": "Ouro",
      "usd_oz": 4402.399902,
      "usd_g": 141.54044354295468,
      "brl_oz": 23053.607326813202,
      "brl_g": 741.1906866570365,
      "chg_1h": 0.529770413932852,
      "chg_24h": -2.4463727125160952
    },
    "XAG": {
      "name": "Prata",
      "usd_oz": 68.806,
      "usd_g": 2.212164268401017,
      "brl_oz": 360.3094996,
      "brl_g": 11.584219407908765,
      "chg_1h": 0.9729568986676982,
      "chg_24h": -3.5925499400637544
    },
    "XPT": {
      "name": "Platina",
      "usd_oz": 1849,
      "usd_g": 59.44673040539314,
      "brl_oz": 9682.4734,
      "brl_g": 311.29874844088175,
      "chg_1h": 0.5984766050054406,
      "chg_24h": -4.444444444444445
    },
    "XPD": {
      "name": "Paládio",
      "usd_oz": 1400,
      "usd_g": 45.01104519607917,
      "brl_oz": 7331.24,
      "brl_g": 235.7048392737882,
      "chg_1h": 1.1560693641618496,
      "chg_24h": -2.5748086290883787
    },
    "XCU": {
      "name": "Cobre",
      "usd_oz": 5.448024,
      "usd_g": 0.17515803892380288,
      "brl_oz": 28.5291224784,
      "brl_g": 0.9172325866283862,
      "chg_1h": 0,
      "chg_24h": -0.8747834602080701
    }
  }
}
