{
  "timestamp": 1774346953,
  "usdToBrl": 5.2552,
  "metals": {
    "XAU": {
      "name": "Ouro",
      "usd_oz": 4425.399902,
      "usd_g": 142.27991071403312,
      "brl_oz": 23256.361564990402,
      "brl_g": 747.7093867843869,
      "chg_1h": 0.43802463790508794,
      "chg_24h": 4.609493298915077
    },
    "XAG": {
      "name": "Prata",
      "usd_oz": 70.286003,
      "usd_g": 2.2597474697748257,
      "brl_oz": 369.36700296559997,
      "brl_g": 11.875424903160665,
      "chg_1h": 1.2299861912372552,
      "chg_24h": 10.72323603081333
    },
    "XPT": {
      "name": "Platina",
      "usd_oz": 1913,
      "usd_g": 61.50437818578533,
      "brl_oz": 10053.197600000001,
      "brl_g": 323.21780824193905,
      "chg_1h": 1.270513499205929,
      "chg_24h": 6.159822419533851
    },
    "XPD": {
      "name": "Paládio",
      "usd_oz": 1455,
      "usd_g": 46.77933625735371,
      "brl_oz": 7646.316000000001,
      "brl_g": 245.83476789964524,
      "chg_1h": 0.55286800276434,
      "chg_24h": 4.151753758052971
    },
    "XCU": {
      "name": "Cobre",
      "usd_oz": 5.44205,
      "usd_g": 0.1749659703638019,
      "brl_oz": 28.59906116,
      "brl_g": 0.9194811674558518,
      "chg_1h": 0.1404935029805345,
      "chg_24h": -0.17334678528845604
    }
  }
}
