{
  "timestamp": 1781623783,
  "usdToBrl": 5.0603,
  "metals": {
    "XAU": {
      "name": "Ouro",
      "usd_oz": 4325.700195,
      "usd_g": 139.07449070130966,
      "brl_oz": 21889.3406967585,
      "brl_g": 703.7586452958373,
      "chg_1h": 0,
      "chg_24h": -0.4075081134447141
    },
    "XAG": {
      "name": "Prata",
      "usd_oz": 69.976997,
      "usd_g": 2.2498126961806406,
      "brl_oz": 354.10459791909994,
      "brl_g": 11.384727186482895,
      "chg_1h": 0,
      "chg_24h": -0.6446067782652528
    },
    "XPT": {
      "name": "Platina",
      "usd_oz": 1806,
      "usd_g": 58.06424830294213,
      "brl_oz": 9138.9018,
      "brl_g": 293.8225156873781,
      "chg_1h": 0,
      "chg_24h": 1.4606741573033708
    },
    "XPD": {
      "name": "Paládio",
      "usd_oz": 1372,
      "usd_g": 44.11082429215759,
      "brl_oz": 6942.7316,
      "brl_g": 223.21400416560505,
      "chg_1h": 0,
      "chg_24h": -0.36310820624546114
    },
    "XCU": {
      "name": "Cobre",
      "usd_oz": 6.200986,
      "usd_g": 0.19936632936161017,
      "brl_oz": 31.3788494558,
      "brl_g": 1.008853436468556,
      "chg_1h": 0,
      "chg_24h": 0.26648858720302815
    }
  }
}
