{
  "timestamp": 1780654243,
  "usdToBrl": 5.0645,
  "metals": {
    "XAU": {
      "name": "Ouro",
      "usd_oz": 4466,
      "usd_g": 143.58523417549256,
      "brl_oz": 22618.057,
      "brl_g": 727.1874184817821,
      "chg_1h": 0,
      "chg_24h": -0.060424617498877634
    },
    "XAG": {
      "name": "Prata",
      "usd_oz": 72.822998,
      "usd_g": 2.341313753065702,
      "brl_oz": 368.812073371,
      "brl_g": 11.857583502401248,
      "chg_1h": 0,
      "chg_24h": -0.7915113725615964
    },
    "XPT": {
      "name": "Platina",
      "usd_oz": 1890,
      "usd_g": 60.76491101470688,
      "brl_oz": 9571.904999999999,
      "brl_g": 307.743891833983,
      "chg_1h": 0,
      "chg_24h": -0.052882072977260705
    },
    "XPD": {
      "name": "Paládio",
      "usd_oz": 1339,
      "usd_g": 43.04984965539287,
      "brl_oz": 6781.3655,
      "brl_g": 218.02596357973718,
      "chg_1h": 0,
      "chg_24h": 0.3748125937031484
    },
    "XCU": {
      "name": "Cobre",
      "usd_oz": 6.294123,
      "usd_g": 0.20236075344477245,
      "brl_oz": 31.8765859335,
      "brl_g": 1.0248560358210501,
      "chg_1h": 0,
      "chg_24h": -0.1594973999782425
    }
  }
}
