{
  "timestamp": 1774358324,
  "usdToBrl": 5.2595,
  "metals": {
    "XAU": {
      "name": "Ouro",
      "usd_oz": 4380.700195,
      "usd_g": 140.8427817625842,
      "brl_oz": 23040.2926756025,
      "brl_g": 740.7626106803116,
      "chg_1h": -0.4793405183041782,
      "chg_24h": -1.1998400544857353
    },
    "XAG": {
      "name": "Prata",
      "usd_oz": 68.897003,
      "usd_g": 2.2150900827910016,
      "brl_oz": 362.3637872785,
      "brl_g": 11.650266290439273,
      "chg_1h": -1.140730627034237,
      "chg_24h": 0.5340721873042054
    },
    "XPT": {
      "name": "Platina",
      "usd_oz": 1905,
      "usd_g": 61.247172213236304,
      "brl_oz": 10019.3475,
      "brl_g": 322.12950225551634,
      "chg_1h": 0.15772870662460567,
      "chg_24h": 0.5277044854881267
    },
    "XPD": {
      "name": "Paládio",
      "usd_oz": 1427,
      "usd_g": 45.87911535343213,
      "brl_oz": 7505.3065,
      "brl_g": 241.3012072013763,
      "chg_1h": 0.07012622720897616,
      "chg_24h": -2.5938566552901023
    },
    "XCU": {
      "name": "Cobre",
      "usd_oz": 5.440311,
      "usd_g": 0.17491006021551908,
      "brl_oz": 28.613315704500003,
      "brl_g": 0.9199394617035226,
      "chg_1h": -0.001396959444244775,
      "chg_24h": -1.3962328989336452
    }
  }
}
