{
  "timestamp": 1775604912,
  "usdToBrl": 5.1489,
  "metals": {
    "XAU": {
      "name": "Ouro",
      "usd_oz": 4811.700195,
      "usd_g": 154.69975353366286,
      "brl_oz": 24774.963134035504,
      "brl_g": 796.5335609694768,
      "chg_1h": 0.6737147191128852,
      "chg_24h": 3.332979598410831
    },
    "XAG": {
      "name": "Prata",
      "usd_oz": 76.468002,
      "usd_g": 2.4585033529113374,
      "brl_oz": 393.72609549780003,
      "brl_g": 12.658587913805185,
      "chg_1h": 1.601054967248174,
      "chg_24h": 4.719124179598306
    },
    "XPT": {
      "name": "Platina",
      "usd_oz": 2033,
      "usd_g": 65.36246777402069,
      "brl_oz": 10467.7137,
      "brl_g": 336.5448103216551,
      "chg_1h": 1.4977533699450822,
      "chg_24h": 2.1608040201005023
    },
    "XPD": {
      "name": "Paládio",
      "usd_oz": 1536,
      "usd_g": 49.38354672941258,
      "brl_oz": 7908.7104,
      "brl_g": 254.27094375507244,
      "chg_1h": 1.2524719841793013,
      "chg_24h": 2.19560878243513
    },
    "XCU": {
      "name": "Cobre",
      "usd_oz": 5.53201,
      "usd_g": 0.17785825152511567,
      "brl_oz": 28.483766289,
      "brl_g": 0.9157743512776682,
      "chg_1h": 0,
      "chg_24h": 0.1501888041270717
    }
  }
}
