{
  "timestamp": 1775835223,
  "usdToBrl": 5.0543,
  "metals": {
    "XAU": {
      "name": "Ouro",
      "usd_oz": 4776.299805,
      "usd_g": 153.56160456634223,
      "brl_oz": 24140.852104411497,
      "brl_g": 776.1464179596635,
      "chg_1h": -0.3026634505759733,
      "chg_24h": -0.4771709674428511
    },
    "XAG": {
      "name": "Prata",
      "usd_oz": 76.585999,
      "usd_g": 2.462297044554196,
      "brl_oz": 387.0886147457,
      "brl_g": 12.44518795229027,
      "chg_1h": -0.34222957152637107,
      "chg_24h": 0.5250334913908137
    },
    "XPT": {
      "name": "Platina",
      "usd_oz": 2070,
      "usd_g": 66.55204539705993,
      "brl_oz": 10462.401,
      "brl_g": 336.37400305036,
      "chg_1h": -0.4329004329004329,
      "chg_24h": -2.3124115148655027
    },
    "XPD": {
      "name": "Paládio",
      "usd_oz": 1552,
      "usd_g": 49.897958674510626,
      "brl_oz": 7844.2735999999995,
      "brl_g": 252.19925252857902,
      "chg_1h": -0.19292604501607716,
      "chg_24h": -2.2670025188916876
    },
    "XCU": {
      "name": "Cobre",
      "usd_oz": 5.759187,
      "usd_g": 0.18516216167833688,
      "brl_oz": 29.108658854099996,
      "brl_g": 0.935865113770818,
      "chg_1h": -0.26575309206822584,
      "chg_24h": 1.596346249004405
    }
  }
}
