{
  "timestamp": 1777062291,
  "usdToBrl": 5.0006,
  "metals": {
    "XAU": {
      "name": "Ouro",
      "usd_oz": 4709.100098,
      "usd_g": 151.4010838170992,
      "brl_oz": 23548.325950058803,
      "brl_g": 757.0962597357862,
      "chg_1h": -0.23726685724784727,
      "chg_24h": 0.18722833361903474
    },
    "XAG": {
      "name": "Prata",
      "usd_oz": 76.010002,
      "usd_g": 2.443778310982906,
      "brl_oz": 380.0956160012,
      "brl_g": 12.220357821901121,
      "chg_1h": -0.3996592963464861,
      "chg_24h": 0.3140988631381463
    },
    "XPT": {
      "name": "Platina",
      "usd_oz": 2019,
      "usd_g": 64.91235732205989,
      "brl_oz": 10096.2114,
      "brl_g": 324.6007340246927,
      "chg_1h": -0.1977261492832427,
      "chg_24h": 0.29806259314456035
    },
    "XPD": {
      "name": "Paládio",
      "usd_oz": 1526,
      "usd_g": 49.0620392637263,
      "brl_oz": 7630.9156,
      "brl_g": 245.33963354218974,
      "chg_1h": 0,
      "chg_24h": 2.4161073825503356
    },
    "XCU": {
      "name": "Cobre",
      "usd_oz": 5.986223,
      "usd_g": 0.1924615385762919,
      "brl_oz": 29.934706733800002,
      "brl_g": 0.9624231698046053,
      "chg_1h": 0,
      "chg_24h": -0.05973487266104636
    }
  }
}
