{
  "timestamp": 1771312605,
  "usdToBrl": 5.2244,
  "metals": {
    "XAU": {
      "name": "Ouro",
      "usd_oz": 4908.200195,
      "usd_g": 157.80230057753545,
      "brl_oz": 25642.401098758004,
      "brl_g": 824.4223391372763,
      "chg_1h": 0.3311568887980447,
      "chg_24h": -1.8065380614184186
    },
    "XAG": {
      "name": "Prata",
      "usd_oz": 74.505997,
      "usd_g": 2.3954234273899564,
      "brl_oz": 389.2491307268,
      "brl_g": 12.514650154056088,
      "chg_1h": -0.16615302825217776,
      "chg_24h": -3.100535870731393
    },
    "XPT": {
      "name": "Platina",
      "usd_oz": 2010,
      "usd_g": 64.62300060294224,
      "brl_oz": 10501.044,
      "brl_g": 337.61640435001146,
      "chg_1h": 0.19940179461615154,
      "chg_24h": -2.3797960174842157
    },
    "XPD": {
      "name": "Paládio",
      "usd_oz": 1713,
      "usd_g": 55.074228872059734,
      "brl_oz": 8949.3972,
      "brl_g": 287.7298013191889,
      "chg_1h": 0,
      "chg_24h": 0.23405500292568754
    },
    "XCU": {
      "name": "Cobre",
      "usd_oz": 5.769241,
      "usd_g": 0.18548540528433788,
      "brl_oz": 30.1408226804,
      "brl_g": 0.9690499513674948,
      "chg_1h": 0.03407154434780331,
      "chg_24h": -0.07201996605466429
    }
  }
}
