{
  "timestamp": 1781884103,
  "usdToBrl": 5.1603,
  "metals": {
    "XAU": {
      "name": "Ouro",
      "usd_oz": 4151.700195,
      "usd_g": 133.4802607983684,
      "brl_oz": 21424.018516258504,
      "brl_g": 688.7981897978204,
      "chg_1h": 0,
      "chg_24h": -2.149466381637013
    },
    "XAG": {
      "name": "Prata",
      "usd_oz": 64.677002,
      "usd_g": 2.0794139001206453,
      "brl_oz": 333.7527334206,
      "brl_g": 10.730399548792567,
      "chg_1h": 0,
      "chg_24h": -3.2172638356982772
    },
    "XPT": {
      "name": "Platina",
      "usd_oz": 1670,
      "usd_g": 53.69174676960873,
      "brl_oz": 8617.701000000001,
      "brl_g": 277.06552085521196,
      "chg_1h": 0,
      "chg_24h": -3.356481481481482
    },
    "XPD": {
      "name": "Paládio",
      "usd_oz": 1276,
      "usd_g": 41.02435262156931,
      "brl_oz": 6584.5428,
      "brl_g": 211.6979668330841,
      "chg_1h": 0,
      "chg_24h": -2.595419847328244
    },
    "XCU": {
      "name": "Cobre",
      "usd_oz": 6.168705,
      "usd_g": 0.19832847111162827,
      "brl_oz": 31.832368411500003,
      "brl_g": 1.0234344094773353,
      "chg_1h": 0,
      "chg_24h": -0.3261489540127499
    }
  }
}
