{
  "timestamp": 1773129201,
  "usdToBrl": 5.2302,
  "metals": {
    "XAU": {
      "name": "Ouro",
      "usd_oz": 5180.200195,
      "usd_g": 166.54730364420226,
      "brl_oz": 27093.483059889,
      "brl_g": 871.0757075199067,
      "chg_1h": 0.009653068347134326,
      "chg_24h": 1.4651211351866444
    },
    "XAG": {
      "name": "Prata",
      "usd_oz": 89.185997,
      "usd_g": 2.8673963870174153,
      "brl_oz": 466.4606015094,
      "brl_g": 14.997056583378486,
      "chg_1h": 0.11224883946129331,
      "chg_24h": 6.401809830589366
    },
    "XPT": {
      "name": "Platina",
      "usd_oz": 2221,
      "usd_g": 71.40680812892275,
      "brl_oz": 11616.2742,
      "brl_g": 373.47188787589175,
      "chg_1h": 0.7256235827664399,
      "chg_24h": 4.714757190004715
    },
    "XPD": {
      "name": "Paládio",
      "usd_oz": 1723,
      "usd_g": 55.39573633774601,
      "brl_oz": 9011.6346,
      "brl_g": 289.73078019367915,
      "chg_1h": 0.8782201405152225,
      "chg_24h": 6.161429451632778
    },
    "XCU": {
      "name": "Cobre",
      "usd_oz": 5.851644,
      "usd_g": 0.18813472325383251,
      "brl_oz": 30.6052684488,
      "brl_g": 0.9839822295621948,
      "chg_1h": 0.07497528757058765,
      "chg_24h": 1.0337772390823643
    }
  }
}
