{
  "timestamp": 1781812205,
  "usdToBrl": 5.1469,
  "metals": {
    "XAU": {
      "name": "Ouro",
      "usd_oz": 4215.899902,
      "usd_g": 135.54432930790554,
      "brl_oz": 21698.815205603798,
      "brl_g": 697.633108514859,
      "chg_1h": 0,
      "chg_24h": -0.5730930588762032
    },
    "XAG": {
      "name": "Prata",
      "usd_oz": 65.731003,
      "usd_g": 2.1133008191547256,
      "brl_oz": 338.31089934069996,
      "brl_g": 10.876947986107457,
      "chg_1h": 0,
      "chg_24h": -2.2630887027519635
    },
    "XPT": {
      "name": "Platina",
      "usd_oz": 1705,
      "usd_g": 54.81702289951071,
      "brl_oz": 8775.4645,
      "brl_g": 282.13773516149166,
      "chg_1h": 0,
      "chg_24h": -1.9551466359976999
    },
    "XPD": {
      "name": "Paládio",
      "usd_oz": 1305,
      "usd_g": 41.95672427205952,
      "brl_oz": 6716.7045,
      "brl_g": 215.9470641558631,
      "chg_1h": 0,
      "chg_24h": -2.027027027027027
    },
    "XCU": {
      "name": "Cobre",
      "usd_oz": 6.189495,
      "usd_g": 0.19899688513279004,
      "brl_oz": 31.8567118155,
      "brl_g": 1.024217068089957,
      "chg_1h": 0,
      "chg_24h": -0.7636053936414953
    }
  }
}
