{
  "timestamp": 1783460822,
  "usdToBrl": 5.1413,
  "metals": {
    "XAU": {
      "name": "Ouro",
      "usd_oz": 4106.799805,
      "usd_g": 132.0366797386458,
      "brl_oz": 21114.2898374465,
      "brl_g": 678.8401815402997,
      "chg_1h": -0.06327193901803085,
      "chg_24h": -1.4210320451272287
    },
    "XAG": {
      "name": "Prata",
      "usd_oz": 60.091999,
      "usd_g": 1.9320026306512461,
      "brl_oz": 308.9509944587,
      "brl_g": 9.933005124967252,
      "chg_1h": -0.19598073735228277,
      "chg_24h": -3.361101337382216
    },
    "XPT": {
      "name": "Platina",
      "usd_oz": 1646,
      "usd_g": 52.92012885196166,
      "brl_oz": 8462.5798,
      "brl_g": 272.07825846659046,
      "chg_1h": 0.12165450121654502,
      "chg_24h": 0.4270896888346553
    },
    "XPD": {
      "name": "Paládio",
      "usd_oz": 1287,
      "usd_g": 41.37801083382421,
      "brl_oz": 6616.8531,
      "brl_g": 212.73676709994044,
      "chg_1h": -0.23255813953488372,
      "chg_24h": -0.46403712296983757
    },
    "XCU": {
      "name": "Cobre",
      "usd_oz": 6.03703,
      "usd_g": 0.19409502155720418,
      "brl_oz": 31.038182339,
      "brl_g": 0.9979007343320538,
      "chg_1h": 0,
      "chg_24h": -0.08366317256378346
    }
  }
}
