{
  "timestamp": 1773997022,
  "usdToBrl": 5.2987,
  "metals": {
    "XAU": {
      "name": "Ouro",
      "usd_oz": 4688.700195,
      "usd_g": 150.7452117057216,
      "brl_oz": 24844.015723246503,
      "brl_g": 798.7536532651071,
      "chg_1h": -0.36337308658627276,
      "chg_24h": -0.5809864598001062
    },
    "XAG": {
      "name": "Prata",
      "usd_oz": 73.024002,
      "usd_g": 2.3477761817289826,
      "brl_oz": 386.9322793974,
      "brl_g": 12.44016165412736,
      "chg_1h": 0.08635161368883507,
      "chg_24h": 2.6122405309879673
    },
    "XPT": {
      "name": "Platina",
      "usd_oz": 1996,
      "usd_g": 64.17289015098144,
      "brl_oz": 10576.2052,
      "brl_g": 340.0328930430054,
      "chg_1h": -0.7458975634012929,
      "chg_24h": 3.3126293995859215
    },
    "XPD": {
      "name": "Paládio",
      "usd_oz": 1492,
      "usd_g": 47.96891388039295,
      "brl_oz": 7905.660400000001,
      "brl_g": 254.17288397803813,
      "chg_1h": -0.7978723404255319,
      "chg_24h": 1.7041581458759374
    },
    "XCU": {
      "name": "Cobre",
      "usd_oz": 5.454675,
      "usd_g": 0.17537187353923084,
      "brl_oz": 28.9026864225,
      "brl_g": 0.9292429463223225,
      "chg_1h": -0.1273429360831929,
      "chg_24h": -2.0711524641030423
    }
  }
}
