{
  "timestamp": 1781660570,
  "usdToBrl": 5.0603,
  "metals": {
    "XAU": {
      "name": "Ouro",
      "usd_oz": 4340.899902,
      "usd_g": 139.56317262898403,
      "brl_oz": 21966.2557740906,
      "brl_g": 706.2315224544478,
      "chg_1h": 0,
      "chg_24h": 0.5233563675646754
    },
    "XAG": {
      "name": "Prata",
      "usd_oz": 70.387001,
      "usd_g": 2.262994630876764,
      "brl_oz": 356.1793411603,
      "brl_g": 11.45143173062569,
      "chg_1h": 0,
      "chg_24h": 0.4208725494690065
    },
    "XPT": {
      "name": "Platina",
      "usd_oz": 1818,
      "usd_g": 58.45005726176567,
      "brl_oz": 9199.625399999999,
      "brl_g": 295.7748247617128,
      "chg_1h": 0,
      "chg_24h": 2.480270574971815
    },
    "XPD": {
      "name": "Paládio",
      "usd_oz": 1378,
      "usd_g": 44.30372877156936,
      "brl_oz": 6973.0934,
      "brl_g": 224.19015870277244,
      "chg_1h": 0,
      "chg_24h": 1.398086828550405
    },
    "XCU": {
      "name": "Cobre",
      "usd_oz": 6.194711,
      "usd_g": 0.199164583426892,
      "brl_oz": 31.347096073299998,
      "brl_g": 1.0078325415151015,
      "chg_1h": 0,
      "chg_24h": 0.23977761427260957
    }
  }
}
