{
  "timestamp": 1774002413,
  "usdToBrl": 5.2987,
  "metals": {
    "XAU": {
      "name": "Ouro",
      "usd_oz": 4660.100098,
      "usd_g": 149.82569723523642,
      "brl_oz": 24692.4723892726,
      "brl_g": 793.8814219403472,
      "chg_1h": -0.297387719298248,
      "chg_24h": -1.1224252493104203
    },
    "XAG": {
      "name": "Prata",
      "usd_oz": 71.719002,
      "usd_g": 2.3058194574569235,
      "brl_oz": 380.0174758974,
      "brl_g": 12.217845559227001,
      "chg_1h": -0.6056267144971005,
      "chg_24h": -0.35152281442782046
    },
    "XPT": {
      "name": "Platina",
      "usd_oz": 1965,
      "usd_g": 63.17621700735398,
      "brl_oz": 10411.9455,
      "brl_g": 334.75182105686656,
      "chg_1h": -0.5566801619433198,
      "chg_24h": 0.4087889626980072
    },
    "XPD": {
      "name": "Paládio",
      "usd_oz": 1469,
      "usd_g": 47.2294467093145,
      "brl_oz": 7783.790300000001,
      "brl_g": 250.25466927864477,
      "chg_1h": -0.2715546503733876,
      "chg_24h": -0.4067796610169492
    },
    "XCU": {
      "name": "Cobre",
      "usd_oz": 5.425872,
      "usd_g": 0.17444583558581464,
      "brl_oz": 28.7500679664,
      "brl_g": 0.9243361490185561,
      "chg_1h": -0.10299245176164816,
      "chg_24h": -2.8322227841427665
    }
  }
}
