{
  "timestamp": 1775499116,
  "usdToBrl": 5.1818,
  "metals": {
    "XAU": {
      "name": "Ouro",
      "usd_oz": 4660.700195,
      "usd_g": 149.84499080180004,
      "brl_oz": 24150.816270451003,
      "brl_g": 776.4667733367675,
      "chg_1h": -0.00213718683845727,
      "chg_24h": -0.36981199230439615
    },
    "XAG": {
      "name": "Prata",
      "usd_oz": 72.998001,
      "usd_g": 2.3469402301674522,
      "brl_oz": 378.2610415818,
      "brl_g": 12.161374884681704,
      "chg_1h": 0.04248221624231537,
      "chg_24h": -0.2091563996506235
    },
    "XPT": {
      "name": "Platina",
      "usd_oz": 1990,
      "usd_g": 63.979985671569686,
      "brl_oz": 10311.782,
      "brl_g": 331.5314897529398,
      "chg_1h": 0.2518891687657431,
      "chg_24h": 0
    },
    "XPD": {
      "name": "Paládio",
      "usd_oz": 1509,
      "usd_g": 48.515476572059626,
      "brl_oz": 7819.3362,
      "brl_g": 251.39749650109857,
      "chg_1h": 0.199203187250996,
      "chg_24h": -1.3725490196078431
    },
    "XCU": {
      "name": "Cobre",
      "usd_oz": 5.523714,
      "usd_g": 0.17759152893158234,
      "brl_oz": 28.6227812052,
      "brl_g": 0.9202437846176733,
      "chg_1h": 0,
      "chg_24h": 0
    }
  }
}
