{
  "timestamp": 1773321692,
  "usdToBrl": 5.1711,
  "metals": {
    "XAU": {
      "name": "Ouro",
      "usd_oz": 5176.299805,
      "usd_g": 166.42190319379344,
      "brl_oz": 26767.1639216355,
      "brl_g": 860.5843036054252,
      "chg_1h": -0.07143233590734265,
      "chg_24h": -0.10807034303844915
    },
    "XAG": {
      "name": "Prata",
      "usd_oz": 87.064003,
      "usd_g": 2.799172695703266,
      "brl_oz": 450.2166659133,
      "brl_g": 14.474801926751159,
      "chg_1h": -0.05739031745506109,
      "chg_24h": 1.2007358092021703
    },
    "XPT": {
      "name": "Platina",
      "usd_oz": 2186,
      "usd_g": 70.28153199902077,
      "brl_oz": 11304.0246,
      "brl_g": 363.4328301201363,
      "chg_1h": -0.6815084052703316,
      "chg_24h": -0.4100227790432802
    },
    "XPD": {
      "name": "Paládio",
      "usd_oz": 1679,
      "usd_g": 53.98110348872638,
      "brl_oz": 8682.2769,
      "brl_g": 279.141684250553,
      "chg_1h": -1.0023584905660377,
      "chg_24h": 0.9621166566446182
    },
    "XCU": {
      "name": "Cobre",
      "usd_oz": 5.836902,
      "usd_g": 0.1876607569479178,
      "brl_oz": 30.1832039322,
      "brl_g": 0.9704125402533778,
      "chg_1h": -0.14872734961498046,
      "chg_24h": 0.7345444002250509
    }
  }
}
