{
  "timestamp": 1777276486,
  "usdToBrl": 5.0006,
  "metals": {
    "XAU": {
      "name": "Ouro",
      "usd_oz": 4714.600098,
      "usd_g": 151.57791292322665,
      "brl_oz": 23575.8292500588,
      "brl_g": 757.9805113638872,
      "chg_1h": 0,
      "chg_24h": 0.08067192742868508
    },
    "XAG": {
      "name": "Prata",
      "usd_oz": 75.972,
      "usd_g": 2.4425565183118048,
      "brl_oz": 379.9055832,
      "brl_g": 12.214248125470013,
      "chg_1h": 0,
      "chg_24h": 0.21765932193146112
    },
    "XPT": {
      "name": "Platina",
      "usd_oz": 2037,
      "usd_g": 65.4910707602952,
      "brl_oz": 10186.2222,
      "brl_g": 327.4946484439322,
      "chg_1h": 0,
      "chg_24h": 0.741839762611276
    },
    "XPD": {
      "name": "Paládio",
      "usd_oz": 1521,
      "usd_g": 48.90128553088316,
      "brl_oz": 7605.912600000001,
      "brl_g": 244.53576842573435,
      "chg_1h": 0,
      "chg_24h": -0.19685039370078738
    },
    "XCU": {
      "name": "Cobre",
      "usd_oz": 5.999289,
      "usd_g": 0.1928816202309576,
      "brl_oz": 30.000044573400004,
      "brl_g": 0.9645238301269266,
      "chg_1h": 0,
      "chg_24h": 0.21826784601910493
    }
  }
}
