{
  "timestamp": 1772681879,
  "usdToBrl": 5.2198,
  "metals": {
    "XAU": {
      "name": "Ouro",
      "usd_oz": 5190.899902,
      "usd_g": 166.89130721231783,
      "brl_oz": 27095.4593084596,
      "brl_g": 871.1392453868566,
      "chg_1h": 0,
      "chg_24h": 0.5384324044147212
    },
    "XAG": {
      "name": "Prata",
      "usd_oz": 85.192001,
      "usd_g": 2.7389864338253016,
      "brl_oz": 444.68520681980004,
      "brl_g": 14.29696138728131,
      "chg_1h": 0,
      "chg_24h": 0.9874464966696302
    },
    "XPT": {
      "name": "Platina",
      "usd_oz": 2183,
      "usd_g": 70.18507975931489,
      "brl_oz": 11394.823400000001,
      "brl_g": 366.35207932767185,
      "chg_1h": 0,
      "chg_24h": 2.2482435597189694
    },
    "XPD": {
      "name": "Paládio",
      "usd_oz": 1704,
      "usd_g": 54.78487215294208,
      "brl_oz": 8894.539200000001,
      "brl_g": 285.9660756639271,
      "chg_1h": 0,
      "chg_24h": 0.41249263406010606
    },
    "XCU": {
      "name": "Cobre",
      "usd_oz": 5.87576,
      "usd_g": 0.18891007065808155,
      "brl_oz": 30.670292048,
      "brl_g": 0.9860727868210541,
      "chg_1h": 0,
      "chg_24h": -0.7736626737524095
    }
  }
}
