{
  "timestamp": 1783455562,
  "usdToBrl": 5.1413,
  "metals": {
    "XAU": {
      "name": "Ouro",
      "usd_oz": 4109.399902,
      "usd_g": 132.12027479834666,
      "brl_oz": 21127.6577161526,
      "brl_g": 679.2699688207397,
      "chg_1h": -0.7822662737316812,
      "chg_24h": -1.3136138592410893
    },
    "XAG": {
      "name": "Prata",
      "usd_oz": 60.209999,
      "usd_g": 1.9357964187463443,
      "brl_oz": 309.55766785870003,
      "brl_g": 9.952510127700581,
      "chg_1h": -1.422747612481337,
      "chg_24h": -3.110572289378616
    },
    "XPT": {
      "name": "Platina",
      "usd_oz": 1644,
      "usd_g": 52.8558273588244,
      "brl_oz": 8452.2972,
      "brl_g": 271.7476651999239,
      "chg_1h": -0.9638554216867471,
      "chg_24h": 0.42761148442272445
    },
    "XPD": {
      "name": "Paládio",
      "usd_oz": 1290,
      "usd_g": 41.474463073530096,
      "brl_oz": 6632.277,
      "brl_g": 213.2326569999403,
      "chg_1h": -0.9976976208749041,
      "chg_24h": -0.3861003861003861
    },
    "XCU": {
      "name": "Cobre",
      "usd_oz": 6.03703,
      "usd_g": 0.19409502155720418,
      "brl_oz": 31.038182339,
      "brl_g": 0.9979007343320538,
      "chg_1h": 0,
      "chg_24h": -0.08366317256378346
    }
  }
}
