{
  "timestamp": 1781178215,
  "usdToBrl": 5.1907,
  "metals": {
    "XAU": {
      "name": "Ouro",
      "usd_oz": 4086.199951,
      "usd_g": 131.37437905334107,
      "brl_oz": 21210.2380856557,
      "brl_g": 681.9249893521775,
      "chg_1h": 0,
      "chg_24h": -1.9225657717639837
    },
    "XAG": {
      "name": "Prata",
      "usd_oz": 63.612,
      "usd_g": 2.045173290723563,
      "brl_oz": 330.1908084,
      "brl_g": 10.615881000158799,
      "chg_1h": 0,
      "chg_24h": -0.9868349473326019
    },
    "XPT": {
      "name": "Platina",
      "usd_oz": 1665,
      "usd_g": 53.53099303676559,
      "brl_oz": 8642.5155,
      "brl_g": 277.8633255559391,
      "chg_1h": 0,
      "chg_24h": -0.6563245823389021
    },
    "XPD": {
      "name": "Paládio",
      "usd_oz": 1271,
      "usd_g": 40.863598888726166,
      "brl_oz": 6597.3796999999995,
      "brl_g": 212.1106827517109,
      "chg_1h": 0,
      "chg_24h": 2.3349436392914655
    },
    "XCU": {
      "name": "Cobre",
      "usd_oz": 6.113064,
      "usd_g": 0.19653957142180323,
      "brl_oz": 31.731081304799996,
      "brl_g": 1.020177953379154,
      "chg_1h": 0,
      "chg_24h": -1.4286806158216312
    }
  }
}
