{
  "timestamp": 1776035124,
  "usdToBrl": 5.0543,
  "metals": {
    "XAU": {
      "name": "Ouro",
      "usd_oz": 4661.299805,
      "usd_g": 149.86426871095003,
      "brl_oz": 23559.607604411496,
      "brl_g": 757.4589733457547,
      "chg_1h": -1.8508461717942108,
      "chg_24h": -1.8508461717942108
    },
    "XAG": {
      "name": "Prata",
      "usd_oz": 73.574997,
      "usd_g": 2.365491082334564,
      "brl_oz": 371.87010733709997,
      "brl_g": 11.955901577443585,
      "chg_1h": -3.2086234114768333,
      "chg_24h": -3.2086234114768333
    },
    "XPT": {
      "name": "Platina",
      "usd_oz": 2009,
      "usd_g": 64.59084985637361,
      "brl_oz": 10154.088699999998,
      "brl_g": 326.4615324290691,
      "chg_1h": -2.190847127555988,
      "chg_24h": -2.190847127555988
    },
    "XPD": {
      "name": "Paládio",
      "usd_oz": 1524,
      "usd_g": 48.99773777058904,
      "brl_oz": 7702.753199999999,
      "brl_g": 247.64926601388817,
      "chg_1h": -1.4867485455720748,
      "chg_24h": -1.4867485455720748
    },
    "XCU": {
      "name": "Cobre",
      "usd_oz": 5.756994,
      "usd_g": 0.18509165509111186,
      "brl_oz": 29.097574774199995,
      "brl_g": 0.9355087523270066,
      "chg_1h": 0,
      "chg_24h": 0
    }
  }
}
