{
  "timestamp": 1772150448,
  "usdToBrl": 5.1258,
  "metals": {
    "XAU": {
      "name": "Ouro",
      "usd_oz": 5185.700195,
      "usd_g": 166.72413275032972,
      "brl_oz": 26580.862059531002,
      "brl_g": 854.59455965164,
      "chg_1h": 0.08299480992270722,
      "chg_24h": 0.15450875289622673
    },
    "XAG": {
      "name": "Prata",
      "usd_oz": 88.32,
      "usd_g": 2.8395539369412233,
      "brl_oz": 452.710656,
      "brl_g": 14.554985569973322,
      "chg_1h": -0.05658368032419757,
      "chg_24h": -1.0453407962834056
    },
    "XPT": {
      "name": "Platina",
      "usd_oz": 2273,
      "usd_g": 73.0786469504914,
      "brl_oz": 11650.9434,
      "brl_g": 374.5865285388288,
      "chg_1h": -0.21949078138718175,
      "chg_24h": -0.9586056644880174
    },
    "XPD": {
      "name": "Paládio",
      "usd_oz": 1804,
      "usd_g": 57.999946809804875,
      "brl_oz": 9246.9432,
      "brl_g": 297.2961273576978,
      "chg_1h": 1.4623172103487065,
      "chg_24h": 0
    },
    "XCU": {
      "name": "Cobre",
      "usd_oz": 5.958994,
      "usd_g": 0.19158610589797473,
      "brl_oz": 30.544611445199997,
      "brl_g": 0.9820320616118389,
      "chg_1h": 0,
      "chg_24h": 0.9106522401035839
    }
  }
}
