{
  "timestamp": 1777985989,
  "usdToBrl": 4.9661,
  "metals": {
    "XAU": {
      "name": "Ouro",
      "usd_oz": 4565.899902,
      "usd_g": 146.79709060692534,
      "brl_oz": 22674.7155033222,
      "brl_g": 729.0090316630519,
      "chg_1h": 0.08109479728781963,
      "chg_24h": 0.046016413728306824
    },
    "XAG": {
      "name": "Prata",
      "usd_oz": 73.578003,
      "usd_g": 2.3655877274787493,
      "brl_oz": 365.39572069829995,
      "brl_g": 11.747745213432218,
      "chg_1h": -0.33321685359302644,
      "chg_24h": -0.18584142634967235
    },
    "XPT": {
      "name": "Platina",
      "usd_oz": 1989,
      "usd_g": 63.947834925001054,
      "brl_oz": 9877.5729,
      "brl_g": 317.5713430210477,
      "chg_1h": 0,
      "chg_24h": 0.7598784194528876
    },
    "XPD": {
      "name": "Paládio",
      "usd_oz": 1537,
      "usd_g": 49.415697475981204,
      "brl_oz": 7632.8957,
      "brl_g": 245.40329523547027,
      "chg_1h": 0.3263707571801566,
      "chg_24h": 2.1941489361702127
    },
    "XCU": {
      "name": "Cobre",
      "usd_oz": 5.90547,
      "usd_g": 0.18986526933863548,
      "brl_oz": 29.327154567,
      "brl_g": 0.9428899140625977,
      "chg_1h": 0.02816826498563785,
      "chg_24h": 0.5142413344641744
    }
  }
}
