{
  "timestamp": 1781501364,
  "usdToBrl": 5.1073,
  "metals": {
    "XAU": {
      "name": "Ouro",
      "usd_oz": 4330.399902,
      "usd_g": 139.22558979001346,
      "brl_oz": 22116.651419484602,
      "brl_g": 711.0668547345358,
      "chg_1h": 0,
      "chg_24h": 2.6088216972064258
    },
    "XAG": {
      "name": "Prata",
      "usd_oz": 70.538002,
      "usd_g": 2.267849425759374,
      "brl_oz": 360.2587376146001,
      "brl_g": 11.582587372180852,
      "chg_1h": 0,
      "chg_24h": 3.493410904042464
    },
    "XPT": {
      "name": "Platina",
      "usd_oz": 1784,
      "usd_g": 57.35693187843232,
      "brl_oz": 9111.423200000001,
      "brl_g": 292.9390581827174,
      "chg_1h": 0,
      "chg_24h": 3.360370799536501
    },
    "XPD": {
      "name": "Paládio",
      "usd_oz": 1350,
      "usd_g": 43.403507867647775,
      "brl_oz": 6894.8550000000005,
      "brl_g": 221.6747357324375,
      "chg_1h": 0,
      "chg_24h": 3.211009174311927
    },
    "XCU": {
      "name": "Cobre",
      "usd_oz": 6.193653,
      "usd_g": 0.1991305679370224,
      "brl_oz": 31.632843966900005,
      "brl_g": 1.0170195496247547,
      "chg_1h": 0,
      "chg_24h": 0.900531492455257
    }
  }
}
