{
  "timestamp": 1776205429,
  "usdToBrl": 4.9815,
  "metals": {
    "XAU": {
      "name": "Ouro",
      "usd_oz": 4842.799805,
      "usd_g": 155.699629213156,
      "brl_oz": 24124.407228607495,
      "brl_g": 775.6177029253365,
      "chg_1h": 0.01858574151084423,
      "chg_24h": 2.0052174790396546
    },
    "XAG": {
      "name": "Prata",
      "usd_oz": 79.636002,
      "usd_g": 2.560356918040751,
      "brl_oz": 396.706743963,
      "brl_g": 12.75441798722,
      "chg_1h": -0.027611791443851865,
      "chg_24h": 5.069006848418178
    },
    "XPT": {
      "name": "Platina",
      "usd_oz": 2108,
      "usd_g": 67.77377376666779,
      "brl_oz": 10501.001999999999,
      "brl_g": 337.61505401865554,
      "chg_1h": -0.14211274277593558,
      "chg_24h": 1.4925373134328357
    },
    "XPD": {
      "name": "Paládio",
      "usd_oz": 1599,
      "usd_g": 51.40904376323614,
      "brl_oz": 7965.4185,
      "brl_g": 256.0941515065608,
      "chg_1h": -0.49782202862476665,
      "chg_24h": 0
    },
    "XCU": {
      "name": "Cobre",
      "usd_oz": 5.938734,
      "usd_g": 0.19093473177249434,
      "brl_oz": 29.583803421,
      "brl_g": 0.9511413663246805,
      "chg_1h": 0,
      "chg_24h": 3.299289483351698
    }
  }
}
