{
  "timestamp": 1772734479,
  "usdToBrl": 5.2484,
  "metals": {
    "XAU": {
      "name": "Ouro",
      "usd_oz": 5072.899902,
      "usd_g": 163.09751911721972,
      "brl_oz": 26624.607845656803,
      "brl_g": 856.001019334816,
      "chg_1h": 0,
      "chg_24h": -1.0358973468591472
    },
    "XAG": {
      "name": "Prata",
      "usd_oz": 82.263,
      "usd_g": 2.6448168649750436,
      "brl_oz": 431.7491292,
      "brl_g": 13.88105683413502,
      "chg_1h": 0,
      "chg_24h": -1.0798366633456653
    },
    "XPT": {
      "name": "Platina",
      "usd_oz": 2138,
      "usd_g": 68.73829616372663,
      "brl_oz": 11221.0792,
      "brl_g": 360.7660735857029,
      "chg_1h": 0,
      "chg_24h": -0.7428040854224698
    },
    "XPD": {
      "name": "Paládio",
      "usd_oz": 1659,
      "usd_g": 53.33808855735382,
      "brl_oz": 8707.0956,
      "brl_g": 279.9396239844158,
      "chg_1h": 0,
      "chg_24h": -1.8923713778829097
    },
    "XCU": {
      "name": "Cobre",
      "usd_oz": 5.782849,
      "usd_g": 0.18592291264364375,
      "brl_oz": 30.3507046916,
      "brl_g": 0.9757978147188998,
      "chg_1h": 0,
      "chg_24h": -1.5140963865476005
    }
  }
}
