{
  "timestamp": 1771973260,
  "usdToBrl": 5.1769,
  "metals": {
    "XAU": {
      "name": "Ouro",
      "usd_oz": 5144.5,
      "usd_g": 165.39951572230666,
      "brl_oz": 26632.56205,
      "brl_g": 856.2567529428093,
      "chg_1h": -0.011663485424378017,
      "chg_24h": -1.6235113701579769
    },
    "XAG": {
      "name": "Prata",
      "usd_oz": 87.264999,
      "usd_g": 2.8056348671605744,
      "brl_oz": 451.7621733231,
      "brl_g": 14.524491143803576,
      "chg_1h": -0.03895233443899704,
      "chg_24h": -1.2068265817569501
    },
    "XPT": {
      "name": "Platina",
      "usd_oz": 2171,
      "usd_g": 69.79927080049134,
      "brl_oz": 11239.0499,
      "brl_g": 361.34384500706363,
      "chg_1h": -0.1839080459770115,
      "chg_24h": 0.555812876331635
    },
    "XPD": {
      "name": "Paládio",
      "usd_oz": 1804,
      "usd_g": 57.999946809804875,
      "brl_oz": 9339.1276,
      "brl_g": 300.25992463967884,
      "chg_1h": 0.11098779134295228,
      "chg_24h": 2.5
    },
    "XCU": {
      "name": "Cobre",
      "usd_oz": 5.862064,
      "usd_g": 0.18846973403307762,
      "brl_oz": 30.3473191216,
      "brl_g": 0.9756889661158396,
      "chg_1h": 0,
      "chg_24h": 1.2403797215419095
    }
  }
}
