{
  "timestamp": 1783054889,
  "usdToBrl": 5.201,
  "metals": {
    "XAU": {
      "name": "Ouro",
      "usd_oz": 4180.5,
      "usd_g": 134.4061960301493,
      "brl_oz": 21742.780499999997,
      "brl_g": 699.0466255528064,
      "chg_1h": 0,
      "chg_24h": 2.8565126660609756
    },
    "XAG": {
      "name": "Prata",
      "usd_oz": 62.52,
      "usd_g": 2.0100646754706215,
      "brl_oz": 325.16652,
      "brl_g": 10.454346377122702,
      "chg_1h": 0,
      "chg_24h": 3.827949846383791
    },
    "XPT": {
      "name": "Platina",
      "usd_oz": 1666,
      "usd_g": 53.56314378333422,
      "brl_oz": 8664.866,
      "brl_g": 278.58191081712124,
      "chg_1h": 0,
      "chg_24h": 2.9030265596046942
    },
    "XPD": {
      "name": "Paládio",
      "usd_oz": 1303,
      "usd_g": 41.89242277892226,
      "brl_oz": 6776.902999999999,
      "brl_g": 217.88249087317465,
      "chg_1h": 0,
      "chg_24h": 4.323458767013611
    },
    "XCU": {
      "name": "Cobre",
      "usd_oz": 6.00322,
      "usd_g": 0.19300800481571886,
      "brl_oz": 31.222747219999995,
      "brl_g": 1.0038346330465537,
      "chg_1h": 0,
      "chg_24h": 0.047880564240703506
    }
  }
}
