{
  "timestamp": 1778645781,
  "usdToBrl": 4.9038,
  "metals": {
    "XAU": {
      "name": "Ouro",
      "usd_oz": 4699.399902,
      "usd_g": 151.08921527383717,
      "brl_oz": 23044.917239427603,
      "brl_g": 740.9112938598428,
      "chg_1h": 0,
      "chg_24h": -0.3731205851176572
    },
    "XAG": {
      "name": "Prata",
      "usd_oz": 86.797997,
      "usd_g": 2.7906204042115315,
      "brl_oz": 425.6400176886,
      "brl_g": 13.68464433817251,
      "chg_1h": 0,
      "chg_24h": 0.6306942432975681
    },
    "XPT": {
      "name": "Platina",
      "usd_oz": 2110,
      "usd_g": 67.83807525980504,
      "brl_oz": 10347.018,
      "brl_g": 332.664353459032,
      "chg_1h": 0,
      "chg_24h": 0.619933237958989
    },
    "XPD": {
      "name": "Paládio",
      "usd_oz": 1510,
      "usd_g": 48.54762731862825,
      "brl_oz": 7404.738,
      "brl_g": 238.06785484508924,
      "chg_1h": 0,
      "chg_24h": -0.5270092226613966
    },
    "XCU": {
      "name": "Cobre",
      "usd_oz": 6.293972,
      "usd_g": 0.2023558986820406,
      "brl_oz": 30.864379893600002,
      "brl_g": 0.9923128559569907,
      "chg_1h": 0,
      "chg_24h": 1.2440331465495398
    }
  }
}
