{
  "timestamp": 1782750584,
  "usdToBrl": 5.1639,
  "metals": {
    "XAU": {
      "name": "Ouro",
      "usd_oz": 4024.800049,
      "usd_g": 129.4003263648005,
      "brl_oz": 20783.6649730311,
      "brl_g": 668.2103453151932,
      "chg_1h": 0,
      "chg_24h": -1.608567139872003
    },
    "XAG": {
      "name": "Prata",
      "usd_oz": 58.141998,
      "usd_g": 1.869308642691675,
      "brl_oz": 300.2394634722,
      "brl_g": 9.65292289999554,
      "chg_1h": 0,
      "chg_24h": -1.949478903167056
    },
    "XPT": {
      "name": "Platina",
      "usd_oz": 1584,
      "usd_g": 50.92678256470672,
      "brl_oz": 8179.6176,
      "brl_g": 262.98081248588903,
      "chg_1h": 0,
      "chg_24h": -2.523076923076923
    },
    "XPD": {
      "name": "Paládio",
      "usd_oz": 1240,
      "usd_g": 39.8669257450987,
      "brl_oz": 6403.236,
      "brl_g": 205.86881785511517,
      "chg_1h": 0,
      "chg_24h": 0.9771986970684038
    },
    "XCU": {
      "name": "Cobre",
      "usd_oz": 6.017886,
      "usd_g": 0.19347952766489437,
      "brl_oz": 31.0757615154,
      "brl_g": 0.999108932908748,
      "chg_1h": 0,
      "chg_24h": -0.31359241136513255
    }
  }
}
