{
  "timestamp": 1771622666,
  "usdToBrl": 5.2144,
  "metals": {
    "XAU": {
      "name": "Ouro",
      "usd_oz": 5096.299805,
      "usd_g": 163.8498434683032,
      "brl_oz": 26574.145703192,
      "brl_g": 854.3786237811203,
      "chg_1h": 0.1769111384226745,
      "chg_24h": 1.9117244840149688
    },
    "XAG": {
      "name": "Prata",
      "usd_oz": 84.383003,
      "usd_g": 2.7129765441527747,
      "brl_oz": 440.00673084320005,
      "brl_g": 14.14654489183023,
      "chg_1h": 0.341279010401459,
      "chg_24h": 7.544965431284763
    },
    "XPT": {
      "name": "Platina",
      "usd_oz": 2167,
      "usd_g": 69.67066781421684,
      "brl_oz": 11299.604800000001,
      "brl_g": 363.2907302504523,
      "chg_1h": -0.367816091954023,
      "chg_24h": 4.282964388835419
    },
    "XPD": {
      "name": "Paládio",
      "usd_oz": 1785,
      "usd_g": 57.389082625000945,
      "brl_oz": 9307.704000000002,
      "brl_g": 299.24963243980494,
      "chg_1h": 0.05605381165919283,
      "chg_24h": 4.69208211143695
    },
    "XCU": {
      "name": "Cobre",
      "usd_oz": 5.769319,
      "usd_g": 0.18548791304257023,
      "brl_oz": 30.083536993600003,
      "brl_g": 0.9672081737691782,
      "chg_1h": 0,
      "chg_24h": 0.9057579389149029
    }
  }
}
