{
  "timestamp": 1773652304,
  "usdToBrl": 5.2433,
  "metals": {
    "XAU": {
      "name": "Ouro",
      "usd_oz": 4985.100098,
      "usd_g": 160.2746898700405,
      "brl_oz": 26138.375343843396,
      "brl_g": 840.3682813955833,
      "chg_1h": -0.2581012805122071,
      "chg_24h": -0.6892861257822681
    },
    "XAG": {
      "name": "Prata",
      "usd_oz": 78.838997,
      "usd_g": 2.534732612271822,
      "brl_oz": 413.3765129701,
      "brl_g": 13.290363505924844,
      "chg_1h": -0.6790307309085811,
      "chg_24h": -2.300022306214743
    },
    "XPT": {
      "name": "Platina",
      "usd_oz": 2048,
      "usd_g": 65.8447289725501,
      "brl_oz": 10738.2784,
      "brl_g": 345.24366742177193,
      "chg_1h": -0.6789524733268671,
      "chg_24h": 0.5400098183603338
    },
    "XPD": {
      "name": "Paládio",
      "usd_oz": 1570,
      "usd_g": 50.47667211274593,
      "brl_oz": 8231.981,
      "brl_g": 264.6643348887607,
      "chg_1h": -0.6957621758380772,
      "chg_24h": -0.3807106598984772
    },
    "XCU": {
      "name": "Cobre",
      "usd_oz": 5.788746,
      "usd_g": 0.18611250559615894,
      "brl_oz": 30.352131901799996,
      "brl_g": 0.97584370059234,
      "chg_1h": 0.04311945679507667,
      "chg_24h": -1.424326866685243
    }
  }
}
