{
  "timestamp": 1783659742,
  "usdToBrl": 5.1453,
  "metals": {
    "XAU": {
      "name": "Ouro",
      "usd_oz": 4115.200195,
      "usd_g": 132.30675854861346,
      "brl_oz": 21173.9395633335,
      "brl_g": 680.7579647601808,
      "chg_1h": 0,
      "chg_24h": 0.9716384347775737
    },
    "XAG": {
      "name": "Prata",
      "usd_oz": 60.453999,
      "usd_g": 1.9436412009090895,
      "brl_oz": 311.0539610547,
      "brl_g": 10.000617071037539,
      "chg_1h": 0,
      "chg_24h": 3.5791946002160784
    },
    "XPT": {
      "name": "Platina",
      "usd_oz": 1640,
      "usd_g": 52.72722437254989,
      "brl_oz": 8438.292,
      "brl_g": 271.29738756408096,
      "chg_1h": 0,
      "chg_24h": 2.1170610211706102
    },
    "XPD": {
      "name": "Paládio",
      "usd_oz": 1290,
      "usd_g": 41.474463073530096,
      "brl_oz": 6637.437,
      "brl_g": 213.39855485223438,
      "chg_1h": 0,
      "chg_24h": 3.2
    },
    "XCU": {
      "name": "Cobre",
      "usd_oz": 6.055232,
      "usd_g": 0.19468022944624636,
      "brl_oz": 31.1559852096,
      "brl_g": 1.0016881845697714,
      "chg_1h": 0,
      "chg_24h": 1.551881379872007
    }
  }
}
