{
  "timestamp": 1781356138,
  "usdToBrl": 5.1073,
  "metals": {
    "XAU": {
      "name": "Ouro",
      "usd_oz": 4220.299805,
      "usd_g": 135.68578947418507,
      "brl_oz": 21554.3371940765,
      "brl_g": 692.9880325815054,
      "chg_1h": 0,
      "chg_24h": 0.4928970977464665
    },
    "XAG": {
      "name": "Prata",
      "usd_oz": 68.156998,
      "usd_g": 2.1912983695764843,
      "brl_oz": 348.0982358854,
      "brl_g": 11.19161816293798,
      "chg_1h": 0,
      "chg_24h": 2.1277522214064266
    },
    "XPT": {
      "name": "Platina",
      "usd_oz": 1726,
      "usd_g": 55.4921885774519,
      "brl_oz": 8815.1998,
      "brl_g": 283.4152547216201,
      "chg_1h": 0,
      "chg_24h": 1.1723329425556859
    },
    "XPD": {
      "name": "Paládio",
      "usd_oz": 1308,
      "usd_g": 42.0531765117654,
      "brl_oz": 6680.348400000001,
      "brl_g": 214.77818839853944,
      "chg_1h": 0,
      "chg_24h": -0.9090909090909091
    },
    "XCU": {
      "name": "Cobre",
      "usd_oz": 6.138375,
      "usd_g": 0.19735333896820179,
      "brl_oz": 31.350522637500003,
      "brl_g": 1.0079427081122971,
      "chg_1h": 0,
      "chg_24h": 0.15394179091327145
    }
  }
}
