{
  "timestamp": 1774339751,
  "usdToBrl": 5.2552,
  "metals": {
    "XAU": {
      "name": "Ouro",
      "usd_oz": 4412.399902,
      "usd_g": 141.86195100864094,
      "brl_oz": 23188.043964990404,
      "brl_g": 745.5129249406099,
      "chg_1h": 0.036276799463594335,
      "chg_24h": 4.544372827240554
    },
    "XAG": {
      "name": "Prata",
      "usd_oz": 69.778,
      "usd_g": 2.2434147940657234,
      "brl_oz": 366.69734560000006,
      "brl_g": 11.789593425774191,
      "chg_1h": 0.41300745764233715,
      "chg_24h": 9.601820315686494
    },
    "XPT": {
      "name": "Platina",
      "usd_oz": 1893,
      "usd_g": 60.861363254412765,
      "brl_oz": 9948.0936,
      "brl_g": 319.83863617458996,
      "chg_1h": 0.3711558854718982,
      "chg_24h": 4.9916805324459235
    },
    "XPD": {
      "name": "Paládio",
      "usd_oz": 1460,
      "usd_g": 46.94008999019685,
      "brl_oz": 7672.592000000001,
      "brl_g": 246.67956091648253,
      "chg_1h": 0.6202618883528601,
      "chg_24h": 5.415162454873646
    },
    "XCU": {
      "name": "Cobre",
      "usd_oz": 5.440538,
      "usd_g": 0.17491735843499015,
      "brl_oz": 28.591115297600002,
      "brl_g": 0.9192257020475603,
      "chg_1h": -0.20523771641536515,
      "chg_24h": 0.20049167055273842
    }
  }
}
