{
  "timestamp": 1771554308,
  "usdToBrl": 5.2343,
  "metals": {
    "XAU": {
      "name": "Ouro",
      "usd_oz": 4998.600098,
      "usd_g": 160.708724948717,
      "brl_oz": 26164.1724929614,
      "brl_g": 841.1976789990694,
      "chg_1h": 0,
      "chg_24h": 0.42995865469702166
    },
    "XAG": {
      "name": "Prata",
      "usd_oz": 78.527,
      "usd_g": 2.5247016757946494,
      "brl_oz": 411.03387610000004,
      "brl_g": 13.215045981611935,
      "chg_1h": 0,
      "chg_24h": 0.9098035184209491
    },
    "XPT": {
      "name": "Platina",
      "usd_oz": 2074,
      "usd_g": 66.68064838333443,
      "brl_oz": 10855.9382,
      "brl_g": 349.0265178328874,
      "chg_1h": 0,
      "chg_24h": -0.7655502392344498
    },
    "XPD": {
      "name": "Paládio",
      "usd_oz": 1696,
      "usd_g": 54.527666180393055,
      "brl_oz": 8877.372800000001,
      "brl_g": 285.4141630880314,
      "chg_1h": 0,
      "chg_24h": -2.528735632183908
    },
    "XCU": {
      "name": "Cobre",
      "usd_oz": 5.742253,
      "usd_g": 0.18461772093594372,
      "brl_oz": 30.0566748779,
      "brl_g": 0.9663445366950103,
      "chg_1h": 0,
      "chg_24h": -0.7564953066216187
    }
  }
}
