{
  "timestamp": 1779467621,
  "usdToBrl": 5.0164,
  "metals": {
    "XAU": {
      "name": "Ouro",
      "usd_oz": 4526.799805,
      "usd_g": 145.53999329746955,
      "brl_oz": 22708.238541802,
      "brl_g": 730.0868223774263,
      "chg_1h": 0,
      "chg_24h": 0.32578415107668923
    },
    "XAG": {
      "name": "Prata",
      "usd_oz": 76.344002,
      "usd_g": 2.454516660336828,
      "brl_oz": 382.9720516328,
      "brl_g": 12.312837374913663,
      "chg_1h": 0,
      "chg_24h": 0.9694383092407176
    },
    "XPT": {
      "name": "Platina",
      "usd_oz": 1938,
      "usd_g": 62.30814685000103,
      "brl_oz": 9721.7832,
      "brl_g": 312.5625878583452,
      "chg_1h": 0,
      "chg_24h": -0.9708737864077669
    },
    "XPD": {
      "name": "Paládio",
      "usd_oz": 1380,
      "usd_g": 44.36803026470661,
      "brl_oz": 6922.632,
      "brl_g": 222.56778701987423,
      "chg_1h": 0,
      "chg_24h": -1.5691868758915835
    },
    "XCU": {
      "name": "Cobre",
      "usd_oz": 6.123195,
      "usd_g": 0.19686529063529,
      "brl_oz": 30.716395398,
      "brl_g": 0.9875550439428689,
      "chg_1h": 0,
      "chg_24h": 0.521255800965387
    }
  }
}
