{
  "timestamp": 1773173892,
  "usdToBrl": 5.1779,
  "metals": {
    "XAU": {
      "name": "Ouro",
      "usd_oz": 5196,
      "usd_g": 167.05527917059098,
      "brl_oz": 26904.3684,
      "brl_g": 864.9955300174031,
      "chg_1h": 0.061627544295448713,
      "chg_24h": 1.1288439081354613
    },
    "XAG": {
      "name": "Prata",
      "usd_oz": 88.589996,
      "usd_g": 2.8482345099117667,
      "brl_oz": 458.7101402884,
      "brl_g": 14.747873468872138,
      "chg_1h": 0.46836929202922734,
      "chg_24h": 2.1657879455159197
    },
    "XPT": {
      "name": "Platina",
      "usd_oz": 2202,
      "usd_g": 70.79594394411882,
      "brl_oz": 11401.7358,
      "brl_g": 366.5743181482528,
      "chg_1h": 0,
      "chg_24h": 0.4103967168262654
    },
    "XPD": {
      "name": "Paládio",
      "usd_oz": 1678,
      "usd_g": 53.94895274215775,
      "brl_oz": 8688.5162,
      "brl_g": 279.34228240361864,
      "chg_1h": -0.5924170616113744,
      "chg_24h": -2.100350058343057
    },
    "XCU": {
      "name": "Cobre",
      "usd_oz": 5.886419,
      "usd_g": 0.18925276546575656,
      "brl_oz": 30.479288940100002,
      "brl_g": 0.9799318943051409,
      "chg_1h": 0.2200905355791811,
      "chg_24h": 0.7257176923782517
    }
  }
}
