{
  "timestamp": 1774222596,
  "usdToBrl": 5.2552,
  "metals": {
    "XAU": {
      "name": "Ouro",
      "usd_oz": 4482.100098,
      "usd_g": 144.10286434602062,
      "brl_oz": 23554.3324350096,
      "brl_g": 757.2893727112076,
      "chg_1h": -0.6824836506200935,
      "chg_24h": -0.22483630652174127
    },
    "XAG": {
      "name": "Prata",
      "usd_oz": 68.308998,
      "usd_g": 2.196185283054916,
      "brl_oz": 358.97744628960004,
      "brl_g": 11.541392899510194,
      "chg_1h": -1.6485788680686824,
      "chg_24h": 0.5460772736272853
    },
    "XPT": {
      "name": "Platina",
      "usd_oz": 1931,
      "usd_g": 62.08309162402063,
      "brl_oz": 10147.791200000001,
      "brl_g": 326.2590631025532,
      "chg_1h": -0.6176016469377252,
      "chg_24h": -0.15511892450879006
    },
    "XPD": {
      "name": "Paládio",
      "usd_oz": 1441,
      "usd_g": 46.32922580539292,
      "brl_oz": 7572.743200000001,
      "brl_g": 243.4693474525009,
      "chg_1h": -0.5521048999309869,
      "chg_24h": 0.6284916201117319
    },
    "XCU": {
      "name": "Cobre",
      "usd_oz": 5.402739,
      "usd_g": 0.1737020923654426,
      "brl_oz": 28.392473992800003,
      "brl_g": 0.9128392357988739,
      "chg_1h": 0,
      "chg_24h": 0
    }
  }
}
