{
  "timestamp": 1778801929,
  "usdToBrl": 4.997,
  "metals": {
    "XAU": {
      "name": "Ouro",
      "usd_oz": 4650.100098,
      "usd_g": 149.50418976955012,
      "brl_oz": 23236.550189706,
      "brl_g": 747.072436278442,
      "chg_1h": -0.2552531531531555,
      "chg_24h": -1.0048263674751705
    },
    "XAG": {
      "name": "Prata",
      "usd_oz": 83.310997,
      "usd_g": 2.678510750926726,
      "brl_oz": 416.305052009,
      "brl_g": 13.38451822238085,
      "chg_1h": -0.7138683964310147,
      "chg_24h": -5.141933398319426
    },
    "XPT": {
      "name": "Platina",
      "usd_oz": 2062,
      "usd_g": 66.2948394245109,
      "brl_oz": 10303.814,
      "brl_g": 331.27531260428094,
      "chg_1h": -0.1936108422071636,
      "chg_24h": -4.003724394785848
    },
    "XPD": {
      "name": "Paládio",
      "usd_oz": 1461,
      "usd_g": 46.97224073676548,
      "brl_oz": 7300.617,
      "brl_g": 234.7202869616171,
      "chg_1h": -0.1367053998632946,
      "chg_24h": -4.19672131147541
    },
    "XCU": {
      "name": "Cobre",
      "usd_oz": 6.367299,
      "usd_g": 0.20471341647567837,
      "brl_oz": 31.817393103,
      "brl_g": 1.0229529421289647,
      "chg_1h": 0,
      "chg_24h": 0.48670716562673927
    }
  }
}
