{
  "timestamp": 1776271347,
  "usdToBrl": 4.9981,
  "metals": {
    "XAU": {
      "name": "Ouro",
      "usd_oz": 4810.200195,
      "usd_g": 154.6515274138099,
      "brl_oz": 24041.861594629503,
      "brl_g": 772.9637991669632,
      "chg_1h": 0.14573616996615732,
      "chg_24h": -0.16396303188634045
    },
    "XAG": {
      "name": "Prata",
      "usd_oz": 79.369003,
      "usd_g": 2.5517727008576743,
      "brl_oz": 396.69421389430005,
      "brl_g": 12.754015136156742,
      "chg_1h": -0.07805139051502685,
      "chg_24h": -0.1735708718190268
    },
    "XPT": {
      "name": "Platina",
      "usd_oz": 2123,
      "usd_g": 68.2560349651972,
      "brl_oz": 10610.9663,
      "brl_g": 341.1504883595521,
      "chg_1h": 0.6638217164532955,
      "chg_24h": 1.1916110581506196
    },
    "XPD": {
      "name": "Paládio",
      "usd_oz": 1594,
      "usd_g": 51.248290030393,
      "brl_oz": 7966.9714,
      "brl_g": 256.14407840090723,
      "chg_1h": 0.4410838059231254,
      "chg_24h": -0.561447286338116
    },
    "XCU": {
      "name": "Cobre",
      "usd_oz": 5.933669,
      "usd_g": 0.19077188824112423,
      "brl_oz": 29.6570710289,
      "brl_g": 0.953496974617963,
      "chg_1h": 0.0395189944911112,
      "chg_24h": -0.1704297201167165
    }
  }
}
