{
  "timestamp": 1777594039,
  "usdToBrl": 4.9814,
  "metals": {
    "XAU": {
      "name": "Ouro",
      "usd_oz": 4629.899902,
      "usd_g": 148.85473838731752,
      "brl_oz": 23063.3833718228,
      "brl_g": 741.5049938025835,
      "chg_1h": -0.006485529509599053,
      "chg_24h": 1.47948451363087
    },
    "XAG": {
      "name": "Prata",
      "usd_oz": 74.609001,
      "usd_g": 2.398735082889512,
      "brl_oz": 371.6572775814,
      "brl_g": 11.949058941905815,
      "chg_1h": 0.48891386771236794,
      "chg_24h": 3.54595159816317
    },
    "XPT": {
      "name": "Platina",
      "usd_oz": 2006,
      "usd_g": 64.49439761666773,
      "brl_oz": 9992.6884,
      "brl_g": 321.2723922876686,
      "chg_1h": 0.14977533699450823,
      "chg_24h": 5.467928496319663
    },
    "XPD": {
      "name": "Paládio",
      "usd_oz": 1563,
      "usd_g": 50.25161688676553,
      "brl_oz": 7785.928199999999,
      "brl_g": 250.32340435973381,
      "chg_1h": 0,
      "chg_24h": 4.478609625668449
    },
    "XCU": {
      "name": "Cobre",
      "usd_oz": 5.883396,
      "usd_g": 0.1891555737588796,
      "brl_oz": 29.307548834400002,
      "brl_g": 0.9422595751224828,
      "chg_1h": -0.18660099976333416,
      "chg_24h": 0.35462045377089746
    }
  }
}
