{
  "timestamp": 1776755091,
  "usdToBrl": 4.9831,
  "metals": {
    "XAU": {
      "name": "Ouro",
      "usd_oz": 4774.799805,
      "usd_g": 153.5133784464893,
      "brl_oz": 23793.3049082955,
      "brl_g": 764.9725161367008,
      "chg_1h": -0.35061968145072525,
      "chg_24h": -0.3547727511959361
    },
    "XAG": {
      "name": "Prata",
      "usd_oz": 78.763,
      "usd_g": 2.532289251984846,
      "brl_oz": 392.48390530000006,
      "brl_g": 12.618650571565686,
      "chg_1h": -0.5002552015660257,
      "chg_24h": -1.4859051912248824
    },
    "XPT": {
      "name": "Platina",
      "usd_oz": 2081,
      "usd_g": 66.90570360931483,
      "brl_oz": 10369.831100000001,
      "brl_g": 333.39781165557673,
      "chg_1h": -0.3829583532790809,
      "chg_24h": -0.47824007651841227
    },
    "XPD": {
      "name": "Paládio",
      "usd_oz": 1570,
      "usd_g": 50.47667211274593,
      "brl_oz": 7823.467000000001,
      "brl_g": 251.53030480502426,
      "chg_1h": -0.3807106598984772,
      "chg_24h": -0.06365372374283895
    },
    "XCU": {
      "name": "Cobre",
      "usd_oz": 5.951208,
      "usd_g": 0.1913357801851914,
      "brl_oz": 29.655464584800004,
      "brl_g": 0.9534453262408273,
      "chg_1h": -0.05966654245233585,
      "chg_24h": -0.11165082764616624
    }
  }
}
