{
  "timestamp": 1779206379,
  "usdToBrl": 5.0232,
  "metals": {
    "XAU": {
      "name": "Ouro",
      "usd_oz": 4508.100098,
      "usd_g": 144.93878375680495,
      "brl_oz": 22645.0884122736,
      "brl_g": 728.0564985671826,
      "chg_1h": 0,
      "chg_24h": -0.8620436012795458
    },
    "XAG": {
      "name": "Prata",
      "usd_oz": 74.585999,
      "usd_g": 2.39799555141694,
      "brl_oz": 374.66039017680004,
      "brl_g": 12.045611253877572,
      "chg_1h": 0,
      "chg_24h": -3.0670860482297453
    },
    "XPT": {
      "name": "Platina",
      "usd_oz": 1939,
      "usd_g": 62.340297596569656,
      "brl_oz": 9739.9848,
      "brl_g": 313.1477828870887,
      "chg_1h": 0,
      "chg_24h": -2.070707070707071
    },
    "XPD": {
      "name": "Paládio",
      "usd_oz": 1377,
      "usd_g": 44.27157802500073,
      "brl_oz": 6916.9464,
      "brl_g": 222.38499073518366,
      "chg_1h": 0,
      "chg_24h": -3.9748953974895396
    },
    "XCU": {
      "name": "Cobre",
      "usd_oz": 6.082522,
      "usd_g": 0.1955576233201042,
      "brl_oz": 30.553724510400002,
      "brl_g": 0.9823250534615475,
      "chg_1h": 0,
      "chg_24h": -1.2118617448561295
    }
  }
}
