{
  "timestamp": 1771269048,
  "usdToBrl": 5.2244,
  "metals": {
    "XAU": {
      "name": "Ouro",
      "usd_oz": 4996.5,
      "usd_g": 160.64120523014972,
      "brl_oz": 26103.7146,
      "brl_g": 839.2539126043943,
      "chg_1h": -0.01800740420313297,
      "chg_24h": -0.9260031962701085
    },
    "XAG": {
      "name": "Prata",
      "usd_oz": 76.815002,
      "usd_g": 2.4696596619706517,
      "brl_oz": 401.31229644880005,
      "brl_g": 12.902489937999473,
      "chg_1h": -0.11442726551629834,
      "chg_24h": -0.9733118473636538
    },
    "XPT": {
      "name": "Platina",
      "usd_oz": 2049,
      "usd_g": 65.87687971911873,
      "brl_oz": 10704.7956,
      "brl_g": 344.16717040456393,
      "chg_1h": -0.04878048780487805,
      "chg_24h": -1.1577424023154848
    },
    "XPD": {
      "name": "Paládio",
      "usd_oz": 1743,
      "usd_g": 56.03875126911857,
      "brl_oz": 9106.1292,
      "brl_g": 292.7688521303831,
      "chg_1h": -0.1146131805157593,
      "chg_24h": 1.4551804423748544
    },
    "XCU": {
      "name": "Cobre",
      "usd_oz": 5.791331,
      "usd_g": 0.18619561527603884,
      "brl_oz": 30.2562296764,
      "brl_g": 0.9727603724481373,
      "chg_1h": 0.38289265433701763,
      "chg_24h": -1.4645401510325708
    }
  }
}
