{
  "timestamp": 1778572222,
  "usdToBrl": 4.9019,
  "metals": {
    "XAU": {
      "name": "Ouro",
      "usd_oz": 4699.700195,
      "usd_g": 151.09886991797651,
      "brl_oz": 23037.460385870505,
      "brl_g": 740.6715504509291,
      "chg_1h": 0,
      "chg_24h": 0.6295182585178961
    },
    "XAG": {
      "name": "Prata",
      "usd_oz": 84.345001,
      "usd_g": 2.7117547514816733,
      "brl_oz": 413.4507604019,
      "brl_g": 13.292750616288016,
      "chg_1h": 0,
      "chg_24h": 4.849337427278596
    },
    "XPT": {
      "name": "Platina",
      "usd_oz": 2070,
      "usd_g": 66.55204539705993,
      "brl_oz": 10146.933,
      "brl_g": 326.23147133184807,
      "chg_1h": 0,
      "chg_24h": 1.6200294550810017
    },
    "XPD": {
      "name": "Paládio",
      "usd_oz": 1502,
      "usd_g": 48.29042134607923,
      "brl_oz": 7362.653800000001,
      "brl_g": 236.71481639634578,
      "chg_1h": 0,
      "chg_24h": 0.6028131279303416
    },
    "XCU": {
      "name": "Cobre",
      "usd_oz": 6.203858,
      "usd_g": 0.19945866630575526,
      "brl_oz": 30.410691530200005,
      "brl_g": 0.9777264363641818,
      "chg_1h": 0,
      "chg_24h": 1.5517940736526026
    }
  }
}
