{
  "timestamp": 1771533719,
  "usdToBrl": 5.2343,
  "metals": {
    "XAU": {
      "name": "Ouro",
      "usd_oz": 4999.100098,
      "usd_g": 160.7248003220013,
      "brl_oz": 26166.7896429614,
      "brl_g": 841.2818223254515,
      "chg_1h": 0.17634798196258347,
      "chg_24h": 0.3210852618919236
    },
    "XAG": {
      "name": "Prata",
      "usd_oz": 78.501999,
      "usd_g": 2.523897874979687,
      "brl_oz": 410.9030133657,
      "brl_g": 13.210838647006177,
      "chg_1h": 0.43370519469043933,
      "chg_24h": 1.4985156640286597
    },
    "XPT": {
      "name": "Platina",
      "usd_oz": 2077,
      "usd_g": 66.77710062304031,
      "brl_oz": 10871.6411,
      "brl_g": 349.5313777911799,
      "chg_1h": 0.2413127413127413,
      "chg_24h": -0.5268199233716475
    },
    "XPD": {
      "name": "Paládio",
      "usd_oz": 1703,
      "usd_g": 54.75272140637345,
      "brl_oz": 8914.0129,
      "brl_g": 286.59216965738057,
      "chg_1h": 0.41273584905660377,
      "chg_24h": -2.1264367816091956
    },
    "XCU": {
      "name": "Cobre",
      "usd_oz": 5.717532,
      "usd_g": 0.18382292233002068,
      "brl_oz": 29.9272777476,
      "brl_g": 0.9621843223520272,
      "chg_1h": -0.2903813847587272,
      "chg_24h": -1.614392524972678
    }
  }
}
