{
  "timestamp": 1776775514,
  "usdToBrl": 4.9831,
  "metals": {
    "XAU": {
      "name": "Ouro",
      "usd_oz": 4781,
      "usd_g": 153.71271934461038,
      "brl_oz": 23824.201100000002,
      "brl_g": 765.965851766128,
      "chg_1h": -0.21289436017816718,
      "chg_24h": -0.4808413132277722
    },
    "XAG": {
      "name": "Prata",
      "usd_oz": 78.745003,
      "usd_g": 2.53171063499885,
      "brl_oz": 392.3942244493,
      "brl_g": 12.61576726526277,
      "chg_1h": -0.5255112798406519,
      "chg_24h": -1.0977278879013461
    },
    "XPT": {
      "name": "Platina",
      "usd_oz": 2087,
      "usd_g": 67.09860808872659,
      "brl_oz": 10399.7297,
      "brl_g": 334.3590739669335,
      "chg_1h": 0.14395393474088292,
      "chg_24h": 0.24015369836695488
    },
    "XPD": {
      "name": "Paládio",
      "usd_oz": 1592,
      "usd_g": 51.18398853725574,
      "brl_oz": 7933.095200000001,
      "brl_g": 255.05493327999912,
      "chg_1h": 0.6957621758380772,
      "chg_24h": 1.7902813299232736
    },
    "XCU": {
      "name": "Cobre",
      "usd_oz": 5.974794,
      "usd_g": 0.19209408769375905,
      "brl_oz": 29.7729959814,
      "brl_g": 0.9572240483867708,
      "chg_1h": 0.0822964477851429,
      "chg_24h": 0.5150755100327655
    }
  }
}
