{
  "timestamp": 1779214345,
  "usdToBrl": 5.0232,
  "metals": {
    "XAU": {
      "name": "Ouro",
      "usd_oz": 4504,
      "usd_g": 144.80696254510042,
      "brl_oz": 22624.4928,
      "brl_g": 727.3943342565484,
      "chg_1h": 0,
      "chg_24h": -0.9020902090209022
    },
    "XAG": {
      "name": "Prata",
      "usd_oz": 74.627998,
      "usd_g": 2.399345850622076,
      "brl_oz": 374.87135955360003,
      "brl_g": 12.052394076844813,
      "chg_1h": 0,
      "chg_24h": -2.9847718275299235
    },
    "XPT": {
      "name": "Platina",
      "usd_oz": 1943,
      "usd_g": 62.46890058284417,
      "brl_oz": 9760.0776,
      "brl_g": 313.79378140774287,
      "chg_1h": 0,
      "chg_24h": -1.6202531645569622
    },
    "XPD": {
      "name": "Paládio",
      "usd_oz": 1381,
      "usd_g": 44.400181011275244,
      "brl_oz": 6937.0392,
      "brl_g": 223.0309892558378,
      "chg_1h": 0,
      "chg_24h": -3.019662921348315
    },
    "XCU": {
      "name": "Cobre",
      "usd_oz": 6.088722,
      "usd_g": 0.1957569579488297,
      "brl_oz": 30.5848683504,
      "brl_g": 0.9833263511685614,
      "chg_1h": 0,
      "chg_24h": -0.9179140096163986
    }
  }
}
