{
  "timestamp": 1772646708,
  "usdToBrl": 5.2198,
  "metals": {
    "XAU": {
      "name": "Ouro",
      "usd_oz": 5140.899902,
      "usd_g": 165.28376988388644,
      "brl_oz": 26834.4693084596,
      "brl_g": 862.7482220399105,
      "chg_1h": -0.1941408334515913,
      "chg_24h": 1.3604369434182102
    },
    "XAG": {
      "name": "Prata",
      "usd_oz": 83.716003,
      "usd_g": 2.6915319961915,
      "brl_oz": 436.98079245940005,
      "brl_g": 14.049258713720391,
      "chg_1h": 0.004784260435411511,
      "chg_24h": 2.0279834244629384
    },
    "XPT": {
      "name": "Platina",
      "usd_oz": 2163,
      "usd_g": 69.54206482794233,
      "brl_oz": 11290.4274,
      "brl_g": 362.9956699888934,
      "chg_1h": 0,
      "chg_24h": 4.644412191582003
    },
    "XPD": {
      "name": "Paládio",
      "usd_oz": 1689,
      "usd_g": 54.30261095441266,
      "brl_oz": 8816.2422,
      "brl_g": 283.4487686598432,
      "chg_1h": -0.1773049645390071,
      "chg_24h": 1.5634395670475045
    },
    "XCU": {
      "name": "Cobre",
      "usd_oz": 5.874097,
      "usd_g": 0.18885660396653792,
      "brl_oz": 30.6616115206,
      "brl_g": 0.9857937013845347,
      "chg_1h": -0.15034994395661205,
      "chg_24h": 0.08244653753506138
    }
  }
}
