{
  "timestamp": 1772109114,
  "usdToBrl": 5.1287,
  "metals": {
    "XAU": {
      "name": "Ouro",
      "usd_oz": 5180.600098,
      "usd_g": 166.5601608242073,
      "brl_oz": 26569.743722612602,
      "brl_g": 854.2370968191119,
      "chg_1h": 0.16240483127702174,
      "chg_24h": -0.0520847163306187
    },
    "XAG": {
      "name": "Prata",
      "usd_oz": 87.055,
      "usd_g": 2.7988832425319092,
      "brl_oz": 446.47897850000004,
      "brl_g": 14.354632485973404,
      "chg_1h": -0.540398501051091,
      "chg_24h": -3.981691898950066
    },
    "XPT": {
      "name": "Platina",
      "usd_oz": 2275,
      "usd_g": 73.14294844362865,
      "brl_oz": 11667.792500000001,
      "brl_g": 375.1282396828383,
      "chg_1h": -0.21929824561403508,
      "chg_24h": -2.108433734939759
    },
    "XPD": {
      "name": "Paládio",
      "usd_oz": 1774,
      "usd_g": 57.03542441274604,
      "brl_oz": 9098.3138,
      "brl_g": 292.5175811856506,
      "chg_1h": -0.11261261261261261,
      "chg_24h": -4.366576819407008
    },
    "XCU": {
      "name": "Cobre",
      "usd_oz": 5.953324,
      "usd_g": 0.1914038111649306,
      "brl_oz": 30.532812798800002,
      "brl_g": 0.9816527263215796,
      "chg_1h": -0.03808185651401132,
      "chg_24h": 0.28652455268968574
    }
  }
}
