{
  "timestamp": 1773356411,
  "usdToBrl": 5.1621,
  "metals": {
    "XAU": {
      "name": "Ouro",
      "usd_oz": 5095.5,
      "usd_g": 163.8241291404439,
      "brl_oz": 26303.48055,
      "brl_g": 845.6765370358853,
      "chg_1h": 0.29722262599948945,
      "chg_24h": -1.2595678713302976
    },
    "XAG": {
      "name": "Prata",
      "usd_oz": 84.438004,
      "usd_g": 2.714744867364796,
      "brl_oz": 435.8774204484,
      "brl_g": 14.013784479823812,
      "chg_1h": 0.535796786871901,
      "chg_24h": -0.923430939828233
    },
    "XPT": {
      "name": "Platina",
      "usd_oz": 2153,
      "usd_g": 69.22055736225605,
      "brl_oz": 11114.0013,
      "brl_g": 357.32343915970193,
      "chg_1h": 0.6545114539504442,
      "chg_24h": -0.6918819188191881
    },
    "XPD": {
      "name": "Paládio",
      "usd_oz": 1652,
      "usd_g": 53.11303333137342,
      "brl_oz": 8527.7892,
      "brl_g": 274.1747893598827,
      "chg_1h": 0.3645200486026731,
      "chg_24h": 0.24271844660194172
    },
    "XCU": {
      "name": "Cobre",
      "usd_oz": 5.840421,
      "usd_g": 0.18777389542509282,
      "brl_oz": 30.148837244099997,
      "brl_g": 0.9693076255738716,
      "chg_1h": 0,
      "chg_24h": 0.587135074995739
    }
  }
}
