{
  "timestamp": 1783301023,
  "usdToBrl": 5.1962,
  "metals": {
    "XAU": {
      "name": "Ouro",
      "usd_oz": 4182.899902,
      "usd_g": 134.48335467114083,
      "brl_oz": 21735.1844707724,
      "brl_g": 698.802407542182,
      "chg_1h": -0.36918827081279787,
      "chg_24h": 0.16282665262877094
    },
    "XAG": {
      "name": "Prata",
      "usd_oz": 62.564999,
      "usd_g": 2.011511426915463,
      "brl_oz": 325.1002478038,
      "brl_g": 10.45221567653813,
      "chg_1h": -1.0923896374669613,
      "chg_24h": 0.0767807181016582
    },
    "XPT": {
      "name": "Platina",
      "usd_oz": 1656,
      "usd_g": 53.24163631764794,
      "brl_oz": 8604.9072,
      "brl_g": 276.6541906337622,
      "chg_1h": -0.6002400960384154,
      "chg_24h": 0.48543689320388345
    },
    "XPD": {
      "name": "Paládio",
      "usd_oz": 1302,
      "usd_g": 41.860272032353635,
      "brl_oz": 6765.4524,
      "brl_g": 217.51434553451597,
      "chg_1h": -0.3062787136294028,
      "chg_24h": 0.8520526723470179
    },
    "XCU": {
      "name": "Cobre",
      "usd_oz": 6.036785,
      "usd_g": 0.19408714462429488,
      "brl_oz": 31.368342217000002,
      "brl_g": 1.0085156208967612,
      "chg_1h": 0.3922538389722079,
      "chg_24h": 0.6022015285346626
    }
  }
}
