{
  "timestamp": 1777034460,
  "usdToBrl": 4.963,
  "metals": {
    "XAU": {
      "name": "Ouro",
      "usd_oz": 4707.299805,
      "usd_g": 151.3432030531069,
      "brl_oz": 23362.328932214998,
      "brl_g": 751.1163167525696,
      "chg_1h": -0.11459226720448525,
      "chg_24h": -0.4715048320772476
    },
    "XAG": {
      "name": "Prata",
      "usd_oz": 76.011002,
      "usd_g": 2.4438104617294747,
      "brl_oz": 377.242602926,
      "brl_g": 12.128631321563383,
      "chg_1h": -0.229694441092627,
      "chg_24h": -0.421833283114765
    },
    "XPT": {
      "name": "Platina",
      "usd_oz": 2001,
      "usd_g": 64.33364388382459,
      "brl_oz": 9930.963,
      "brl_g": 319.28787459542144,
      "chg_1h": -0.3982080637132902,
      "chg_24h": -1.911764705882353
    },
    "XPD": {
      "name": "Paládio",
      "usd_oz": 1504,
      "usd_g": 48.354722839216485,
      "brl_oz": 7464.352,
      "brl_g": 239.9844894510314,
      "chg_1h": -0.9874917709019092,
      "chg_24h": -0.79155672823219
    },
    "XCU": {
      "name": "Cobre",
      "usd_oz": 5.962925,
      "usd_g": 0.191712490482736,
      "brl_oz": 29.593996775,
      "brl_g": 0.9514690902658188,
      "chg_1h": -0.21127762298030953,
      "chg_24h": -1.4234839557800347
    }
  }
}
