{
  "timestamp": 1774919072,
  "usdToBrl": 5.2402,
  "metals": {
    "XAU": {
      "name": "Ouro",
      "usd_oz": 4546.100098,
      "usd_g": 146.16051212641284,
      "brl_oz": 23822.4737335396,
      "brl_g": 765.9103156448285,
      "chg_1h": 0.6241881540473266,
      "chg_24h": 2.187113317408542
    },
    "XAG": {
      "name": "Prata",
      "usd_oz": 70.888,
      "usd_g": 2.2791021227569006,
      "brl_oz": 371.4672976,
      "brl_g": 11.94295094367071,
      "chg_1h": 1.1905087333984048,
      "chg_24h": 3.8910760514391645
    },
    "XPT": {
      "name": "Platina",
      "usd_oz": 1916,
      "usd_g": 61.60083042549121,
      "brl_oz": 10040.2232,
      "brl_g": 322.800671595659,
      "chg_1h": 1.0015814443858724,
      "chg_24h": 4.130434782608695
    },
    "XPD": {
      "name": "Paládio",
      "usd_oz": 1445,
      "usd_g": 46.45782879166743,
      "brl_oz": 7572.089,
      "brl_g": 243.44831443409566,
      "chg_1h": 1.048951048951049,
      "chg_24h": 4.332129963898916
    },
    "XCU": {
      "name": "Cobre",
      "usd_oz": 5.505175,
      "usd_g": 0.17699548624094655,
      "brl_oz": 28.848218035000002,
      "brl_g": 0.9274917469998081,
      "chg_1h": -0.06469720202754024,
      "chg_24h": 1.0745693635001645
    }
  }
}
