{
  "timestamp": 1774235849,
  "usdToBrl": 5.2552,
  "metals": {
    "XAU": {
      "name": "Ouro",
      "usd_oz": 4358.600098,
      "usd_g": 140.1322471447951,
      "brl_oz": 22905.315235009602,
      "brl_g": 736.4229851953272,
      "chg_1h": 0,
      "chg_24h": -2.974045928511885
    },
    "XAG": {
      "name": "Prata",
      "usd_oz": 65.213997,
      "usd_g": 2.0966786902742656,
      "brl_oz": 342.71259703440006,
      "brl_g": 11.018465853129321,
      "chg_1h": 0,
      "chg_24h": -4.009548175716201
    },
    "XPT": {
      "name": "Platina",
      "usd_oz": 1860,
      "usd_g": 59.800388617648046,
      "brl_oz": 9774.672,
      "brl_g": 314.26300226346405,
      "chg_1h": 0,
      "chg_24h": -3.8262668045501553
    },
    "XPD": {
      "name": "Paládio",
      "usd_oz": 1418,
      "usd_g": 45.58975863431448,
      "brl_oz": 7451.873600000001,
      "brl_g": 239.58329957504947,
      "chg_1h": 0,
      "chg_24h": -0.9776536312849162
    },
    "XCU": {
      "name": "Cobre",
      "usd_oz": 5.362747,
      "usd_g": 0.17241631970867,
      "brl_oz": 28.182308034400002,
      "brl_g": 0.9060822433330026,
      "chg_1h": 0,
      "chg_24h": -0.7402171380109365
    }
  }
}
