{
  "timestamp": 1772082590,
  "usdToBrl": 5.1287,
  "metals": {
    "XAU": {
      "name": "Ouro",
      "usd_oz": 5194.700195,
      "usd_g": 167.01348946944736,
      "brl_oz": 26642.058890096505,
      "brl_g": 856.5620834419548,
      "chg_1h": 0.10020608921862124,
      "chg_24h": 0.09442348807519559
    },
    "XAG": {
      "name": "Prata",
      "usd_oz": 89.654999,
      "usd_g": 2.8824751514595954,
      "brl_oz": 459.81359337130004,
      "brl_g": 14.783350309290828,
      "chg_1h": 0.6398383638080384,
      "chg_24h": -0.04905071569529587
    },
    "XPT": {
      "name": "Platina",
      "usd_oz": 2299,
      "usd_g": 73.91456636127573,
      "brl_oz": 11790.881300000001,
      "brl_g": 379.08563649707486,
      "chg_1h": 0.17429193899782133,
      "chg_24h": 1.951219512195122
    },
    "XPD": {
      "name": "Paládio",
      "usd_oz": 1799,
      "usd_g": 57.83919307696174,
      "brl_oz": 9226.5313,
      "brl_g": 296.6398695338137,
      "chg_1h": 0.22284122562674097,
      "chg_24h": -1.7476788640087382
    },
    "XCU": {
      "name": "Cobre",
      "usd_oz": 5.958465,
      "usd_g": 0.19156909815303994,
      "brl_oz": 30.559179445500003,
      "brl_g": 0.982500433697496,
      "chg_1h": 0.4038250905720862,
      "chg_24h": 1.0526085497267166
    }
  }
}
