{
  "timestamp": 1772540772,
  "usdToBrl": 5.2067,
  "metals": {
    "XAU": {
      "name": "Ouro",
      "usd_oz": 5198.700195,
      "usd_g": 167.14209245572187,
      "brl_oz": 27068.0723053065,
      "brl_g": 870.258732789207,
      "chg_1h": -1.044995850005779,
      "chg_24h": -3.4380849345121463
    },
    "XAG": {
      "name": "Prata",
      "usd_oz": 82.742996,
      "usd_g": 2.660249094724999,
      "brl_oz": 430.8179572732,
      "brl_g": 13.85111896150465,
      "chg_1h": 0.537044487781043,
      "chg_24h": -12.597580122295362
    },
    "XPT": {
      "name": "Platina",
      "usd_oz": 2105,
      "usd_g": 67.6773215269619,
      "brl_oz": 10960.1035,
      "brl_g": 352.37550999443255,
      "chg_1h": -0.09492168960607499,
      "chg_24h": -10.463632496809868
    },
    "XPD": {
      "name": "Paládio",
      "usd_oz": 1704,
      "usd_g": 54.78487215294208,
      "brl_oz": 8872.2168,
      "brl_g": 285.24839383872353,
      "chg_1h": 0.1763668430335097,
      "chg_24h": -5.856353591160221
    },
    "XCU": {
      "name": "Cobre",
      "usd_oz": 5.915827,
      "usd_g": 0.19019825462084677,
      "brl_oz": 30.8019364409,
      "brl_g": 0.9903052523343628,
      "chg_1h": 0.21643045265915145,
      "chg_24h": -3.0598490206398714
    }
  }
}
