{
  "timestamp": 1773991937,
  "usdToBrl": 5.2987,
  "metals": {
    "XAU": {
      "name": "Ouro",
      "usd_oz": 4688.5,
      "usd_g": 150.7387752870123,
      "brl_oz": 24842.95495,
      "brl_g": 798.7195486132921,
      "chg_1h": 0.1324177275743741,
      "chg_24h": -1.2843457206021687
    },
    "XAG": {
      "name": "Prata",
      "usd_oz": 72.188004,
      "usd_g": 2.320898221899103,
      "brl_oz": 382.50257679480006,
      "brl_g": 12.297743408376778,
      "chg_1h": -0.17561777845211202,
      "chg_24h": 0.21935999193891817
    },
    "XPT": {
      "name": "Platina",
      "usd_oz": 2001,
      "usd_g": 64.33364388382459,
      "brl_oz": 10602.6987,
      "brl_g": 340.8846788472214,
      "chg_1h": 0.20030045067601399,
      "chg_24h": 2.3529411764705883
    },
    "XPD": {
      "name": "Paládio",
      "usd_oz": 1493,
      "usd_g": 48.00106462696158,
      "brl_oz": 7910.9591,
      "brl_g": 254.34324113888133,
      "chg_1h": 0.06702412868632708,
      "chg_24h": 0.6064690026954178
    },
    "XCU": {
      "name": "Cobre",
      "usd_oz": 5.456868,
      "usd_g": 0.17544238012645583,
      "brl_oz": 28.9143064716,
      "brl_g": 0.9296165395760515,
      "chg_1h": -0.7152423529146277,
      "chg_24h": -2.2533328174505978
    }
  }
}
