{
  "timestamp": 1772719828,
  "usdToBrl": 5.2198,
  "metals": {
    "XAU": {
      "name": "Ouro",
      "usd_oz": 5122.600098,
      "usd_g": 164.69541752322687,
      "brl_oz": 26738.9479915404,
      "brl_g": 859.6771403877397,
      "chg_1h": -0.20260864991233415,
      "chg_24h": -1.0374149300264452
    },
    "XAG": {
      "name": "Prata",
      "usd_oz": 82.888,
      "usd_g": 2.664911081580436,
      "brl_oz": 432.65878240000006,
      "brl_g": 13.91030286363356,
      "chg_1h": 0.27582384341525623,
      "chg_24h": -2.8527214886280383
    },
    "XPT": {
      "name": "Platina",
      "usd_oz": 2159,
      "usd_g": 69.41346184166781,
      "brl_oz": 11269.548200000001,
      "brl_g": 362.32438812113764,
      "chg_1h": -0.0462962962962963,
      "chg_24h": -1.0994044892349977
    },
    "XPD": {
      "name": "Paládio",
      "usd_oz": 1669,
      "usd_g": 53.6595960230401,
      "brl_oz": 8711.8462,
      "brl_g": 280.09235932106475,
      "chg_1h": 0,
      "chg_24h": -2.9651162790697674
    },
    "XCU": {
      "name": "Cobre",
      "usd_oz": 5.778691,
      "usd_g": 0.1857892298394114,
      "brl_oz": 30.1636112818,
      "brl_g": 0.9697826219157597,
      "chg_1h": 0.04710897044133185,
      "chg_24h": -1.5684313982663265
    }
  }
}
