{
  "timestamp": 1771356834,
  "usdToBrl": 5.2248,
  "metals": {
    "XAU": {
      "name": "Ouro",
      "usd_oz": 4880.799805,
      "usd_g": 156.92135758276385,
      "brl_oz": 25501.202821164,
      "brl_g": 819.8827090984246,
      "chg_1h": -0.04505826336269402,
      "chg_24h": -2.2647649976865805
    },
    "XAG": {
      "name": "Prata",
      "usd_oz": 73.708,
      "usd_g": 2.3697672280804314,
      "brl_oz": 385.1095584,
      "brl_g": 12.381559813274638,
      "chg_1h": 0.10457959709550697,
      "chg_24h": -3.9434943578662187
    },
    "XPT": {
      "name": "Platina",
      "usd_oz": 2033,
      "usd_g": 65.36246777402069,
      "brl_oz": 10622.0184,
      "brl_g": 341.5058216257033,
      "chg_1h": 0.6435643564356436,
      "chg_24h": -0.6839276990718124
    },
    "XPD": {
      "name": "Paládio",
      "usd_oz": 1714,
      "usd_g": 55.10637961862836,
      "brl_oz": 8955.3072,
      "brl_g": 287.9198122314095,
      "chg_1h": 1.0017678255745435,
      "chg_24h": -2.057142857142857
    },
    "XCU": {
      "name": "Cobre",
      "usd_oz": 5.712878,
      "usd_g": 0.18367329275549027,
      "brl_oz": 29.8486449744,
      "brl_g": 0.9596562199888856,
      "chg_1h": 0.004551328305164584,
      "chg_24h": -1.2914287234772246
    }
  }
}
