{
  "timestamp": 1783400822,
  "usdToBrl": 5.18,
  "metals": {
    "XAU": {
      "name": "Ouro",
      "usd_oz": 4131.200195,
      "usd_g": 132.82117049371152,
      "brl_oz": 21399.6170101,
      "brl_g": 688.0136631574256,
      "chg_1h": 0,
      "chg_24h": -0.5704038017520394
    },
    "XAG": {
      "name": "Prata",
      "usd_oz": 61.070999,
      "usd_g": 1.963478211541933,
      "brl_oz": 316.34777482,
      "brl_g": 10.170817135787212,
      "chg_1h": 0,
      "chg_24h": -1.225961947079238
    },
    "XPT": {
      "name": "Platina",
      "usd_oz": 1620,
      "usd_g": 52.08420944117733,
      "brl_oz": 8391.6,
      "brl_g": 269.79620490529857,
      "chg_1h": 0,
      "chg_24h": -1.1592434411226358
    },
    "XPD": {
      "name": "Paládio",
      "usd_oz": 1282,
      "usd_g": 41.21725710098107,
      "brl_oz": 6640.759999999999,
      "brl_g": 213.50539178308193,
      "chg_1h": 0,
      "chg_24h": -0.6201550387596899
    },
    "XCU": {
      "name": "Cobre",
      "usd_oz": 6.027562,
      "usd_g": 0.1937906182886924,
      "brl_oz": 31.222771159999997,
      "brl_g": 1.0038354027354266,
      "chg_1h": 0,
      "chg_24h": -0.18403043714059672
    }
  }
}
