{
  "timestamp": 1775433217,
  "usdToBrl": 5.1818,
  "metals": {
    "XAU": {
      "name": "Ouro",
      "usd_oz": 4618.5,
      "usd_g": 148.48822302720833,
      "brl_oz": 23932.1433,
      "brl_g": 769.4362740823882,
      "chg_1h": -0.6453694740238787,
      "chg_24h": -1.271911073108166
    },
    "XAG": {
      "name": "Prata",
      "usd_oz": 71.883003,
      "usd_g": 2.311092212044925,
      "brl_oz": 372.4833449454,
      "brl_g": 11.975617624374392,
      "chg_1h": -0.3631492284905097,
      "chg_24h": -1.73339801597519
    },
    "XPT": {
      "name": "Platina",
      "usd_oz": 1973,
      "usd_g": 63.43342297990301,
      "brl_oz": 10223.6914,
      "brl_g": 328.6993111972614,
      "chg_1h": -0.6045340050377833,
      "chg_24h": -0.8542713567839196
    },
    "XPD": {
      "name": "Paládio",
      "usd_oz": 1510,
      "usd_g": 48.54762731862825,
      "brl_oz": 7824.518,
      "brl_g": 251.56409523966786,
      "chg_1h": -0.7232084155161078,
      "chg_24h": -1.3071895424836601
    },
    "XCU": {
      "name": "Cobre",
      "usd_oz": 5.523714,
      "usd_g": 0.17759152893158234,
      "brl_oz": 28.6227812052,
      "brl_g": 0.9202437846176733,
      "chg_1h": 0,
      "chg_24h": 0.2428346889380345
    }
  }
}
