{
  "timestamp": 1781605740,
  "usdToBrl": 5.0498,
  "metals": {
    "XAU": {
      "name": "Ouro",
      "usd_oz": 4345.899902,
      "usd_g": 139.72392636182718,
      "brl_oz": 21945.925325119602,
      "brl_g": 705.5778833419549,
      "chg_1h": 0,
      "chg_24h": 0.35793460998466464
    },
    "XAG": {
      "name": "Prata",
      "usd_oz": 70.559998,
      "usd_g": 2.268556613580897,
      "brl_oz": 356.3138779004,
      "brl_g": 11.455757187260815,
      "chg_1h": 0,
      "chg_24h": 0.031183191154162897
    },
    "XPT": {
      "name": "Platina",
      "usd_oz": 1806,
      "usd_g": 58.06424830294213,
      "brl_oz": 9119.9388,
      "brl_g": 293.2128410801972,
      "chg_1h": 0,
      "chg_24h": 1.2331838565022422
    },
    "XPD": {
      "name": "Paládio",
      "usd_oz": 1380,
      "usd_g": 44.36803026470661,
      "brl_oz": 6968.724,
      "brl_g": 224.04967923071547,
      "chg_1h": 0,
      "chg_24h": 2.2222222222222223
    },
    "XCU": {
      "name": "Cobre",
      "usd_oz": 6.189419,
      "usd_g": 0.19899444167605082,
      "brl_oz": 31.2553280662,
      "brl_g": 1.0048821315757215,
      "chg_1h": 0,
      "chg_24h": -0.06836030368508363
    }
  }
}
