{
  "timestamp": 1777587186,
  "usdToBrl": 4.9814,
  "metals": {
    "XAU": {
      "name": "Ouro",
      "usd_oz": 4631.700195,
      "usd_g": 148.91261915130983,
      "brl_oz": 23072.351351373,
      "brl_g": 741.7933210403347,
      "chg_1h": 0.17952790534969038,
      "chg_24h": 1.9053507102760503
    },
    "XAG": {
      "name": "Prata",
      "usd_oz": 74.250999,
      "usd_g": 2.3872250513164492,
      "brl_oz": 369.8739264186,
      "brl_g": 11.89172287062776,
      "chg_1h": 0.5008080765342129,
      "chg_24h": 3.9187739244390514
    },
    "XPT": {
      "name": "Platina",
      "usd_oz": 2000,
      "usd_g": 64.30149313725596,
      "brl_oz": 9962.8,
      "brl_g": 320.3114579139268,
      "chg_1h": 0.2004008016032064,
      "chg_24h": 6.213489113117366
    },
    "XPD": {
      "name": "Paládio",
      "usd_oz": 1561,
      "usd_g": 50.18731539362828,
      "brl_oz": 7775.9654,
      "brl_g": 250.0030929018199,
      "chg_1h": 0.2569043031470777,
      "chg_24h": 5.188679245283019
    },
    "XCU": {
      "name": "Cobre",
      "usd_oz": 5.894395,
      "usd_g": 0.18950919982038794,
      "brl_oz": 29.362339253000002,
      "brl_g": 0.9440211279852805,
      "chg_1h": 0,
      "chg_24h": 0.4923179845326617
    }
  }
}
