{
  "timestamp": 1778599020,
  "usdToBrl": 4.9038,
  "metals": {
    "XAU": {
      "name": "Ouro",
      "usd_oz": 4666.299805,
      "usd_g": 150.02502244379315,
      "brl_oz": 22882.600983759,
      "brl_g": 735.6927050598729,
      "chg_1h": 0,
      "chg_24h": -1.3800890110641857
    },
    "XAG": {
      "name": "Prata",
      "usd_oz": 84.108002,
      "usd_g": 2.7041350566956552,
      "brl_oz": 412.4488202076,
      "brl_g": 13.260537491024156,
      "chg_1h": 0,
      "chg_24h": -1.3303243001216862
    },
    "XPT": {
      "name": "Platina",
      "usd_oz": 2094,
      "usd_g": 67.32366331470699,
      "brl_oz": 10268.557200000001,
      "brl_g": 330.14178016266015,
      "chg_1h": 0,
      "chg_24h": -1.4124293785310735
    },
    "XPD": {
      "name": "Paládio",
      "usd_oz": 1480,
      "usd_g": 47.583104921569415,
      "brl_oz": 7257.624000000001,
      "brl_g": 233.3380299143921,
      "chg_1h": 0,
      "chg_24h": -3.6458333333333335
    },
    "XCU": {
      "name": "Cobre",
      "usd_oz": 6.269327,
      "usd_g": 0.20156354353285674,
      "brl_oz": 30.7435257426,
      "brl_g": 0.9884273047764229,
      "chg_1h": 0,
      "chg_24h": 0.8549622348512684
    }
  }
}
