{
  "timestamp": 1777334774,
  "usdToBrl": 4.9681,
  "metals": {
    "XAU": {
      "name": "Ouro",
      "usd_oz": 4698.5,
      "usd_g": 151.06028275269858,
      "brl_oz": 23342.61785,
      "brl_g": 750.4825907436818,
      "chg_1h": 0.18977955079358902,
      "chg_24h": 0.35670459429224466
    },
    "XAG": {
      "name": "Prata",
      "usd_oz": 76.143997,
      "usd_g": 2.448086350269369,
      "brl_oz": 378.2909914957,
      "brl_g": 12.16233779677325,
      "chg_1h": 0.13808177201065527,
      "chg_24h": 1.5253293333333318
    },
    "XPT": {
      "name": "Platina",
      "usd_oz": 2006,
      "usd_g": 64.49439761666773,
      "brl_oz": 9966.0086,
      "brl_g": 320.4146167993669,
      "chg_1h": 0.3501750875437719,
      "chg_24h": 0
    },
    "XPD": {
      "name": "Paládio",
      "usd_oz": 1500,
      "usd_g": 48.22611985294197,
      "brl_oz": 7452.15,
      "brl_g": 239.592186041401,
      "chg_1h": 0,
      "chg_24h": -0.8592200925313946
    },
    "XCU": {
      "name": "Cobre",
      "usd_oz": 5.97676,
      "usd_g": 0.19215729606151297,
      "brl_oz": 29.693141355999998,
      "brl_g": 0.9546566625632025,
      "chg_1h": 0.25106545146156806,
      "chg_24h": -0.6948317867058034
    }
  }
}
