{
  "timestamp": 1780270387,
  "usdToBrl": 5.0453,
  "metals": {
    "XAU": {
      "name": "Ouro",
      "usd_oz": 4544.700195,
      "usd_g": 146.11550419983917,
      "brl_oz": 22929.3758938335,
      "brl_g": 737.1965533394485,
      "chg_1h": 0.26474285709955275,
      "chg_24h": 0.09691848972516691
    },
    "XAG": {
      "name": "Prata",
      "usd_oz": 75.599998,
      "usd_g": 2.430596376286782,
      "brl_oz": 381.4246699094,
      "brl_g": 12.263087897279702,
      "chg_1h": 0.8739715791580576,
      "chg_24h": 0.26524667731441004
    },
    "XPT": {
      "name": "Platina",
      "usd_oz": 1946,
      "usd_g": 62.565352822550054,
      "brl_oz": 9818.1538,
      "brl_g": 315.6609745956118,
      "chg_1h": 0.7246376811594203,
      "chg_24h": 1.0384215991692627
    },
    "XPD": {
      "name": "Paládio",
      "usd_oz": 1389,
      "usd_g": 44.65738698382427,
      "brl_oz": 7007.9217,
      "brl_g": 225.30991454948858,
      "chg_1h": 0.43383947939262474,
      "chg_24h": 0.7251631617113851
    },
    "XCU": {
      "name": "Cobre",
      "usd_oz": 6.192744,
      "usd_g": 0.19910134290839152,
      "brl_oz": 31.244251303200002,
      "brl_g": 1.0045260053757077,
      "chg_1h": 0,
      "chg_24h": -0.08781600167919494
    }
  }
}
