{
  "timestamp": 1772204689,
  "usdToBrl": 5.1556,
  "metals": {
    "XAU": {
      "name": "Ouro",
      "usd_oz": 5225.200195,
      "usd_g": 167.99408723979053,
      "brl_oz": 26939.042125342,
      "brl_g": 866.1103161734641,
      "chg_1h": -0.1814812624622526,
      "chg_24h": 1.1205153984673957
    },
    "XAG": {
      "name": "Prata",
      "usd_oz": 92.045998,
      "usd_g": 2.959347554354438,
      "brl_oz": 474.5523472888,
      "brl_g": 15.25721225122974,
      "chg_1h": -0.30867530614122035,
      "chg_24h": 5.899812534800764
    },
    "XPT": {
      "name": "Platina",
      "usd_oz": 2358,
      "usd_g": 75.81146040882479,
      "brl_oz": 12156.9048,
      "brl_g": 390.85356528373705,
      "chg_1h": -0.6321112515802781,
      "chg_24h": 4.614019520851819
    },
    "XPD": {
      "name": "Paládio",
      "usd_oz": 1802,
      "usd_g": 57.935645316667625,
      "brl_oz": 9290.3912,
      "brl_g": 298.6930129946116,
      "chg_1h": -0.6067291781577496,
      "chg_24h": 0.8393956351426972
    },
    "XCU": {
      "name": "Cobre",
      "usd_oz": 6.050393,
      "usd_g": 0.19452465198360075,
      "brl_oz": 31.193406150799998,
      "brl_g": 1.002891295766652,
      "chg_1h": -0.1833372762478488,
      "chg_24h": 1.5660126128400564
    }
  }
}
