{
  "timestamp": 1771342527,
  "usdToBrl": 5.2248,
  "metals": {
    "XAU": {
      "name": "Ouro",
      "usd_oz": 4855,
      "usd_g": 156.09187459068886,
      "brl_oz": 25366.404000000002,
      "brl_g": 815.5488263614312,
      "chg_1h": -0.8758836002851433,
      "chg_24h": -2.545260949119967
    },
    "XAG": {
      "name": "Prata",
      "usd_oz": 72.629997,
      "usd_g": 2.3351086268272105,
      "brl_oz": 379.47720832560003,
      "brl_g": 12.20047555344681,
      "chg_1h": -2.3422860124163285,
      "chg_24h": -5.035245157545852
    },
    "XPT": {
      "name": "Platina",
      "usd_oz": 2028,
      "usd_g": 65.20171404117755,
      "brl_oz": 10595.894400000001,
      "brl_g": 340.6659155223445,
      "chg_1h": -0.6856023506366308,
      "chg_24h": -0.5394801373222168
    },
    "XPD": {
      "name": "Paládio",
      "usd_oz": 1698,
      "usd_g": 54.59196767353031,
      "brl_oz": 8871.7104,
      "brl_g": 285.23211270066116,
      "chg_1h": -0.1176470588235294,
      "chg_24h": -1.9064124783362217
    },
    "XCU": {
      "name": "Cobre",
      "usd_oz": 5.695004,
      "usd_g": 0.18309863031132262,
      "brl_oz": 29.7552568992,
      "brl_g": 0.9566537236505984,
      "chg_1h": -0.3768882239966753,
      "chg_24h": -1.4804221236585007
    }
  }
}
