{
  "timestamp": 1776371177,
  "usdToBrl": 4.9882,
  "metals": {
    "XAU": {
      "name": "Ouro",
      "usd_oz": 4789.799805,
      "usd_g": 153.9956396450187,
      "brl_oz": 23892.479387301,
      "brl_g": 768.1610496772823,
      "chg_1h": -0.07719192656723374,
      "chg_24h": -0.13344709853173045
    },
    "XAG": {
      "name": "Prata",
      "usd_oz": 78.603996,
      "usd_g": 2.5271771546774473,
      "brl_oz": 392.0924528472,
      "brl_g": 12.606065082962042,
      "chg_1h": -0.19807769938858683,
      "chg_24h": -1.0523740923370215
    },
    "XPT": {
      "name": "Platina",
      "usd_oz": 2094,
      "usd_g": 67.32366331470699,
      "brl_oz": 10445.2908,
      "brl_g": 335.8238973464214,
      "chg_1h": -0.4752851711026616,
      "chg_24h": -1.5514809590973202
    },
    "XPD": {
      "name": "Paládio",
      "usd_oz": 1577,
      "usd_g": 50.70172733872633,
      "brl_oz": 7866.3913999999995,
      "brl_g": 252.91035631103466,
      "chg_1h": -0.5047318611987383,
      "chg_24h": -0.7551919446192574
    },
    "XCU": {
      "name": "Cobre",
      "usd_oz": 5.954768,
      "usd_g": 0.19145023684297569,
      "brl_oz": 29.7035737376,
      "brl_g": 0.9549920714201313,
      "chg_1h": 0,
      "chg_24h": 0.11733771994936945
    }
  }
}
