{
  "timestamp": 1775087388,
  "usdToBrl": 5.1598,
  "metals": {
    "XAU": {
      "name": "Ouro",
      "usd_oz": 4783.799805,
      "usd_g": 153.80273516560695,
      "brl_oz": 24683.450233838998,
      "brl_g": 793.5913529074987,
      "chg_1h": 0.16121326693349722,
      "chg_24h": 1.9565175831201973
    },
    "XAG": {
      "name": "Prata",
      "usd_oz": 75.564003,
      "usd_g": 2.4294391101640445,
      "brl_oz": 389.89514267939995,
      "brl_g": 12.535419920624436,
      "chg_1h": 0.3906018489677846,
      "chg_24h": 0.757375039805449
    },
    "XPT": {
      "name": "Platina",
      "usd_oz": 1974,
      "usd_g": 63.46557372647163,
      "brl_oz": 10185.4452,
      "brl_g": 327.46966731384833,
      "chg_1h": 0.20304568527918782,
      "chg_24h": 0.20304568527918782
    },
    "XPD": {
      "name": "Paládio",
      "usd_oz": 1508,
      "usd_g": 48.483325825490994,
      "brl_oz": 7780.9784,
      "brl_g": 250.1642645943684,
      "chg_1h": 0.3994673768308922,
      "chg_24h": -0.06626905235255136
    },
    "XCU": {
      "name": "Cobre",
      "usd_oz": 5.54339,
      "usd_g": 0.17822412702106666,
      "brl_oz": 28.602783721999998,
      "brl_g": 0.9196008506032997,
      "chg_1h": 0,
      "chg_24h": -0.20025157921136266
    }
  }
}
