{
  "timestamp": 1783356290,
  "usdToBrl": 5.18,
  "metals": {
    "XAU": {
      "name": "Ouro",
      "usd_oz": 4150.5,
      "usd_g": 133.44167363309043,
      "brl_oz": 21499.59,
      "brl_g": 691.2278694194084,
      "chg_1h": 0,
      "chg_24h": -0.6130144728154427
    },
    "XAG": {
      "name": "Prata",
      "usd_oz": 61.825001,
      "usd_g": 1.9877199387561715,
      "brl_oz": 320.25350518,
      "brl_g": 10.296389282756968,
      "chg_1h": 0,
      "chg_24h": -1.1068941602090372
    },
    "XPT": {
      "name": "Platina",
      "usd_oz": 1635,
      "usd_g": 52.56647063970675,
      "brl_oz": 8469.3,
      "brl_g": 272.29431791368097,
      "chg_1h": 0,
      "chg_24h": -0.7888349514563107
    },
    "XPD": {
      "name": "Paládio",
      "usd_oz": 1290,
      "usd_g": 41.474463073530096,
      "brl_oz": 6682.2,
      "brl_g": 214.83771872088587,
      "chg_1h": 0,
      "chg_24h": -0.0774593338497289
    },
    "XCU": {
      "name": "Cobre",
      "usd_oz": 6.039582,
      "usd_g": 0.19417707026244732,
      "brl_oz": 31.28503476,
      "brl_g": 1.005837223959477,
      "chg_1h": 0,
      "chg_24h": 0.43876818957234043
    }
  }
}
