{
  "timestamp": 1777667671,
  "usdToBrl": 4.9814,
  "metals": {
    "XAU": {
      "name": "Ouro",
      "usd_oz": 4615.799805,
      "usd_g": 148.40140974207745,
      "brl_oz": 22993.145148626998,
      "brl_g": 739.2467824891846,
      "chg_1h": -0.05413247527354929,
      "chg_24h": -0.051976741991383024
    },
    "XAG": {
      "name": "Prata",
      "usd_oz": 75.575996,
      "usd_g": 2.429824694067642,
      "brl_oz": 376.4742664744,
      "brl_g": 12.103928731028551,
      "chg_1h": -0.18094779684919607,
      "chg_24h": 2.443973983274072
    },
    "XPT": {
      "name": "Platina",
      "usd_oz": 1993,
      "usd_g": 64.07643791127556,
      "brl_oz": 9927.930199999999,
      "brl_g": 319.1903678112281,
      "chg_1h": -0.05015045135406219,
      "chg_24h": -0.05015045135406219
    },
    "XPD": {
      "name": "Paládio",
      "usd_oz": 1550,
      "usd_g": 49.83365718137337,
      "brl_oz": 7721.17,
      "brl_g": 248.2413798832933,
      "chg_1h": -0.5134788189987163,
      "chg_24h": -0.5134788189987163
    },
    "XCU": {
      "name": "Cobre",
      "usd_oz": 5.8776,
      "usd_g": 0.18896922803176783,
      "brl_oz": 29.27867664,
      "brl_g": 0.9413313125174482,
      "chg_1h": 0,
      "chg_24h": -0.2849317020661173
    }
  }
}
