{
  "timestamp": 1770723179,
  "usdToBrl": 5.1931,
  "metals": {
    "XAU": {
      "name": "Ouro",
      "usd_oz": 5049.700195,
      "usd_g": 162.3516312169963,
      "brl_oz": 26223.598082654502,
      "brl_g": 843.1082560729836,
      "chg_1h": -0.12460057357594247,
      "chg_24h": 0.4915461691542358
    },
    "XAG": {
      "name": "Prata",
      "usd_oz": 82.004997,
      "usd_g": 2.636521875908098,
      "brl_oz": 425.86014992070005,
      "brl_g": 13.691721753778346,
      "chg_1h": -0.6866758790713087,
      "chg_24h": 0.8497847535559201
    },
    "XPT": {
      "name": "Platina",
      "usd_oz": 2107,
      "usd_g": 67.74162302009915,
      "brl_oz": 10941.861700000001,
      "brl_g": 351.78902250567694,
      "chg_1h": -0.04743833017077799,
      "chg_24h": 0.9583133684714902
    },
    "XPD": {
      "name": "Paládio",
      "usd_oz": 1747,
      "usd_g": 56.167354255393086,
      "brl_oz": 9072.3457,
      "brl_g": 291.68268738368187,
      "chg_1h": -0.6822057987492893,
      "chg_24h": 1.2166859791425262
    },
    "XCU": {
      "name": "Cobre",
      "usd_oz": 5.874475,
      "usd_g": 0.18886875694874086,
      "brl_oz": 30.506736122500005,
      "brl_g": 0.9808143417105062,
      "chg_1h": 0.011576842569412346,
      "chg_24h": 0.14821555731453667
    }
  }
}
