{
  "timestamp": 1784310202,
  "usdToBrl": 5.1158,
  "metals": {
    "XAU": {
      "name": "Ouro",
      "usd_oz": 4011.600098,
      "usd_g": 128.97593808548118,
      "brl_oz": 20522.5437813484,
      "brl_g": 659.8151040577046,
      "chg_1h": -0.13939691995182357,
      "chg_24h": 0.692773544176704
    },
    "XAG": {
      "name": "Prata",
      "usd_oz": 56.063999,
      "usd_g": 1.8024994234728127,
      "brl_oz": 286.8122060842,
      "brl_g": 9.221226550602216,
      "chg_1h": -0.060610003921702016,
      "chg_24h": 0.39215327438171077
    },
    "XPT": {
      "name": "Platina",
      "usd_oz": 1609,
      "usd_g": 51.73055122892242,
      "brl_oz": 8231.3222,
      "brl_g": 264.6431539769213,
      "chg_1h": -0.12414649286157665,
      "chg_24h": -1.1063306699446833
    },
    "XPD": {
      "name": "Paládio",
      "usd_oz": 1274,
      "usd_g": 40.96005112843205,
      "brl_oz": 6517.5292,
      "brl_g": 209.54342956283267,
      "chg_1h": 0.15723270440251574,
      "chg_24h": -0.62402496099844
    },
    "XCU": {
      "name": "Cobre",
      "usd_oz": 6.109209,
      "usd_g": 0.19641563029378117,
      "brl_oz": 31.2534914022,
      "brl_g": 1.0048230814569257,
      "chg_1h": 0.016093052221704533,
      "chg_24h": -0.11371506715648057
    }
  }
}
