{
  "timestamp": 1772823723,
  "usdToBrl": 5.2765,
  "metals": {
    "XAU": {
      "name": "Ouro",
      "usd_oz": 5163.700195,
      "usd_g": 166.0168163258199,
      "brl_oz": 27246.264078917506,
      "brl_g": 875.9877313431887,
      "chg_1h": 0.40444677898380454,
      "chg_24h": 2.0352914820317665
    },
    "XAG": {
      "name": "Prata",
      "usd_oz": 84.580002,
      "usd_g": 2.7193102090760477,
      "brl_oz": 446.286380553,
      "brl_g": 14.348440318189766,
      "chg_1h": 0.4024228250764889,
      "chg_24h": 4.556586565996973
    },
    "XPT": {
      "name": "Platina",
      "usd_oz": 2153,
      "usd_g": 69.22055736225605,
      "brl_oz": 11360.3045,
      "brl_g": 365.24227092194405,
      "chg_1h": 0.23277467411545624,
      "chg_24h": 1.893043066729768
    },
    "XPD": {
      "name": "Paládio",
      "usd_oz": 1672,
      "usd_g": 53.756048262745985,
      "brl_oz": 8822.308,
      "brl_g": 283.6437886583792,
      "chg_1h": 0.17974835230677053,
      "chg_24h": 1.6413373860182372
    },
    "XCU": {
      "name": "Cobre",
      "usd_oz": 5.80001,
      "usd_g": 0.186474651605508,
      "brl_oz": 30.603752765000003,
      "brl_g": 0.983933499196463,
      "chg_1h": 0.08609114617531381,
      "chg_24h": -0.2408148178598129
    }
  }
}
