{
  "timestamp": 1774560614,
  "usdToBrl": 5.2366,
  "metals": {
    "XAU": {
      "name": "Ouro",
      "usd_oz": 4379.200195,
      "usd_g": 140.79455564273124,
      "brl_oz": 22932.119741137,
      "brl_g": 737.2847700787264,
      "chg_1h": -0.43199488785434875,
      "chg_24h": -2.842047690235669
    },
    "XAG": {
      "name": "Prata",
      "usd_oz": 68.142998,
      "usd_g": 2.1908482591245235,
      "brl_oz": 356.83762332680004,
      "brl_g": 11.47259599373148,
      "chg_1h": -0.4383253153963684,
      "chg_24h": -4.536219912983267
    },
    "XPT": {
      "name": "Platina",
      "usd_oz": 1838,
      "usd_g": 59.09307219313823,
      "brl_oz": 9624.8708,
      "brl_g": 309.44678184658767,
      "chg_1h": -0.32537960954446854,
      "chg_24h": -4.717470191809228
    },
    "XPD": {
      "name": "Paládio",
      "usd_oz": 1384,
      "usd_g": 44.49663325098113,
      "brl_oz": 7247.4544000000005,
      "brl_g": 233.01106968208776,
      "chg_1h": 0.1447178002894356,
      "chg_24h": -3.486750348675035
    },
    "XCU": {
      "name": "Cobre",
      "usd_oz": 5.448024,
      "usd_g": 0.17515803892380288,
      "brl_oz": 28.5291224784,
      "brl_g": 0.9172325866283862,
      "chg_1h": 0,
      "chg_24h": -0.8747834602080701
    }
  }
}
