{
  "timestamp": 1771488312,
  "usdToBrl": 5.2229,
  "metals": {
    "XAU": {
      "name": "Ouro",
      "usd_oz": 5010.299805,
      "usd_g": 161.08487926340118,
      "brl_oz": 26168.294851534498,
      "brl_g": 841.330215904818,
      "chg_1h": -0.15345147469111894,
      "chg_24h": 1.5937629395981419
    },
    "XAG": {
      "name": "Prata",
      "usd_oz": 78.858002,
      "usd_g": 2.5353436372103584,
      "brl_oz": 411.8674586458,
      "brl_g": 13.24184628278598,
      "chg_1h": -0.5561255220809551,
      "chg_24h": 3.6909427742853107
    },
    "XPT": {
      "name": "Platina",
      "usd_oz": 2110,
      "usd_g": 67.83807525980504,
      "brl_oz": 11020.319,
      "brl_g": 354.3114832744357,
      "chg_1h": 0.09487666034155598,
      "chg_24h": 2.377486656962639
    },
    "XPD": {
      "name": "Paládio",
      "usd_oz": 1752,
      "usd_g": 56.328107988236226,
      "brl_oz": 9150.5208,
      "brl_g": 294.19607521175897,
      "chg_1h": -0.17094017094017094,
      "chg_24h": 0.40114613180515757
    },
    "XCU": {
      "name": "Cobre",
      "usd_oz": 5.751778,
      "usd_g": 0.1849239567970099,
      "brl_oz": 30.0409613162,
      "brl_g": 0.965839333955103,
      "chg_1h": -0.1731936976863204,
      "chg_24h": 0.38791863657053566
    }
  }
}
