{
  "timestamp": 1771328825,
  "usdToBrl": 5.2244,
  "metals": {
    "XAU": {
      "name": "Ouro",
      "usd_oz": 4929.399902,
      "usd_g": 158.48388698462162,
      "brl_oz": 25753.156848008803,
      "brl_g": 827.9832191624572,
      "chg_1h": 0.3419737748822604,
      "chg_24h": -1.4888387349679642
    },
    "XAG": {
      "name": "Prata",
      "usd_oz": 74.574997,
      "usd_g": 2.397641828903192,
      "brl_oz": 389.6096143268,
      "brl_g": 12.526239970921837,
      "chg_1h": 0.6002968002278392,
      "chg_24h": -3.3351556747360087
    },
    "XPT": {
      "name": "Platina",
      "usd_oz": 2004,
      "usd_g": 64.43009612353048,
      "brl_oz": 10469.6976,
      "brl_g": 336.6085941877726,
      "chg_1h": 0.6529382219989954,
      "chg_24h": -1.9569471624266144
    },
    "XPD": {
      "name": "Paládio",
      "usd_oz": 1689,
      "usd_g": 54.30261095441266,
      "brl_oz": 8824.0116,
      "brl_g": 283.6985606702335,
      "chg_1h": 0.6555423122765197,
      "chg_24h": -1.7452006980802792
    },
    "XCU": {
      "name": "Cobre",
      "usd_oz": 5.761379,
      "usd_g": 0.1852326361148153,
      "brl_oz": 30.0997484476,
      "brl_g": 0.967729384118241,
      "chg_1h": 0.05251499777279997,
      "chg_24h": -0.47276214917703974
    }
  }
}
