{
  "timestamp": 1778025831,
  "usdToBrl": 4.9525,
  "metals": {
    "XAU": {
      "name": "Ouro",
      "usd_oz": 4597.399902,
      "usd_g": 147.80983912383712,
      "brl_oz": 22768.623014655,
      "brl_g": 732.0282282608033,
      "chg_1h": 0.36456668825932104,
      "chg_24h": 1.6606616155118108
    },
    "XAG": {
      "name": "Prata",
      "usd_oz": 74.051003,
      "usd_g": 2.38079503060571,
      "brl_oz": 366.7375923574999,
      "brl_g": 11.790887389074777,
      "chg_1h": 0.6127785492602799,
      "chg_24h": 1.6639520722669863
    },
    "XPT": {
      "name": "Platina",
      "usd_oz": 1986,
      "usd_g": 63.85138268529517,
      "brl_oz": 9835.664999999999,
      "brl_g": 316.2239727489243,
      "chg_1h": 0.10080645161290322,
      "chg_24h": 1.6897081413210446
    },
    "XPD": {
      "name": "Paládio",
      "usd_oz": 1532,
      "usd_g": 49.254943743138064,
      "brl_oz": 7587.23,
      "brl_g": 243.93510888789123,
      "chg_1h": 0.1962066710268149,
      "chg_24h": 2.0652898067954695
    },
    "XCU": {
      "name": "Cobre",
      "usd_oz": 5.924673,
      "usd_g": 0.19048266012499285,
      "brl_oz": 29.341943032499998,
      "brl_g": 0.943365374269027,
      "chg_1h": 0.21612355833053737,
      "chg_24h": 0.8410866111899429
    }
  }
}
