{
  "timestamp": 1784234362,
  "usdToBrl": 5.0857,
  "metals": {
    "XAU": {
      "name": "Ouro",
      "usd_oz": 3976.899902,
      "usd_g": 127.86030087800346,
      "brl_oz": 20225.319831601402,
      "brl_g": 650.2591321752622,
      "chg_1h": 0.06793696928411178,
      "chg_24h": -2.0154248894364732
    },
    "XAG": {
      "name": "Prata",
      "usd_oz": 55.644001,
      "usd_g": 1.788996174215482,
      "brl_oz": 282.9886958857,
      "brl_g": 9.098297843207677,
      "chg_1h": 0.15299591976082863,
      "chg_24h": -3.8099830590513
    },
    "XPT": {
      "name": "Platina",
      "usd_oz": 1624,
      "usd_g": 52.212812427451844,
      "brl_oz": 8259.1768,
      "brl_g": 265.53870016229183,
      "chg_1h": 0.06161429451632779,
      "chg_24h": -3.620178041543027
    },
    "XPD": {
      "name": "Paládio",
      "usd_oz": 1276,
      "usd_g": 41.02435262156931,
      "brl_oz": 6489.3532000000005,
      "brl_g": 208.63755012751503,
      "chg_1h": -0.46801872074883,
      "chg_24h": -4.633781763826607
    },
    "XCU": {
      "name": "Cobre",
      "usd_oz": 6.154719,
      "usd_g": 0.19787881077011943,
      "brl_oz": 31.3010544183,
      "brl_g": 1.0063522679335963,
      "chg_1h": 0,
      "chg_24h": 0.3688294813100032
    }
  }
}
