{
  "timestamp": 1778508254,
  "usdToBrl": 4.914,
  "metals": {
    "XAU": {
      "name": "Ouro",
      "usd_oz": 4731.600098,
      "usd_g": 152.12447561489333,
      "brl_oz": 23251.082881571998,
      "brl_g": 747.5396731715857,
      "chg_1h": 0,
      "chg_24h": 0.33716950489893344
    },
    "XAG": {
      "name": "Prata",
      "usd_oz": 85.241997,
      "usd_g": 2.7405938425507466,
      "brl_oz": 418.879173258,
      "brl_g": 13.467278142294369,
      "chg_1h": 0,
      "chg_24h": 5.932786798906725
    },
    "XPT": {
      "name": "Platina",
      "usd_oz": 2124,
      "usd_g": 68.28818571176583,
      "brl_oz": 10437.336,
      "brl_g": 335.56814458761727,
      "chg_1h": 0,
      "chg_24h": 2.7576197387518144
    },
    "XPD": {
      "name": "Paládio",
      "usd_oz": 1536,
      "usd_g": 49.38354672941258,
      "brl_oz": 7547.9039999999995,
      "brl_g": 242.6707486283334,
      "chg_1h": 0,
      "chg_24h": 1.2524719841793013
    },
    "XCU": {
      "name": "Cobre",
      "usd_oz": 6.216181,
      "usd_g": 0.19985485995572044,
      "brl_oz": 30.546313433999998,
      "brl_g": 0.9820867818224102,
      "chg_1h": 0,
      "chg_24h": 1.2760145594694916
    }
  }
}
