{
  "timestamp": 1773957477,
  "usdToBrl": 5.2987,
  "metals": {
    "XAU": {
      "name": "Ouro",
      "usd_oz": 4650.700195,
      "usd_g": 149.52348333611374,
      "brl_oz": 24642.6651232465,
      "brl_g": 792.2800811530659,
      "chg_1h": -0.2081303579943248,
      "chg_24h": -3.5064421678203574
    },
    "XAG": {
      "name": "Prata",
      "usd_oz": 72.936996,
      "usd_g": 2.3449788738730324,
      "brl_oz": 386.4712607052,
      "brl_g": 12.425339558991038,
      "chg_1h": -0.04249259833098482,
      "chg_24h": -3.3383759629668246
    },
    "XPT": {
      "name": "Platina",
      "usd_oz": 1982,
      "usd_g": 63.722779699020656,
      "brl_oz": 10502.0234,
      "brl_g": 337.6478927912008,
      "chg_1h": -0.15113350125944583,
      "chg_24h": -2.5086079685194296
    },
    "XPD": {
      "name": "Paládio",
      "usd_oz": 1474,
      "usd_g": 47.39020044215764,
      "brl_oz": 7810.2838,
      "brl_g": 251.10645508286072,
      "chg_1h": -0.40540540540540543,
      "chg_24h": -1.8641810918774968
    },
    "XCU": {
      "name": "Cobre",
      "usd_oz": 5.458984,
      "usd_g": 0.17551041110619506,
      "brl_oz": 28.9255185208,
      "brl_g": 0.9299770153283958,
      "chg_1h": 0,
      "chg_24h": -3.1132695986332517
    }
  }
}
