{
  "timestamp": 1773186303,
  "usdToBrl": 5.1779,
  "metals": {
    "XAU": {
      "name": "Ouro",
      "usd_oz": 5193,
      "usd_g": 166.9588269308851,
      "brl_oz": 26888.8347,
      "brl_g": 864.4961099654299,
      "chg_1h": 0.0077013825916256995,
      "chg_24h": 0.9820126397666504
    },
    "XAG": {
      "name": "Prata",
      "usd_oz": 88.588997,
      "usd_g": 2.8482023913159447,
      "brl_oz": 458.70496756630007,
      "brl_g": 14.74770716199483,
      "chg_1h": 0.17753528335371171,
      "chg_24h": 1.1844332240398163
    },
    "XPT": {
      "name": "Platina",
      "usd_oz": 2200,
      "usd_g": 70.73164245098155,
      "brl_oz": 11391.380000000001,
      "brl_g": 366.2413714469374,
      "chg_1h": 0.22779043280182232,
      "chg_24h": 0.5025125628140703
    },
    "XPD": {
      "name": "Paládio",
      "usd_oz": 1686,
      "usd_g": 54.206158714706774,
      "brl_oz": 8729.939400000001,
      "brl_g": 280.6740692088802,
      "chg_1h": 0.4169148302561048,
      "chg_24h": -1.4035087719298245
    },
    "XCU": {
      "name": "Cobre",
      "usd_oz": 5.886419,
      "usd_g": 0.18925276546575656,
      "brl_oz": 30.479288940100002,
      "brl_g": 0.9799318943051409,
      "chg_1h": 0,
      "chg_24h": 0.7257176923782517
    }
  }
}
