{
  "timestamp": 1776767077,
  "usdToBrl": 4.9831,
  "metals": {
    "XAU": {
      "name": "Ouro",
      "usd_oz": 4784.700195,
      "usd_g": 153.83168337630988,
      "brl_oz": 23842.639541704502,
      "brl_g": 766.5586614324898,
      "chg_1h": -0.06891823308269948,
      "chg_24h": -0.25432481913815347
    },
    "XAG": {
      "name": "Prata",
      "usd_oz": 79.099998,
      "usd_g": 2.5431239892769804,
      "brl_oz": 394.1632000338,
      "brl_g": 12.672641150966122,
      "chg_1h": 0.12911339364143812,
      "chg_24h": -0.7204432703043231
    },
    "XPT": {
      "name": "Platina",
      "usd_oz": 2082,
      "usd_g": 66.93785435588346,
      "brl_oz": 10374.8142,
      "brl_g": 333.5580220408029,
      "chg_1h": -0.28735632183908044,
      "chg_24h": -0.430416068866571
    },
    "XPD": {
      "name": "Paládio",
      "usd_oz": 1581,
      "usd_g": 50.83033032500084,
      "brl_oz": 7878.2811,
      "brl_g": 253.2926190425117,
      "chg_1h": 0.31725888324873097,
      "chg_24h": 1.1516314779270633
    },
    "XCU": {
      "name": "Cobre",
      "usd_oz": 5.968369,
      "usd_g": 0.19188751914705562,
      "brl_oz": 29.7409795639,
      "brl_g": 0.956194696661693,
      "chg_1h": 0.0038035288034325454,
      "chg_24h": 0.5271792315064459
    }
  }
}
