{
  "timestamp": 1772480881,
  "usdToBrl": 5.2067,
  "metals": {
    "XAU": {
      "name": "Ouro",
      "usd_oz": 5327.100098,
      "usd_g": 171.27024519651127,
      "brl_oz": 27736.612080256597,
      "brl_g": 891.7527856646751,
      "chg_1h": 0.10335237332220899,
      "chg_24h": 0.8882220610576591
    },
    "XAG": {
      "name": "Prata",
      "usd_oz": 89.342003,
      "usd_g": 2.872412096386601,
      "brl_oz": 465.1770070201,
      "brl_g": 14.955788062256115,
      "chg_1h": 0.22886198927505683,
      "chg_24h": -4.868281567516215
    },
    "XPT": {
      "name": "Platina",
      "usd_oz": 2321,
      "usd_g": 74.62188278578554,
      "brl_oz": 12084.750699999999,
      "brl_g": 388.5337571007496,
      "chg_1h": 0.4761904761904762,
      "chg_24h": -2.108814846056516
    },
    "XPD": {
      "name": "Paládio",
      "usd_oz": 1801,
      "usd_g": 57.90349457009899,
      "brl_oz": 9377.2667,
      "brl_g": 301.4861251781344,
      "chg_1h": 0.3342618384401114,
      "chg_24h": -0.5521811154058531
    },
    "XCU": {
      "name": "Cobre",
      "usd_oz": 6.067456,
      "usd_g": 0.19507324017230127,
      "brl_oz": 31.591423155199998,
      "brl_g": 1.015687839605121,
      "chg_1h": 1.0077037765085801,
      "chg_24h": -0.3331942559964813
    }
  }
}
