{
  "timestamp": 1774953413,
  "usdToBrl": 5.2402,
  "metals": {
    "XAU": {
      "name": "Ouro",
      "usd_oz": 4555.200195,
      "usd_g": 146.45308703880977,
      "brl_oz": 23870.160061839,
      "brl_g": 767.443466700771,
      "chg_1h": -0.037299634324944674,
      "chg_24h": 0.4963928570616614
    },
    "XAG": {
      "name": "Prata",
      "usd_oz": 72.811996,
      "usd_g": 2.3409600305519542,
      "brl_oz": 381.54942143919993,
      "brl_g": 12.26709875209835,
      "chg_1h": -0.4838367547768134,
      "chg_24h": 2.396346335254919
    },
    "XPT": {
      "name": "Platina",
      "usd_oz": 1923,
      "usd_g": 61.82588565147161,
      "brl_oz": 10076.9046,
      "brl_g": 323.9800059908415,
      "chg_1h": -0.2075765438505449,
      "chg_24h": -0.7227671657201858
    },
    "XPD": {
      "name": "Paládio",
      "usd_oz": 1469,
      "usd_g": 47.2294467093145,
      "brl_oz": 7697.8538,
      "brl_g": 247.49174664614983,
      "chg_1h": 0.27303754266211605,
      "chg_24h": 1.590594744121715
    },
    "XCU": {
      "name": "Cobre",
      "usd_oz": 5.518178,
      "usd_g": 0.1774135423985784,
      "brl_oz": 28.916356355599998,
      "brl_g": 0.9296824448770304,
      "chg_1h": 0.03426217050305392,
      "chg_24h": 0.4818164370421087
    }
  }
}
