{
  "timestamp": 1771593740,
  "usdToBrl": 5.2343,
  "metals": {
    "XAU": {
      "name": "Ouro",
      "usd_oz": 5029.700195,
      "usd_g": 161.70861628562375,
      "brl_oz": 26326.959730688504,
      "brl_g": 846.4314102238404,
      "chg_1h": 0.23716350716388732,
      "chg_24h": 0.737052488980586
    },
    "XAG": {
      "name": "Prata",
      "usd_oz": 80.621002,
      "usd_g": 2.5920254034108496,
      "brl_oz": 421.99451076860004,
      "brl_g": 13.56743856907341,
      "chg_1h": 0.08690022146590766,
      "chg_24h": 2.760818233106426
    },
    "XPT": {
      "name": "Platina",
      "usd_oz": 2132,
      "usd_g": 68.54539168431485,
      "brl_oz": 11159.527600000001,
      "brl_g": 358.78714369320926,
      "chg_1h": 0.28222013170272814,
      "chg_24h": 3.0947775628626695
    },
    "XPD": {
      "name": "Paládio",
      "usd_oz": 1747,
      "usd_g": 56.167354255393086,
      "brl_oz": 9144.3221,
      "brl_g": 293.99678237900406,
      "chg_1h": 0.5757052389176741,
      "chg_24h": 3.495260663507109
    },
    "XCU": {
      "name": "Cobre",
      "usd_oz": 5.744748,
      "usd_g": 0.18469793704863247,
      "brl_oz": 30.069734456400003,
      "brl_g": 0.9667644118936569,
      "chg_1h": 0.4640611435882425,
      "chg_24h": 0.7531121274361056
    }
  }
}
