{
  "timestamp": 1777570909,
  "usdToBrl": 4.9814,
  "metals": {
    "XAU": {
      "name": "Ouro",
      "usd_oz": 4618.200195,
      "usd_g": 148.47858407263334,
      "brl_oz": 23005.102451373,
      "brl_g": 739.6312186994157,
      "chg_1h": 0.08668891315843741,
      "chg_24h": 1.8795542686962354
    },
    "XAG": {
      "name": "Prata",
      "usd_oz": 73.663002,
      "usd_g": 2.3683205087863364,
      "brl_oz": 366.9448781628,
      "brl_g": 11.797551782468256,
      "chg_1h": 0.5665697279574957,
      "chg_24h": 3.434571656996013
    },
    "XPT": {
      "name": "Platina",
      "usd_oz": 1988,
      "usd_g": 63.91568417843243,
      "brl_oz": 9903.0232,
      "brl_g": 318.3895891664433,
      "chg_1h": 1.119023397761953,
      "chg_24h": 5.296610169491525
    },
    "XPD": {
      "name": "Paládio",
      "usd_oz": 1554,
      "usd_g": 49.962260167647884,
      "brl_oz": 7741.0956,
      "brl_g": 248.88200279912115,
      "chg_1h": 3.050397877984085,
      "chg_24h": 5.3559322033898304
    },
    "XCU": {
      "name": "Cobre",
      "usd_oz": 5.864572,
      "usd_g": 0.18855036810547174,
      "brl_oz": 29.2137789608,
      "brl_g": 0.9392448036805969,
      "chg_1h": 0.029661428186675505,
      "chg_24h": 0.08773889478347066
    }
  }
}
