{
  "timestamp": 1777976670,
  "usdToBrl": 4.9661,
  "metals": {
    "XAU": {
      "name": "Ouro",
      "usd_oz": 4554.5,
      "usd_g": 146.43057524681615,
      "brl_oz": 22618.10245,
      "brl_g": 727.1888797332136,
      "chg_1h": 0.021961128802020426,
      "chg_24h": -0.6218634082478726
    },
    "XAG": {
      "name": "Prata",
      "usd_oz": 73.778,
      "usd_g": 2.3720177803402356,
      "brl_oz": 366.38892580000004,
      "brl_g": 11.779677498947644,
      "chg_1h": 0.218703569231448,
      "chg_24h": -1.1561996912715329
    },
    "XPT": {
      "name": "Platina",
      "usd_oz": 1988,
      "usd_g": 63.91568417843243,
      "brl_oz": 9872.6068,
      "brl_g": 317.4116791985133,
      "chg_1h": -0.050276520864756154,
      "chg_24h": 0.7602635580334516
    },
    "XPD": {
      "name": "Paládio",
      "usd_oz": 1527,
      "usd_g": 49.09419001029493,
      "brl_oz": 7583.2347,
      "brl_g": 243.80665701012566,
      "chg_1h": 0.13114754098360656,
      "chg_24h": 1.0589013898080741
    },
    "XCU": {
      "name": "Cobre",
      "usd_oz": 5.8871,
      "usd_g": 0.1892746601241698,
      "brl_oz": 29.23592731,
      "brl_g": 0.9399568896426396,
      "chg_1h": 0.1607785424446876,
      "chg_24h": 0.20157416092606373
    }
  }
}
