{
  "timestamp": 1783467640,
  "usdToBrl": 5.1413,
  "metals": {
    "XAU": {
      "name": "Ouro",
      "usd_oz": 4103.100098,
      "usd_g": 131.91773139651062,
      "brl_oz": 21095.2685338474,
      "brl_g": 678.22863242888,
      "chg_1h": 0.05609376486010241,
      "chg_24h": -1.4861921248499426
    },
    "XAG": {
      "name": "Prata",
      "usd_oz": 59.964001,
      "usd_g": 1.927887399391955,
      "brl_oz": 308.29291834130004,
      "brl_g": 9.911847486493858,
      "chg_1h": 0.284312812059959,
      "chg_24h": -3.5731514557432216
    },
    "XPT": {
      "name": "Platina",
      "usd_oz": 1641,
      "usd_g": 52.759375119118516,
      "brl_oz": 8436.873300000001,
      "brl_g": 271.251775299924,
      "chg_1h": 0,
      "chg_24h": 0
    },
    "XPD": {
      "name": "Paládio",
      "usd_oz": 1286,
      "usd_g": 41.34586008725558,
      "brl_oz": 6611.7118,
      "brl_g": 212.57147046660714,
      "chg_1h": 0.07782101167315175,
      "chg_24h": -0.6949806949806949
    },
    "XCU": {
      "name": "Cobre",
      "usd_oz": 6.03703,
      "usd_g": 0.19409502155720418,
      "brl_oz": 31.038182339,
      "brl_g": 0.9979007343320538,
      "chg_1h": 0,
      "chg_24h": -0.08366317256378346
    }
  }
}
