{
  "timestamp": 1784086075,
  "usdToBrl": 5.1233,
  "metals": {
    "XAU": {
      "name": "Ouro",
      "usd_oz": 4032.600098,
      "usd_g": 129.65110376342236,
      "brl_oz": 20660.2200820834,
      "brl_g": 664.2414999111418,
      "chg_1h": 0,
      "chg_24h": 0.37585807093963636
    },
    "XAG": {
      "name": "Prata",
      "usd_oz": 58.464001,
      "usd_g": 1.879661279539013,
      "brl_oz": 299.5286163233,
      "brl_g": 9.630068633462226,
      "chg_1h": 0,
      "chg_24h": 1.1978155715193484
    },
    "XPT": {
      "name": "Platina",
      "usd_oz": 1639,
      "usd_g": 52.69507362598126,
      "brl_oz": 8397.0887,
      "brl_g": 269.9726707079898,
      "chg_1h": 0,
      "chg_24h": 1.8645121193287757
    },
    "XPD": {
      "name": "Paládio",
      "usd_oz": 1327,
      "usd_g": 42.66404069656933,
      "brl_oz": 6798.619100000001,
      "brl_g": 218.58067970073367,
      "chg_1h": 0,
      "chg_24h": 3.5101404056162244
    },
    "XCU": {
      "name": "Cobre",
      "usd_oz": 6.167873,
      "usd_g": 0.19830172169048318,
      "brl_oz": 31.599863740900002,
      "brl_g": 1.0159592107368527,
      "chg_1h": 0,
      "chg_24h": 0.7781876741555863
    }
  }
}
