{
  "timestamp": 1772802982,
  "usdToBrl": 5.2484,
  "metals": {
    "XAU": {
      "name": "Ouro",
      "usd_oz": 5073.899902,
      "usd_g": 163.12966986378837,
      "brl_oz": 26629.8562456568,
      "brl_g": 856.1697593131069,
      "chg_1h": 0.015765586811810273,
      "chg_24h": -1.15137537502435
    },
    "XAG": {
      "name": "Prata",
      "usd_oz": 82.167999,
      "usd_g": 2.641762511900277,
      "brl_oz": 431.25052595159997,
      "brl_g": 13.865026367457416,
      "chg_1h": -0.22707060067741328,
      "chg_24h": -0.5952153111437135
    },
    "XPT": {
      "name": "Platina",
      "usd_oz": 2132,
      "usd_g": 68.54539168431485,
      "brl_oz": 11189.5888,
      "brl_g": 359.7536337159581,
      "chg_1h": 0.4239284032030146,
      "chg_24h": -1.2962962962962963
    },
    "XPD": {
      "name": "Paládio",
      "usd_oz": 1663,
      "usd_g": 53.466691543628336,
      "brl_oz": 8728.0892,
      "brl_g": 280.614583897579,
      "chg_1h": 0.8489993935718617,
      "chg_24h": -0.35949670461354105
    },
    "XCU": {
      "name": "Cobre",
      "usd_oz": 5.792602,
      "usd_g": 0.18623647887492756,
      "brl_oz": 30.4018923368,
      "brl_g": 0.9774435357271698,
      "chg_1h": 0.10583294363168401,
      "chg_24h": 0.2879516340978145
    }
  }
}
