{
  "timestamp": 1772036425,
  "usdToBrl": 5.1287,
  "metals": {
    "XAU": {
      "name": "Ouro",
      "usd_oz": 5196.399902,
      "usd_g": 167.06813631844528,
      "brl_oz": 26650.7761773874,
      "brl_g": 856.8423507364104,
      "chg_1h": -0.015398540944606385,
      "chg_24h": 0.9617439806972954
    },
    "XAG": {
      "name": "Prata",
      "usd_oz": 90.477997,
      "usd_g": 2.9089351515840827,
      "brl_oz": 464.03450321390005,
      "brl_g": 14.919055711929285,
      "chg_1h": -0.1390656103070698,
      "chg_24h": 2.8462932553514992
    },
    "XPT": {
      "name": "Platina",
      "usd_oz": 2313,
      "usd_g": 74.36467681323651,
      "brl_oz": 11862.6831,
      "brl_g": 381.3941179720461,
      "chg_1h": 0.12987012987012986,
      "chg_24h": 7.182576459684893
    },
    "XPD": {
      "name": "Paládio",
      "usd_oz": 1820,
      "usd_g": 58.51435875490293,
      "brl_oz": 9334.234,
      "brl_g": 300.10259174627066,
      "chg_1h": -1.0869565217391304,
      "chg_24h": 1.732811626607043
    },
    "XCU": {
      "name": "Cobre",
      "usd_oz": 5.941455,
      "usd_g": 0.1910222139539076,
      "brl_oz": 30.471940258500002,
      "brl_g": 0.9796956287054059,
      "chg_1h": 0.08914849541700154,
      "chg_24h": 1.1636246120882414
    }
  }
}
