{
  "timestamp": 1779140145,
  "usdToBrl": 5.0392,
  "metals": {
    "XAU": {
      "name": "Ouro",
      "usd_oz": 4567.399902,
      "usd_g": 146.8453167267783,
      "brl_oz": 23016.0415861584,
      "brl_g": 739.9829200495811,
      "chg_1h": 0.1161702699667556,
      "chg_24h": 0.5769335390420893
    },
    "XAG": {
      "name": "Prata",
      "usd_oz": 77.806,
      "usd_g": 2.501520987518669,
      "brl_oz": 392.0799952,
      "brl_g": 12.605664560304076,
      "chg_1h": 0.3896598985771052,
      "chg_24h": 2.2525323718972046
    },
    "XPT": {
      "name": "Platina",
      "usd_oz": 1988,
      "usd_g": 63.91568417843243,
      "brl_oz": 10017.9296,
      "brl_g": 322.0839157119567,
      "chg_1h": 0.35335689045936397,
      "chg_24h": -0.050276520864756154
    },
    "XPD": {
      "name": "Paládio",
      "usd_oz": 1436,
      "usd_g": 46.16847207254978,
      "brl_oz": 7236.291200000001,
      "brl_g": 232.65216446799286,
      "chg_1h": 0.20935101186322402,
      "chg_24h": 0.1394700139470014
    },
    "XCU": {
      "name": "Cobre",
      "usd_oz": 6.148898,
      "usd_g": 0.19769166127434346,
      "brl_oz": 30.9855268016,
      "brl_g": 0.9962078194936715,
      "chg_1h": 0,
      "chg_24h": -1.315008552627141
    }
  }
}
