{
  "timestamp": 1774265410,
  "usdToBrl": 5.2552,
  "metals": {
    "XAU": {
      "name": "Ouro",
      "usd_oz": 4378.299805,
      "usd_g": 140.7656074320283,
      "brl_oz": 23008.841135235998,
      "brl_g": 739.7514201767951,
      "chg_1h": 3.094019308958027,
      "chg_24h": -2.535514559809165
    },
    "XAG": {
      "name": "Prata",
      "usd_oz": 67.588997,
      "usd_g": 2.1730367133747572,
      "brl_oz": 355.19369703440003,
      "brl_g": 11.419742536127025,
      "chg_1h": 6.2335883841757225,
      "chg_24h": -0.5137139442601232
    },
    "XPT": {
      "name": "Platina",
      "usd_oz": 1879,
      "usd_g": 60.411252802451976,
      "brl_oz": 9874.5208,
      "brl_g": 317.4732157274456,
      "chg_1h": 4.215196894065446,
      "chg_24h": -2.843846949327818
    },
    "XPD": {
      "name": "Paládio",
      "usd_oz": 1460,
      "usd_g": 46.94008999019685,
      "brl_oz": 7672.592000000001,
      "brl_g": 246.67956091648253,
      "chg_1h": 4.360257326661901,
      "chg_24h": 1.9553072625698324
    },
    "XCU": {
      "name": "Cobre",
      "usd_oz": 5.551139,
      "usd_g": 0.17847326315622697,
      "brl_oz": 29.172345672800002,
      "brl_g": 0.937912692538604,
      "chg_1h": 1.8672939670417725,
      "chg_24h": 2.746754933007122
    }
  }
}
