{
  "timestamp": 1772808813,
  "usdToBrl": 5.2484,
  "metals": {
    "XAU": {
      "name": "Ouro",
      "usd_oz": 5101,
      "usd_g": 164.00095824657134,
      "brl_oz": 26772.0884,
      "brl_g": 860.7426292613051,
      "chg_1h": 0.03529582936877909,
      "chg_24h": 0.052962656243797514
    },
    "XAG": {
      "name": "Prata",
      "usd_oz": 82.987999,
      "usd_g": 2.6681261240865526,
      "brl_oz": 435.55421395160005,
      "brl_g": 14.003393149655864,
      "chg_1h": -0.009642633147560774,
      "chg_24h": 0.41137836082984275
    },
    "XPT": {
      "name": "Platina",
      "usd_oz": 2114,
      "usd_g": 67.96667824607955,
      "brl_oz": 11095.1176,
      "brl_g": 356.7163141067239,
      "chg_1h": -0.0945179584120983,
      "chg_24h": -1.6286644951140066
    },
    "XPD": {
      "name": "Paládio",
      "usd_oz": 1645,
      "usd_g": 52.88797810539303,
      "brl_oz": 8633.618,
      "brl_g": 277.5772642883448,
      "chg_1h": -0.30303030303030304,
      "chg_24h": -1.3788968824940047
    },
    "XCU": {
      "name": "Cobre",
      "usd_oz": 5.796533,
      "usd_g": 0.18636286345968886,
      "brl_oz": 30.4225237972,
      "brl_g": 0.978106852581831,
      "chg_1h": 0.20126571118898184,
      "chg_24h": 0.16590829130184992
    }
  }
}
