{
  "timestamp": 1775769965,
  "usdToBrl": 5.0992,
  "metals": {
    "XAU": {
      "name": "Ouro",
      "usd_oz": 4767.5,
      "usd_g": 153.2786842659339,
      "brl_oz": 24310.435999999998,
      "brl_g": 781.59866680885,
      "chg_1h": -0.09639567288053749,
      "chg_24h": 0.9913742255771371
    },
    "XAG": {
      "name": "Prata",
      "usd_oz": 75.467003,
      "usd_g": 2.426320487746888,
      "brl_oz": 384.8213416976,
      "brl_g": 12.37229343111893,
      "chg_1h": -0.4419395150011952,
      "chg_24h": 1.659597202672643
    },
    "XPT": {
      "name": "Platina",
      "usd_oz": 2110,
      "usd_g": 67.83807525980504,
      "brl_oz": 10759.312,
      "brl_g": 345.9199133647978,
      "chg_1h": -0.0946969696969697,
      "chg_24h": 3.3806957373836357
    },
    "XPD": {
      "name": "Paládio",
      "usd_oz": 1576,
      "usd_g": 50.669576592157696,
      "brl_oz": 8036.339199999999,
      "brl_g": 258.37430495873053,
      "chg_1h": -0.37926675094816686,
      "chg_24h": -0.5678233438485805
    },
    "XCU": {
      "name": "Cobre",
      "usd_oz": 5.640701,
      "usd_g": 0.18135274832040643,
      "brl_oz": 28.7630625392,
      "brl_g": 0.9247539342354164,
      "chg_1h": 0,
      "chg_24h": -0.31569841470408705
    }
  }
}
