{
  "timestamp": 1774841533,
  "usdToBrl": 5.2561,
  "metals": {
    "XAU": {
      "name": "Ouro",
      "usd_oz": 4505.700195,
      "usd_g": 144.8616250836627,
      "brl_oz": 23682.4107949395,
      "brl_g": 761.4071876022394,
      "chg_1h": 0,
      "chg_24h": 0.23804660734149832
    },
    "XAG": {
      "name": "Prata",
      "usd_oz": 70.228996,
      "usd_g": 2.257914652165188,
      "brl_oz": 369.13062587559995,
      "brl_g": 11.867825203245445,
      "chg_1h": 0,
      "chg_24h": 0.5080501973831271
    },
    "XPT": {
      "name": "Platina",
      "usd_oz": 1918,
      "usd_g": 61.66513191862847,
      "brl_oz": 10081.1998,
      "brl_g": 324.1180998775031,
      "chg_1h": 0,
      "chg_24h": 2.4025627335824877
    },
    "XPD": {
      "name": "Paládio",
      "usd_oz": 1440,
      "usd_g": 46.29707505882429,
      "brl_oz": 7568.784,
      "brl_g": 243.34205621668636,
      "chg_1h": 0,
      "chg_24h": 2.6372059871703493
    },
    "XCU": {
      "name": "Cobre",
      "usd_oz": 5.48809,
      "usd_g": 0.17644619073582152,
      "brl_oz": 28.845949848999997,
      "brl_g": 0.9274188231265514,
      "chg_1h": 0,
      "chg_24h": 0.023438052461860388
    }
  }
}
