{
  "timestamp": 1771478022,
  "usdToBrl": 5.2229,
  "metals": {
    "XAU": {
      "name": "Ouro",
      "usd_oz": 4992.899902,
      "usd_g": 160.5254593917295,
      "brl_oz": 26077.4168981558,
      "brl_g": 838.408421857064,
      "chg_1h": 0.3154324998976611,
      "chg_24h": 1.138406319608391
    },
    "XAG": {
      "name": "Prata",
      "usd_oz": 78.238998,
      "usd_g": 2.5154421964813913,
      "brl_oz": 408.6344626542,
      "brl_g": 13.13790304800266,
      "chg_1h": 0.5397113815392032,
      "chg_24h": 2.864843619901229
    },
    "XPT": {
      "name": "Platina",
      "usd_oz": 2079,
      "usd_g": 66.84140211617758,
      "brl_oz": 10858.4091,
      "brl_g": 349.1059591125839,
      "chg_1h": -0.5263157894736842,
      "chg_24h": 0.6779661016949152
    },
    "XPD": {
      "name": "Paládio",
      "usd_oz": 1733,
      "usd_g": 55.71724380343229,
      "brl_oz": 9051.2857,
      "brl_g": 291.0055926609465,
      "chg_1h": -0.40229885057471265,
      "chg_24h": -0.9148084619782733
    },
    "XCU": {
      "name": "Cobre",
      "usd_oz": 5.744445,
      "usd_g": 0.18468819537242215,
      "brl_oz": 30.0026617905,
      "brl_g": 0.9646079756106236,
      "chg_1h": -0.7186109148527637,
      "chg_24h": -0.03683941807293033
    }
  }
}
