{
  "timestamp": 1778230232,
  "usdToBrl": 4.9167,
  "metals": {
    "XAU": {
      "name": "Ouro",
      "usd_oz": 4720.200195,
      "usd_g": 151.7579602226334,
      "brl_oz": 23207.8082987565,
      "brl_g": 746.1483630266215,
      "chg_1h": -0.014821475026473924,
      "chg_24h": -0.25990079239301955
    },
    "XAG": {
      "name": "Prata",
      "usd_oz": 80.324997,
      "usd_g": 2.582508621672803,
      "brl_oz": 394.93391274989995,
      "brl_g": 12.697420140178668,
      "chg_1h": 0.09096097406869372,
      "chg_24h": -0.2149171381286921
    },
    "XPT": {
      "name": "Platina",
      "usd_oz": 2056,
      "usd_g": 66.10193494509913,
      "brl_oz": 10108.7352,
      "brl_g": 325.00338354456886,
      "chg_1h": -0.24260067928190196,
      "chg_24h": -1.8147086914995225
    },
    "XPD": {
      "name": "Paládio",
      "usd_oz": 1527,
      "usd_g": 49.09419001029493,
      "brl_oz": 7507.800899999999,
      "brl_g": 241.38140402361708,
      "chg_1h": -0.06544502617801047,
      "chg_24h": -3.0476190476190474
    },
    "XCU": {
      "name": "Cobre",
      "usd_oz": 6.111401,
      "usd_g": 0.1964861047302596,
      "brl_oz": 30.047925296699997,
      "brl_g": 0.9660632311272673,
      "chg_1h": 0,
      "chg_24h": 1.4991357112677672
    }
  }
}
