{
  "timestamp": 1783290840,
  "usdToBrl": 5.1962,
  "metals": {
    "XAU": {
      "name": "Ouro",
      "usd_oz": 4188.799805,
      "usd_g": 134.6730409572733,
      "brl_oz": 21765.841546740998,
      "brl_g": 699.7880554221834,
      "chg_1h": 0.30410446833115545,
      "chg_24h": 0.30410446833115545
    },
    "XAG": {
      "name": "Prata",
      "usd_oz": 63.206001,
      "usd_g": 2.0321201197674466,
      "brl_oz": 328.43102239620004,
      "brl_g": 10.559302566335607,
      "chg_1h": 1.1021050626903097,
      "chg_24h": 1.1021050626903097
    },
    "XPT": {
      "name": "Platina",
      "usd_oz": 1661,
      "usd_g": 53.40239005049108,
      "brl_oz": 8630.8882,
      "brl_g": 277.48949918036175,
      "chg_1h": 0.7888349514563107,
      "chg_24h": 0.7888349514563107
    },
    "XPD": {
      "name": "Paládio",
      "usd_oz": 1300,
      "usd_g": 41.79597053921638,
      "brl_oz": 6755.06,
      "brl_g": 217.18022211587615,
      "chg_1h": 0.69713400464756,
      "chg_24h": 0.69713400464756
    },
    "XCU": {
      "name": "Cobre",
      "usd_oz": 6.013198,
      "usd_g": 0.19332880496498064,
      "brl_oz": 31.2457794476,
      "brl_g": 1.0045751363590325,
      "chg_1h": 0,
      "chg_24h": 0.2091273793884615
    }
  }
}
