{
  "timestamp": 1770963069,
  "usdToBrl": 5.1761,
  "metals": {
    "XAU": {
      "name": "Ouro",
      "usd_oz": 4961.5,
      "usd_g": 159.51592910024772,
      "brl_oz": 25681.22015,
      "brl_g": 825.6704006157922,
      "chg_1h": -0.38148780242947494,
      "chg_24h": -2.1689835354431626
    },
    "XAG": {
      "name": "Prata",
      "usd_oz": 76.661003,
      "usd_g": 2.464708479149829,
      "brl_oz": 396.80501762829994,
      "brl_g": 12.75757755892743,
      "chg_1h": -0.9278938969977384,
      "chg_24h": -8.784679558144306
    },
    "XPT": {
      "name": "Platina",
      "usd_oz": 2028,
      "usd_g": 65.20171404117755,
      "brl_oz": 10497.130799999999,
      "brl_g": 337.4905920485391,
      "chg_1h": -0.9281875915974597,
      "chg_24h": -4.967197750702906
    },
    "XPD": {
      "name": "Paládio",
      "usd_oz": 1677,
      "usd_g": 53.916801995589125,
      "brl_oz": 8680.3197,
      "brl_g": 279.0787588093689,
      "chg_1h": -0.7692307692307693,
      "chg_24h": -3.951890034364261
    },
    "XCU": {
      "name": "Cobre",
      "usd_oz": 5.952795,
      "usd_g": 0.1913868034199958,
      "brl_oz": 30.8122621995,
      "brl_g": 0.9906372331822403,
      "chg_1h": 0.31977714187488304,
      "chg_24h": -0.9970487689067096
    }
  }
}
