{
  "timestamp": 1772528201,
  "usdToBrl": 5.2067,
  "metals": {
    "XAU": {
      "name": "Ouro",
      "usd_oz": 5303.899902,
      "usd_g": 170.5243415745728,
      "brl_oz": 27615.8156197434,
      "brl_g": 887.869089276328,
      "chg_1h": -0.4429863538244935,
      "chg_24h": -1.66855154220843
    },
    "XAG": {
      "name": "Prata",
      "usd_oz": 85.792,
      "usd_g": 2.758276849615732,
      "brl_oz": 446.69320639999995,
      "brl_g": 14.36152007289423,
      "chg_1h": -1.5954934057728316,
      "chg_24h": -10.286626656905884
    },
    "XPT": {
      "name": "Platina",
      "usd_oz": 2164,
      "usd_g": 69.57421557451096,
      "brl_oz": 11267.298799999999,
      "brl_g": 362.25206823180616,
      "chg_1h": -2.4346257889990985,
      "chg_24h": -9.908409658617819
    },
    "XPD": {
      "name": "Paládio",
      "usd_oz": 1726,
      "usd_g": 55.4921885774519,
      "brl_oz": 8986.7642,
      "brl_g": 288.9311782662188,
      "chg_1h": -1.4840182648401825,
      "chg_24h": -6.4498644986449865
    },
    "XCU": {
      "name": "Cobre",
      "usd_oz": 5.901464,
      "usd_g": 0.18973647344788155,
      "brl_oz": 30.727152608799997,
      "brl_g": 0.9879008963010848,
      "chg_1h": -1.2148397424255264,
      "chg_24h": -3.4972584485587275
    }
  }
}
