{
  "timestamp": 1770843677,
  "usdToBrl": 5.1893,
  "metals": {
    "XAU": {
      "name": "Ouro",
      "usd_oz": 5088.799805,
      "usd_g": 163.60871286903847,
      "brl_oz": 26407.308828086498,
      "brl_g": 849.0146936913013,
      "chg_1h": 0.03341210055347651,
      "chg_24h": 1.1810534886354627
    },
    "XAG": {
      "name": "Prata",
      "usd_oz": 84.647003,
      "usd_g": 2.721464341246892,
      "brl_oz": 439.2586926679,
      "brl_g": 14.122494906032498,
      "chg_1h": 0.1621121722373145,
      "chg_24h": 4.507631129743902
    },
    "XPT": {
      "name": "Platina",
      "usd_oz": 2149,
      "usd_g": 69.09195437598153,
      "brl_oz": 11151.8057,
      "brl_g": 358.538878843281,
      "chg_1h": -0.046511627906976744,
      "chg_24h": 2.430886558627264
    },
    "XPD": {
      "name": "Paládio",
      "usd_oz": 1739,
      "usd_g": 55.91014828284406,
      "brl_oz": 9024.1927,
      "brl_g": 290.1345324841627,
      "chg_1h": -0.11487650775416428,
      "chg_24h": 0.5202312138728323
    },
    "XCU": {
      "name": "Cobre",
      "usd_oz": 6.040261,
      "usd_g": 0.19419890061936743,
      "brl_oz": 31.3447264073,
      "brl_g": 1.0077563549840833,
      "chg_1h": 0,
      "chg_24h": 2.5138570173388666
    }
  }
}
