{
  "timestamp": 1773644017,
  "usdToBrl": 5.2433,
  "metals": {
    "XAU": {
      "name": "Ouro",
      "usd_oz": 5006.700195,
      "usd_g": 160.9691491145453,
      "brl_oz": 26251.6311324435,
      "brl_g": 844.0095395522953,
      "chg_1h": -0.13164203731476823,
      "chg_24h": -0.25897961023546745
    },
    "XAG": {
      "name": "Prata",
      "usd_oz": 79.821999,
      "usd_g": 2.5663368604502765,
      "brl_oz": 418.5306873567,
      "brl_g": 13.456074060398935,
      "chg_1h": -0.1913085387010502,
      "chg_24h": -1.0818526550591587
    },
    "XPT": {
      "name": "Platina",
      "usd_oz": 2056,
      "usd_g": 66.10193494509913,
      "brl_oz": 10780.2248,
      "brl_g": 346.59227549763824,
      "chg_1h": -0.1941747572815534,
      "chg_24h": 0.9327442317133039
    },
    "XPD": {
      "name": "Paládio",
      "usd_oz": 1588,
      "usd_g": 51.055385550981235,
      "brl_oz": 8326.3604,
      "brl_g": 267.6987030594599,
      "chg_1h": -0.06293266205160479,
      "chg_24h": 0.7614213197969544
    },
    "XCU": {
      "name": "Cobre",
      "usd_oz": 5.804773,
      "usd_g": 0.18662778561141435,
      "brl_oz": 30.4361662709,
      "brl_g": 0.9785454682963288,
      "chg_1h": 0.20750064779215854,
      "chg_24h": -1.151405527018991
    }
  }
}
