{
  "timestamp": 1774503612,
  "usdToBrl": 5.233,
  "metals": {
    "XAU": {
      "name": "Ouro",
      "usd_oz": 4494.799805,
      "usd_g": 144.51116940727346,
      "brl_oz": 23521.287379564998,
      "brl_g": 756.2269495082619,
      "chg_1h": -0.4032837358741491,
      "chg_24h": -1.5593560008760479
    },
    "XAG": {
      "name": "Prata",
      "usd_oz": 71.010002,
      "usd_g": 2.283024578139766,
      "brl_oz": 371.595340466,
      "brl_g": 11.947067617405395,
      "chg_1h": -1.0920090967491578,
      "chg_24h": -3.4980403348554074
    },
    "XPT": {
      "name": "Platina",
      "usd_oz": 1911,
      "usd_g": 61.44007669264807,
      "brl_oz": 10000.262999999999,
      "brl_g": 321.51592133262733,
      "chg_1h": -0.9844559585492229,
      "chg_24h": -3.5822401614530777
    },
    "XPD": {
      "name": "Paládio",
      "usd_oz": 1431,
      "usd_g": 46.00771833970664,
      "brl_oz": 7488.423,
      "brl_g": 240.75839007168483,
      "chg_1h": -0.5559416261292565,
      "chg_24h": -3.5064059339177343
    },
    "XCU": {
      "name": "Cobre",
      "usd_oz": 5.447871,
      "usd_g": 0.1751531198595779,
      "brl_oz": 28.508708943,
      "brl_g": 0.9165762762251711,
      "chg_1h": 0.168182831119955,
      "chg_24h": 0.39145856321826594
    }
  }
}
