{
  "timestamp": 1772638004,
  "usdToBrl": 5.2434,
  "metals": {
    "XAU": {
      "name": "Ouro",
      "usd_oz": 5148.899902,
      "usd_g": 165.54097585643547,
      "brl_oz": 26997.741746146803,
      "brl_g": 867.9975528056337,
      "chg_1h": -0.5062741880128128,
      "chg_24h": 2.110062508676254
    },
    "XAG": {
      "name": "Prata",
      "usd_oz": 84.391998,
      "usd_g": 2.7132657401181595,
      "brl_oz": 442.50100231320005,
      "brl_g": 14.226737581735557,
      "chg_1h": -0.32951070211785666,
      "chg_24h": 4.511507207377084
    },
    "XPT": {
      "name": "Platina",
      "usd_oz": 2165,
      "usd_g": 69.60636632107958,
      "brl_oz": 11351.961000000001,
      "brl_g": 364.97402116794865,
      "chg_1h": 0.2779064381658175,
      "chg_24h": 7.072205736894165
    },
    "XPD": {
      "name": "Paládio",
      "usd_oz": 1701,
      "usd_g": 54.688419913236196,
      "brl_oz": 8919.0234,
      "brl_g": 286.7532609730627,
      "chg_1h": -0.11743981209630064,
      "chg_24h": 4.036697247706423
    },
    "XCU": {
      "name": "Cobre",
      "usd_oz": 5.868578,
      "usd_g": 0.18867916399622567,
      "brl_oz": 30.771301885200003,
      "brl_g": 0.9893203284978097,
      "chg_1h": 0.04123652291048734,
      "chg_24h": 0.611737291390082
    }
  }
}
