{
  "timestamp": 1773324760,
  "usdToBrl": 5.1711,
  "metals": {
    "XAU": {
      "name": "Ouro",
      "usd_oz": 5157.399902,
      "usd_g": 165.81425720226878,
      "brl_oz": 26669.4306332322,
      "brl_g": 857.4421054186521,
      "chg_1h": -0.3651238087435228,
      "chg_24h": -0.4727995612293477
    },
    "XAG": {
      "name": "Prata",
      "usd_oz": 86.316002,
      "usd_g": 2.775123905119186,
      "brl_oz": 446.34867794219997,
      "brl_g": 14.350443225761824,
      "chg_1h": -0.859139224278491,
      "chg_24h": 0.3312805926068656
    },
    "XPT": {
      "name": "Platina",
      "usd_oz": 2179,
      "usd_g": 70.05647677304037,
      "brl_oz": 11267.8269,
      "brl_g": 362.2690470410691,
      "chg_1h": -0.32021957913998167,
      "chg_24h": -0.7289293849658315
    },
    "XPD": {
      "name": "Paládio",
      "usd_oz": 1662,
      "usd_g": 53.434540797059704,
      "brl_oz": 8594.3682,
      "brl_g": 276.3153539156754,
      "chg_1h": -1.0125074449076832,
      "chg_24h": -0.06013229104028864
    },
    "XCU": {
      "name": "Cobre",
      "usd_oz": 5.833047,
      "usd_g": 0.18753681581989573,
      "brl_oz": 30.163269341699998,
      "brl_g": 0.9697716282862628,
      "chg_1h": -0.06604530965228829,
      "chg_24h": 0.6680139584491004
    }
  }
}
