{
  "timestamp": 1770905857,
  "usdToBrl": 5.1893,
  "metals": {
    "XAU": {
      "name": "Ouro",
      "usd_oz": 5062.399902,
      "usd_g": 162.75993627824914,
      "brl_oz": 26270.311811448602,
      "brl_g": 844.6101373287183,
      "chg_1h": -0.08683790892345193,
      "chg_24h": 0.31705771065941174
    },
    "XAG": {
      "name": "Prata",
      "usd_oz": 83.175003,
      "usd_g": 2.6741384422978722,
      "brl_oz": 431.62004306790004,
      "brl_g": 13.87690661861635,
      "chg_1h": 0.58774441868649,
      "chg_24h": -0.9444061798683678
    },
    "XPT": {
      "name": "Platina",
      "usd_oz": 2135,
      "usd_g": 68.64184392402073,
      "brl_oz": 11079.1555,
      "brl_g": 356.2031206749208,
      "chg_1h": 1.1848341232227488,
      "chg_24h": -0.6514657980456027
    },
    "XPD": {
      "name": "Paládio",
      "usd_oz": 1734,
      "usd_g": 55.74939455000092,
      "brl_oz": 8998.2462,
      "brl_g": 289.3003331383198,
      "chg_1h": 1.1668611435239207,
      "chg_24h": -2.3098591549295775
    },
    "XCU": {
      "name": "Cobre",
      "usd_oz": 5.981447,
      "usd_g": 0.19230798661068013,
      "brl_oz": 31.0395229171,
      "brl_g": 0.9979438349188025,
      "chg_1h": 0,
      "chg_24h": 0.08347753803339926
    }
  }
}
