{
  "timestamp": 1773266236,
  "usdToBrl": 5.1711,
  "metals": {
    "XAU": {
      "name": "Ouro",
      "usd_oz": 5177.200195,
      "usd_g": 166.45085140449638,
      "brl_oz": 26771.8199283645,
      "brl_g": 860.7339976977912,
      "chg_1h": -0.028964797024709787,
      "chg_24h": -0.2908077454514263
    },
    "XAG": {
      "name": "Prata",
      "usd_oz": 85.874001,
      "usd_g": 2.760913242985106,
      "brl_oz": 444.0630465711,
      "brl_g": 14.276958470800283,
      "chg_1h": -0.05237258408933808,
      "chg_24h": -2.905792365790778
    },
    "XPT": {
      "name": "Platina",
      "usd_oz": 2177,
      "usd_g": 69.99217527990311,
      "brl_oz": 11257.4847,
      "brl_g": 361.93653758990695,
      "chg_1h": 0.04595588235294117,
      "chg_24h": -1.0454545454545454
    },
    "XPD": {
      "name": "Paládio",
      "usd_oz": 1659,
      "usd_g": 53.33808855735382,
      "brl_oz": 8578.8549,
      "brl_g": 275.81658973893235,
      "chg_1h": 0.060313630880579006,
      "chg_24h": -1.4260249554367201
    },
    "XCU": {
      "name": "Cobre",
      "usd_oz": 5.80633,
      "usd_g": 0.1866778443238217,
      "brl_oz": 30.025113063,
      "brl_g": 0.9653298007829144,
      "chg_1h": 0,
      "chg_24h": -1.3605725314490877
    }
  }
}
