{
  "timestamp": 1776966345,
  "usdToBrl": 4.963,
  "metals": {
    "XAU": {
      "name": "Ouro",
      "usd_oz": 4677.700195,
      "usd_g": 150.3915534934667,
      "brl_oz": 23215.426067785003,
      "brl_g": 746.3932799880752,
      "chg_1h": 0,
      "chg_24h": -1.2497563432785361
    },
    "XAG": {
      "name": "Prata",
      "usd_oz": 75.045998,
      "usd_g": 2.4127848626877624,
      "brl_oz": 372.453288074,
      "brl_g": 11.974651273519365,
      "chg_1h": 0,
      "chg_24h": -3.7094039395616383
    },
    "XPT": {
      "name": "Platina",
      "usd_oz": 2005,
      "usd_g": 64.46224687009911,
      "brl_oz": 9950.815,
      "brl_g": 319.9261312163019,
      "chg_1h": 0,
      "chg_24h": -4.02106270943035
    },
    "XPD": {
      "name": "Paládio",
      "usd_oz": 1488,
      "usd_g": 47.84031089411844,
      "brl_oz": 7384.944,
      "brl_g": 237.43146296750982,
      "chg_1h": 0,
      "chg_24h": -5.88235294117647
    },
    "XCU": {
      "name": "Cobre",
      "usd_oz": 5.95083,
      "usd_g": 0.19132362720298846,
      "brl_oz": 29.533969289999998,
      "brl_g": 0.9495391618084317,
      "chg_1h": 0,
      "chg_24h": -1.623433303047505
    }
  }
}
