{
  "timestamp": 1773724270,
  "usdToBrl": 5.2703,
  "metals": {
    "XAU": {
      "name": "Ouro",
      "usd_oz": 5035.5,
      "usd_g": 161.8950843463262,
      "brl_oz": 26538.59565,
      "brl_g": 853.2356630304429,
      "chg_1h": 0.0814902031216021,
      "chg_24h": 0.4428260001099286
    },
    "XAG": {
      "name": "Prata",
      "usd_oz": 82.349998,
      "usd_g": 2.647613915625021,
      "brl_oz": 434.00919445939996,
      "brl_g": 13.953719619518546,
      "chg_1h": 0.9351980324119846,
      "chg_24h": 2.9696780986477798
    },
    "XPT": {
      "name": "Platina",
      "usd_oz": 2174,
      "usd_g": 69.89572304019723,
      "brl_oz": 11457.6322,
      "brl_g": 368.3714291387514,
      "chg_1h": 0.6015733456732995,
      "chg_24h": 5.533980582524272
    },
    "XPD": {
      "name": "Paládio",
      "usd_oz": 1648,
      "usd_g": 52.984430345098914,
      "brl_oz": 8685.454399999999,
      "brl_g": 279.2438432477748,
      "chg_1h": 0,
      "chg_24h": 3.7130270610446825
    },
    "XCU": {
      "name": "Cobre",
      "usd_oz": 5.817625,
      "usd_g": 0.18704098700631436,
      "brl_oz": 30.660629037499998,
      "brl_g": 0.9857621138193785,
      "chg_1h": -0.30443552187601336,
      "chg_24h": 0.42936406920853243
    }
  }
}
