{
  "timestamp": 1783716281,
  "usdToBrl": 5.1185,
  "metals": {
    "XAU": {
      "name": "Ouro",
      "usd_oz": 4112.399902,
      "usd_g": 132.21672703805254,
      "brl_oz": 21049.318898387002,
      "brl_g": 676.7513173442719,
      "chg_1h": 0.2633070933772009,
      "chg_24h": -0.2595182204087197
    },
    "XAG": {
      "name": "Prata",
      "usd_oz": 59.898998,
      "usd_g": 1.9257975044127542,
      "brl_oz": 306.59302126299997,
      "brl_g": 9.857194526336682,
      "chg_1h": 0.2644699575757054,
      "chg_24h": -0.2547791998527654
    },
    "XPT": {
      "name": "Platina",
      "usd_oz": 1633,
      "usd_g": 52.50216914656949,
      "brl_oz": 8358.5105,
      "brl_g": 268.73235277671597,
      "chg_1h": 0.5541871921182266,
      "chg_24h": 0.9270704573547589
    },
    "XPD": {
      "name": "Paládio",
      "usd_oz": 1302,
      "usd_g": 41.860272032353635,
      "brl_oz": 6664.287,
      "brl_g": 214.26180239760208,
      "chg_1h": 0.30816640986132515,
      "chg_24h": 2.4390243902439024
    },
    "XCU": {
      "name": "Cobre",
      "usd_oz": 6.050922,
      "usd_g": 0.19454165972853557,
      "brl_oz": 30.971644257,
      "brl_g": 0.9957614853205093,
      "chg_1h": 0,
      "chg_24h": -0.11606230685514485
    }
  }
}
