{
  "timestamp": 1773698565,
  "usdToBrl": 5.2703,
  "metals": {
    "XAU": {
      "name": "Ouro",
      "usd_oz": 5011.5,
      "usd_g": 161.12346642867914,
      "brl_oz": 26412.10845,
      "brl_g": 849.1690051190676,
      "chg_1h": 0.03393738405082534,
      "chg_24h": -0.16336025422730147
    },
    "XAG": {
      "name": "Prata",
      "usd_oz": 80.935997,
      "usd_g": 2.6021527278262346,
      "brl_oz": 426.5569849891,
      "brl_g": 13.714125521462604,
      "chg_1h": -0.09258618971285458,
      "chg_24h": 0.2986517132412259
    },
    "XPT": {
      "name": "Platina",
      "usd_oz": 2124,
      "usd_g": 68.28818571176583,
      "brl_oz": 11194.117199999999,
      "brl_g": 359.89922515671947,
      "chg_1h": -0.28169014084507044,
      "chg_24h": 4.270986745213549
    },
    "XPD": {
      "name": "Paládio",
      "usd_oz": 1623,
      "usd_g": 52.18066168088321,
      "brl_oz": 8553.696899999999,
      "brl_g": 275.0077412567588,
      "chg_1h": -0.9762050030506406,
      "chg_24h": 2.982233502538071
    },
    "XCU": {
      "name": "Cobre",
      "usd_oz": 5.833047,
      "usd_g": 0.18753681581989573,
      "brl_oz": 30.741907604099996,
      "brl_g": 0.9883752804155964,
      "chg_1h": 0,
      "chg_24h": -0.6699318914213483
    }
  }
}
