{
  "timestamp": 1772429843,
  "usdToBrl": 5.1556,
  "metals": {
    "XAU": {
      "name": "Ouro",
      "usd_oz": 5357.600098,
      "usd_g": 172.25084296685444,
      "brl_oz": 27621.643065248798,
      "brl_g": 888.0564459999147,
      "chg_1h": -0.16211742385123343,
      "chg_24h": 1.4658516749666446
    },
    "XAG": {
      "name": "Prata",
      "usd_oz": 94.314003,
      "usd_g": 3.0322656083258193,
      "brl_oz": 486.24527386679995,
      "brl_g": 15.633148570284593,
      "chg_1h": 0.047742101255199274,
      "chg_24h": 0.4259237129083667
    },
    "XPT": {
      "name": "Platina",
      "usd_oz": 2384,
      "usd_g": 76.64737981960911,
      "brl_oz": 12290.9504,
      "brl_g": 395.16323139797674,
      "chg_1h": 0.08396305625524769,
      "chg_24h": 0.5482918599746942
    },
    "XPD": {
      "name": "Paládio",
      "usd_oz": 1842,
      "usd_g": 59.22167517941274,
      "brl_oz": 9496.6152,
      "brl_g": 305.3232685549803,
      "chg_1h": -0.21668472372697722,
      "chg_24h": 1.7117614577581448
    },
    "XCU": {
      "name": "Cobre",
      "usd_oz": 6.110494,
      "usd_g": 0.19645694400312186,
      "brl_oz": 31.5032628664,
      "brl_g": 1.012853420502495,
      "chg_1h": 0.5560911165299869,
      "chg_24h": 0.37376760505540546
    }
  }
}
