{
  "timestamp": 1782764904,
  "usdToBrl": 5.1639,
  "metals": {
    "XAU": {
      "name": "Ouro",
      "usd_oz": 4017.600098,
      "usd_g": 129.16884256489294,
      "brl_oz": 20746.485146062198,
      "brl_g": 667.0149861208506,
      "chg_1h": -0.11436161941319078,
      "chg_24h": -1.7845792365695095
    },
    "XAG": {
      "name": "Prata",
      "usd_oz": 58.423,
      "usd_g": 1.8783430667789527,
      "brl_oz": 301.6905297,
      "brl_g": 9.699575762539833,
      "chg_1h": 0.03253373112345087,
      "chg_24h": -1.4755978279199973
    },
    "XPT": {
      "name": "Platina",
      "usd_oz": 1588,
      "usd_g": 51.055385550981235,
      "brl_oz": 8200.2732,
      "brl_g": 263.644905446712,
      "chg_1h": -0.06293266205160479,
      "chg_24h": -2.2769230769230773
    },
    "XPD": {
      "name": "Paládio",
      "usd_oz": 1240,
      "usd_g": 39.8669257450987,
      "brl_oz": 6403.236,
      "brl_g": 205.86881785511517,
      "chg_1h": -0.08058017727639001,
      "chg_24h": 0.9771986970684038
    },
    "XCU": {
      "name": "Cobre",
      "usd_oz": 6.028401,
      "usd_g": 0.19381759276506347,
      "brl_oz": 31.1300599239,
      "brl_g": 1.0008546672795113,
      "chg_1h": 0,
      "chg_24h": -0.13941121620881372
    }
  }
}
