{
  "timestamp": 1782086533,
  "usdToBrl": 5.1603,
  "metals": {
    "XAU": {
      "name": "Ouro",
      "usd_oz": 4148.299805,
      "usd_g": 133.37093572124385,
      "brl_oz": 21406.4714837415,
      "brl_g": 688.2340396023347,
      "chg_1h": -0.17086434921902877,
      "chg_24h": -0.20209275641542143
    },
    "XAG": {
      "name": "Prata",
      "usd_oz": 64.733002,
      "usd_g": 2.0812143419284883,
      "brl_oz": 334.0417102206,
      "brl_g": 10.739690368653578,
      "chg_1h": -0.19118984254004714,
      "chg_24h": -0.3509752059077817
    },
    "XPT": {
      "name": "Platina",
      "usd_oz": 1669,
      "usd_g": 53.6595960230401,
      "brl_oz": 8612.540700000001,
      "brl_g": 276.89961335769385,
      "chg_1h": -0.11968880909634949,
      "chg_24h": -0.2986857825567503
    },
    "XPD": {
      "name": "Paládio",
      "usd_oz": 1282,
      "usd_g": 41.21725710098107,
      "brl_oz": 6615.5046,
      "brl_g": 212.69341181819263,
      "chg_1h": -0.0779423226812159,
      "chg_24h": 0.15625
    },
    "XCU": {
      "name": "Cobre",
      "usd_oz": 6.153358,
      "usd_g": 0.19783505360403952,
      "brl_oz": 31.753173287400003,
      "brl_g": 1.0208882271129252,
      "chg_1h": -0.1736031403982355,
      "chg_24h": -0.39959242770164555
    }
  }
}
