{
  "timestamp": 1776326930,
  "usdToBrl": 4.9981,
  "metals": {
    "XAU": {
      "name": "Ouro",
      "usd_oz": 4812.200195,
      "usd_g": 154.71582890694717,
      "brl_oz": 24051.8577946295,
      "brl_g": 773.2851844598126,
      "chg_1h": -0.22599371314145886,
      "chg_24h": -0.06230270556798729
    },
    "XAG": {
      "name": "Prata",
      "usd_oz": 79.994003,
      "usd_g": 2.571866917463067,
      "brl_oz": 399.81802639430003,
      "brl_g": 12.854448040172155,
      "chg_1h": -0.6865482520720148,
      "chg_24h": 0.881524708532056
    },
    "XPT": {
      "name": "Platina",
      "usd_oz": 2141,
      "usd_g": 68.83474840343251,
      "brl_oz": 10700.9321,
      "brl_g": 344.04295599519605,
      "chg_1h": -0.1864801864801865,
      "chg_24h": 0.6109022556390977
    },
    "XPD": {
      "name": "Paládio",
      "usd_oz": 1607,
      "usd_g": 51.666249735785165,
      "brl_oz": 8031.9467,
      "brl_g": 258.23308280442785,
      "chg_1h": -0.18633540372670807,
      "chg_24h": -0.3719776813391197
    },
    "XCU": {
      "name": "Cobre",
      "usd_oz": 5.957633,
      "usd_g": 0.19154234873189485,
      "brl_oz": 29.776845497300002,
      "brl_g": 0.9573478131968837,
      "chg_1h": -0.201368454520142,
      "chg_24h": 0.46657948234096236
    }
  }
}
