{
  "timestamp": 1775475350,
  "usdToBrl": 5.1818,
  "metals": {
    "XAU": {
      "name": "Ouro",
      "usd_oz": 4690.399902,
      "usd_g": 150.79985855471952,
      "brl_oz": 24304.7142121836,
      "brl_g": 781.4147070588456,
      "chg_1h": -0.11074614301619726,
      "chg_24h": 0.2650684480547266
    },
    "XAG": {
      "name": "Prata",
      "usd_oz": 73.375999,
      "usd_g": 2.3590931480689,
      "brl_oz": 380.21975161819995,
      "brl_g": 12.224348874663425,
      "chg_1h": -0.05312538237248085,
      "chg_24h": 0.307580206592114
    },
    "XPT": {
      "name": "Platina",
      "usd_oz": 2009,
      "usd_g": 64.59084985637361,
      "brl_oz": 10410.2362,
      "brl_g": 334.69686578575676,
      "chg_1h": 0.0996512207274539,
      "chg_24h": 0.9547738693467337
    },
    "XPD": {
      "name": "Paládio",
      "usd_oz": 1528,
      "usd_g": 49.126340756863556,
      "brl_oz": 7917.7904,
      "brl_g": 254.56287253391557,
      "chg_1h": -0.1959503592423253,
      "chg_24h": -0.130718954248366
    },
    "XCU": {
      "name": "Cobre",
      "usd_oz": 5.523714,
      "usd_g": 0.17759152893158234,
      "brl_oz": 28.6227812052,
      "brl_g": 0.9202437846176733,
      "chg_1h": 0,
      "chg_24h": 0.2428346889380345
    }
  }
}
