{
  "timestamp": 1774301343,
  "usdToBrl": 5.2552,
  "metals": {
    "XAU": {
      "name": "Ouro",
      "usd_oz": 4408.100098,
      "usd_g": 141.72370909994217,
      "brl_oz": 23165.4476350096,
      "brl_g": 744.7864360620162,
      "chg_1h": -0.0770690694775045,
      "chg_24h": -1.8721359990502482
    },
    "XAG": {
      "name": "Prata",
      "usd_oz": 69.267998,
      "usd_g": 2.22701784901423,
      "brl_oz": 364.01718308960005,
      "brl_g": 11.703424200139583,
      "chg_1h": -0.15855170683939226,
      "chg_24h": 1.9576583380341863
    },
    "XPT": {
      "name": "Platina",
      "usd_oz": 1888,
      "usd_g": 60.70060952156963,
      "brl_oz": 9921.8176,
      "brl_g": 318.99384315775274,
      "chg_1h": 0,
      "chg_24h": -2.378490175801448
    },
    "XPD": {
      "name": "Paládio",
      "usd_oz": 1458,
      "usd_g": 46.875788497059595,
      "brl_oz": 7662.0816,
      "brl_g": 246.3416437097476,
      "chg_1h": -0.06854009595613435,
      "chg_24h": 1.8156424581005588
    },
    "XCU": {
      "name": "Cobre",
      "usd_oz": 5.485744,
      "usd_g": 0.17637076508437155,
      "brl_oz": 28.828681868800004,
      "brl_g": 0.9268636446713894,
      "chg_1h": 0,
      "chg_24h": 1.5363503585866352
    }
  }
}
