{
  "timestamp": 1782214208,
  "usdToBrl": 5.1519,
  "metals": {
    "XAU": {
      "name": "Ouro",
      "usd_oz": 4127.5,
      "usd_g": 132.702206462012,
      "brl_oz": 21264.46725,
      "brl_g": 683.6684974716396,
      "chg_1h": 0,
      "chg_24h": -1.9386590031150144
    },
    "XAG": {
      "name": "Prata",
      "usd_oz": 62.305,
      "usd_g": 2.0031522649583664,
      "brl_oz": 320.98912950000005,
      "brl_g": 10.320040153839008,
      "chg_1h": 0,
      "chg_24h": -6.454561675248427
    },
    "XPT": {
      "name": "Platina",
      "usd_oz": 1641,
      "usd_g": 52.759375119118516,
      "brl_oz": 8454.2679,
      "brl_g": 271.8110246761867,
      "chg_1h": 0,
      "chg_24h": -2.899408284023669
    },
    "XPD": {
      "name": "Paládio",
      "usd_oz": 1260,
      "usd_g": 40.50994067647126,
      "brl_oz": 6491.394,
      "brl_g": 208.7031633711123,
      "chg_1h": 0,
      "chg_24h": -2.7777777777777777
    },
    "XCU": {
      "name": "Cobre",
      "usd_oz": 6.100061,
      "usd_g": 0.19612151526417138,
      "brl_oz": 31.426904265900003,
      "brl_g": 1.0103984344894845,
      "chg_1h": 0,
      "chg_24h": -1.020597245479442
    }
  }
}
