{
  "timestamp": 1778177350,
  "usdToBrl": 4.9167,
  "metals": {
    "XAU": {
      "name": "Ouro",
      "usd_oz": 4712.200195,
      "usd_g": 151.50075425008436,
      "brl_oz": 23168.4746987565,
      "brl_g": 744.8837584213896,
      "chg_1h": -0.1885133298438177,
      "chg_24h": 0.5226443454325901
    },
    "XAG": {
      "name": "Prata",
      "usd_oz": 79.905998,
      "usd_g": 2.569037491011294,
      "brl_oz": 392.87382036659994,
      "brl_g": 12.631186632055229,
      "chg_1h": -0.3367653535933908,
      "chg_24h": 3.4770295194697045
    },
    "XPT": {
      "name": "Platina",
      "usd_oz": 2052,
      "usd_g": 65.97333195882462,
      "brl_oz": 10089.0684,
      "brl_g": 324.371081241953,
      "chg_1h": 0.0975609756097561,
      "chg_24h": -0.24307243558580457
    },
    "XPD": {
      "name": "Paládio",
      "usd_oz": 1523,
      "usd_g": 48.965587024020415,
      "brl_oz": 7488.134099999999,
      "brl_g": 240.74910172100115,
      "chg_1h": -0.5874673629242819,
      "chg_24h": -2.434336963484945
    },
    "XCU": {
      "name": "Cobre",
      "usd_oz": 5.994752,
      "usd_g": 0.19273575229377574,
      "brl_oz": 29.4743971584,
      "brl_g": 0.9476238733028071,
      "chg_1h": -0.1435693379602808,
      "chg_24h": -0.6757970289319604
    }
  }
}
