{
  "timestamp": 1784830304,
  "usdToBrl": 5.0715,
  "metals": {
    "XAU": {
      "name": "Ouro",
      "usd_oz": 4044.199951,
      "usd_g": 130.0240476974587,
      "brl_oz": 20510.160051496503,
      "brl_g": 659.4169578976619,
      "chg_1h": -0.1456790414368626,
      "chg_24h": -2.4035874966696085
    },
    "XAG": {
      "name": "Prata",
      "usd_oz": 57.584999,
      "usd_g": 1.851400709003696,
      "brl_oz": 292.04232242850003,
      "brl_g": 9.389378695712244,
      "chg_1h": -0.41160609405924486,
      "chg_24h": -4.214973705733189
    },
    "XPT": {
      "name": "Platina",
      "usd_oz": 1597,
      "usd_g": 51.344742270098884,
      "brl_oz": 8099.1855000000005,
      "brl_g": 260.3948604228065,
      "chg_1h": -0.24984384759525297,
      "chg_24h": -3.0358227079538556
    },
    "XPD": {
      "name": "Paládio",
      "usd_oz": 1276,
      "usd_g": 41.02435262156931,
      "brl_oz": 6471.234,
      "brl_g": 208.05500432028876,
      "chg_1h": -0.3125,
      "chg_24h": -3.479576399394856
    },
    "XCU": {
      "name": "Cobre",
      "usd_oz": 6.222991,
      "usd_g": 0.20007380653985282,
      "brl_oz": 31.559898856500006,
      "brl_g": 1.0146743098668636,
      "chg_1h": 0.5485502519695833,
      "chg_24h": -0.6168535406834225
    }
  }
}
