{
  "timestamp": 1781695757,
  "usdToBrl": 5.0603,
  "metals": {
    "XAU": {
      "name": "Ouro",
      "usd_oz": 4329.700195,
      "usd_g": 139.20309368758416,
      "brl_oz": 21909.5818967585,
      "brl_g": 704.409414987282,
      "chg_1h": 0,
      "chg_24h": -0.37275840137377747
    },
    "XAG": {
      "name": "Prata",
      "usd_oz": 70.012001,
      "usd_g": 2.2509381009135287,
      "brl_oz": 354.28172866029996,
      "brl_g": 11.39042207205273,
      "chg_1h": 0,
      "chg_24h": -0.7766397612426168
    },
    "XPT": {
      "name": "Platina",
      "usd_oz": 1797,
      "usd_g": 57.774891583824484,
      "brl_oz": 9093.3591,
      "brl_g": 292.358283881627,
      "chg_1h": 0,
      "chg_24h": -0.4983388704318937
    },
    "XPD": {
      "name": "Paládio",
      "usd_oz": 1370,
      "usd_g": 44.04652279902034,
      "brl_oz": 6932.611,
      "brl_g": 222.8886193198826,
      "chg_1h": 0,
      "chg_24h": -0.7246376811594203
    },
    "XCU": {
      "name": "Cobre",
      "usd_oz": 6.228201,
      "usd_g": 0.20024131192947536,
      "brl_oz": 31.516565520300002,
      "brl_g": 1.0132811107567241,
      "chg_1h": 0,
      "chg_24h": 0.6265854678767153
    }
  }
}
