{
  "timestamp": 1773162641,
  "usdToBrl": 5.1779,
  "metals": {
    "XAU": {
      "name": "Ouro",
      "usd_oz": 5233.600098,
      "usd_g": 168.26415039234456,
      "brl_oz": 27099.0579474342,
      "brl_g": 871.2549443165209,
      "chg_1h": 0.16459517703349072,
      "chg_24h": 2.657852874508232
    },
    "XAG": {
      "name": "Prata",
      "usd_oz": 89.589996,
      "usd_g": 2.8803852564803947,
      "brl_oz": 463.8880402884,
      "brl_g": 14.914346819529836,
      "chg_1h": 0.23045846357987826,
      "chg_24h": 6.506412728928021
    },
    "XPT": {
      "name": "Platina",
      "usd_oz": 2243,
      "usd_g": 72.11412455343256,
      "brl_oz": 11614.029700000001,
      "brl_g": 373.39972552521846,
      "chg_1h": 1.0360360360360361,
      "chg_24h": 3.3164440350069095
    },
    "XPD": {
      "name": "Paládio",
      "usd_oz": 1708,
      "usd_g": 54.913475139216594,
      "brl_oz": 8843.8532,
      "brl_g": 284.3364829233496,
      "chg_1h": 0.8860011813349086,
      "chg_24h": 1.0650887573964496
    },
    "XCU": {
      "name": "Cobre",
      "usd_oz": 5.894584,
      "usd_g": 0.1895152763114894,
      "brl_oz": 30.5215664936,
      "brl_g": 0.981291149213261,
      "chg_1h": 0.22494820070344473,
      "chg_24h": 1.111325336255335
    }
  }
}
