{
  "timestamp": 1772488994,
  "usdToBrl": 5.2067,
  "metals": {
    "XAU": {
      "name": "Ouro",
      "usd_oz": 5322.799805,
      "usd_g": 171.13198756609742,
      "brl_oz": 27714.221744693496,
      "brl_g": 891.0329196603994,
      "chg_1h": -0.32210102996255335,
      "chg_24h": 0.806780205802392
    },
    "XAG": {
      "name": "Prata",
      "usd_oz": 89.453003,
      "usd_g": 2.8759808292557185,
      "brl_oz": 465.75495072009994,
      "brl_g": 14.97436938368575,
      "chg_1h": -1.29432614585578,
      "chg_24h": -4.750088328150351
    },
    "XPT": {
      "name": "Platina",
      "usd_oz": 2315,
      "usd_g": 74.42897830637378,
      "brl_oz": 12053.510499999999,
      "brl_g": 387.52936134779634,
      "chg_1h": -0.172488141440276,
      "chg_24h": -2.361872627583298
    },
    "XPD": {
      "name": "Paládio",
      "usd_oz": 1802,
      "usd_g": 57.935645316667625,
      "brl_oz": 9382.473399999999,
      "brl_g": 301.6535244702933,
      "chg_1h": 0,
      "chg_24h": -0.4969630038652678
    },
    "XCU": {
      "name": "Cobre",
      "usd_oz": 6.067456,
      "usd_g": 0.19507324017230127,
      "brl_oz": 31.591423155199998,
      "brl_g": 1.015687839605121,
      "chg_1h": 0,
      "chg_24h": -0.3331942559964813
    }
  }
}
