{
  "timestamp": 1779890008,
  "usdToBrl": 5.0201,
  "metals": {
    "XAU": {
      "name": "Ouro",
      "usd_oz": 4432.799805,
      "usd_g": 142.51782312001853,
      "brl_oz": 22253.0983010805,
      "brl_g": 715.453723844805,
      "chg_1h": 0,
      "chg_24h": -1.681237886536555
    },
    "XAG": {
      "name": "Prata",
      "usd_oz": 74.795998,
      "usd_g": 2.404747176045605,
      "brl_oz": 375.4833895598,
      "brl_g": 12.072071298466543,
      "chg_1h": 0,
      "chg_24h": -1.9750245471996541
    },
    "XPT": {
      "name": "Platina",
      "usd_oz": 1926,
      "usd_g": 61.92233789117749,
      "brl_oz": 9668.7126,
      "brl_g": 310.8563284475001,
      "chg_1h": 0,
      "chg_24h": -1.3824884792626728
    },
    "XPD": {
      "name": "Paládio",
      "usd_oz": 1412,
      "usd_g": 45.39685415490271,
      "brl_oz": 7088.381200000001,
      "brl_g": 227.89674754302712,
      "chg_1h": 0,
      "chg_24h": 0.35536602700781805
    },
    "XCU": {
      "name": "Cobre",
      "usd_oz": 6.125084,
      "usd_g": 0.19692602339555815,
      "brl_oz": 30.7485341884,
      "brl_g": 0.9885883300480415,
      "chg_1h": 0,
      "chg_24h": -0.2744896851045374
    }
  }
}
