{
  "timestamp": 1772765177,
  "usdToBrl": 5.2484,
  "metals": {
    "XAU": {
      "name": "Ouro",
      "usd_oz": 5125.899902,
      "usd_g": 164.80150868535702,
      "brl_oz": 26902.773045656802,
      "brl_g": 864.9442381842279,
      "chg_1h": 0,
      "chg_24h": -1.2521913584763245
    },
    "XAG": {
      "name": "Prata",
      "usd_oz": 83.626999,
      "usd_g": 2.6886704511439055,
      "brl_oz": 438.9079415516,
      "brl_g": 14.111217995783674,
      "chg_1h": 0,
      "chg_24h": -1.83702927696229
    },
    "XPT": {
      "name": "Platina",
      "usd_oz": 2149,
      "usd_g": 69.09195437598153,
      "brl_oz": 11278.8116,
      "brl_g": 362.62221334690145,
      "chg_1h": 0,
      "chg_24h": -1.5574896930829134
    },
    "XPD": {
      "name": "Paládio",
      "usd_oz": 1679,
      "usd_g": 53.98110348872638,
      "brl_oz": 8812.0636,
      "brl_g": 283.31442355023154,
      "chg_1h": 0,
      "chg_24h": -1.4671361502347418
    },
    "XCU": {
      "name": "Cobre",
      "usd_oz": 5.819212,
      "usd_g": 0.1870920102411188,
      "brl_oz": 30.541552260800003,
      "brl_g": 0.9819337065494879,
      "chg_1h": 0,
      "chg_24h": -0.9623946519258679
    }
  }
}
