{
  "timestamp": 1783516172,
  "usdToBrl": 5.1413,
  "metals": {
    "XAU": {
      "name": "Ouro",
      "usd_oz": 4074.800049,
      "usd_g": 131.00786369323188,
      "brl_oz": 20949.7694919237,
      "brl_g": 673.5507296060131,
      "chg_1h": 0.5453178934341466,
      "chg_24h": -2.5260706027066635
    },
    "XAG": {
      "name": "Prata",
      "usd_oz": 58.662998,
      "usd_g": 1.8860591816539303,
      "brl_oz": 301.6040716174,
      "brl_g": 9.696796070637353,
      "chg_1h": 0.24264452077032342,
      "chg_24h": -4.891378080415042
    },
    "XPT": {
      "name": "Platina",
      "usd_oz": 1587,
      "usd_g": 51.02323480441261,
      "brl_oz": 8159.243100000001,
      "brl_g": 262.32575709992653,
      "chg_1h": 0.8259212198221092,
      "chg_24h": -4.512635379061372
    },
    "XPD": {
      "name": "Paládio",
      "usd_oz": 1241,
      "usd_g": 39.89907649166732,
      "brl_oz": 6380.353300000001,
      "brl_g": 205.13312196660922,
      "chg_1h": 0.894308943089431,
      "chg_24h": -4.977029096477795
    },
    "XCU": {
      "name": "Cobre",
      "usd_oz": 5.954005,
      "usd_g": 0.19142570582334387,
      "brl_oz": 30.611325906500003,
      "brl_g": 0.9841769813495579,
      "chg_1h": -0.3126403265001012,
      "chg_24h": -1.5451153338310528
    }
  }
}
