{
  "timestamp": 1782834243,
  "usdToBrl": 5.1784,
  "metals": {
    "XAU": {
      "name": "Ouro",
      "usd_oz": 4029.399902,
      "usd_g": 129.54821507285644,
      "brl_oz": 20865.8444525168,
      "brl_g": 670.8524769332797,
      "chg_1h": 0,
      "chg_24h": 0.11428773961437025
    },
    "XAG": {
      "name": "Prata",
      "usd_oz": 59.714001,
      "usd_g": 1.919849712749798,
      "brl_oz": 309.2229827784,
      "brl_g": 9.941749752503554,
      "chg_1h": 0,
      "chg_24h": 2.703730614830268
    },
    "XPT": {
      "name": "Platina",
      "usd_oz": 1563,
      "usd_g": 50.25161688676553,
      "brl_oz": 8093.839199999999,
      "brl_g": 260.22297288642665,
      "chg_1h": 0,
      "chg_24h": -1.3257575757575757
    },
    "XPD": {
      "name": "Paládio",
      "usd_oz": 1227,
      "usd_g": 39.448966039706534,
      "brl_oz": 6353.8967999999995,
      "brl_g": 204.2825257400163,
      "chg_1h": 0,
      "chg_24h": -1.0483870967741937
    },
    "XCU": {
      "name": "Cobre",
      "usd_oz": 6.049562,
      "usd_g": 0.19449793471320223,
      "brl_oz": 31.327051860799997,
      "brl_g": 1.0071881051188465,
      "chg_1h": 0,
      "chg_24h": 0.526364241529335
    }
  }
}
