{
  "timestamp": 1773619068,
  "usdToBrl": 5.2433,
  "metals": {
    "XAU": {
      "name": "Ouro",
      "usd_oz": 4993.600098,
      "usd_g": 160.54797121587384,
      "brl_oz": 26182.943393843398,
      "brl_g": 841.8011774761912,
      "chg_1h": -0.6070738919421904,
      "chg_24h": -0.5199533037052317
    },
    "XAG": {
      "name": "Prata",
      "usd_oz": 80.044998,
      "usd_g": 2.573506444784334,
      "brl_oz": 419.6999380134,
      "brl_g": 13.493666341937697,
      "chg_1h": -0.655306384404353,
      "chg_24h": -0.8055046781089118
    },
    "XPT": {
      "name": "Platina",
      "usd_oz": 2024,
      "usd_g": 65.07311105490304,
      "brl_oz": 10612.439199999999,
      "brl_g": 341.19784319417306,
      "chg_1h": -0.6381934216985763,
      "chg_24h": -0.6381934216985763
    },
    "XPD": {
      "name": "Paládio",
      "usd_oz": 1558,
      "usd_g": 50.09086315392239,
      "brl_oz": 8169.0614,
      "brl_g": 262.64142277496126,
      "chg_1h": -0.6377551020408163,
      "chg_24h": -1.1421319796954315
    },
    "XCU": {
      "name": "Cobre",
      "usd_oz": 5.872388,
      "usd_g": 0.18880165834065213,
      "brl_oz": 30.790692000399996,
      "brl_g": 0.9899437351775412,
      "chg_1h": 0,
      "chg_24h": 0
    }
  }
}
