{
  "timestamp": 1776069185,
  "usdToBrl": 5.0543,
  "metals": {
    "XAU": {
      "name": "Ouro",
      "usd_oz": 4737.100098,
      "usd_g": 152.30130472102078,
      "brl_oz": 23942.725025321397,
      "brl_g": 769.7764844514553,
      "chg_1h": 0.12682039854824478,
      "chg_24h": -0.25478178436738774
    },
    "XAG": {
      "name": "Prata",
      "usd_oz": 74.851997,
      "usd_g": 2.4065475857027017,
      "brl_oz": 378.32444843709993,
      "brl_g": 12.163413462417164,
      "chg_1h": 0.2692475617306237,
      "chg_24h": -1.5286697187360205
    },
    "XPT": {
      "name": "Platina",
      "usd_oz": 2058,
      "usd_g": 66.16623643823638,
      "brl_oz": 10401.749399999999,
      "brl_g": 334.42400882977813,
      "chg_1h": 0.24354603019970775,
      "chg_24h": 0.19474196689386564
    },
    "XPD": {
      "name": "Paládio",
      "usd_oz": 1556,
      "usd_g": 50.02656166078514,
      "brl_oz": 7864.4908,
      "brl_g": 252.8492506021063,
      "chg_1h": 0,
      "chg_24h": 0.5817711700064642
    },
    "XCU": {
      "name": "Cobre",
      "usd_oz": 5.763798,
      "usd_g": 0.18531040877076482,
      "brl_oz": 29.1319642314,
      "brl_g": 0.9366143990500766,
      "chg_1h": 0.05773832422066081,
      "chg_24h": 0.11818667867294456
    }
  }
}
