{
  "timestamp": 1775801480,
  "usdToBrl": 5.0992,
  "metals": {
    "XAU": {
      "name": "Ouro",
      "usd_oz": 4761.600098,
      "usd_g": 153.08899801195216,
      "brl_oz": 24280.351219721597,
      "brl_g": 780.6314186625464,
      "chg_1h": -0.140505154331414,
      "chg_24h": 1.0033365495727153
    },
    "XAG": {
      "name": "Prata",
      "usd_oz": 75.975998,
      "usd_g": 2.4426850569965866,
      "brl_oz": 387.41680900160003,
      "brl_g": 12.455739642636994,
      "chg_1h": -0.044736217741443984,
      "chg_24h": 2.710517598646533
    },
    "XPT": {
      "name": "Platina",
      "usd_oz": 2079,
      "usd_g": 66.84140211617758,
      "brl_oz": 10601.236799999999,
      "brl_g": 340.8376776708127,
      "chg_1h": 0.19277108433734938,
      "chg_24h": 3.278688524590164
    },
    "XPD": {
      "name": "Paládio",
      "usd_oz": 1586,
      "usd_g": 50.99108405784398,
      "brl_oz": 8087.3312,
      "brl_g": 260.013735827758,
      "chg_1h": 0.6984126984126984,
      "chg_24h": 0.31625553447185323
    },
    "XCU": {
      "name": "Cobre",
      "usd_oz": 5.693567,
      "usd_g": 0.1830524296885035,
      "brl_oz": 29.0326368464,
      "brl_g": 0.933420949467617,
      "chg_1h": 0.18890229378590628,
      "chg_24h": 0.5245542039638302
    }
  }
}
