{
  "timestamp": 1779309148,
  "usdToBrl": 5.0299,
  "metals": {
    "XAU": {
      "name": "Ouro",
      "usd_oz": 4545.299805,
      "usd_g": 146.13478210898919,
      "brl_oz": 22862.403489169497,
      "brl_g": 735.0433405300047,
      "chg_1h": 0,
      "chg_24h": 1.3851625468177269
    },
    "XAG": {
      "name": "Prata",
      "usd_oz": 75.987999,
      "usd_g": 2.4430708981061566,
      "brl_oz": 382.21203617009996,
      "brl_g": 12.288402310384157,
      "chg_1h": 0,
      "chg_24h": 2.7739874635967205
    },
    "XPT": {
      "name": "Platina",
      "usd_oz": 1962,
      "usd_g": 63.0797647676481,
      "brl_oz": 9868.663799999998,
      "brl_g": 317.28490880479313,
      "chg_1h": 0,
      "chg_24h": 1.5527950310559007
    },
    "XPD": {
      "name": "Paládio",
      "usd_oz": 1399,
      "usd_g": 44.97889444951055,
      "brl_oz": 7036.830099999999,
      "brl_g": 226.2393411915931,
      "chg_1h": 0,
      "chg_24h": 1.5239477503628447
    },
    "XCU": {
      "name": "Cobre",
      "usd_oz": 6.123576,
      "usd_g": 0.19687754006973265,
      "brl_oz": 30.8009749224,
      "brl_g": 0.9902743387967482,
      "chg_1h": 0,
      "chg_24h": 0.5287812290379543
    }
  }
}
