{
  "timestamp": 1773748476,
  "usdToBrl": 5.2703,
  "metals": {
    "XAU": {
      "name": "Ouro",
      "usd_oz": 5008,
      "usd_g": 161.01093881568892,
      "brl_oz": 26393.662399999997,
      "brl_g": 848.5759508403253,
      "chg_1h": 0.10794190809213292,
      "chg_24h": 0.19606667635688113
    },
    "XAG": {
      "name": "Prata",
      "usd_oz": 80.699997,
      "usd_g": 2.594565151636038,
      "brl_oz": 425.3131941891,
      "brl_g": 13.67413671866741,
      "chg_1h": 0.22976836899667985,
      "chg_24h": 2.038235966451388
    },
    "XPT": {
      "name": "Platina",
      "usd_oz": 2149,
      "usd_g": 69.09195437598153,
      "brl_oz": 11325.8747,
      "brl_g": 364.13532714773544,
      "chg_1h": 0.23320895522388058,
      "chg_24h": 3.9168278529980656
    },
    "XPD": {
      "name": "Paládio",
      "usd_oz": 1644,
      "usd_g": 52.8558273588244,
      "brl_oz": 8664.3732,
      "brl_g": 278.56606692921224,
      "chg_1h": 0.4889975550122249,
      "chg_24h": 5.182341650671785
    },
    "XCU": {
      "name": "Cobre",
      "usd_oz": 5.769922,
      "usd_g": 0.1855072999427511,
      "brl_oz": 30.4092199166,
      "brl_g": 0.9776791228882812,
      "chg_1h": 0.03408486472504916,
      "chg_24h": -0.7115994338591785
    }
  }
}
