{
  "timestamp": 1771361607,
  "usdToBrl": 5.2248,
  "metals": {
    "XAU": {
      "name": "Ouro",
      "usd_oz": 4881.799805,
      "usd_g": 156.9535083293325,
      "brl_oz": 25506.427621164,
      "brl_g": 820.0506903190965,
      "chg_1h": 0.08815592004099745,
      "chg_24h": -2.244740567489261
    },
    "XAG": {
      "name": "Prata",
      "usd_oz": 73.449997,
      "usd_g": 2.3614722390134855,
      "brl_oz": 383.76154432559997,
      "brl_g": 12.338220154397659,
      "chg_1h": -0.10337023497306419,
      "chg_24h": -4.279724707695106
    },
    "XPT": {
      "name": "Platina",
      "usd_oz": 2020,
      "usd_g": 64.94450806862852,
      "brl_oz": 10554.096,
      "brl_g": 339.3220657569703,
      "chg_1h": -0.5416051206302315,
      "chg_24h": -1.3190034196384954
    },
    "XPD": {
      "name": "Paládio",
      "usd_oz": 1707,
      "usd_g": 54.88132439264796,
      "brl_oz": 8918.7336,
      "brl_g": 286.7439436867071,
      "chg_1h": -0.29205607476635514,
      "chg_24h": -2.457142857142857
    },
    "XCU": {
      "name": "Cobre",
      "usd_oz": 5.712878,
      "usd_g": 0.18367329275549027,
      "brl_oz": 29.8486449744,
      "brl_g": 0.9596562199888856,
      "chg_1h": 0,
      "chg_24h": -1.2914287234772246
    }
  }
}
