{
  "timestamp": 1783559871,
  "usdToBrl": 5.1563,
  "metals": {
    "XAU": {
      "name": "Ouro",
      "usd_oz": 4075.5,
      "usd_g": 131.03036764044333,
      "brl_oz": 21014.500649999998,
      "brl_g": 675.631884664418,
      "chg_1h": -0.061304561059342816,
      "chg_24h": -0.7452350714709706
    },
    "XAG": {
      "name": "Prata",
      "usd_oz": 58.277,
      "usd_g": 1.873649057779933,
      "brl_oz": 300.4936951,
      "brl_g": 9.661096636630669,
      "chg_1h": -0.43395467133500054,
      "chg_24h": -3.020367154036597
    },
    "XPT": {
      "name": "Platina",
      "usd_oz": 1593,
      "usd_g": 51.216139283824376,
      "brl_oz": 8213.9859,
      "brl_g": 264.0857789891836,
      "chg_1h": 0,
      "chg_24h": -2.3298589822194975
    },
    "XPD": {
      "name": "Paládio",
      "usd_oz": 1242,
      "usd_g": 39.931227238235955,
      "brl_oz": 6404.1246,
      "brl_g": 205.89738700851606,
      "chg_1h": 0.16129032258064516,
      "chg_24h": -2.8169014084507045
    },
    "XCU": {
      "name": "Cobre",
      "usd_oz": 5.975173,
      "usd_g": 0.19210627282670856,
      "brl_oz": 30.809784539899997,
      "brl_g": 0.9905575745763573,
      "chg_1h": 0.4843964442838992,
      "chg_24h": -0.8169129904835146
    }
  }
}
