{
  "timestamp": 1774267569,
  "usdToBrl": 5.2552,
  "metals": {
    "XAU": {
      "name": "Ouro",
      "usd_oz": 4359.700195,
      "usd_g": 140.16761608464302,
      "brl_oz": 22911.096464764003,
      "brl_g": 736.608856048016,
      "chg_1h": -0.4248135310139937,
      "chg_24h": -2.949556881892259
    },
    "XAG": {
      "name": "Prata",
      "usd_oz": 67.349998,
      "usd_g": 2.1653527170956015,
      "brl_oz": 353.9377094896,
      "brl_g": 11.379361598880806,
      "chg_1h": -0.35360637175901105,
      "chg_24h": -0.8655037907796158
    },
    "XPT": {
      "name": "Platina",
      "usd_oz": 1867,
      "usd_g": 60.025443843628445,
      "brl_oz": 9811.458400000001,
      "brl_g": 315.44571248703625,
      "chg_1h": -0.6386375731772219,
      "chg_24h": -3.464322647362978
    },
    "XPD": {
      "name": "Paládio",
      "usd_oz": 1449,
      "usd_g": 46.58643177794195,
      "brl_oz": 7614.7848,
      "brl_g": 244.82101627944053,
      "chg_1h": -0.7534246575342466,
      "chg_24h": 1.1871508379888267
    },
    "XCU": {
      "name": "Cobre",
      "usd_oz": 5.507065,
      "usd_g": 0.17705625115196125,
      "brl_oz": 28.940727988000003,
      "brl_g": 0.9304660110537868,
      "chg_1h": -0.7939631848526971,
      "chg_24h": 1.9309835252082224
    }
  }
}
