{
  "timestamp": 1771572893,
  "usdToBrl": 5.2343,
  "metals": {
    "XAU": {
      "name": "Ouro",
      "usd_oz": 5015.700195,
      "usd_g": 161.25850583366295,
      "brl_oz": 26253.679530688503,
      "brl_g": 844.0753970851421,
      "chg_1h": -0.17911516410383566,
      "chg_24h": -0.04583110801115287
    },
    "XAG": {
      "name": "Prata",
      "usd_oz": 79.059998,
      "usd_g": 2.541837959414235,
      "brl_oz": 413.8237475314,
      "brl_g": 13.30474243096193,
      "chg_1h": 0.04048944677834098,
      "chg_24h": -0.3013984891916214
    },
    "XPT": {
      "name": "Platina",
      "usd_oz": 2094,
      "usd_g": 67.32366331470699,
      "brl_oz": 10960.6242,
      "brl_g": 352.3922508881708,
      "chg_1h": 0.1434720229555237,
      "chg_24h": -0.6641366223908919
    },
    "XPD": {
      "name": "Paládio",
      "usd_oz": 1708,
      "usd_g": 54.913475139216594,
      "brl_oz": 8940.1844,
      "brl_g": 287.43360292120144,
      "chg_1h": -0.11695906432748539,
      "chg_24h": -2.678062678062678
    },
    "XCU": {
      "name": "Cobre",
      "usd_oz": 5.731518,
      "usd_g": 0.18427258267152952,
      "brl_oz": 30.000484667400002,
      "brl_g": 0.964537979477587,
      "chg_1h": 0.09110593383058324,
      "chg_24h": -0.5248225497881966
    }
  }
}
