{
  "timestamp": 1780063987,
  "usdToBrl": 5.0726,
  "metals": {
    "XAU": {
      "name": "Ouro",
      "usd_oz": 4551.100098,
      "usd_g": 146.32126585925596,
      "brl_oz": 23085.9103571148,
      "brl_g": 742.2292531976618,
      "chg_1h": 0,
      "chg_24h": 1.5326654805910216
    },
    "XAG": {
      "name": "Prata",
      "usd_oz": 75.686996,
      "usd_g": 2.4333934269367594,
      "brl_oz": 383.9298559096,
      "brl_g": 12.343631497479407,
      "chg_1h": 0,
      "chg_24h": 0.6824061147521117
    },
    "XPT": {
      "name": "Platina",
      "usd_oz": 1935,
      "usd_g": 62.21169461029514,
      "brl_oz": 9815.481000000002,
      "brl_g": 315.57504208018315,
      "chg_1h": 0,
      "chg_24h": 0.8863399374348279
    },
    "XPD": {
      "name": "Paládio",
      "usd_oz": 1400,
      "usd_g": 45.01104519607917,
      "brl_oz": 7101.64,
      "brl_g": 228.32302786163123,
      "chg_1h": 0,
      "chg_24h": 0.9372746935832732
    },
    "XCU": {
      "name": "Cobre",
      "usd_oz": 6.16364,
      "usd_g": 0.19816562758025816,
      "brl_oz": 31.265680264000004,
      "brl_g": 1.0052149624636175,
      "chg_1h": 0,
      "chg_24h": -0.18120339850706624
    }
  }
}
