{
  "timestamp": 1781112427,
  "usdToBrl": 5.1907,
  "metals": {
    "XAU": {
      "name": "Ouro",
      "usd_oz": 4113.700195,
      "usd_g": 132.25853242876053,
      "brl_oz": 21352.9836021865,
      "brl_g": 686.5143642779673,
      "chg_1h": 0,
      "chg_24h": -3.768588409954775
    },
    "XAG": {
      "name": "Prata",
      "usd_oz": 64.732002,
      "usd_g": 2.0811821911819193,
      "brl_oz": 336.00440278139996,
      "brl_g": 10.802792399767988,
      "chg_1h": 0,
      "chg_24h": -1.4853564253972182
    },
    "XPT": {
      "name": "Platina",
      "usd_oz": 1690,
      "usd_g": 54.33476170098129,
      "brl_oz": 8772.283,
      "brl_g": 282.03544756128355,
      "chg_1h": 0,
      "chg_24h": -2.424942263279446
    },
    "XPD": {
      "name": "Paládio",
      "usd_oz": 1256,
      "usd_g": 40.381337690196744,
      "brl_oz": 6519.5192,
      "brl_g": 209.60740954850422,
      "chg_1h": 0,
      "chg_24h": 0.23942537909018355
    },
    "XCU": {
      "name": "Cobre",
      "usd_oz": 6.132947,
      "usd_g": 0.19717882471582726,
      "brl_oz": 31.834287992899995,
      "brl_g": 1.0234961254524444,
      "chg_1h": 0,
      "chg_24h": -1.3593801719221341
    }
  }
}
