{
  "timestamp": 1773063490,
  "usdToBrl": 5.2765,
  "metals": {
    "XAU": {
      "name": "Ouro",
      "usd_oz": 5107.399902,
      "usd_g": 164.2067198738374,
      "brl_oz": 26949.195582903,
      "brl_g": 866.4367574143031,
      "chg_1h": 0.19617844768420917,
      "chg_24h": -1.2872071511403147
    },
    "XAG": {
      "name": "Prata",
      "usd_oz": 84.962997,
      "usd_g": 2.7316237842580997,
      "brl_oz": 448.3072536705,
      "brl_g": 14.413412897637864,
      "chg_1h": 1.7118983531741436,
      "chg_24h": 0.43738251540003625
    },
    "XPT": {
      "name": "Platina",
      "usd_oz": 2165,
      "usd_g": 69.60636632107958,
      "brl_oz": 11423.622500000001,
      "brl_g": 367.2779918931764,
      "chg_1h": 1.8823529411764703,
      "chg_24h": 0.46403712296983757
    },
    "XPD": {
      "name": "Paládio",
      "usd_oz": 1666,
      "usd_g": 53.56314378333422,
      "brl_oz": 8790.649000000001,
      "brl_g": 282.62592817276305,
      "chg_1h": 2.208588957055215,
      "chg_24h": 0.9085402786190186
    },
    "XCU": {
      "name": "Cobre",
      "usd_oz": 5.799632,
      "usd_g": 0.18646249862330502,
      "brl_oz": 30.601758248000003,
      "brl_g": 0.983869373985869,
      "chg_1h": 0.17628690650852366,
      "chg_24h": 0.06155901660160363
    }
  }
}
