{
  "timestamp": 1775783160,
  "usdToBrl": 5.0992,
  "metals": {
    "XAU": {
      "name": "Ouro",
      "usd_oz": 4762.100098,
      "usd_g": 153.10507338523647,
      "brl_oz": 24282.9008197216,
      "brl_g": 780.7133902059977,
      "chg_1h": -0.018893596472813582,
      "chg_24h": 1.007508569393832
    },
    "XAG": {
      "name": "Prata",
      "usd_oz": 75.656998,
      "usd_g": 2.432428968841194,
      "brl_oz": 385.79016420159996,
      "brl_g": 12.403441797915017,
      "chg_1h": 0.16549277565780796,
      "chg_24h": 2.4857075463372325
    },
    "XPT": {
      "name": "Platina",
      "usd_oz": 2075,
      "usd_g": 66.71279912990306,
      "brl_oz": 10580.84,
      "brl_g": 340.18190532320165,
      "chg_1h": -0.9546539379474941,
      "chg_24h": 2.015732546705998
    },
    "XPD": {
      "name": "Paládio",
      "usd_oz": 1572,
      "usd_g": 50.54097360588319,
      "brl_oz": 8015.9424,
      "brl_g": 257.71853261111954,
      "chg_1h": 0.25510204081632654,
      "chg_24h": -0.8827238335435058
    },
    "XCU": {
      "name": "Cobre",
      "usd_oz": 5.668015,
      "usd_g": 0.18223091381218193,
      "brl_oz": 28.902342087999997,
      "brl_g": 0.929231875711078,
      "chg_1h": 0.484230594743448,
      "chg_24h": 0.16700347172824367
    }
  }
}
