{
  "timestamp": 1776453481,
  "usdToBrl": 4.9764,
  "metals": {
    "XAU": {
      "name": "Ouro",
      "usd_oz": 4858.100098,
      "usd_g": 156.19154505582475,
      "brl_oz": 24175.8493276872,
      "brl_g": 777.2716048158063,
      "chg_1h": -0.1254080168466516,
      "chg_24h": 1.3476603316991738
    },
    "XAG": {
      "name": "Prata",
      "usd_oz": 81.566002,
      "usd_g": 2.622407858918203,
      "brl_oz": 405.9050523528,
      "brl_g": 13.050150469120545,
      "chg_1h": -0.5062160559318891,
      "chg_24h": 3.562722103536764
    },
    "XPT": {
      "name": "Platina",
      "usd_oz": 2126,
      "usd_g": 68.35248720490308,
      "brl_oz": 10579.8264,
      "brl_g": 340.1493173264797,
      "chg_1h": -0.14091122592766556,
      "chg_24h": 1.0456273764258555
    },
    "XPD": {
      "name": "Paládio",
      "usd_oz": 1589,
      "usd_g": 51.08753629754986,
      "brl_oz": 7907.4996,
      "brl_g": 254.23201563112713,
      "chg_1h": -0.5632040050062578,
      "chg_24h": 0.2523659305993691
    },
    "XCU": {
      "name": "Cobre",
      "usd_oz": 6.005185,
      "usd_g": 0.19307118103272622,
      "brl_oz": 29.884202634,
      "brl_g": 0.9607994252912587,
      "chg_1h": 0.1853998417102752,
      "chg_24h": 0.8466660665873192
    }
  }
}
