{
  "timestamp": 1773696373,
  "usdToBrl": 5.2703,
  "metals": {
    "XAU": {
      "name": "Ouro",
      "usd_oz": 5007.200195,
      "usd_g": 160.9852244878296,
      "brl_oz": 26389.4471877085,
      "brl_g": 848.4404286182083,
      "chg_1h": -0.05189049665028086,
      "chg_24h": -0.24901885599564175
    },
    "XAG": {
      "name": "Prata",
      "usd_oz": 80.876999,
      "usd_g": 2.6002558980801784,
      "brl_oz": 426.2460478297,
      "brl_g": 13.704128659651964,
      "chg_1h": -0.1654133348455645,
      "chg_24h": 0.22553937666522672
    },
    "XPT": {
      "name": "Platina",
      "usd_oz": 2127,
      "usd_g": 68.38463795147172,
      "brl_oz": 11209.9281,
      "brl_g": 360.4075573956414,
      "chg_1h": -0.14084507042253522,
      "chg_24h": 4.418262150220913
    },
    "XPD": {
      "name": "Paládio",
      "usd_oz": 1636,
      "usd_g": 52.598621386275376,
      "brl_oz": 8622.210799999999,
      "brl_g": 277.2105142920871,
      "chg_1h": -0.18303843807199513,
      "chg_24h": 3.807106598984772
    },
    "XCU": {
      "name": "Cobre",
      "usd_oz": 5.833047,
      "usd_g": 0.18753681581989573,
      "brl_oz": 30.741907604099996,
      "brl_g": 0.9883752804155964,
      "chg_1h": 0,
      "chg_24h": -0.6699318914213483
    }
  }
}
