{
  "timestamp": 1784559342,
  "usdToBrl": 5.1043,
  "metals": {
    "XAU": {
      "name": "Ouro",
      "usd_oz": 4009.5,
      "usd_g": 128.90841836691388,
      "brl_oz": 20465.690850000003,
      "brl_g": 657.9872398702386,
      "chg_1h": 0,
      "chg_24h": -0.24382476750990992
    },
    "XAG": {
      "name": "Prata",
      "usd_oz": 56.952999,
      "usd_g": 1.8310814371723227,
      "brl_oz": 290.7051927957,
      "brl_g": 9.346388979758688,
      "chg_1h": 0,
      "chg_24h": 1.5566993025428173
    },
    "XPT": {
      "name": "Platina",
      "usd_oz": 1599,
      "usd_g": 51.40904376323614,
      "brl_oz": 8161.7757,
      "brl_g": 262.40718208068625,
      "chg_1h": 0,
      "chg_24h": -0.0625
    },
    "XPD": {
      "name": "Paládio",
      "usd_oz": 1292,
      "usd_g": 41.53876456666735,
      "brl_oz": 6594.7556,
      "brl_g": 212.0263159776402,
      "chg_1h": 0,
      "chg_24h": 1.7322834645669292
    },
    "XCU": {
      "name": "Cobre",
      "usd_oz": 6.133098,
      "usd_g": 0.19718367947855914,
      "brl_oz": 31.305172121400005,
      "brl_g": 1.0064846551624094,
      "chg_1h": 0,
      "chg_24h": 0.3354057752221882
    }
  }
}
