{
  "timestamp": 1777311543,
  "usdToBrl": 4.9681,
  "metals": {
    "XAU": {
      "name": "Ouro",
      "usd_oz": 4684.799805,
      "usd_g": 150.61981125531278,
      "brl_oz": 23274.553911220497,
      "brl_g": 748.2942842975194,
      "chg_1h": 0.314762139815697,
      "chg_24h": -0.5519232630604222
    },
    "XAG": {
      "name": "Prata",
      "usd_oz": 75.329002,
      "usd_g": 2.4218836525696705,
      "brl_oz": 374.2420148362,
      "brl_g": 12.032160174331379,
      "chg_1h": 0.48556795761051386,
      "chg_24h": -0.6305446809733254
    },
    "XPT": {
      "name": "Platina",
      "usd_oz": 2000,
      "usd_g": 64.30149313725596,
      "brl_oz": 9936.199999999999,
      "brl_g": 319.45624805520134,
      "chg_1h": 0.2004008016032064,
      "chg_24h": -1.0880316518298714
    },
    "XPD": {
      "name": "Paládio",
      "usd_oz": 1502,
      "usd_g": 48.29042134607923,
      "brl_oz": 7462.0862,
      "brl_g": 239.9116422894562,
      "chg_1h": 0.6028131279303416,
      "chg_24h": -1.4435695538057742
    },
    "XCU": {
      "name": "Cobre",
      "usd_oz": 5.978347,
      "usd_g": 0.1922083192963174,
      "brl_oz": 29.7010257307,
      "brl_g": 0.9549101510960344,
      "chg_1h": 0.2522594856810983,
      "chg_24h": -0.668463436302815
    }
  }
}
