{
  "timestamp": 1781540998,
  "usdToBrl": 5.0498,
  "metals": {
    "XAU": {
      "name": "Ouro",
      "usd_oz": 4343.399902,
      "usd_g": 139.6435494954056,
      "brl_oz": 21933.3008251196,
      "brl_g": 705.1719962418993,
      "chg_1h": 0,
      "chg_24h": 2.916856685256285
    },
    "XAG": {
      "name": "Prata",
      "usd_oz": 70.431,
      "usd_g": 2.2644092315750375,
      "brl_oz": 355.6624638,
      "brl_g": 11.434813737607625,
      "chg_1h": 0,
      "chg_24h": 3.3364174871669023
    },
    "XPT": {
      "name": "Platina",
      "usd_oz": 1780,
      "usd_g": 57.228328892157805,
      "brl_oz": 8988.644,
      "brl_g": 288.9916152396185,
      "chg_1h": 0,
      "chg_24h": 3.1286210892236386
    },
    "XPD": {
      "name": "Paládio",
      "usd_oz": 1377,
      "usd_g": 44.27157802500073,
      "brl_oz": 6953.574600000001,
      "brl_g": 223.5626147106487,
      "chg_1h": 0,
      "chg_24h": 5.275229357798166
    },
    "XCU": {
      "name": "Cobre",
      "usd_oz": 6.184505,
      "usd_g": 0.1988364529074126,
      "brl_oz": 31.230513349,
      "brl_g": 1.004084319891852,
      "chg_1h": 0,
      "chg_24h": 0.7515018225507529
    }
  }
}
