{
  "timestamp": 1776208211,
  "usdToBrl": 4.9815,
  "metals": {
    "XAU": {
      "name": "Ouro",
      "usd_oz": 4840.799805,
      "usd_g": 155.63532772001875,
      "brl_oz": 24114.444228607495,
      "brl_g": 775.2973850372733,
      "chg_1h": -0.04129842406318508,
      "chg_24h": 1.5737127673998048
    },
    "XAG": {
      "name": "Prata",
      "usd_oz": 79.612,
      "usd_g": 2.5595852358216105,
      "brl_oz": 396.58717799999994,
      "brl_g": 12.750573852245351,
      "chg_1h": -0.030139634583878368,
      "chg_24h": 4.712676803754835
    },
    "XPT": {
      "name": "Platina",
      "usd_oz": 2107,
      "usd_g": 67.74162302009915,
      "brl_oz": 10496.020499999999,
      "brl_g": 337.4548950746239,
      "chg_1h": -0.04743833017077799,
      "chg_24h": 0.9099616858237548
    },
    "XPD": {
      "name": "Paládio",
      "usd_oz": 1606,
      "usd_g": 51.63409898921654,
      "brl_oz": 8000.289,
      "brl_g": 257.21526411478214,
      "chg_1h": 0.4377736085053158,
      "chg_24h": -0.12437810945273632
    },
    "XCU": {
      "name": "Cobre",
      "usd_oz": 5.938734,
      "usd_g": 0.19093473177249434,
      "brl_oz": 29.583803421,
      "brl_g": 0.9511413663246805,
      "chg_1h": 0,
      "chg_24h": 3.299289483351698
    }
  }
}
