{
  "timestamp": 1775750705,
  "usdToBrl": 5.0992,
  "metals": {
    "XAU": {
      "name": "Ouro",
      "usd_oz": 4799.200195,
      "usd_g": 154.297869201555,
      "brl_oz": 24472.081634344002,
      "brl_g": 786.7956946325692,
      "chg_1h": 0.707170181512965,
      "chg_24h": 0.825653770229226
    },
    "XAG": {
      "name": "Prata",
      "usd_oz": 76.185997,
      "usd_g": 2.4494366816252517,
      "brl_oz": 388.4876359024,
      "brl_g": 12.490167526943482,
      "chg_1h": 1.7699429609542967,
      "chg_24h": 0.6686006871035856
    },
    "XPT": {
      "name": "Platina",
      "usd_oz": 2119,
      "usd_g": 68.12743197892269,
      "brl_oz": 10805.2048,
      "brl_g": 347.39540114692255,
      "chg_1h": 3.214807598636142,
      "chg_24h": 3.1143552311435525
    },
    "XPD": {
      "name": "Paládio",
      "usd_oz": 1588,
      "usd_g": 51.055385550981235,
      "brl_oz": 8097.5296,
      "brl_g": 260.3416220015635,
      "chg_1h": 1.4696485623003195,
      "chg_24h": -0.9357454772301934
    },
    "XCU": {
      "name": "Cobre",
      "usd_oz": 5.668695,
      "usd_g": 0.18225277631984857,
      "brl_oz": 28.905809543999997,
      "brl_g": 0.9293433570101718,
      "chg_1h": 0.1696561322360076,
      "chg_24h": 0.20044702869096398
    }
  }
}
