{
  "timestamp": 1771881206,
  "usdToBrl": 5.1815,
  "metals": {
    "XAU": {
      "name": "Ouro",
      "usd_oz": 5235.799805,
      "usd_g": 168.3348726146268,
      "brl_oz": 27129.296689607498,
      "brl_g": 872.2271424526887,
      "chg_1h": 0.19710659267055114,
      "chg_24h": 2.5039625962505703
    },
    "XAG": {
      "name": "Prata",
      "usd_oz": 88.833,
      "usd_g": 2.8560472699309294,
      "brl_oz": 460.2881895,
      "brl_g": 14.79860892914711,
      "chg_1h": 0.5444166700612338,
      "chg_24h": 4.7979154943953475
    },
    "XPT": {
      "name": "Platina",
      "usd_oz": 2170,
      "usd_g": 69.76712005392272,
      "brl_oz": 11243.855,
      "brl_g": 361.4983325594006,
      "chg_1h": 0.27726432532347506,
      "chg_24h": 0.1384402399630826
    },
    "XPD": {
      "name": "Paládio",
      "usd_oz": 1766,
      "usd_g": 56.778218440197016,
      "brl_oz": 9150.529,
      "brl_g": 294.19633884788084,
      "chg_1h": 0.22701475595913734,
      "chg_24h": -0.9534492428491307
    },
    "XCU": {
      "name": "Cobre",
      "usd_oz": 5.790243,
      "usd_g": 0.1861606352637722,
      "brl_oz": 30.0021441045,
      "brl_g": 0.9645913316192356,
      "chg_1h": 0,
      "chg_24h": 0.3626771201245752
    }
  }
}
