{
  "timestamp": 1774824822,
  "usdToBrl": 5.2561,
  "metals": {
    "XAU": {
      "name": "Ouro",
      "usd_oz": 4489.899902,
      "usd_g": 144.35363386770962,
      "brl_oz": 23599.3628749022,
      "brl_g": 758.7371349720685,
      "chg_1h": -0.11346157953281176,
      "chg_24h": -0.11346157953281176
    },
    "XAG": {
      "name": "Prata",
      "usd_oz": 68.830002,
      "usd_g": 2.2129359506201567,
      "brl_oz": 361.7773735122,
      "brl_g": 11.631412650054605,
      "chg_1h": -1.4941165312689244,
      "chg_24h": -1.4941165312689244
    },
    "XPT": {
      "name": "Platina",
      "usd_oz": 1854,
      "usd_g": 59.60748413823628,
      "brl_oz": 9744.8094,
      "brl_g": 313.3028973789837,
      "chg_1h": -1.014415376401495,
      "chg_24h": -1.014415376401495
    },
    "XPD": {
      "name": "Paládio",
      "usd_oz": 1393,
      "usd_g": 44.785989970098775,
      "brl_oz": 7321.7473,
      "brl_g": 235.39964188183617,
      "chg_1h": -0.7127583749109052,
      "chg_24h": -0.7127583749109052
    },
    "XCU": {
      "name": "Cobre",
      "usd_oz": 5.446647,
      "usd_g": 0.17511376734577788,
      "brl_oz": 28.628121296699998,
      "brl_g": 0.9204154725461431,
      "chg_1h": 0,
      "chg_24h": -0.7318832602732057
    }
  }
}
