{
  "timestamp": 1778850012,
  "usdToBrl": 4.997,
  "metals": {
    "XAU": {
      "name": "Ouro",
      "usd_oz": 4552.899902,
      "usd_g": 146.3791309015332,
      "brl_oz": 22750.840810294,
      "brl_g": 731.4565171149613,
      "chg_1h": 0,
      "chg_24h": -3.1565717813224965
    },
    "XAG": {
      "name": "Prata",
      "usd_oz": 77.588997,
      "usd_g": 2.494544179061037,
      "brl_oz": 387.712218009,
      "brl_g": 12.465237262768001,
      "chg_1h": 0,
      "chg_24h": -10.764931537968172
    },
    "XPT": {
      "name": "Platina",
      "usd_oz": 1985,
      "usd_g": 63.819231938726546,
      "brl_oz": 9919.045,
      "brl_g": 318.9047019978165,
      "chg_1h": 0,
      "chg_24h": -5.611031859248692
    },
    "XPD": {
      "name": "Paládio",
      "usd_oz": 1445,
      "usd_g": 46.45782879166743,
      "brl_oz": 7220.665,
      "brl_g": 232.14977047196214,
      "chg_1h": 0,
      "chg_24h": -2.889784946236559
    },
    "XCU": {
      "name": "Cobre",
      "usd_oz": 6.186697,
      "usd_g": 0.198906927343891,
      "brl_oz": 30.914924908999996,
      "brl_g": 0.9939379159374233,
      "chg_1h": 0,
      "chg_24h": -2.3390215838649286
    }
  }
}
