{
  "timestamp": 1776737290,
  "usdToBrl": 4.9831,
  "metals": {
    "XAU": {
      "name": "Ouro",
      "usd_oz": 4809.700195,
      "usd_g": 154.6354520405256,
      "brl_oz": 23967.2170417045,
      "brl_g": 770.5639210631431,
      "chg_1h": 0,
      "chg_24h": 0.33796171899447897
    },
    "XAG": {
      "name": "Prata",
      "usd_oz": 79.549004,
      "usd_g": 2.5575598673907733,
      "brl_oz": 396.4006418324,
      "brl_g": 12.744576575194964,
      "chg_1h": 0,
      "chg_24h": -0.8376821426100187
    },
    "XPT": {
      "name": "Platina",
      "usd_oz": 2089,
      "usd_g": 67.16290958186386,
      "brl_oz": 10409.6959,
      "brl_g": 334.6794947373858,
      "chg_1h": 0,
      "chg_24h": -0.6657156443176415
    },
    "XPD": {
      "name": "Paládio",
      "usd_oz": 1577,
      "usd_g": 50.70172733872633,
      "brl_oz": 7858.3487000000005,
      "brl_g": 252.65177750160717,
      "chg_1h": 0,
      "chg_24h": -0.1266624445851805
    },
    "XCU": {
      "name": "Cobre",
      "usd_oz": 5.943119,
      "usd_g": 0.19107571279619776,
      "brl_oz": 29.615156288900003,
      "brl_g": 0.9521493844347331,
      "chg_1h": 0,
      "chg_24h": -0.6043562283261033
    }
  }
}
