{
  "timestamp": 1781473792,
  "usdToBrl": 5.1073,
  "metals": {
    "XAU": {
      "name": "Ouro",
      "usd_oz": 4220.299805,
      "usd_g": 135.68578947418507,
      "brl_oz": 21554.3371940765,
      "brl_g": 692.9880325815054,
      "chg_1h": 0,
      "chg_24h": 0
    },
    "XAG": {
      "name": "Prata",
      "usd_oz": 68.156998,
      "usd_g": 2.1912983695764843,
      "brl_oz": 348.0982358854,
      "brl_g": 11.19161816293798,
      "chg_1h": 0,
      "chg_24h": 0
    },
    "XPT": {
      "name": "Platina",
      "usd_oz": 1726,
      "usd_g": 55.4921885774519,
      "brl_oz": 8815.1998,
      "brl_g": 283.4152547216201,
      "chg_1h": 0,
      "chg_24h": 0
    },
    "XPD": {
      "name": "Paládio",
      "usd_oz": 1308,
      "usd_g": 42.0531765117654,
      "brl_oz": 6680.348400000001,
      "brl_g": 214.77818839853944,
      "chg_1h": 0,
      "chg_24h": 0
    },
    "XCU": {
      "name": "Cobre",
      "usd_oz": 6.130513,
      "usd_g": 0.1971005697986792,
      "brl_oz": 31.3103690449,
      "brl_g": 1.0066517401327943,
      "chg_1h": 0,
      "chg_24h": -0.12807949986764017
    }
  }
}
