{
  "timestamp": 1779926343,
  "usdToBrl": 5.0458,
  "metals": {
    "XAU": {
      "name": "Ouro",
      "usd_oz": 4449.299805,
      "usd_g": 143.04831043840088,
      "brl_oz": 22450.276956068996,
      "brl_g": 721.7931648100831,
      "chg_1h": -0.22202165336962848,
      "chg_24h": -1.492248479866189
    },
    "XAG": {
      "name": "Prata",
      "usd_oz": 74.672997,
      "usd_g": 2.4007926020669172,
      "brl_oz": 376.78500826259994,
      "brl_g": 12.113919311509251,
      "chg_1h": -0.1924749696930642,
      "chg_24h": -3.5332266768251346
    },
    "XPT": {
      "name": "Platina",
      "usd_oz": 1934,
      "usd_g": 62.179543863726515,
      "brl_oz": 9758.5772,
      "brl_g": 313.74554242759126,
      "chg_1h": -0.10330578512396695,
      "chg_24h": -1.9269776876267748
    },
    "XPD": {
      "name": "Paládio",
      "usd_oz": 1408,
      "usd_g": 45.2682511686282,
      "brl_oz": 7104.4864,
      "brl_g": 228.41454174666416,
      "chg_1h": -0.14184397163120568,
      "chg_24h": -0.3538570417551309
    },
    "XCU": {
      "name": "Cobre",
      "usd_oz": 6.161136,
      "usd_g": 0.19808512211085033,
      "brl_oz": 31.087860028799998,
      "brl_g": 0.9994979091469286,
      "chg_1h": 0,
      "chg_24h": 0.30016126464299125
    }
  }
}
