{
  "timestamp": 1782966769,
  "usdToBrl": 5.1874,
  "metals": {
    "XAU": {
      "name": "Ouro",
      "usd_oz": 4064.399902,
      "usd_g": 130.6734912027584,
      "brl_oz": 21083.668051634802,
      "brl_g": 677.855668265189,
      "chg_1h": 0,
      "chg_24h": 2.0616189636593645
    },
    "XAG": {
      "name": "Prata",
      "usd_oz": 60.215,
      "usd_g": 1.935957204629934,
      "brl_oz": 312.35929100000004,
      "brl_g": 10.04258440329732,
      "chg_1h": 0,
      "chg_24h": 4.034206910259043
    },
    "XPT": {
      "name": "Platina",
      "usd_oz": 1619,
      "usd_g": 52.052058694608704,
      "brl_oz": 8398.4006,
      "brl_g": 270.0148492724132,
      "chg_1h": 0,
      "chg_24h": 4.92546986390149
    },
    "XPD": {
      "name": "Paládio",
      "usd_oz": 1249,
      "usd_g": 40.156282464216346,
      "brl_oz": 6479.0626,
      "brl_g": 208.30669965487587,
      "chg_1h": 0,
      "chg_24h": 2.042483660130719
    },
    "XCU": {
      "name": "Cobre",
      "usd_oz": 6.000347,
      "usd_g": 0.19291563572082718,
      "brl_oz": 31.1262000278,
      "brl_g": 1.0007305687382189,
      "chg_1h": 0,
      "chg_24h": -0.11954998469421028
    }
  }
}
