{
  "timestamp": 1770768311,
  "usdToBrl": 5.2067,
  "metals": {
    "XAU": {
      "name": "Ouro",
      "usd_oz": 5041.700195,
      "usd_g": 162.09442524444728,
      "brl_oz": 26250.6204053065,
      "brl_g": 843.9770439202636,
      "chg_1h": 0.2964190056898576,
      "chg_24h": 0.3323421890547333
    },
    "XAG": {
      "name": "Prata",
      "usd_oz": 81.528999,
      "usd_g": 2.621218184842924,
      "brl_oz": 424.4970390933,
      "brl_g": 13.64789672302165,
      "chg_1h": 0.7227206463727963,
      "chg_24h": 0.2644021842092798
    },
    "XPT": {
      "name": "Platina",
      "usd_oz": 2099,
      "usd_g": 67.48441704755014,
      "brl_oz": 10928.863299999999,
      "brl_g": 351.3711142414793,
      "chg_1h": 0.1909307875894988,
      "chg_24h": 0.574988021082894
    },
    "XPD": {
      "name": "Paládio",
      "usd_oz": 1735,
      "usd_g": 55.78154529656955,
      "brl_oz": 9033.6245,
      "brl_g": 290.43777189564867,
      "chg_1h": 0.2310803004043905,
      "chg_24h": 0.5214368482039398
    },
    "XCU": {
      "name": "Cobre",
      "usd_oz": 5.892141,
      "usd_g": 0.18943673203762224,
      "brl_oz": 30.678610544699996,
      "brl_g": 0.9863402327002876,
      "chg_1h": 0,
      "chg_24h": 0.4493860237877871
    }
  }
}
