{
  "timestamp": 1775758483,
  "usdToBrl": 5.0992,
  "metals": {
    "XAU": {
      "name": "Ouro",
      "usd_oz": 4783.200195,
      "usd_g": 153.78345725645696,
      "brl_oz": 24390.494434344,
      "brl_g": 784.1726052421253,
      "chg_1h": -0.29806784783740803,
      "chg_24h": 0.8922418501634132
    },
    "XAG": {
      "name": "Prata",
      "usd_oz": 76.093002,
      "usd_g": 2.446446822948102,
      "brl_oz": 388.0134357984,
      "brl_g": 12.47492163957696,
      "chg_1h": -0.47348112030654943,
      "chg_24h": 0.8308363701201955
    },
    "XPT": {
      "name": "Platina",
      "usd_oz": 2110,
      "usd_g": 67.83807525980504,
      "brl_oz": 10759.312,
      "brl_g": 345.9199133647978,
      "chg_1h": -0.2364066193853428,
      "chg_24h": 1.883148237566393
    },
    "XPD": {
      "name": "Paládio",
      "usd_oz": 1582,
      "usd_g": 50.86248107156947,
      "brl_oz": 8066.934399999999,
      "brl_g": 259.357963480147,
      "chg_1h": -0.315059861373661,
      "chg_24h": -1.5556938394523958
    },
    "XCU": {
      "name": "Cobre",
      "usd_oz": 5.669685,
      "usd_g": 0.18228460555895154,
      "brl_oz": 28.910857752,
      "brl_g": 0.9295056606662057,
      "chg_1h": -0.06516395335268874,
      "chg_24h": 0.1269581470786087
    }
  }
}
