{
  "timestamp": 1772202226,
  "usdToBrl": 5.1258,
  "metals": {
    "XAU": {
      "name": "Ouro",
      "usd_oz": 5234.700195,
      "usd_g": 168.2995193321925,
      "brl_oz": 26832.026259531,
      "brl_g": 862.6696761929522,
      "chg_1h": 0.3219742293937213,
      "chg_24h": 1.3043638368879336
    },
    "XAG": {
      "name": "Prata",
      "usd_oz": 92.331001,
      "usd_g": 2.968510613578737,
      "brl_oz": 473.2702449258,
      "brl_g": 15.215991703081889,
      "chg_1h": 0.4602472187485556,
      "chg_24h": 6.227711247701418
    },
    "XPT": {
      "name": "Platina",
      "usd_oz": 2373,
      "usd_g": 76.2937216073542,
      "brl_oz": 12163.5234,
      "brl_g": 391.06635821497616,
      "chg_1h": -0.4614093959731544,
      "chg_24h": 5.279503105590062
    },
    "XPD": {
      "name": "Paládio",
      "usd_oz": 1813,
      "usd_g": 58.28930352892253,
      "brl_oz": 9293.0754,
      "brl_g": 298.7793120285511,
      "chg_1h": -1.037117903930131,
      "chg_24h": 1.4549524342473419
    },
    "XCU": {
      "name": "Cobre",
      "usd_oz": 6.061506,
      "usd_g": 0.1948819432302179,
      "brl_oz": 31.070067454799997,
      "brl_g": 0.9989258646094509,
      "chg_1h": -0.09594010673893259,
      "chg_24h": 1.7525629903389204
    }
  }
}
