{
  "timestamp": 1772418812,
  "usdToBrl": 5.1556,
  "metals": {
    "XAU": {
      "name": "Ouro",
      "usd_oz": 5332,
      "usd_g": 171.42778070392438,
      "brl_oz": 27489.6592,
      "brl_g": 883.8130661971525,
      "chg_1h": 0,
      "chg_24h": 0.9810197168101815
    },
    "XAG": {
      "name": "Prata",
      "usd_oz": 93.556999,
      "usd_g": 3.0079273645703815,
      "brl_oz": 482.3424640444,
      "brl_g": 15.507670320779058,
      "chg_1h": 0,
      "chg_24h": -0.3801371427035616
    },
    "XPT": {
      "name": "Platina",
      "usd_oz": 2361,
      "usd_g": 75.90791264853067,
      "brl_oz": 12172.371599999999,
      "brl_g": 391.3508344507647,
      "chg_1h": 0,
      "chg_24h": -0.42176296921130324
    },
    "XPD": {
      "name": "Paládio",
      "usd_oz": 1821,
      "usd_g": 58.546509501471554,
      "brl_oz": 9388.3476,
      "brl_g": 301.8423843857867,
      "chg_1h": 0,
      "chg_24h": 0.5521811154058531
    },
    "XCU": {
      "name": "Cobre",
      "usd_oz": 6.053568,
      "usd_g": 0.19462673060395616,
      "brl_oz": 31.2097751808,
      "brl_g": 1.0034175723017564,
      "chg_1h": 0,
      "chg_24h": -0.5613248923245715
    }
  }
}
