{
  "timestamp": 1772460636,
  "usdToBrl": 5.1556,
  "metals": {
    "XAU": {
      "name": "Ouro",
      "usd_oz": 5383.799805,
      "usd_g": 173.09318310678373,
      "brl_oz": 27756.718274657997,
      "brl_g": 892.3992148253342,
      "chg_1h": -0.14467491761664106,
      "chg_24h": 1.962039433620363
    },
    "XAG": {
      "name": "Prata",
      "usd_oz": 93.384003,
      "usd_g": 3.0023654140169955,
      "brl_oz": 481.4505658668,
      "brl_g": 15.478995128506021,
      "chg_1h": -1.2979294381262292,
      "chg_24h": -0.5643439682651706
    },
    "XPT": {
      "name": "Platina",
      "usd_oz": 2332,
      "usd_g": 74.97554099804046,
      "brl_oz": 12022.859199999999,
      "brl_g": 386.54389916949737,
      "chg_1h": -0.6391137622496805,
      "chg_24h": -1.6448755799240826
    },
    "XPD": {
      "name": "Paládio",
      "usd_oz": 1801,
      "usd_g": 57.90349457009899,
      "brl_oz": 9285.2356,
      "brl_g": 298.52725660560236,
      "chg_1h": 0.5583472920156337,
      "chg_24h": -0.5521811154058531
    },
    "XCU": {
      "name": "Cobre",
      "usd_oz": 6.048503,
      "usd_g": 0.19446388707258605,
      "brl_oz": 31.1836620668,
      "brl_g": 1.0025780161914246,
      "chg_1h": -0.16845172791761676,
      "chg_24h": -0.6445248975810394
    }
  }
}
