{
  "timestamp": 1775593670,
  "usdToBrl": 5.1489,
  "metals": {
    "XAU": {
      "name": "Ouro",
      "usd_oz": 4706.600098,
      "usd_g": 151.32070695067762,
      "brl_oz": 24233.813244592202,
      "brl_g": 779.135188018344,
      "chg_1h": 0.3860530660125816,
      "chg_24h": 1.093281372685114
    },
    "XAG": {
      "name": "Prata",
      "usd_oz": 73.026001,
      "usd_g": 2.3478404510713733,
      "brl_oz": 376.0035765489,
      "brl_g": 12.088795698521395,
      "chg_1h": 0.6977440994654069,
      "chg_24h": -0.12172194821096242
    },
    "XPT": {
      "name": "Platina",
      "usd_oz": 1969,
      "usd_g": 63.30481999362849,
      "brl_oz": 10138.1841,
      "brl_g": 325.95018766519377,
      "chg_1h": 0.5617977528089888,
      "chg_24h": -1.1049723756906076
    },
    "XPD": {
      "name": "Paládio",
      "usd_oz": 1494,
      "usd_g": 48.033215373530204,
      "brl_oz": 7692.4566,
      "brl_g": 247.3182226367697,
      "chg_1h": 0.6738544474393532,
      "chg_24h": -0.8626410086264101
    },
    "XCU": {
      "name": "Cobre",
      "usd_oz": 5.53201,
      "usd_g": 0.17785825152511567,
      "brl_oz": 28.483766289,
      "brl_g": 0.9157743512776682,
      "chg_1h": 0,
      "chg_24h": 0.1501888041270717
    }
  }
}
