{
  "timestamp": 1771932312,
  "usdToBrl": 5.1815,
  "metals": {
    "XAU": {
      "name": "Ouro",
      "usd_oz": 5172.899902,
      "usd_g": 166.31259377408253,
      "brl_oz": 26803.380842213,
      "brl_g": 861.7487046404086,
      "chg_1h": -0.11585472037570962,
      "chg_24h": 0.45441114671327526
    },
    "XAG": {
      "name": "Prata",
      "usd_oz": 87.987,
      "usd_g": 2.82884773833387,
      "brl_oz": 455.90464049999997,
      "brl_g": 14.657674556176948,
      "chg_1h": -0.751243612737314,
      "chg_24h": 1.6203917582925154
    },
    "XPT": {
      "name": "Platina",
      "usd_oz": 2170,
      "usd_g": 69.76712005392272,
      "brl_oz": 11243.855,
      "brl_g": 361.4983325594006,
      "chg_1h": -0.13805798435342845,
      "chg_24h": 0.41647385469689957
    },
    "XPD": {
      "name": "Paládio",
      "usd_oz": 1784,
      "usd_g": 57.35693187843232,
      "brl_oz": 9243.796,
      "brl_g": 297.19494252809704,
      "chg_1h": -0.05602240896358543,
      "chg_24h": -0.22371364653243847
    },
    "XCU": {
      "name": "Cobre",
      "usd_oz": 5.826923,
      "usd_g": 0.18733992464790947,
      "brl_oz": 30.192201524499996,
      "brl_g": 0.9707018195631428,
      "chg_1h": 0.2262559795547451,
      "chg_24h": 0.8782077339480896
    }
  }
}
