{
  "timestamp": 1771252906,
  "usdToBrl": 5.2197,
  "metals": {
    "XAU": {
      "name": "Ouro",
      "usd_oz": 4991.399902,
      "usd_g": 160.47723327187654,
      "brl_oz": 26053.6100684694,
      "brl_g": 837.6430145092139,
      "chg_1h": -0.12206299149574566,
      "chg_24h": -1.0271314046060833
    },
    "XAG": {
      "name": "Prata",
      "usd_oz": 76.926003,
      "usd_g": 2.4732284269905156,
      "brl_oz": 401.53065785909996,
      "brl_g": 12.909510420362393,
      "chg_1h": -0.13759866386953531,
      "chg_24h": -0.8302140002578302
    },
    "XPT": {
      "name": "Platina",
      "usd_oz": 2030,
      "usd_g": 65.2660155343148,
      "brl_oz": 10595.991,
      "brl_g": 340.66902128446293,
      "chg_1h": -0.2457002457002457,
      "chg_24h": -2.0742884708152434
    },
    "XPD": {
      "name": "Paládio",
      "usd_oz": 1716,
      "usd_g": 55.17068111176562,
      "brl_oz": 8957.0052,
      "brl_g": 287.974404199083,
      "chg_1h": 0.11668611435239205,
      "chg_24h": -0.11641443538998836
    },
    "XCU": {
      "name": "Cobre",
      "usd_oz": 5.775592,
      "usd_g": 0.1856895946757952,
      "brl_oz": 30.146857562399994,
      "brl_g": 0.9692439773292482,
      "chg_1h": 0.1507569580734619,
      "chg_24h": -1.7323282644322182
    }
  }
}
