{
  "timestamp": 1771977021,
  "usdToBrl": 5.1769,
  "metals": {
    "XAU": {
      "name": "Ouro",
      "usd_oz": 5151.299805,
      "usd_g": 165.61813452957773,
      "brl_oz": 26667.763960504497,
      "brl_g": 857.388520646171,
      "chg_1h": 0.1321762076003431,
      "chg_24h": -1.6608442288270286
    },
    "XAG": {
      "name": "Prata",
      "usd_oz": 87.433998,
      "usd_g": 2.811068311179926,
      "brl_oz": 452.6370642462,
      "brl_g": 14.552619540147358,
      "chg_1h": 0.19366183686084665,
      "chg_24h": -0.9852362182320561
    },
    "XPT": {
      "name": "Platina",
      "usd_oz": 2176,
      "usd_g": 69.96002453333449,
      "brl_oz": 11264.9344,
      "brl_g": 362.17605100661933,
      "chg_1h": 0.23030861354214646,
      "chg_24h": 0.6941230911614993
    },
    "XPD": {
      "name": "Paládio",
      "usd_oz": 1807,
      "usd_g": 58.096399049510765,
      "brl_oz": 9354.6583,
      "brl_g": 300.7592482394123,
      "chg_1h": 0.1662971175166297,
      "chg_24h": 2.6704545454545454
    },
    "XCU": {
      "name": "Cobre",
      "usd_oz": 5.862064,
      "usd_g": 0.18846973403307762,
      "brl_oz": 30.3473191216,
      "brl_g": 0.9756889661158396,
      "chg_1h": 0,
      "chg_24h": 1.2403797215419095
    }
  }
}
