{
  "timestamp": 1784725532,
  "usdToBrl": 5.0794,
  "metals": {
    "XAU": {
      "name": "Ouro",
      "usd_oz": 4120.399902,
      "usd_g": 132.47393301060157,
      "brl_oz": 20929.1592622188,
      "brl_g": 672.8880953340496,
      "chg_1h": 0.014566168950058,
      "chg_24h": 1.5702406332590026
    },
    "XAG": {
      "name": "Prata",
      "usd_oz": 59.433998,
      "usd_g": 1.9108474072583423,
      "brl_oz": 301.8890494412,
      "brl_g": 9.705958320428023,
      "chg_1h": -0.04540959696960103,
      "chg_24h": 0.5124164902941603
    },
    "XPT": {
      "name": "Platina",
      "usd_oz": 1651,
      "usd_g": 53.0808825848048,
      "brl_oz": 8386.089399999999,
      "brl_g": 269.6190350012575,
      "chg_1h": -0.4221954161640531,
      "chg_24h": 1.5375153751537516
    },
    "XPD": {
      "name": "Paládio",
      "usd_oz": 1335,
      "usd_g": 42.921246669118354,
      "brl_oz": 6780.999,
      "brl_g": 218.01418033111975,
      "chg_1h": 0.15003750937734434,
      "chg_24h": 3.088803088803089
    },
    "XCU": {
      "name": "Cobre",
      "usd_oz": 6.278399,
      "usd_g": 0.20185521510572735,
      "brl_oz": 31.8904998806,
      "brl_g": 1.0253033796080315,
      "chg_1h": 0,
      "chg_24h": 0.4754597324334844
    }
  }
}
