{
  "timestamp": 1771619180,
  "usdToBrl": 5.2144,
  "metals": {
    "XAU": {
      "name": "Ouro",
      "usd_oz": 5087.299805,
      "usd_g": 163.56048674918554,
      "brl_oz": 26527.216103192,
      "brl_g": 852.8698021049531,
      "chg_1h": 0.256192982274921,
      "chg_24h": 1.7643116815221602
    },
    "XAG": {
      "name": "Prata",
      "usd_oz": 84.096001,
      "usd_g": 2.703749215586085,
      "brl_oz": 438.5101876144,
      "brl_g": 14.098429909752083,
      "chg_1h": 1.2460770245750852,
      "chg_24h": 7.125935735725664
    },
    "XPT": {
      "name": "Platina",
      "usd_oz": 2175,
      "usd_g": 69.92787378676586,
      "brl_oz": 11341.320000000002,
      "brl_g": 364.6319050737119,
      "chg_1h": 0.18424689083371718,
      "chg_24h": 4.718343765045739
    },
    "XPD": {
      "name": "Paládio",
      "usd_oz": 1784,
      "usd_g": 57.35693187843232,
      "brl_oz": 9302.4896,
      "brl_g": 299.08198558689753,
      "chg_1h": 0.22471910112359553,
      "chg_24h": 4.7563123899001765
    },
    "XCU": {
      "name": "Cobre",
      "usd_oz": 5.769319,
      "usd_g": 0.18548791304257023,
      "brl_oz": 30.083536993600003,
      "brl_g": 0.9672081737691782,
      "chg_1h": 0.4669915656973269,
      "chg_24h": 0.9057579389149029
    }
  }
}
