{
  "timestamp": 1772618699,
  "usdToBrl": 5.2434,
  "metals": {
    "XAU": {
      "name": "Ouro",
      "usd_oz": 5184.899902,
      "usd_g": 166.69840273290606,
      "brl_oz": 27186.504146146803,
      "brl_g": 874.0664048897197,
      "chg_1h": 0.1351899444270099,
      "chg_24h": -1.6073363144225405
    },
    "XAG": {
      "name": "Prata",
      "usd_oz": 86.529999,
      "usd_g": 2.7820040684326326,
      "brl_oz": 453.71139675660004,
      "brl_g": 14.587160132419667,
      "chg_1h": 0.9790957981796108,
      "chg_24h": 2.679414182192876
    },
    "XPT": {
      "name": "Platina",
      "usd_oz": 2185,
      "usd_g": 70.24938125245214,
      "brl_oz": 11456.829,
      "brl_g": 368.34560565910755,
      "chg_1h": 0.6912442396313364,
      "chg_24h": 2.534021586109808
    },
    "XPD": {
      "name": "Paládio",
      "usd_oz": 1717,
      "usd_g": 55.20283185833424,
      "brl_oz": 9002.917800000001,
      "brl_g": 289.45052856598977,
      "chg_1h": 0.1750291715285881,
      "chg_24h": -0.2324230098779779
    },
    "XCU": {
      "name": "Cobre",
      "usd_oz": 5.879842,
      "usd_g": 0.1890413100055747,
      "brl_oz": 30.8303635428,
      "brl_g": 0.9912192048832305,
      "chg_1h": 0.003843788437877837,
      "chg_24h": -0.24242759450035595
    }
  }
}
