{
  "timestamp": 1782399137,
  "usdToBrl": 5.2019,
  "metals": {
    "XAU": {
      "name": "Ouro",
      "usd_oz": 4020.600098,
      "usd_g": 129.26529480459882,
      "brl_oz": 20914.7596497862,
      "brl_g": 672.4251370440427,
      "chg_1h": 0,
      "chg_24h": 0.27184445552544123
    },
    "XAG": {
      "name": "Prata",
      "usd_oz": 58.153999,
      "usd_g": 1.869694483801245,
      "brl_oz": 302.5112873981,
      "brl_g": 9.725963735285697,
      "chg_1h": 0,
      "chg_24h": -1.5140241837149486
    },
    "XPT": {
      "name": "Platina",
      "usd_oz": 1611,
      "usd_g": 51.79485272205968,
      "brl_oz": 8380.260900000001,
      "brl_g": 269.43164437488224,
      "chg_1h": 0,
      "chg_24h": 0.8135168961201502
    },
    "XPD": {
      "name": "Paládio",
      "usd_oz": 1205,
      "usd_g": 38.74164961519672,
      "brl_oz": 6268.2895,
      "brl_g": 201.53018713329183,
      "chg_1h": 0,
      "chg_24h": 0.8368200836820083
    },
    "XCU": {
      "name": "Cobre",
      "usd_oz": 5.996718,
      "usd_g": 0.19279896066152966,
      "brl_oz": 31.194327364200003,
      "brl_g": 1.002920913465211,
      "chg_1h": 0,
      "chg_24h": 0.7199370357419024
    }
  }
}
