{
  "timestamp": 1772221631,
  "usdToBrl": 5.1556,
  "metals": {
    "XAU": {
      "name": "Ouro",
      "usd_oz": 5248.100098,
      "usd_g": 168.73033621758967,
      "brl_oz": 27057.1048652488,
      "brl_g": 869.9061214034052,
      "chg_1h": -0.047613605175383135,
      "chg_24h": 1.0785616406272913
    },
    "XAG": {
      "name": "Prata",
      "usd_oz": 93.161003,
      "usd_g": 2.995195797532191,
      "brl_oz": 480.3008670667999,
      "brl_g": 15.442031453756963,
      "chg_1h": -0.2900462399397137,
      "chg_24h": 5.29403817808147
    },
    "XPT": {
      "name": "Platina",
      "usd_oz": 2357,
      "usd_g": 75.77930966225615,
      "brl_oz": 12151.7492,
      "brl_g": 390.6878088947278,
      "chg_1h": -0.3803888419273035,
      "chg_24h": 3.4679543459174713
    },
    "XPD": {
      "name": "Paládio",
      "usd_oz": 1800,
      "usd_g": 57.87134382353037,
      "brl_oz": 9280.08,
      "brl_g": 298.36150021659313,
      "chg_1h": -0.22172949002217296,
      "chg_24h": -0.387382401770891
    },
    "XCU": {
      "name": "Cobre",
      "usd_oz": 6.023933,
      "usd_g": 0.19367394322939488,
      "brl_oz": 31.0569889748,
      "brl_g": 0.9985053817134681,
      "chg_1h": -1.0355893056133425,
      "chg_24h": 1.0897644803804258
    }
  }
}
