{
  "timestamp": 1774220319,
  "usdToBrl": 5.2552,
  "metals": {
    "XAU": {
      "name": "Ouro",
      "usd_oz": 4492.700195,
      "usd_g": 144.44366537827054,
      "brl_oz": 23610.038064764005,
      "brl_g": 759.0803502958873,
      "chg_1h": 0.011130403327895317,
      "chg_24h": 0.011130403327895317
    },
    "XAG": {
      "name": "Prata",
      "usd_oz": 68.792999,
      "usd_g": 2.211746276544878,
      "brl_oz": 361.5209683448,
      "brl_g": 11.623169032498643,
      "chg_1h": 1.2584929636731572,
      "chg_24h": 1.2584929636731572
    },
    "XPT": {
      "name": "Platina",
      "usd_oz": 1938,
      "usd_g": 62.30814685000103,
      "brl_oz": 10184.5776,
      "brl_g": 327.4417733261254,
      "chg_1h": 0.2068252326783868,
      "chg_24h": 0.2068252326783868
    },
    "XPD": {
      "name": "Paládio",
      "usd_oz": 1443,
      "usd_g": 46.393527298530174,
      "brl_oz": 7583.2536,
      "brl_g": 243.80726465923578,
      "chg_1h": 0.7681564245810055,
      "chg_24h": 0.7681564245810055
    },
    "XCU": {
      "name": "Cobre",
      "usd_oz": 5.402739,
      "usd_g": 0.1737020923654426,
      "brl_oz": 28.392473992800003,
      "brl_g": 0.9128392357988739,
      "chg_1h": 0,
      "chg_24h": 0
    }
  }
}
