{
  "timestamp": 1770852392,
  "usdToBrl": 5.1893,
  "metals": {
    "XAU": {
      "name": "Ouro",
      "usd_oz": 5070.700195,
      "usd_g": 163.0267968949375,
      "brl_oz": 26313.384521913504,
      "brl_g": 845.9949571268992,
      "chg_1h": -0.28317835878320485,
      "chg_24h": 0.4795441395026325
    },
    "XAG": {
      "name": "Prata",
      "usd_oz": 83.825996,
      "usd_g": 2.695068353258823,
      "brl_oz": 434.99824104280003,
      "brl_g": 13.985518205566011,
      "chg_1h": -0.6895093127254176,
      "chg_24h": 2.7820996699498455
    },
    "XPT": {
      "name": "Platina",
      "usd_oz": 2126,
      "usd_g": 68.35248720490308,
      "brl_oz": 11032.4518,
      "brl_g": 354.7015618524036,
      "chg_1h": -0.7006071929005138,
      "chg_24h": 0.949667616334283
    },
    "XPD": {
      "name": "Paládio",
      "usd_oz": 1714,
      "usd_g": 55.10637961862836,
      "brl_oz": 8894.4602,
      "brl_g": 285.96353575494817,
      "chg_1h": -1.437607820586544,
      "chg_24h": -1.0392609699769053
    },
    "XCU": {
      "name": "Cobre",
      "usd_oz": 6.040261,
      "usd_g": 0.19419890061936743,
      "brl_oz": 31.3447264073,
      "brl_g": 1.0077563549840833,
      "chg_1h": 0,
      "chg_24h": 2.5138570173388666
    }
  }
}
