{
  "timestamp": 1773223754,
  "usdToBrl": 5.1779,
  "metals": {
    "XAU": {
      "name": "Ouro",
      "usd_oz": 5192.600098,
      "usd_g": 166.94596978303082,
      "brl_oz": 26886.7640474342,
      "brl_g": 864.4295369395553,
      "chg_1h": 0.05973789382406569,
      "chg_24h": 0.2529220581137154
    },
    "XAG": {
      "name": "Prata",
      "usd_oz": 87.067001,
      "usd_g": 2.7992690836414793,
      "brl_oz": 450.82422447790003,
      "brl_g": 14.494335388187217,
      "chg_1h": -0.3137151974313781,
      "chg_24h": -2.1675142215939087
    },
    "XPT": {
      "name": "Platina",
      "usd_oz": 2168,
      "usd_g": 69.70281856078546,
      "brl_oz": 11225.6872,
      "brl_g": 360.914224225891,
      "chg_1h": 0,
      "chg_24h": -2.780269058295964
    },
    "XPD": {
      "name": "Paládio",
      "usd_oz": 1665,
      "usd_g": 53.53099303676559,
      "brl_oz": 8621.2035,
      "brl_g": 277.17812884506856,
      "chg_1h": -0.2396644697423607,
      "chg_24h": -3.3101045296167246
    },
    "XCU": {
      "name": "Cobre",
      "usd_oz": 5.806814,
      "usd_g": 0.18669340528516093,
      "brl_oz": 30.0671022106,
      "brl_g": 0.9666797832260348,
      "chg_1h": 0.08209166034563496,
      "chg_24h": -0.8212102864355351
    }
  }
}
