{
  "timestamp": 1770725401,
  "usdToBrl": 5.1931,
  "metals": {
    "XAU": {
      "name": "Ouro",
      "usd_oz": 5046.600098,
      "usd_g": 162.25196078401112,
      "brl_oz": 26207.4989689238,
      "brl_g": 842.5906575474481,
      "chg_1h": -0.06139170406730374,
      "chg_24h": 0.4298526965174107
    },
    "XAG": {
      "name": "Prata",
      "usd_oz": 82.194,
      "usd_g": 2.6425984634618085,
      "brl_oz": 426.8416614,
      "brl_g": 13.723278080603519,
      "chg_1h": 0.2304774183456157,
      "chg_24h": 1.082220733863026
    },
    "XPT": {
      "name": "Platina",
      "usd_oz": 2104,
      "usd_g": 67.64517078039327,
      "brl_oz": 10926.2824,
      "brl_g": 351.28813637966033,
      "chg_1h": -0.14238253440911247,
      "chg_24h": 0.8145663632007666
    },
    "XPD": {
      "name": "Paládio",
      "usd_oz": 1743,
      "usd_g": 56.03875126911857,
      "brl_oz": 9051.5733,
      "brl_g": 291.01483921565966,
      "chg_1h": -0.22896393817973668,
      "chg_24h": 0.9849362688296639
    },
    "XCU": {
      "name": "Cobre",
      "usd_oz": 5.875307,
      "usd_g": 0.18889550636988597,
      "brl_oz": 30.511056781700002,
      "brl_g": 0.9809532541294549,
      "chg_1h": 0.014162967754564345,
      "chg_24h": 0.16239951679069073
    }
  }
}
