{
  "timestamp": 1772214629,
  "usdToBrl": 5.1556,
  "metals": {
    "XAU": {
      "name": "Ouro",
      "usd_oz": 5236.5,
      "usd_g": 168.3573844066204,
      "brl_oz": 26997.2994,
      "brl_g": 867.9833310467722,
      "chg_1h": 0.09749011919448342,
      "chg_24h": 1.1532258779321358
    },
    "XAG": {
      "name": "Prata",
      "usd_oz": 93.903,
      "usd_g": 3.0190515550338737,
      "brl_oz": 484.1263068,
      "brl_g": 15.565022197132638,
      "chg_1h": 0.6139483421419113,
      "chg_24h": 8.028847819757601
    },
    "XPT": {
      "name": "Platina",
      "usd_oz": 2361,
      "usd_g": 75.90791264853067,
      "brl_oz": 12172.371599999999,
      "brl_g": 391.3508344507647,
      "chg_1h": 0.1272264631043257,
      "chg_24h": 5.401785714285714
    },
    "XPD": {
      "name": "Paládio",
      "usd_oz": 1805,
      "usd_g": 58.03209755637351,
      "brl_oz": 9305.858,
      "brl_g": 299.19028216163923,
      "chg_1h": -0.3313086692435119,
      "chg_24h": 1.2906846240179575
    },
    "XCU": {
      "name": "Cobre",
      "usd_oz": 6.03618,
      "usd_g": 0.19406769342262084,
      "brl_oz": 31.120129608,
      "brl_g": 1.000535400209664,
      "chg_1h": -0.008779616711757952,
      "chg_24h": 1.4278109587162742
    }
  }
}
