{
  "timestamp": 1778271237,
  "usdToBrl": 4.914,
  "metals": {
    "XAU": {
      "name": "Ouro",
      "usd_oz": 4718.600098,
      "usd_g": 151.70651590950115,
      "brl_oz": 23187.200881571996,
      "brl_g": 745.4858191792886,
      "chg_1h": -0.09527640546736514,
      "chg_24h": 0.15707044264119918
    },
    "XAG": {
      "name": "Prata",
      "usd_oz": 80.528,
      "usd_g": 2.5890353196784743,
      "brl_oz": 395.714592,
      "brl_g": 12.722519560900022,
      "chg_1h": -0.10915575478150723,
      "chg_24h": 1.390002951752482
    },
    "XPT": {
      "name": "Platina",
      "usd_oz": 2064,
      "usd_g": 66.35914091764815,
      "brl_oz": 10142.496,
      "brl_g": 326.088818469323,
      "chg_1h": 0.09699321047526674,
      "chg_24h": 1.1268985791278785
    },
    "XPD": {
      "name": "Paládio",
      "usd_oz": 1513,
      "usd_g": 48.644079558334134,
      "brl_oz": 7434.882,
      "brl_g": 239.03700694965391,
      "chg_1h": -0.06605019815059446,
      "chg_24h": 0
    },
    "XCU": {
      "name": "Cobre",
      "usd_oz": 6.137861,
      "usd_g": 0.19733681348446552,
      "brl_oz": 30.161448953999997,
      "brl_g": 0.9697131014626635,
      "chg_1h": 0,
      "chg_24h": 1.5763893922589007
    }
  }
}
