{
  "timestamp": 1772658163,
  "usdToBrl": 5.2198,
  "metals": {
    "XAU": {
      "name": "Ouro",
      "usd_oz": 5139.399902,
      "usd_g": 165.23554376403348,
      "brl_oz": 26826.6396084596,
      "brl_g": 862.496491339502,
      "chg_1h": -0.019453739379516468,
      "chg_24h": 0.652157289533814
    },
    "XAG": {
      "name": "Prata",
      "usd_oz": 83.374001,
      "usd_g": 2.680536376563536,
      "brl_oz": 435.19561041980006,
      "brl_g": 13.991863778386346,
      "chg_1h": -0.5985001740485811,
      "chg_24h": 0.9382704504687769
    },
    "XPT": {
      "name": "Platina",
      "usd_oz": 2165,
      "usd_g": 69.60636632107958,
      "brl_oz": 11300.867,
      "brl_g": 363.3313109227712,
      "chg_1h": -0.45977011494252873,
      "chg_24h": 2.7039848197343455
    },
    "XPD": {
      "name": "Paládio",
      "usd_oz": 1696,
      "usd_g": 54.527666180393055,
      "brl_oz": 8852.7808,
      "brl_g": 284.62351192841567,
      "chg_1h": -0.2352941176470588,
      "chg_24h": 0.9523809523809524
    },
    "XCU": {
      "name": "Cobre",
      "usd_oz": 5.889702,
      "usd_g": 0.18935831636674136,
      "brl_oz": 30.7430664996,
      "brl_g": 0.9884125397711165,
      "chg_1h": 0,
      "chg_24h": 0.8617350260695421
    }
  }
}
