{
  "timestamp": 1784919959,
  "usdToBrl": 5.0827,
  "metals": {
    "XAU": {
      "name": "Ouro",
      "usd_oz": 4055.899902,
      "usd_g": 130.40020985692507,
      "brl_oz": 20614.9224318954,
      "brl_g": 662.7851466397931,
      "chg_1h": -0.25821365957725223,
      "chg_24h": 0.21991356560415398
    },
    "XAG": {
      "name": "Prata",
      "usd_oz": 58.436001,
      "usd_g": 1.8787610586350911,
      "brl_oz": 297.0126622827,
      "brl_g": 9.549178832724577,
      "chg_1h": -0.5107583083628434,
      "chg_24h": 1.4144201389916873
    },
    "XPT": {
      "name": "Platina",
      "usd_oz": 1595,
      "usd_g": 51.28044077696163,
      "brl_oz": 8106.9065,
      "brl_g": 260.6430963370629,
      "chg_1h": -0.3747657713928795,
      "chg_24h": -0.18773466833541927
    },
    "XPD": {
      "name": "Paládio",
      "usd_oz": 1266,
      "usd_g": 40.702845155883026,
      "brl_oz": 6434.6982,
      "brl_g": 206.88035107380665,
      "chg_1h": -0.4716981132075472,
      "chg_24h": -0.6279434850863422
    },
    "XCU": {
      "name": "Cobre",
      "usd_oz": 6.202496,
      "usd_g": 0.1994148769889288,
      "brl_oz": 31.5254264192,
      "brl_g": 1.0135659952716283,
      "chg_1h": 0.0024184397323150047,
      "chg_24h": -0.3314573727692699
    }
  }
}
