{
  "timestamp": 1774607353,
  "usdToBrl": 5.2366,
  "metals": {
    "XAU": {
      "name": "Ouro",
      "usd_oz": 4432.100098,
      "usd_g": 142.49532701758923,
      "brl_oz": 23209.1353731868,
      "brl_g": 746.1910294603078,
      "chg_1h": -0.047361348329931684,
      "chg_24h": -0.10817922662254872
    },
    "XAG": {
      "name": "Prata",
      "usd_oz": 68.983002,
      "usd_g": 2.2178550148451572,
      "brl_oz": 361.2363882732,
      "brl_g": 11.61401957073815,
      "chg_1h": -0.18809341495946807,
      "chg_24h": 0.8965905705752304
    },
    "XPT": {
      "name": "Platina",
      "usd_oz": 1876,
      "usd_g": 60.31480056274609,
      "brl_oz": 9823.8616,
      "brl_g": 315.8444846268762,
      "chg_1h": -0.2658160552897395,
      "chg_24h": -0.8980454305335447
    },
    "XPD": {
      "name": "Paládio",
      "usd_oz": 1406,
      "usd_g": 45.20394967549094,
      "brl_oz": 7362.6596,
      "brl_g": 236.71500287067585,
      "chg_1h": -0.28368794326241137,
      "chg_24h": 0.14245014245014245
    },
    "XCU": {
      "name": "Cobre",
      "usd_oz": 5.48053,
      "usd_g": 0.1762031310917627,
      "brl_oz": 28.699343398,
      "brl_g": 0.9227053162751245,
      "chg_1h": -0.18311349029538987,
      "chg_24h": -0.05926568899555451
    }
  }
}
