{
  "timestamp": 1779256622,
  "usdToBrl": 5.0232,
  "metals": {
    "XAU": {
      "name": "Ouro",
      "usd_oz": 4472.799805,
      "usd_g": 143.80385298276363,
      "brl_oz": 22467.767980475997,
      "brl_g": 722.3555143030183,
      "chg_1h": 0,
      "chg_24h": -1.4671564179806527
    },
    "XAG": {
      "name": "Prata",
      "usd_oz": 74.366997,
      "usd_g": 2.3909544736169175,
      "brl_oz": 373.56029933039997,
      "brl_g": 12.0102425118725,
      "chg_1h": 0,
      "chg_24h": -2.134520842082952
    },
    "XPT": {
      "name": "Platina",
      "usd_oz": 1930,
      "usd_g": 62.05094087745201,
      "brl_oz": 9694.776,
      "brl_g": 311.69428621561696,
      "chg_1h": 0,
      "chg_24h": -2.030456852791878
    },
    "XPD": {
      "name": "Paládio",
      "usd_oz": 1388,
      "usd_g": 44.625236237255635,
      "brl_oz": 6972.2016,
      "brl_g": 224.1614866669825,
      "chg_1h": 0,
      "chg_24h": -2.390998593530239
    },
    "XCU": {
      "name": "Cobre",
      "usd_oz": 6.073299,
      "usd_g": 0.19526109698450173,
      "brl_oz": 30.507395536799997,
      "brl_g": 0.9808355423725491,
      "chg_1h": 0,
      "chg_24h": -0.7891391917187833
    }
  }
}
