{
  "timestamp": 1772818883,
  "usdToBrl": 5.2765,
  "metals": {
    "XAU": {
      "name": "Ouro",
      "usd_oz": 5146,
      "usd_g": 165.4477418421596,
      "brl_oz": 27152.869000000002,
      "brl_g": 872.9850098301551,
      "chg_1h": 0.09530843412106059,
      "chg_24h": 1.4409923202147168
    },
    "XAG": {
      "name": "Prata",
      "usd_oz": 84.353996,
      "usd_g": 2.712043947447058,
      "brl_oz": 445.093859894,
      "brl_g": 14.310099888704404,
      "chg_1h": 0.37243250318296817,
      "chg_24h": 2.5418426266972873
    },
    "XPT": {
      "name": "Platina",
      "usd_oz": 2144,
      "usd_g": 68.9312006431384,
      "brl_oz": 11312.816,
      "brl_g": 363.7154801935198,
      "chg_1h": 0.23375409069658717,
      "chg_24h": 0.2806361085126286
    },
    "XPD": {
      "name": "Paládio",
      "usd_oz": 1665,
      "usd_g": 53.53099303676559,
      "brl_oz": 8785.372500000001,
      "brl_g": 282.45628475849367,
      "chg_1h": 0.3616636528028933,
      "chg_24h": 0.3616636528028933
    },
    "XCU": {
      "name": "Cobre",
      "usd_oz": 5.802278,
      "usd_g": 0.18654756949872564,
      "brl_oz": 30.615719867000003,
      "brl_g": 0.984318250460026,
      "chg_1h": 0.142215152886479,
      "chg_24h": 0.33597626360295046
    }
  }
}
