{
  "timestamp": 1782840637,
  "usdToBrl": 5.1784,
  "metals": {
    "XAU": {
      "name": "Ouro",
      "usd_oz": 4026.5,
      "usd_g": 129.45498105858056,
      "brl_oz": 20850.8276,
      "brl_g": 670.3696739137536,
      "chg_1h": -0.07196858268053115,
      "chg_24h": 0.10690788753380762
    },
    "XAG": {
      "name": "Prata",
      "usd_oz": 59.626999,
      "usd_g": 1.917052533496834,
      "brl_oz": 308.7724516216,
      "brl_g": 9.927264839460005,
      "chg_1h": -0.1456978238654706,
      "chg_24h": 2.0940346910149064
    },
    "XPT": {
      "name": "Platina",
      "usd_oz": 1559,
      "usd_g": 50.123013900491024,
      "brl_oz": 8073.125599999999,
      "brl_g": 259.55701518230273,
      "chg_1h": -0.2559181062060141,
      "chg_24h": -1.8879798615481436
    },
    "XPD": {
      "name": "Paládio",
      "usd_oz": 1231,
      "usd_g": 39.57756902598104,
      "brl_oz": 6374.6104,
      "brl_g": 204.9484834441402,
      "chg_1h": 0.32599837000814996,
      "chg_24h": -0.8058017727639
    },
    "XCU": {
      "name": "Cobre",
      "usd_oz": 6.047671,
      "usd_g": 0.19443713765144097,
      "brl_oz": 31.3172595064,
      "brl_g": 1.0068732736142219,
      "chg_1h": -0.03125846135636998,
      "chg_24h": 0.3196535864153789
    }
  }
}
