{
  "timestamp": 1772452699,
  "usdToBrl": 5.1556,
  "metals": {
    "XAU": {
      "name": "Ouro",
      "usd_oz": 5383.799805,
      "usd_g": 173.09318310678373,
      "brl_oz": 27756.718274657997,
      "brl_g": 892.3992148253342,
      "chg_1h": -0.011145104578461155,
      "chg_24h": 1.962039433620363
    },
    "XAG": {
      "name": "Prata",
      "usd_oz": 94.668999,
      "usd_g": 3.043678994754696,
      "brl_oz": 488.0754912444,
      "brl_g": 15.691991425357308,
      "chg_1h": -0.7017118263980331,
      "chg_24h": 0.8039248588716826
    },
    "XPT": {
      "name": "Platina",
      "usd_oz": 2351,
      "usd_g": 75.58640518284439,
      "brl_oz": 12120.8156,
      "brl_g": 389.6932705606725,
      "chg_1h": -0.5078290308929327,
      "chg_24h": -0.8435259384226065
    },
    "XPD": {
      "name": "Paládio",
      "usd_oz": 1810,
      "usd_g": 58.19285128921665,
      "brl_oz": 9331.636,
      "brl_g": 300.01906410668533,
      "chg_1h": -0.821917808219178,
      "chg_24h": -0.05521811154058532
    },
    "XCU": {
      "name": "Cobre",
      "usd_oz": 6.102556,
      "usd_g": 0.1962017313768601,
      "brl_oz": 31.462337713599997,
      "brl_g": 1.0115376462865397,
      "chg_1h": -0.16078832743492108,
      "chg_24h": 0.2433743885251295
    }
  }
}
