{
  "timestamp": 1773258561,
  "usdToBrl": 5.1711,
  "metals": {
    "XAU": {
      "name": "Ouro",
      "usd_oz": 5178.399902,
      "usd_g": 166.48942288021,
      "brl_oz": 26778.0237332322,
      "brl_g": 860.9334546558539,
      "chg_1h": 0.10826046263355171,
      "chg_24h": -0.23312008477025123
    },
    "XAG": {
      "name": "Prata",
      "usd_oz": 85.894997,
      "usd_g": 2.761588280060061,
      "brl_oz": 444.1716189867,
      "brl_g": 14.280449155018582,
      "chg_1h": 0.31766697829243506,
      "chg_24h": -2.7214660373326383
    },
    "XPT": {
      "name": "Platina",
      "usd_oz": 2188,
      "usd_g": 70.34583349215802,
      "brl_oz": 11314.3668,
      "brl_g": 363.76533957129834,
      "chg_1h": 0.18315018315018314,
      "chg_24h": -0.5906406179009541
    },
    "XPD": {
      "name": "Paládio",
      "usd_oz": 1667,
      "usd_g": 53.595294529902844,
      "brl_oz": 8620.2237,
      "brl_g": 277.1466275435806,
      "chg_1h": 0.42168674698795183,
      "chg_24h": -0.5369928400954653
    },
    "XCU": {
      "name": "Cobre",
      "usd_oz": 5.80633,
      "usd_g": 0.1866778443238217,
      "brl_oz": 30.025113063,
      "brl_g": 0.9653298007829144,
      "chg_1h": -0.1045693970553957,
      "chg_24h": -1.3605725314490877
    }
  }
}
