{
  "timestamp": 1773013604,
  "usdToBrl": 5.2765,
  "metals": {
    "XAU": {
      "name": "Ouro",
      "usd_oz": 5078.100098,
      "usd_g": 163.2647093009229,
      "brl_oz": 26794.595167097003,
      "brl_g": 861.4662386263198,
      "chg_1h": -0.7388691085457485,
      "chg_24h": -1.853496366447625
    },
    "XAG": {
      "name": "Prata",
      "usd_oz": 81.709,
      "usd_g": 2.627005351376024,
      "brl_oz": 431.13753850000006,
      "brl_g": 13.861393736535591,
      "chg_1h": -1.4533142599161217,
      "chg_24h": -3.4092678257239237
    },
    "XPT": {
      "name": "Platina",
      "usd_oz": 2054,
      "usd_g": 66.03763345196187,
      "brl_oz": 10837.931,
      "brl_g": 348.4475729092768,
      "chg_1h": -1.1073663938372653,
      "chg_24h": -4.68677494199536
    },
    "XPD": {
      "name": "Paládio",
      "usd_oz": 1620,
      "usd_g": 52.08420944117733,
      "brl_oz": 8547.93,
      "brl_g": 274.8223311163722,
      "chg_1h": 0.12360939431396785,
      "chg_24h": -1.877649909145972
    },
    "XCU": {
      "name": "Cobre",
      "usd_oz": 5.797802,
      "usd_g": 0.18640366275708445,
      "brl_oz": 30.592102253,
      "brl_g": 0.9835589265377561,
      "chg_1h": 0.02998586627062043,
      "chg_24h": 0.02998586627062043
    }
  }
}
