{
  "timestamp": 1784217973,
  "usdToBrl": 5.0857,
  "metals": {
    "XAU": {
      "name": "Ouro",
      "usd_oz": 4000.899902,
      "usd_g": 128.63191879565053,
      "brl_oz": 20347.3766316014,
      "brl_g": 654.1833494190399,
      "chg_1h": -0.08740385789770704,
      "chg_24h": -0.7590251271238966
    },
    "XAG": {
      "name": "Prata",
      "usd_oz": 56.255001,
      "usd_g": 1.8086402803689137,
      "brl_oz": 286.0960585857,
      "brl_g": 9.198201873872184,
      "chg_1h": -0.12073397650218008,
      "chg_24h": -1.0413900469681798
    },
    "XPT": {
      "name": "Platina",
      "usd_oz": 1646,
      "usd_g": 52.92012885196166,
      "brl_oz": 8371.0622,
      "brl_g": 269.1358993024214,
      "chg_1h": -0.6038647342995169,
      "chg_24h": 1.1677934849416103
    },
    "XPD": {
      "name": "Paládio",
      "usd_oz": 1296,
      "usd_g": 41.66736755294186,
      "brl_oz": 6591.0672,
      "brl_g": 211.90773116399643,
      "chg_1h": -0.23094688221709006,
      "chg_24h": -0.6896551724137931
    },
    "XCU": {
      "name": "Cobre",
      "usd_oz": 6.129923,
      "usd_g": 0.19708160085820373,
      "brl_oz": 31.1749494011,
      "brl_g": 1.0022978974845667,
      "chg_1h": -0.06778521509579558,
      "chg_24h": 0.2733095433417522
    }
  }
}
