{
  "timestamp": 1772699408,
  "usdToBrl": 5.2198,
  "metals": {
    "XAU": {
      "name": "Ouro",
      "usd_oz": 5144.200195,
      "usd_g": 165.38987676773166,
      "brl_oz": 26851.696177861002,
      "brl_g": 863.3020787522058,
      "chg_1h": -0.3872816553348199,
      "chg_24h": -0.650837359505212
    },
    "XAG": {
      "name": "Prata",
      "usd_oz": 83.002998,
      "usd_g": 2.6686083531343354,
      "brl_oz": 433.25904896040004,
      "brl_g": 13.929601881690605,
      "chg_1h": -0.891942686567158,
      "chg_24h": -3.136856772896637
    },
    "XPT": {
      "name": "Platina",
      "usd_oz": 2163,
      "usd_g": 69.54206482794233,
      "brl_oz": 11290.4274,
      "brl_g": 362.9956699888934,
      "chg_1h": -0.13850415512465375,
      "chg_24h": -0.3225806451612903
    },
    "XPD": {
      "name": "Paládio",
      "usd_oz": 1677,
      "usd_g": 53.916801995589125,
      "brl_oz": 8753.6046,
      "brl_g": 281.4349230565761,
      "chg_1h": -0.7692307692307693,
      "chg_24h": -2.1586931155192532
    },
    "XCU": {
      "name": "Cobre",
      "usd_oz": 5.81135,
      "usd_g": 0.18683924107159622,
      "brl_oz": 30.33408473,
      "brl_g": 0.975263470545518,
      "chg_1h": -0.2814977637186152,
      "chg_24h": -1.1610622190292763
    }
  }
}
