{
  "timestamp": 1773291804,
  "usdToBrl": 5.1711,
  "metals": {
    "XAU": {
      "name": "Ouro",
      "usd_oz": 5145.600098,
      "usd_g": 165.4348846943053,
      "brl_oz": 26608.4126667678,
      "brl_g": 855.4803322427222,
      "chg_1h": -0.1610392936963994,
      "chg_24h": -0.9699750192455756
    },
    "XAG": {
      "name": "Prata",
      "usd_oz": 84.637001,
      "usd_g": 2.721142769479713,
      "brl_oz": 437.6663958711,
      "brl_g": 14.071301375256542,
      "chg_1h": -0.4621874686838532,
      "chg_24h": -3.344906622549696
    },
    "XPT": {
      "name": "Platina",
      "usd_oz": 2153,
      "usd_g": 69.22055736225605,
      "brl_oz": 11133.3783,
      "brl_g": 357.94642417596225,
      "chg_1h": -0.4162812210915819,
      "chg_24h": -1.5096065873741995
    },
    "XPD": {
      "name": "Paládio",
      "usd_oz": 1655,
      "usd_g": 53.209485571079306,
      "brl_oz": 8558.1705,
      "brl_g": 275.1515708366082,
      "chg_1h": -0.3612281757977122,
      "chg_24h": -1.9549763033175356
    },
    "XCU": {
      "name": "Cobre",
      "usd_oz": 5.807494,
      "usd_g": 0.1867152677928276,
      "brl_oz": 30.0311322234,
      "brl_g": 0.9655233212834908,
      "chg_1h": 0.4563829437599386,
      "chg_24h": -0.5514839035368134
    }
  }
}
