{
  "timestamp": 1779147719,
  "usdToBrl": 5.0392,
  "metals": {
    "XAU": {
      "name": "Ouro",
      "usd_oz": 4585.799805,
      "usd_g": 147.43688734501862,
      "brl_oz": 23108.762377355997,
      "brl_g": 742.9639627090179,
      "chg_1h": 0.24701726964694834,
      "chg_24h": 1.02215940436436
    },
    "XAG": {
      "name": "Prata",
      "usd_oz": 78.843002,
      "usd_g": 2.534861376011829,
      "brl_oz": 397.3056556784,
      "brl_g": 12.77367344599881,
      "chg_1h": 0.866108026507691,
      "chg_24h": 3.1018307188106475
    },
    "XPT": {
      "name": "Platina",
      "usd_oz": 1994,
      "usd_g": 64.1085886578442,
      "brl_oz": 10048.1648,
      "brl_g": 323.0559999646085,
      "chg_1h": 0.15067805123053743,
      "chg_24h": -0.15022533800701052
    },
    "XPD": {
      "name": "Paládio",
      "usd_oz": 1444,
      "usd_g": 46.425678045098806,
      "brl_oz": 7276.6048,
      "brl_g": 233.9482768048619,
      "chg_1h": 0.5571030640668524,
      "chg_24h": 0.34746351633078526
    },
    "XCU": {
      "name": "Cobre",
      "usd_oz": 6.148898,
      "usd_g": 0.19769166127434346,
      "brl_oz": 30.9855268016,
      "brl_g": 0.9962078194936715,
      "chg_1h": 0,
      "chg_24h": -1.315008552627141
    }
  }
}
