{
  "timestamp": 1781553820,
  "usdToBrl": 5.0498,
  "metals": {
    "XAU": {
      "name": "Ouro",
      "usd_oz": 4321.100098,
      "usd_g": 138.92659414847154,
      "brl_oz": 21820.691274880402,
      "brl_g": 701.5515151309517,
      "chg_1h": 0,
      "chg_24h": 2.3884628499751868
    },
    "XAG": {
      "name": "Prata",
      "usd_oz": 70.264999,
      "usd_g": 2.2590721754938987,
      "brl_oz": 354.82419195020003,
      "brl_g": 11.40786267180909,
      "chg_1h": 0,
      "chg_24h": 3.0928606920158095
    },
    "XPT": {
      "name": "Platina",
      "usd_oz": 1781,
      "usd_g": 57.26047963872644,
      "brl_oz": 8993.693800000001,
      "brl_g": 289.15397007964077,
      "chg_1h": 0,
      "chg_24h": 3.186558516801854
    },
    "XPD": {
      "name": "Paládio",
      "usd_oz": 1363,
      "usd_g": 43.82146757303994,
      "brl_oz": 6882.8774,
      "brl_g": 221.2896469503371,
      "chg_1h": 0,
      "chg_24h": 4.204892966360856
    },
    "XCU": {
      "name": "Cobre",
      "usd_oz": 6.190691,
      "usd_g": 0.19903533742568613,
      "brl_oz": 31.261751411800002,
      "brl_g": 1.00508864693223,
      "chg_1h": 0,
      "chg_24h": 0.9816144260684303
    }
  }
}
