{
  "timestamp": 1776090289,
  "usdToBrl": 5.0543,
  "metals": {
    "XAU": {
      "name": "Ouro",
      "usd_oz": 4715.899902,
      "usd_g": 151.61970259221954,
      "brl_oz": 23835.572874678597,
      "brl_g": 766.3314628118552,
      "chg_1h": -0.13975856008469856,
      "chg_24h": -0.7011768641603923
    },
    "XAG": {
      "name": "Prata",
      "usd_oz": 74.137001,
      "usd_g": 2.383559930509119,
      "brl_oz": 374.7106441543,
      "brl_g": 12.04722695677224,
      "chg_1h": -0.06469906489718473,
      "chg_24h": -2.469280658826003
    },
    "XPT": {
      "name": "Platina",
      "usd_oz": 2034,
      "usd_g": 65.39461852058932,
      "brl_oz": 10280.446199999998,
      "brl_g": 330.5240203886146,
      "chg_1h": -0.68359375,
      "chg_24h": -0.9737098344693282
    },
    "XPD": {
      "name": "Paládio",
      "usd_oz": 1562,
      "usd_g": 50.21946614019691,
      "brl_oz": 7894.816599999999,
      "brl_g": 253.8242477123972,
      "chg_1h": -0.19169329073482427,
      "chg_24h": 0.9696186166774402
    },
    "XCU": {
      "name": "Cobre",
      "usd_oz": 5.825033,
      "usd_g": 0.18727915973689477,
      "brl_oz": 29.4414642919,
      "brl_g": 0.9465650570581872,
      "chg_1h": 0.5205294545916409,
      "chg_24h": 1.1818494165531637
    }
  }
}
