{
  "timestamp": 1774035943,
  "usdToBrl": 5.2552,
  "metals": {
    "XAU": {
      "name": "Ouro",
      "usd_oz": 4515.700195,
      "usd_g": 145.18313254934895,
      "brl_oz": 23730.907664764003,
      "brl_g": 762.9663981733387,
      "chg_1h": 0.06647904514738098,
      "chg_24h": -2.7229034344704806
    },
    "XAG": {
      "name": "Prata",
      "usd_oz": 68.358002,
      "usd_g": 2.1977607982397647,
      "brl_oz": 359.2349721104,
      "brl_g": 11.549672546909612,
      "chg_1h": -0.18835399418867194,
      "chg_24h": -5.2438932818216095
    },
    "XPT": {
      "name": "Platina",
      "usd_oz": 1942,
      "usd_g": 62.43674983627554,
      "brl_oz": 10205.5984,
      "brl_g": 328.11760773959526,
      "chg_1h": -0.15424164524421594,
      "chg_24h": -1.5212981744421907
    },
    "XPD": {
      "name": "Paládio",
      "usd_oz": 1440,
      "usd_g": 46.29707505882429,
      "brl_oz": 7567.488,
      "brl_g": 243.30038884913344,
      "chg_1h": 0.13908205841446453,
      "chg_24h": -2.7683997299122214
    },
    "XCU": {
      "name": "Cobre",
      "usd_oz": 5.572609,
      "usd_g": 0.1791635396850554,
      "brl_oz": 29.2851748168,
      "brl_g": 0.9415402337529033,
      "chg_1h": 3.7320082701041173,
      "chg_24h": 1.6897968032163486
    }
  }
}
