{
  "timestamp": 1783031437,
  "usdToBrl": 5.201,
  "metals": {
    "XAU": {
      "name": "Ouro",
      "usd_oz": 4125.399902,
      "usd_g": 132.63468674344472,
      "brl_oz": 21456.204890302,
      "brl_g": 689.8330057526559,
      "chg_1h": 0.036373336784254466,
      "chg_24h": 2.002769309729847
    },
    "XAG": {
      "name": "Prata",
      "usd_oz": 61.088001,
      "usd_g": 1.9640248385350927,
      "brl_oz": 317.71869320099995,
      "brl_g": 10.214893185221017,
      "chg_1h": 0.008187220666961401,
      "chg_24h": 2.6913460083715712
    },
    "XPT": {
      "name": "Platina",
      "usd_oz": 1626,
      "usd_g": 52.277113920589095,
      "brl_oz": 8456.826,
      "brl_g": 271.8932695009839,
      "chg_1h": 0,
      "chg_24h": 2.4574669187145557
    },
    "XPD": {
      "name": "Paládio",
      "usd_oz": 1289,
      "usd_g": 41.44231232696147,
      "brl_oz": 6704.089,
      "brl_g": 215.5414664125266,
      "chg_1h": 0.23328149300155523,
      "chg_24h": 3.8678485092667207
    },
    "XCU": {
      "name": "Cobre",
      "usd_oz": 6.022594,
      "usd_g": 0.19363089337973946,
      "brl_oz": 31.323511393999997,
      "brl_g": 1.007074276468025,
      "chg_1h": 0,
      "chg_24h": -0.1763234034428006
    }
  }
}
