{
  "timestamp": 1771486181,
  "usdToBrl": 5.2229,
  "metals": {
    "XAU": {
      "name": "Ouro",
      "usd_oz": 5018,
      "usd_g": 161.3324462813752,
      "brl_oz": 26208.5122,
      "brl_g": 842.6232336829946,
      "chg_1h": 0.35598184684282724,
      "chg_24h": 1.5953960537936778
    },
    "XAG": {
      "name": "Prata",
      "usd_oz": 79.299004,
      "usd_g": 2.5495221807486166,
      "brl_oz": 414.1707679916,
      "brl_g": 13.31589939783195,
      "chg_1h": 1.3574191239439162,
      "chg_24h": 4.567818349941563
    },
    "XPT": {
      "name": "Platina",
      "usd_oz": 2108,
      "usd_g": 67.77377376666779,
      "brl_oz": 11009.8732,
      "brl_g": 353.9756430059292,
      "chg_1h": 0.9095260890378172,
      "chg_24h": 2.529182879377432
    },
    "XPD": {
      "name": "Paládio",
      "usd_oz": 1755,
      "usd_g": 56.42456022794211,
      "brl_oz": 9166.1895,
      "brl_g": 294.69983561451886,
      "chg_1h": 0.8620689655172413,
      "chg_24h": 0.7462686567164178
    },
    "XCU": {
      "name": "Cobre",
      "usd_oz": 5.761757,
      "usd_g": 0.18524478909701825,
      "brl_oz": 30.0930806353,
      "brl_g": 0.9675150089748166,
      "chg_1h": 0.28289951288860155,
      "chg_24h": 0.3119341764394661
    }
  }
}
