{
  "timestamp": 1774323335,
  "usdToBrl": 5.2552,
  "metals": {
    "XAU": {
      "name": "Ouro",
      "usd_oz": 4348.200195,
      "usd_g": 139.7978824991038,
      "brl_oz": 22850.661664764004,
      "brl_g": 734.6658321092902,
      "chg_1h": 0,
      "chg_24h": -0.2386064967229196
    },
    "XAG": {
      "name": "Prata",
      "usd_oz": 67.111,
      "usd_g": 2.1576687529671927,
      "brl_oz": 352.68172720000007,
      "brl_g": 11.338980830593192,
      "chg_1h": 0,
      "chg_24h": 2.9088893293873674
    },
    "XPT": {
      "name": "Platina",
      "usd_oz": 1858,
      "usd_g": 59.73608712451079,
      "brl_oz": 9764.161600000001,
      "brl_g": 313.92508505672913,
      "chg_1h": 0,
      "chg_24h": -0.10752688172043011
    },
    "XPD": {
      "name": "Paládio",
      "usd_oz": 1438,
      "usd_g": 46.23277356568704,
      "brl_oz": 7556.9776,
      "brl_g": 242.96247164239855,
      "chg_1h": 0,
      "chg_24h": 1.4104372355430184
    },
    "XCU": {
      "name": "Cobre",
      "usd_oz": 5.490887,
      "usd_g": 0.17653611637397398,
      "brl_oz": 28.855709362400003,
      "brl_g": 0.9277325987685081,
      "chg_1h": 0,
      "chg_24h": 2.3894470501778313
    }
  }
}
