{
  "timestamp": 1784296603,
  "usdToBrl": 5.0857,
  "metals": {
    "XAU": {
      "name": "Ouro",
      "usd_oz": 3991.199951,
      "usd_g": 128.3200581293214,
      "brl_oz": 20298.045590800702,
      "brl_g": 652.5973196282899,
      "chg_1h": -0.10012014540095292,
      "chg_24h": -0.32963618327448596
    },
    "XAG": {
      "name": "Prata",
      "usd_oz": 55.685001,
      "usd_g": 1.7903143548247957,
      "brl_oz": 283.1972095857,
      "brl_g": 9.105001714332463,
      "chg_1h": 0.20153491078275257,
      "chg_24h": -1.1327538968892366
    },
    "XPT": {
      "name": "Platina",
      "usd_oz": 1582,
      "usd_g": 50.86248107156947,
      "brl_oz": 8045.5774,
      "brl_g": 258.67131998568084,
      "chg_1h": -0.1892744479495268,
      "chg_24h": -4.4685990338164245
    },
    "XPD": {
      "name": "Paládio",
      "usd_oz": 1262,
      "usd_g": 40.57424216960851,
      "brl_oz": 6418.1534,
      "brl_g": 206.348423401978,
      "chg_1h": -0.3946329913180742,
      "chg_24h": -2.848344880677444
    },
    "XCU": {
      "name": "Cobre",
      "usd_oz": 6.090385,
      "usd_g": 0.19581042464037335,
      "brl_oz": 30.973870994500004,
      "brl_g": 0.9958330765935468,
      "chg_1h": 0.16910897726568322,
      "chg_24h": -0.7123479458455102
    }
  }
}
