{
  "timestamp": 1772571049,
  "usdToBrl": 5.2434,
  "metals": {
    "XAU": {
      "name": "Ouro",
      "usd_oz": 5106.100098,
      "usd_g": 164.1649302048445,
      "brl_oz": 26773.3252538532,
      "brl_g": 860.7823950360817,
      "chg_1h": -0.19935710159189476,
      "chg_24h": -4.380147977528092
    },
    "XAG": {
      "name": "Prata",
      "usd_oz": 82.598999,
      "usd_g": 2.6556194836713565,
      "brl_oz": 433.09959135660006,
      "brl_g": 13.92447520068239,
      "chg_1h": -0.3642923443107611,
      "chg_24h": -8.85728167255843
    },
    "XPT": {
      "name": "Platina",
      "usd_oz": 2108,
      "usd_g": 67.77377376666779,
      "brl_oz": 11053.0872,
      "brl_g": 355.3650053681459,
      "chg_1h": -0.4251299008030231,
      "chg_24h": -9.098749460974558
    },
    "XPD": {
      "name": "Paládio",
      "usd_oz": 1680,
      "usd_g": 54.01325423529501,
      "brl_oz": 8808.912,
      "brl_g": 283.21309725734585,
      "chg_1h": -0.6505026611472502,
      "chg_24h": -6.770255271920089
    },
    "XCU": {
      "name": "Cobre",
      "usd_oz": 5.839382,
      "usd_g": 0.187740490799408,
      "brl_oz": 30.6182155788,
      "brl_g": 0.9843984894576159,
      "chg_1h": 0,
      "chg_24h": -3.758972458967982
    }
  }
}
