{
  "timestamp": 1771928951,
  "usdToBrl": 5.1815,
  "metals": {
    "XAU": {
      "name": "Ouro",
      "usd_oz": 5178.899902,
      "usd_g": 166.5054982534943,
      "brl_oz": 26834.469842213,
      "brl_g": 862.7482392004806,
      "chg_1h": 0.17795436201305212,
      "chg_24h": 0.5240785052814871
    },
    "XAG": {
      "name": "Prata",
      "usd_oz": 88.653,
      "usd_g": 2.850260135548577,
      "brl_oz": 459.3555195,
      "brl_g": 14.76862289234495,
      "chg_1h": 0.5923035229024043,
      "chg_24h": 1.9961354609647781
    },
    "XPT": {
      "name": "Platina",
      "usd_oz": 2173,
      "usd_g": 69.86357229362861,
      "brl_oz": 11259.3995,
      "brl_g": 361.99809983943663,
      "chg_1h": 0.3695150115473441,
      "chg_24h": 0.32317636195752536
    },
    "XPD": {
      "name": "Paládio",
      "usd_oz": 1785,
      "usd_g": 57.389082625000945,
      "brl_oz": 9248.977499999999,
      "brl_g": 297.3615316214424,
      "chg_1h": 0.7336343115124153,
      "chg_24h": -0.8333333333333334
    },
    "XCU": {
      "name": "Cobre",
      "usd_oz": 5.813769,
      "usd_g": 0.1869170137275457,
      "brl_oz": 30.1240440735,
      "brl_g": 0.9685105066292781,
      "chg_1h": -0.019501615074239628,
      "chg_24h": 0.613604697426393
    }
  }
}
