{
  "timestamp": 1770983356,
  "usdToBrl": 5.1761,
  "metals": {
    "XAU": {
      "name": "Ouro",
      "usd_oz": 4943.5,
      "usd_g": 158.93721566201242,
      "brl_oz": 25588.05035,
      "brl_g": 822.6749219881425,
      "chg_1h": -0.6750938767235517,
      "chg_24h": -2.4623603536018455
    },
    "XAG": {
      "name": "Prata",
      "usd_oz": 77.223,
      "usd_g": 2.4827771022691585,
      "brl_oz": 399.71397029999997,
      "brl_g": 12.851102559055391,
      "chg_1h": -1.9054151899698946,
      "chg_24h": -7.696448529925826
    },
    "XPT": {
      "name": "Platina",
      "usd_oz": 2016,
      "usd_g": 64.815905082354,
      "brl_oz": 10435.0176,
      "brl_g": 335.49360629677255,
      "chg_1h": -1.9931939718035974,
      "chg_24h": -5.084745762711865
    },
    "XPD": {
      "name": "Paládio",
      "usd_oz": 1665,
      "usd_g": 53.53099303676559,
      "brl_oz": 8618.2065,
      "brl_g": 277.08177305760233,
      "chg_1h": -1.1869436201780417,
      "chg_24h": -4.089861751152074
    },
    "XCU": {
      "name": "Cobre",
      "usd_oz": 5.895869,
      "usd_g": 0.18955659002083008,
      "brl_oz": 30.5176075309,
      "brl_g": 0.9811638656068186,
      "chg_1h": -0.6294395197207491,
      "chg_24h": -2.0718508947685805
    }
  }
}
