{
  "timestamp": 1783898684,
  "usdToBrl": 5.1185,
  "metals": {
    "XAU": {
      "name": "Ouro",
      "usd_oz": 4071.699951,
      "usd_g": 130.90819322809597,
      "brl_oz": 20840.9961991935,
      "brl_g": 670.0535870380093,
      "chg_1h": -0.3402228966756754,
      "chg_24h": -1.2058997472165236
    },
    "XAG": {
      "name": "Prata",
      "usd_oz": 58.806999,
      "usd_g": 1.890688921310559,
      "brl_oz": 301.0036243815,
      "brl_g": 9.677491243728097,
      "chg_1h": -0.13924671840242714,
      "chg_24h": -2.0111990535541793
    },
    "XPT": {
      "name": "Platina",
      "usd_oz": 1613,
      "usd_g": 51.85915421519693,
      "brl_oz": 8256.1405,
      "brl_g": 265.4410808504855,
      "chg_1h": -0.18564356435643564,
      "chg_24h": -1.345565749235474
    },
    "XPD": {
      "name": "Paládio",
      "usd_oz": 1281,
      "usd_g": 41.18510635441245,
      "brl_oz": 6556.7985,
      "brl_g": 210.8059668750601,
      "chg_1h": -0.311284046692607,
      "chg_24h": -1.4615384615384615
    },
    "XCU": {
      "name": "Cobre",
      "usd_oz": 6.050922,
      "usd_g": 0.19454165972853557,
      "brl_oz": 30.971644257,
      "brl_g": 0.9957614853205093,
      "chg_1h": 0,
      "chg_24h": 0
    }
  }
}
