{
  "timestamp": 1771853174,
  "usdToBrl": 5.2144,
  "metals": {
    "XAU": {
      "name": "Ouro",
      "usd_oz": 5150.700195,
      "usd_g": 165.59885662042774,
      "brl_oz": 26857.811096808004,
      "brl_g": 863.4986779615584,
      "chg_1h": -0.019411067456342922,
      "chg_24h": 0.8379234875617231
    },
    "XAG": {
      "name": "Prata",
      "usd_oz": 86.789001,
      "usd_g": 2.7903311760954006,
      "brl_oz": 452.55256681440005,
      "brl_g": 14.549902884631859,
      "chg_1h": 0.12806017526869848,
      "chg_24h": 2.3865724746546144
    },
    "XPT": {
      "name": "Platina",
      "usd_oz": 2160,
      "usd_g": 69.44561258823644,
      "brl_oz": 11263.104000000001,
      "brl_g": 362.1172022801001,
      "chg_1h": -0.7352941176470588,
      "chg_24h": -0.3230272265805261
    },
    "XPD": {
      "name": "Paládio",
      "usd_oz": 1780,
      "usd_g": 57.228328892157805,
      "brl_oz": 9281.632000000001,
      "brl_g": 298.41139817526766,
      "chg_1h": -0.5030743432084964,
      "chg_24h": -0.16825574873808188
    },
    "XCU": {
      "name": "Cobre",
      "usd_oz": 5.779069,
      "usd_g": 0.18580138282161432,
      "brl_oz": 30.1343773936,
      "brl_g": 0.9688427305850258,
      "chg_1h": 0.13098827360400528,
      "chg_24h": 0.16899741546618383
    }
  }
}
