{
  "timestamp": 1773024832,
  "usdToBrl": 5.2765,
  "metals": {
    "XAU": {
      "name": "Ouro",
      "usd_oz": 5089.399902,
      "usd_g": 163.6280064356021,
      "brl_oz": 26854.218582903002,
      "brl_g": 863.3831759574545,
      "chg_1h": 0,
      "chg_24h": -1.6351004638577482
    },
    "XAG": {
      "name": "Prata",
      "usd_oz": 82.597,
      "usd_g": 2.6555552143289654,
      "brl_oz": 435.82307050000003,
      "brl_g": 14.012037088406787,
      "chg_1h": 0,
      "chg_24h": -2.3595356031932813
    },
    "XPT": {
      "name": "Platina",
      "usd_oz": 2094,
      "usd_g": 67.32366331470699,
      "brl_oz": 11048.991,
      "brl_g": 355.23330948005145,
      "chg_1h": 0,
      "chg_24h": -2.8306264501160094
    },
    "XPD": {
      "name": "Paládio",
      "usd_oz": 1638,
      "usd_g": 52.66292287941263,
      "brl_oz": 8642.907000000001,
      "brl_g": 277.8759125732208,
      "chg_1h": 0,
      "chg_24h": -0.7874015748031495
    },
    "XCU": {
      "name": "Cobre",
      "usd_oz": 5.767729,
      "usd_g": 0.1854367933555261,
      "brl_oz": 30.433422068500004,
      "brl_g": 0.9784572401404336,
      "chg_1h": 0,
      "chg_24h": -0.4888662375018671
    }
  }
}
