{
  "timestamp": 1783440603,
  "usdToBrl": 5.1413,
  "metals": {
    "XAU": {
      "name": "Ouro",
      "usd_oz": 4141.899902,
      "usd_g": 133.1651740618271,
      "brl_oz": 21294.7499661526,
      "brl_g": 684.6421094040717,
      "chg_1h": 0,
      "chg_24h": -0.20720631249246813
    },
    "XAG": {
      "name": "Prata",
      "usd_oz": 60.893002,
      "usd_g": 1.9577554751049568,
      "brl_oz": 313.06919118260004,
      "brl_g": 10.065408224157116,
      "chg_1h": 0,
      "chg_24h": -1.507479150707976
    },
    "XPT": {
      "name": "Platina",
      "usd_oz": 1656,
      "usd_g": 53.24163631764794,
      "brl_oz": 8513.9928,
      "brl_g": 273.7312247999234,
      "chg_1h": 0,
      "chg_24h": 1.2844036697247707
    },
    "XPD": {
      "name": "Paládio",
      "usd_oz": 1295,
      "usd_g": 41.635216806373236,
      "brl_oz": 6657.9835,
      "brl_g": 214.05914016660674,
      "chg_1h": 0,
      "chg_24h": 0.3875968992248062
    },
    "XCU": {
      "name": "Cobre",
      "usd_oz": 6.034139,
      "usd_g": 0.19400207374887427,
      "brl_oz": 31.0233188407,
      "brl_g": 0.9974228617650873,
      "chg_1h": 0,
      "chg_24h": -0.09012213096867516
    }
  }
}
