{
  "timestamp": 1775687714,
  "usdToBrl": 5.0818,
  "metals": {
    "XAU": {
      "name": "Ouro",
      "usd_oz": 4714.700195,
      "usd_g": 151.58113111650593,
      "brl_oz": 23959.163450951004,
      "brl_g": 770.3049921078599,
      "chg_1h": -0.131324686578787,
      "chg_24h": -1.3557862747149212
    },
    "XAG": {
      "name": "Prata",
      "usd_oz": 73.977997,
      "usd_g": 2.3784478332017214,
      "brl_oz": 375.9413851546,
      "brl_g": 12.086796198764509,
      "chg_1h": -0.36767451438598303,
      "chg_24h": -1.707350225210267
    },
    "XPT": {
      "name": "Platina",
      "usd_oz": 2039,
      "usd_g": 65.55537225343245,
      "brl_oz": 10361.790200000001,
      "brl_g": 333.13929071749305,
      "chg_1h": -0.09799118079372857,
      "chg_24h": 1.797304043934099
    },
    "XPD": {
      "name": "Paládio",
      "usd_oz": 1583,
      "usd_g": 50.894631818138095,
      "brl_oz": 8044.4894,
      "brl_g": 258.6363399734142,
      "chg_1h": -0.18915510718789408,
      "chg_24h": 4.350692155570204
    },
    "XCU": {
      "name": "Cobre",
      "usd_oz": 5.658565,
      "usd_g": 0.1819270892571084,
      "brl_oz": 28.755695617000004,
      "brl_g": 0.9245170821867735,
      "chg_1h": 0,
      "chg_24h": 2.2876856694040804
    }
  }
}
