{
  "timestamp": 1776665170,
  "usdToBrl": 4.9764,
  "metals": {
    "XAU": {
      "name": "Ouro",
      "usd_oz": 4791.799805,
      "usd_g": 154.05994113815598,
      "brl_oz": 23845.912549602,
      "brl_g": 766.6638910799194,
      "chg_1h": 0,
      "chg_24h": -0.8196402244328327
    },
    "XAG": {
      "name": "Prata",
      "usd_oz": 79.950996,
      "usd_g": 2.5704842103053895,
      "brl_oz": 397.8681364944,
      "brl_g": 12.79175762416374,
      "chg_1h": 0,
      "chg_24h": -1.2353152517110475
    },
    "XPT": {
      "name": "Platina",
      "usd_oz": 2091,
      "usd_g": 67.22721107500111,
      "brl_oz": 10405.652399999999,
      "brl_g": 334.5494931936355,
      "chg_1h": 0,
      "chg_24h": -0.9004739336492891
    },
    "XPD": {
      "name": "Paládio",
      "usd_oz": 1571,
      "usd_g": 50.508822859314556,
      "brl_oz": 7817.9244,
      "brl_g": 251.35210607709294,
      "chg_1h": 0,
      "chg_24h": -0.695322376738306
    },
    "XCU": {
      "name": "Cobre",
      "usd_oz": 5.95786,
      "usd_g": 0.19154964695136592,
      "brl_oz": 29.648694504,
      "brl_g": 0.9532276630887774,
      "chg_1h": 0,
      "chg_24h": -0.7880689770589888
    }
  }
}
