{
  "timestamp": 1777011988,
  "usdToBrl": 4.963,
  "metals": {
    "XAU": {
      "name": "Ouro",
      "usd_oz": 4675.100098,
      "usd_g": 150.30795843376583,
      "brl_oz": 23202.521786374,
      "brl_g": 745.9783977067798,
      "chg_1h": 0.2444390188765026,
      "chg_24h": -0.7494014252380609
    },
    "XAG": {
      "name": "Prata",
      "usd_oz": 74.816002,
      "usd_g": 2.405390319579964,
      "brl_oz": 371.311817926,
      "brl_g": 11.937952156075362,
      "chg_1h": -0.022714577793220846,
      "chg_24h": -1.6200229441940435
    },
    "XPT": {
      "name": "Platina",
      "usd_oz": 1982,
      "usd_g": 63.722779699020656,
      "brl_oz": 9836.666,
      "brl_g": 316.2561556462395,
      "chg_1h": 0.10101010101010101,
      "chg_24h": -2.98580518844836
    },
    "XPD": {
      "name": "Paládio",
      "usd_oz": 1492,
      "usd_g": 47.96891388039295,
      "brl_oz": 7404.796,
      "brl_g": 238.0697195883902,
      "chg_1h": 0.4037685060565276,
      "chg_24h": -3.3678756476683938
    },
    "XCU": {
      "name": "Cobre",
      "usd_oz": 5.95408,
      "usd_g": 0.1914281171293365,
      "brl_oz": 29.550099040000003,
      "brl_g": 0.950057745312897,
      "chg_1h": 0.17042539052314024,
      "chg_24h": -1.5697056983662865
    }
  }
}
