{
  "timestamp": 1777284798,
  "usdToBrl": 5.0006,
  "metals": {
    "XAU": {
      "name": "Ouro",
      "usd_oz": 4704.700195,
      "usd_g": 151.25962365081966,
      "brl_oz": 23526.323795117005,
      "brl_g": 756.3888740282889,
      "chg_1h": 0,
      "chg_24h": -0.12948140979213832
    },
    "XAG": {
      "name": "Prata",
      "usd_oz": 75.773003,
      "usd_g": 2.436158616196888,
      "brl_oz": 378.9104788018,
      "brl_g": 12.182254776154158,
      "chg_1h": 0,
      "chg_24h": -0.044845463411632897
    },
    "XPT": {
      "name": "Platina",
      "usd_oz": 2026,
      "usd_g": 65.13741254804029,
      "brl_oz": 10131.215600000001,
      "brl_g": 325.7261451877303,
      "chg_1h": 0,
      "chg_24h": 0.19782393669634024
    },
    "XPD": {
      "name": "Paládio",
      "usd_oz": 1511,
      "usd_g": 48.57977806519688,
      "brl_oz": 7555.9066,
      "brl_g": 242.92803819282352,
      "chg_1h": 0,
      "chg_24h": -0.8530183727034121
    },
    "XCU": {
      "name": "Cobre",
      "usd_oz": 6.002614,
      "usd_g": 0.19298852146329828,
      "brl_oz": 30.016671568400003,
      "brl_g": 0.9650584004293695,
      "chg_1h": 0,
      "chg_24h": 0.27381205143878684
    }
  }
}
