{
  "timestamp": 1782853965,
  "usdToBrl": 5.1784,
  "metals": {
    "XAU": {
      "name": "Ouro",
      "usd_oz": 4008.699951,
      "usd_g": 128.8826961942724,
      "brl_oz": 20758.6518262584,
      "brl_g": 667.4061539724202,
      "chg_1h": -0.3826979107118581,
      "chg_24h": -0.22152894222673913
    },
    "XAG": {
      "name": "Prata",
      "usd_oz": 58.715,
      "usd_g": 1.8877310847769921,
      "brl_oz": 304.049756,
      "brl_g": 9.775426649409177,
      "chg_1h": -1.6169571045576345,
      "chg_24h": 0.4946445160484223
    },
    "XPT": {
      "name": "Platina",
      "usd_oz": 1554,
      "usd_g": 49.962260167647884,
      "brl_oz": 8047.2336,
      "brl_g": 258.7245680521478,
      "chg_1h": -0.5121638924455826,
      "chg_24h": -2.141057934508816
    },
    "XPD": {
      "name": "Paládio",
      "usd_oz": 1230,
      "usd_g": 39.54541827941242,
      "brl_oz": 6369.432,
      "brl_g": 204.78199401810926,
      "chg_1h": -0.6462035541195477,
      "chg_24h": -1.0458567980691875
    },
    "XCU": {
      "name": "Cobre",
      "usd_oz": 6.051028,
      "usd_g": 0.19454506770767183,
      "brl_oz": 31.334643395199997,
      "brl_g": 1.0074321786174079,
      "chg_1h": 0,
      "chg_24h": 0.37533999480127406
    }
  }
}
