{
  "timestamp": 1773351797,
  "usdToBrl": 5.1621,
  "metals": {
    "XAU": {
      "name": "Ouro",
      "usd_oz": 5080.399902,
      "usd_g": 163.33864971648444,
      "brl_oz": 26225.5323341142,
      "brl_g": 843.1704437014643,
      "chg_1h": 0.005901537257469646,
      "chg_24h": -1.869742126130014
    },
    "XAG": {
      "name": "Prata",
      "usd_oz": 83.987999,
      "usd_g": 2.7002768706551805,
      "brl_oz": 433.5544496379,
      "brl_g": 13.939099234009106,
      "chg_1h": -0.0035694301854649405,
      "chg_24h": -2.1962433076805223
    },
    "XPT": {
      "name": "Platina",
      "usd_oz": 2139,
      "usd_g": 68.77044691029525,
      "brl_oz": 11041.731899999999,
      "brl_g": 354.9999239956351,
      "chg_1h": 0.04677268475210477,
      "chg_24h": -1.7455213596692696
    },
    "XPD": {
      "name": "Paládio",
      "usd_oz": 1646,
      "usd_g": 52.92012885196166,
      "brl_oz": 8496.8166,
      "brl_g": 273.17899714671125,
      "chg_1h": 0,
      "chg_24h": -0.7836045810729355
    },
    "XCU": {
      "name": "Cobre",
      "usd_oz": 5.840421,
      "usd_g": 0.18777389542509282,
      "brl_oz": 30.148837244099997,
      "brl_g": 0.9693076255738716,
      "chg_1h": 0,
      "chg_24h": 0.587135074995739
    }
  }
}
