{
  "timestamp": 1774427530,
  "usdToBrl": 5.2669,
  "metals": {
    "XAU": {
      "name": "Ouro",
      "usd_oz": 4564.799805,
      "usd_g": 146.7617216670774,
      "brl_oz": 24042.344092954496,
      "brl_g": 772.97931184833,
      "chg_1h": 0.2569613394868913,
      "chg_24h": 3.4539005163816077
    },
    "XAG": {
      "name": "Prata",
      "usd_oz": 73.403999,
      "usd_g": 2.359993368972822,
      "brl_oz": 386.61152233309997,
      "brl_g": 12.429849075042954,
      "chg_1h": 0.16237291874883186,
      "chg_24h": 5.196478832869949
    },
    "XPT": {
      "name": "Platina",
      "usd_oz": 1980,
      "usd_g": 63.658478205883405,
      "brl_oz": 10428.462,
      "brl_g": 335.2828388625673,
      "chg_1h": 0.6609049313675649,
      "chg_24h": 4.595879556259905
    },
    "XPD": {
      "name": "Paládio",
      "usd_oz": 1491,
      "usd_g": 47.93676313382432,
      "brl_oz": 7852.947899999999,
      "brl_g": 252.47813774953931,
      "chg_1h": 0.7432432432432433,
      "chg_24h": 2.1232876712328768
    },
    "XCU": {
      "name": "Cobre",
      "usd_oz": 5.429198,
      "usd_g": 0.1745527689689019,
      "brl_oz": 28.5950429462,
      "brl_g": 0.9193519788823094,
      "chg_1h": 0.0822159521805624,
      "chg_24h": -0.20843526871790405
    }
  }
}
