{
  "timestamp": 1772609011,
  "usdToBrl": 5.2434,
  "metals": {
    "XAU": {
      "name": "Ouro",
      "usd_oz": 5170.299805,
      "usd_g": 166.22899871438165,
      "brl_oz": 27109.949997536998,
      "brl_g": 871.6051318589888,
      "chg_1h": 0.5660081089295006,
      "chg_24h": -2.746271003427731
    },
    "XAG": {
      "name": "Prata",
      "usd_oz": 85.126999,
      "usd_g": 2.7368965709968474,
      "brl_oz": 446.3549065566,
      "brl_g": 14.35064348036487,
      "chg_1h": 0.9762265019900993,
      "chg_24h": -1.3637861354770815
    },
    "XPT": {
      "name": "Platina",
      "usd_oz": 2157,
      "usd_g": 69.34916034853056,
      "brl_oz": 11310.0138,
      "brl_g": 363.62538737148515,
      "chg_1h": 1.3151714419915452,
      "chg_24h": -2.4423337856173677
    },
    "XPD": {
      "name": "Paládio",
      "usd_oz": 1706,
      "usd_g": 54.849173646079336,
      "brl_oz": 8945.2404,
      "brl_g": 287.5961570958524,
      "chg_1h": 0.4120070629782225,
      "chg_24h": -2.569960022844089
    },
    "XCU": {
      "name": "Cobre",
      "usd_oz": 5.857995,
      "usd_g": 0.18833891264528987,
      "brl_oz": 30.715810983,
      "brl_g": 0.9875362545643129,
      "chg_1h": 0.11370041265747277,
      "chg_24h": -2.2159343761194323
    }
  }
}
