{
  "timestamp": 1773235485,
  "usdToBrl": 5.1779,
  "metals": {
    "XAU": {
      "name": "Ouro",
      "usd_oz": 5181.899902,
      "usd_g": 166.60195049320018,
      "brl_oz": 26831.359502565803,
      "brl_g": 862.6482394587413,
      "chg_1h": -0.021225120586530755,
      "chg_24h": -0.6994481198347992
    },
    "XAG": {
      "name": "Prata",
      "usd_oz": 86.030998,
      "usd_g": 2.7659608137441407,
      "brl_oz": 445.4599045442,
      "brl_g": 14.321868497485786,
      "chg_1h": -0.361354125722895,
      "chg_24h": -4.104197968104894
    },
    "XPT": {
      "name": "Platina",
      "usd_oz": 2195,
      "usd_g": 70.57088871813842,
      "brl_oz": 11365.4905,
      "brl_g": 365.4090046936489,
      "chg_1h": 1.19870908252651,
      "chg_24h": -1.436910642119443
    },
    "XPD": {
      "name": "Paládio",
      "usd_oz": 1663,
      "usd_g": 53.466691543628336,
      "brl_oz": 8610.8477,
      "brl_g": 276.84518214375316,
      "chg_1h": 0.3621001810500905,
      "chg_24h": -3.0320699708454812
    },
    "XCU": {
      "name": "Cobre",
      "usd_oz": 5.79434,
      "usd_g": 0.18629235687246387,
      "brl_oz": 30.002513086,
      "brl_g": 0.9646031946499307,
      "chg_1h": 0.04176507241724683,
      "chg_24h": -1.2446634939783063
    }
  }
}
