{
  "timestamp": 1774971444,
  "usdToBrl": 5.224,
  "metals": {
    "XAU": {
      "name": "Ouro",
      "usd_oz": 4618.100098,
      "usd_g": 148.47536587935403,
      "brl_oz": 24124.954911952,
      "brl_g": 775.6353113537455,
      "chg_1h": 0.20179424998913006,
      "chg_24h": 1.8593739606021322
    },
    "XAG": {
      "name": "Prata",
      "usd_oz": 73.886002,
      "usd_g": 2.3754901252711402,
      "brl_oz": 385.98047444800005,
      "brl_g": 12.409560414416436,
      "chg_1h": 0.11925120406724543,
      "chg_24h": 4.0779889314697355
    },
    "XPT": {
      "name": "Platina",
      "usd_oz": 1941,
      "usd_g": 62.40459908970691,
      "brl_oz": 10139.784,
      "brl_g": 326.0016256446289,
      "chg_1h": 0.4138644593895499,
      "chg_24h": 1.676270298585647
    },
    "XPD": {
      "name": "Paládio",
      "usd_oz": 1485,
      "usd_g": 47.743858654412556,
      "brl_oz": 7757.64,
      "brl_g": 249.4139176106512,
      "chg_1h": 0.33783783783783783,
      "chg_24h": 3.125
    },
    "XCU": {
      "name": "Cobre",
      "usd_oz": 5.560967,
      "usd_g": 0.17878924069350344,
      "brl_oz": 29.050491608,
      "brl_g": 0.933994993382862,
      "chg_1h": 0.15111904816790608,
      "chg_24h": 1.2581873311253315
    }
  }
}
