{
  "timestamp": 1772040760,
  "usdToBrl": 5.1287,
  "metals": {
    "XAU": {
      "name": "Ouro",
      "usd_oz": 5213.600098,
      "usd_g": 167.621135460972,
      "brl_oz": 26738.9908226126,
      "brl_g": 859.6785174386871,
      "chg_1h": 0.3310021615807462,
      "chg_24h": 1.015265849419343
    },
    "XAG": {
      "name": "Prata",
      "usd_oz": 90.847,
      "usd_g": 2.920798873520146,
      "brl_oz": 465.9270089,
      "brl_g": 14.979901182622774,
      "chg_1h": 0.4078372778300919,
      "chg_24h": 3.1028350311853443
    },
    "XPT": {
      "name": "Platina",
      "usd_oz": 2334,
      "usd_g": 75.03984249117771,
      "brl_oz": 11970.3858,
      "brl_g": 384.85684018450314,
      "chg_1h": 0.9079118028534372,
      "chg_24h": 7.508060801473976
    },
    "XPD": {
      "name": "Paládio",
      "usd_oz": 1830,
      "usd_g": 58.8358662205892,
      "brl_oz": 9385.521,
      "brl_g": 301.7515070855359,
      "chg_1h": 0.5494505494505495,
      "chg_24h": 1.441241685144124
    },
    "XCU": {
      "name": "Cobre",
      "usd_oz": 5.941682,
      "usd_g": 0.19102951217337866,
      "brl_oz": 30.473104473400003,
      "brl_g": 0.9797330590836072,
      "chg_1h": 0.0038206129643286895,
      "chg_24h": 0.9452871726025802
    }
  }
}
