{
  "timestamp": 1773718508,
  "usdToBrl": 5.2703,
  "metals": {
    "XAU": {
      "name": "Ouro",
      "usd_oz": 5031.399902,
      "usd_g": 161.76326313462167,
      "brl_oz": 26516.9869035106,
      "brl_g": 852.5409256983966,
      "chg_1h": 0,
      "chg_24h": 0.5937922274847536
    },
    "XAG": {
      "name": "Prata",
      "usd_oz": 81.586998,
      "usd_g": 2.6230828959931576,
      "brl_oz": 429.98795555939995,
      "brl_g": 13.824433786752738,
      "chg_1h": 0,
      "chg_24h": 3.0021815702760932
    },
    "XPT": {
      "name": "Platina",
      "usd_oz": 2161,
      "usd_g": 69.47776333480506,
      "brl_oz": 11389.1183,
      "brl_g": 366.1686561034231,
      "chg_1h": 0,
      "chg_24h": 5.724070450097847
    },
    "XPD": {
      "name": "Paládio",
      "usd_oz": 1648,
      "usd_g": 52.984430345098914,
      "brl_oz": 8685.454399999999,
      "brl_g": 279.2438432477748,
      "chg_1h": 0,
      "chg_24h": 3.909205548549811
    },
    "XCU": {
      "name": "Cobre",
      "usd_oz": 5.83539,
      "usd_g": 0.18761214501910606,
      "brl_oz": 30.754255917000002,
      "brl_g": 0.9887722878941946,
      "chg_1h": 0,
      "chg_24h": 1.1876748990531825
    }
  }
}
