{
  "timestamp": 1783010875,
  "usdToBrl": 5.201,
  "metals": {
    "XAU": {
      "name": "Ouro",
      "usd_oz": 4117.5,
      "usd_g": 132.38069899632572,
      "brl_oz": 21415.117499999997,
      "brl_g": 688.51201547989,
      "chg_1h": -0.17456286904751264,
      "chg_24h": 0.7758566405558349
    },
    "XAG": {
      "name": "Prata",
      "usd_oz": 60.981998,
      "usd_g": 1.9606167629465783,
      "brl_oz": 317.167371598,
      "brl_g": 10.197167784085153,
      "chg_1h": -0.6014636892157098,
      "chg_24h": 0.9218022494299049
    },
    "XPT": {
      "name": "Platina",
      "usd_oz": 1623,
      "usd_g": 52.18066168088321,
      "brl_oz": 8441.223,
      "brl_g": 271.3916214022736,
      "chg_1h": -0.06157635467980296,
      "chg_24h": 1.4375
    },
    "XPD": {
      "name": "Paládio",
      "usd_oz": 1290,
      "usd_g": 41.474463073530096,
      "brl_oz": 6709.29,
      "brl_g": 215.70868244543001,
      "chg_1h": -0.0774593338497289,
      "chg_24h": 3.697749196141479
    },
    "XCU": {
      "name": "Cobre",
      "usd_oz": 6.01214,
      "usd_g": 0.19329478947511103,
      "brl_oz": 31.269140139999994,
      "brl_g": 1.0053262000600525,
      "chg_1h": -0.04021907508099289,
      "chg_24h": -0.25086025822679736
    }
  }
}
