{
  "timestamp": 1783958443,
  "usdToBrl": 5.1155,
  "metals": {
    "XAU": {
      "name": "Ouro",
      "usd_oz": 4016,
      "usd_g": 129.11739821960998,
      "brl_oz": 20543.847999999998,
      "brl_g": 660.5000505924148,
      "chg_1h": 0,
      "chg_24h": -2.5573810963806856
    },
    "XAG": {
      "name": "Prata",
      "usd_oz": 58.098999,
      "usd_g": 1.8679261927399704,
      "brl_oz": 297.2054293845,
      "brl_g": 9.555376438961318,
      "chg_1h": 0,
      "chg_24h": -3.190923784450301
    },
    "XPT": {
      "name": "Platina",
      "usd_oz": 1622,
      "usd_g": 52.14851093431459,
      "brl_oz": 8297.341,
      "brl_g": 266.76570768448624,
      "chg_1h": 0,
      "chg_24h": -0.7951070336391437
    },
    "XPD": {
      "name": "Paládio",
      "usd_oz": 1281,
      "usd_g": 41.18510635441245,
      "brl_oz": 6552.9555,
      "brl_g": 210.68241155599688,
      "chg_1h": 0,
      "chg_24h": -1.4615384615384615
    },
    "XCU": {
      "name": "Cobre",
      "usd_oz": 6.119112,
      "usd_g": 0.19673401913705033,
      "brl_oz": 31.302317436000003,
      "brl_g": 1.0063928748955808,
      "chg_1h": 0,
      "chg_24h": 1.1269356967417596
    }
  }
}
