{
  "timestamp": 1783546175,
  "usdToBrl": 5.1563,
  "metals": {
    "XAU": {
      "name": "Ouro",
      "usd_oz": 4076.699951,
      "usd_g": 131.06894696093912,
      "brl_oz": 21020.6879573413,
      "brl_g": 675.8308112146904,
      "chg_1h": -0.0980223992949978,
      "chg_24h": -0.7329272287232808
    },
    "XAG": {
      "name": "Prata",
      "usd_oz": 58.383999,
      "usd_g": 1.8770891555120295,
      "brl_oz": 301.0454140437,
      "brl_g": 9.678834812566677,
      "chg_1h": -0.1795192319758998,
      "chg_24h": -2.8423085076600603
    },
    "XPT": {
      "name": "Platina",
      "usd_oz": 1589,
      "usd_g": 51.08753629754986,
      "brl_oz": 8193.3607,
      "brl_g": 263.42266341105636,
      "chg_1h": -0.18844221105527637,
      "chg_24h": -3.4629404617253954
    },
    "XPD": {
      "name": "Paládio",
      "usd_oz": 1239,
      "usd_g": 39.83477499853007,
      "brl_oz": 6388.6557,
      "brl_g": 205.4000503249206,
      "chg_1h": -0.48192771084337355,
      "chg_24h": -3.7296037296037294
    },
    "XCU": {
      "name": "Cobre",
      "usd_oz": 5.946369,
      "usd_g": 0.1911802027225458,
      "brl_oz": 30.6612624747,
      "brl_g": 0.9857824792982629,
      "chg_1h": 0,
      "chg_24h": -1.5017483762711115
    }
  }
}
