{
  "timestamp": 1778252414,
  "usdToBrl": 4.914,
  "metals": {
    "XAU": {
      "name": "Ouro",
      "usd_oz": 4718.200195,
      "usd_g": 151.69365872949612,
      "brl_oz": 23185.23575823,
      "brl_g": 745.4226389967439,
      "chg_1h": -0.1523618561246536,
      "chg_24h": -0.7426066056589807
    },
    "XAG": {
      "name": "Prata",
      "usd_oz": 80.744003,
      "usd_g": 2.5959799773895376,
      "brl_oz": 396.776030742,
      "brl_g": 12.756645608892187,
      "chg_1h": -0.6997663006030377,
      "chg_24h": -1.4391490096486446
    },
    "XPT": {
      "name": "Platina",
      "usd_oz": 2053,
      "usd_g": 66.00548270539325,
      "brl_oz": 10088.442,
      "brl_g": 324.3509420143024,
      "chg_1h": -0.04868549172346641,
      "chg_24h": -1.3455069678039404
    },
    "XPD": {
      "name": "Paládio",
      "usd_oz": 1504,
      "usd_g": 48.354722839216485,
      "brl_oz": 7390.656,
      "brl_g": 237.61510803190978,
      "chg_1h": -0.6605019815059445,
      "chg_24h": -2.905100064557779
    },
    "XCU": {
      "name": "Cobre",
      "usd_oz": 6.111401,
      "usd_g": 0.1964861047302596,
      "brl_oz": 30.031424513999998,
      "brl_g": 0.9655327186444956,
      "chg_1h": 0,
      "chg_24h": 1.5577818550369797
    }
  }
}
