{
  "timestamp": 1773429752,
  "usdToBrl": 5.2433,
  "metals": {
    "XAU": {
      "name": "Ouro",
      "usd_oz": 5037.899902,
      "usd_g": 161.97224298731774,
      "brl_oz": 26415.220556156597,
      "brl_g": 849.2690616554031,
      "chg_1h": -0.1605251288149007,
      "chg_24h": -1.0527368751841282
    },
    "XAG": {
      "name": "Prata",
      "usd_oz": 80.978996,
      "usd_g": 2.603535177777939,
      "brl_oz": 424.59716972679996,
      "brl_g": 13.651115997643066,
      "chg_1h": -0.04690620602852486,
      "chg_24h": -4.5306678047047795
    },
    "XPT": {
      "name": "Platina",
      "usd_oz": 2047,
      "usd_g": 65.81257822598148,
      "brl_oz": 10733.0351,
      "brl_g": 345.07509141228866,
      "chg_1h": -0.2922552362396493,
      "chg_24h": -4.967502321262767
    },
    "XPD": {
      "name": "Paládio",
      "usd_oz": 1592,
      "usd_g": 51.18398853725574,
      "brl_oz": 8347.3336,
      "brl_g": 268.37300709739304,
      "chg_1h": -0.2506265664160401,
      "chg_24h": -3.8066465256797586
    },
    "XCU": {
      "name": "Cobre",
      "usd_oz": 5.872388,
      "usd_g": 0.18880165834065213,
      "brl_oz": 30.790692000399996,
      "brl_g": 0.9899437351775412,
      "chg_1h": 1.8586236048701497,
      "chg_24h": 0.9497797714271179
    }
  }
}
