{
  "timestamp": 1778842749,
  "usdToBrl": 4.997,
  "metals": {
    "XAU": {
      "name": "Ouro",
      "usd_oz": 4567.299805,
      "usd_g": 146.84209853349898,
      "brl_oz": 22822.797125585,
      "brl_g": 733.7699663718944,
      "chg_1h": 0,
      "chg_24h": -2.7716912187333764
    },
    "XAG": {
      "name": "Prata",
      "usd_oz": 79.044998,
      "usd_g": 2.541355698215706,
      "brl_oz": 394.987855006,
      "brl_g": 12.699154423983883,
      "chg_1h": 0,
      "chg_24h": -9.233402719534737
    },
    "XPT": {
      "name": "Platina",
      "usd_oz": 2014,
      "usd_g": 64.75160358921676,
      "brl_oz": 10063.958,
      "brl_g": 323.56376313531615,
      "chg_1h": 0,
      "chg_24h": -4.910292728989613
    },
    "XPD": {
      "name": "Paládio",
      "usd_oz": 1460,
      "usd_g": 46.94008999019685,
      "brl_oz": 7295.62,
      "brl_g": 234.55962968101366,
      "chg_1h": 0,
      "chg_24h": -2.53671562082777
    },
    "XCU": {
      "name": "Cobre",
      "usd_oz": 6.301835,
      "usd_g": 0.2026087000023097,
      "brl_oz": 31.490269494999996,
      "brl_g": 1.0124356739115417,
      "chg_1h": 0,
      "chg_24h": -0.8787294528746411
    }
  }
}
