{
  "timestamp": 1771545397,
  "usdToBrl": 5.2343,
  "metals": {
    "XAU": {
      "name": "Ouro",
      "usd_oz": 4990.899902,
      "usd_g": 160.46115789859223,
      "brl_oz": 26123.8673570386,
      "brl_g": 839.9018387886014,
      "chg_1h": -0.12607645789944658,
      "chg_24h": 0.23698667967611167
    },
    "XAG": {
      "name": "Prata",
      "usd_oz": 78.115997,
      "usd_g": 2.5114876225027034,
      "brl_oz": 408.8825630971,
      "brl_g": 13.145879662465902,
      "chg_1h": -0.7054709030130828,
      "chg_24h": 1.1681819813057814
    },
    "XPT": {
      "name": "Platina",
      "usd_oz": 2079,
      "usd_g": 66.84140211617758,
      "brl_oz": 10882.1097,
      "brl_g": 349.8679510967083,
      "chg_1h": -0.19203072491598655,
      "chg_24h": -0.33557046979865773
    },
    "XPD": {
      "name": "Paládio",
      "usd_oz": 1707,
      "usd_g": 54.88132439264796,
      "brl_oz": 8934.9501,
      "brl_g": 287.26531626843723,
      "chg_1h": -0.0585480093676815,
      "chg_24h": -1.215277777777778
    },
    "XCU": {
      "name": "Cobre",
      "usd_oz": 5.717532,
      "usd_g": 0.18382292233002068,
      "brl_oz": 29.9272777476,
      "brl_g": 0.9621843223520272,
      "chg_1h": 0,
      "chg_24h": -1.614392524972678
    }
  }
}
