{
  "timestamp": 1772569072,
  "usdToBrl": 5.2434,
  "metals": {
    "XAU": {
      "name": "Ouro",
      "usd_oz": 5116.299805,
      "usd_g": 164.49285839967575,
      "brl_oz": 26826.806397537,
      "brl_g": 862.5018537328599,
      "chg_1h": -0.5694242156787256,
      "chg_24h": -4.097548239247178
    },
    "XAG": {
      "name": "Prata",
      "usd_oz": 82.901001,
      "usd_g": 2.6653290734365744,
      "brl_oz": 434.6831086434,
      "brl_g": 13.975386463657335,
      "chg_1h": -1.1258870400633696,
      "chg_24h": -7.630168496248792
    },
    "XPT": {
      "name": "Platina",
      "usd_oz": 2117,
      "usd_g": 68.06313048578544,
      "brl_oz": 11100.2778,
      "brl_g": 356.88221838916735,
      "chg_1h": -0.23562676720075398,
      "chg_24h": -8.671268334771355
    },
    "XPD": {
      "name": "Paládio",
      "usd_oz": 1691,
      "usd_g": 54.366912447549915,
      "brl_oz": 8866.5894,
      "brl_g": 285.06746872748323,
      "chg_1h": -0.1770956316410862,
      "chg_24h": -6.107717934480844
    },
    "XCU": {
      "name": "Cobre",
      "usd_oz": 5.839382,
      "usd_g": 0.187740490799408,
      "brl_oz": 30.6182155788,
      "brl_g": 0.9843984894576159,
      "chg_1h": -0.7570118172838525,
      "chg_24h": -3.758972458967982
    }
  }
}
