{
  "timestamp": 1776943044,
  "usdToBrl": 4.9717,
  "metals": {
    "XAU": {
      "name": "Ouro",
      "usd_oz": 4698.700195,
      "usd_g": 151.0667191714079,
      "brl_oz": 23360.5277594815,
      "brl_g": 751.0584077044887,
      "chg_1h": 0.008522018956189151,
      "chg_24h": -1.2504728166444874
    },
    "XAG": {
      "name": "Prata",
      "usd_oz": 74.677002,
      "usd_g": 2.400921365806925,
      "brl_oz": 371.27165084340004,
      "brl_g": 11.93666075438229,
      "chg_1h": -1.1332729191190347,
      "chg_24h": -4.4281185043178155
    },
    "XPT": {
      "name": "Platina",
      "usd_oz": 2014,
      "usd_g": 64.75160358921676,
      "brl_oz": 10013.0038,
      "brl_g": 321.925547564509,
      "chg_1h": -0.3956478733926805,
      "chg_24h": -3.358925143953935
    },
    "XPD": {
      "name": "Paládio",
      "usd_oz": 1498,
      "usd_g": 48.16181835980471,
      "brl_oz": 7447.6066,
      "brl_g": 239.4461123394411,
      "chg_1h": -1.5768725361366622,
      "chg_24h": -6.140350877192982
    },
    "XCU": {
      "name": "Cobre",
      "usd_oz": 6.049032,
      "usd_g": 0.19448089481752087,
      "brl_oz": 30.073972394400002,
      "brl_g": 0.9669006647642686,
      "chg_1h": 0,
      "chg_24h": 0.8914561116982164
    }
  }
}
