{
  "timestamp": 1783294817,
  "usdToBrl": 5.1962,
  "metals": {
    "XAU": {
      "name": "Ouro",
      "usd_oz": 4198.399902,
      "usd_g": 134.98169124295455,
      "brl_oz": 21815.7255707724,
      "brl_g": 701.3918640366405,
      "chg_1h": 0.22918490849195552,
      "chg_24h": 0.5339863383705756
    },
    "XAG": {
      "name": "Prata",
      "usd_oz": 63.256001,
      "usd_g": 2.033727657095878,
      "brl_oz": 328.6908323962,
      "brl_g": 10.567655651801601,
      "chg_1h": 0.07910641269647348,
      "chg_24h": 1.1820833111660236
    },
    "XPT": {
      "name": "Platina",
      "usd_oz": 1666,
      "usd_g": 53.56314378333422,
      "brl_oz": 8656.869200000001,
      "brl_g": 278.3248077269613,
      "chg_1h": 0.30102347983142685,
      "chg_24h": 1.0922330097087378
    },
    "XPD": {
      "name": "Paládio",
      "usd_oz": 1306,
      "usd_g": 41.98887501862814,
      "brl_oz": 6786.2372000000005,
      "brl_g": 218.18259237179555,
      "chg_1h": 0.46153846153846156,
      "chg_24h": 1.1618900077459333
    },
    "XCU": {
      "name": "Cobre",
      "usd_oz": 6.013198,
      "usd_g": 0.19332880496498064,
      "brl_oz": 31.2457794476,
      "brl_g": 1.0045751363590325,
      "chg_1h": 0,
      "chg_24h": 0.2091273793884615
    }
  }
}
