{
  "timestamp": 1779234556,
  "usdToBrl": 5.0232,
  "metals": {
    "XAU": {
      "name": "Ouro",
      "usd_oz": 4494.799805,
      "usd_g": 144.51116940727346,
      "brl_oz": 22578.278380476,
      "brl_g": 725.908506166616,
      "chg_1h": 0.2900620412696011,
      "chg_24h": -1.9843866690556502
    },
    "XAG": {
      "name": "Prata",
      "usd_oz": 74.500999,
      "usd_g": 2.3952627379586064,
      "brl_oz": 374.2334181768,
      "brl_g": 12.031883785313672,
      "chg_1h": 0.6566236662382309,
      "chg_24h": -5.507150780483987
    },
    "XPT": {
      "name": "Platina",
      "usd_oz": 1942,
      "usd_g": 62.43674983627554,
      "brl_oz": 9755.0544,
      "brl_g": 313.6322817775793,
      "chg_1h": 0.4136504653567736,
      "chg_24h": -2.6078234704112337
    },
    "XPD": {
      "name": "Paládio",
      "usd_oz": 1391,
      "usd_g": 44.721688476961525,
      "brl_oz": 6987.2712,
      "brl_g": 224.64598555747313,
      "chg_1h": 0.5057803468208093,
      "chg_24h": -3.6703601108033244
    },
    "XCU": {
      "name": "Cobre",
      "usd_oz": 6.091366,
      "usd_g": 0.19584196452275715,
      "brl_oz": 30.5981496912,
      "brl_g": 0.9837533561907137,
      "chg_1h": 0,
      "chg_24h": -0.9356473306273764
    }
  }
}
