{
  "timestamp": 1779729774,
  "usdToBrl": 5.0026,
  "metals": {
    "XAU": {
      "name": "Ouro",
      "usd_oz": 4574.100098,
      "usd_g": 147.0607330303344,
      "brl_oz": 22882.3931502548,
      "brl_g": 735.6860230575509,
      "chg_1h": 0.12258067199299308,
      "chg_24h": 1.410045405165722
    },
    "XAG": {
      "name": "Prata",
      "usd_oz": 78.466003,
      "usd_g": 2.522740576706203,
      "brl_oz": 392.5340266078,
      "brl_g": 12.620262009030451,
      "chg_1h": 0.7472651347928195,
      "chg_24h": 3.7320109919493074
    },
    "XPT": {
      "name": "Platina",
      "usd_oz": 1977,
      "usd_g": 63.56202596617752,
      "brl_oz": 9890.1402,
      "brl_g": 317.97539109839965,
      "chg_1h": 0,
      "chg_24h": 2.4352331606217614
    },
    "XPD": {
      "name": "Paládio",
      "usd_oz": 1422,
      "usd_g": 45.718361620588986,
      "brl_oz": 7113.6972000000005,
      "brl_g": 228.71067584315847,
      "chg_1h": 0.21141649048625794,
      "chg_24h": 3.4934497816593884
    },
    "XCU": {
      "name": "Cobre",
      "usd_oz": 6.127126,
      "usd_g": 0.1969916752200513,
      "brl_oz": 30.651560527599997,
      "brl_g": 0.9854705544558287,
      "chg_1h": 0,
      "chg_24h": 0
    }
  }
}
