{
  "timestamp": 1775101781,
  "usdToBrl": 5.1598,
  "metals": {
    "XAU": {
      "name": "Ouro",
      "usd_oz": 4683.5,
      "usd_g": 150.57802155416914,
      "brl_oz": 24165.9233,
      "brl_g": 776.9524756152019,
      "chg_1h": 0,
      "chg_24h": 0.2933786366030385
    },
    "XAG": {
      "name": "Prata",
      "usd_oz": 72.228996,
      "usd_g": 2.322216145302444,
      "brl_oz": 372.6871735608,
      "brl_g": 11.982170866531549,
      "chg_1h": 0,
      "chg_24h": -2.4169824209511996
    },
    "XPT": {
      "name": "Platina",
      "usd_oz": 1931,
      "usd_g": 62.08309162402063,
      "brl_oz": 9963.5738,
      "brl_g": 320.33633616162166,
      "chg_1h": 0,
      "chg_24h": -1.3789581205311543
    },
    "XPD": {
      "name": "Paládio",
      "usd_oz": 1470,
      "usd_g": 47.261597455883134,
      "brl_oz": 7584.906,
      "brl_g": 243.8603905528658,
      "chg_1h": 0,
      "chg_24h": -1.6064257028112447
    },
    "XCU": {
      "name": "Cobre",
      "usd_oz": 5.525133,
      "usd_g": 0.17763715084096324,
      "brl_oz": 28.5085812534,
      "brl_g": 0.9165721709092021,
      "chg_1h": 0,
      "chg_24h": -0.9594423890911283
    }
  }
}
