{
  "timestamp": 1770790723,
  "usdToBrl": 5.2067,
  "metals": {
    "XAU": {
      "name": "Ouro",
      "usd_oz": 5060.299805,
      "usd_g": 162.69241659183257,
      "brl_oz": 26347.462994693495,
      "brl_g": 847.0906054686945,
      "chg_1h": 0.21785198789557716,
      "chg_24h": 0.5104617347901971
    },
    "XAG": {
      "name": "Prata",
      "usd_oz": 82.476997,
      "usd_g": 2.65169702828849,
      "brl_oz": 429.43298027989994,
      "brl_g": 13.80659091718968,
      "chg_1h": -0.15012046222493208,
      "chg_24h": 0.9769904017312819
    },
    "XPT": {
      "name": "Platina",
      "usd_oz": 2136,
      "usd_g": 68.67399467058937,
      "brl_oz": 11121.511199999999,
      "brl_g": 357.5648880513576,
      "chg_1h": 0,
      "chg_24h": 1.7627441638875654
    },
    "XPD": {
      "name": "Paládio",
      "usd_oz": 1758,
      "usd_g": 56.52101246764799,
      "brl_oz": 9153.3786,
      "brl_g": 294.2879556153028,
      "chg_1h": -0.05685048322910744,
      "chg_24h": 0.5720823798627002
    },
    "XCU": {
      "name": "Cobre",
      "usd_oz": 5.913408,
      "usd_g": 0.19012048196489728,
      "brl_oz": 30.7893414336,
      "brl_g": 0.9899003134466307,
      "chg_1h": 0.12928028219168775,
      "chg_24h": 0.7483280049271849
    }
  }
}
