{
  "timestamp": 1772436988,
  "usdToBrl": 5.1556,
  "metals": {
    "XAU": {
      "name": "Ouro",
      "usd_oz": 5410.200195,
      "usd_g": 173.9419753549867,
      "brl_oz": 27892.828125342,
      "brl_g": 896.7752481401694,
      "chg_1h": 0.551996933370511,
      "chg_24h": 2.4620278625628886
    },
    "XAG": {
      "name": "Prata",
      "usd_oz": 95.995003,
      "usd_g": 3.0863110133076828,
      "brl_oz": 494.91183746679997,
      "brl_g": 15.911785060209088,
      "chg_1h": 0.7895667204756892,
      "chg_24h": 2.215859166728503
    },
    "XPT": {
      "name": "Platina",
      "usd_oz": 2420,
      "usd_g": 77.80480669607971,
      "brl_oz": 12476.552,
      "brl_g": 401.1304614023085,
      "chg_1h": 0.45662100456621,
      "chg_24h": 2.066638549135386
    },
    "XPD": {
      "name": "Paládio",
      "usd_oz": 1862,
      "usd_g": 59.864690110785304,
      "brl_oz": 9599.7272,
      "brl_g": 308.6383963351647,
      "chg_1h": 0.4314994606256742,
      "chg_24h": 2.816123688569851
    },
    "XCU": {
      "name": "Cobre",
      "usd_oz": 6.126596,
      "usd_g": 0.19697463532436993,
      "brl_oz": 31.5862783376,
      "brl_g": 1.0155224298783216,
      "chg_1h": -0.02715289494897227,
      "chg_24h": 0.6382664174225574
    }
  }
}
