{
  "timestamp": 1771436471,
  "usdToBrl": 5.2229,
  "metals": {
    "XAU": {
      "name": "Ouro",
      "usd_oz": 4995.5,
      "usd_g": 160.60905448358108,
      "brl_oz": 26090.99695,
      "brl_g": 838.8450306622956,
      "chg_1h": -0.1279494217275544,
      "chg_24h": 2.67820027496319
    },
    "XAG": {
      "name": "Prata",
      "usd_oz": 78.084,
      "usd_g": 2.5104588950647475,
      "brl_oz": 407.82492360000003,
      "brl_g": 13.11187576303367,
      "chg_1h": -0.14450554553890496,
      "chg_24h": 7.256764031121947
    },
    "XPT": {
      "name": "Platina",
      "usd_oz": 2097,
      "usd_g": 67.42011555441287,
      "brl_oz": 10952.4213,
      "brl_g": 352.12852152914303,
      "chg_1h": -0.47460844803037494,
      "chg_24h": 3.76051459673429
    },
    "XPD": {
      "name": "Paládio",
      "usd_oz": 1746,
      "usd_g": 56.13520350882445,
      "brl_oz": 9119.1834,
      "brl_g": 293.18855440623923,
      "chg_1h": -0.6260671599317018,
      "chg_24h": 3.4973325429756965
    },
    "XCU": {
      "name": "Cobre",
      "usd_oz": 5.794794,
      "usd_g": 0.186306953311406,
      "brl_oz": 30.2656295826,
      "brl_g": 0.9730625864501424,
      "chg_1h": 0.02872367787361733,
      "chg_24h": 1.6537432887724886
    }
  }
}
