{
  "timestamp": 1779901118,
  "usdToBrl": 5.0458,
  "metals": {
    "XAU": {
      "name": "Ouro",
      "usd_oz": 4450.899902,
      "usd_g": 143.0997547515331,
      "brl_oz": 22458.3507255116,
      "brl_g": 722.0527425252858,
      "chg_1h": 0,
      "chg_24h": -1.2797807467021836
    },
    "XAG": {
      "name": "Prata",
      "usd_oz": 74.761002,
      "usd_g": 2.40362202851869,
      "brl_oz": 377.2290638916,
      "brl_g": 12.128196031499606,
      "chg_1h": 0,
      "chg_24h": -2.0208890604446736
    },
    "XPT": {
      "name": "Platina",
      "usd_oz": 1931,
      "usd_g": 62.08309162402063,
      "brl_oz": 9743.4398,
      "brl_g": 313.2588637164833,
      "chg_1h": 0,
      "chg_24h": -1.1264720942140296
    },
    "XPD": {
      "name": "Paládio",
      "usd_oz": 1415,
      "usd_g": 45.493306394608595,
      "brl_oz": 7139.807,
      "brl_g": 229.55012540591605,
      "chg_1h": 0,
      "chg_24h": 0.5685856432125089
    },
    "XCU": {
      "name": "Cobre",
      "usd_oz": 6.103992,
      "usd_g": 0.19624789984893265,
      "brl_oz": 30.799522833599998,
      "brl_g": 0.9902276530577443,
      "chg_1h": 0,
      "chg_24h": -0.6178989287266343
    }
  }
}
