{
  "timestamp": 1772716884,
  "usdToBrl": 5.2198,
  "metals": {
    "XAU": {
      "name": "Ouro",
      "usd_oz": 5133,
      "usd_g": 165.02978213676744,
      "brl_oz": 26793.2334,
      "brl_g": 861.4224567974987,
      "chg_1h": -0.6060803241844255,
      "chg_24h": -0.6983826452493644
    },
    "XAG": {
      "name": "Prata",
      "usd_oz": 82.660004,
      "usd_g": 2.6575808399657754,
      "brl_oz": 431.46868887920004,
      "brl_g": 13.872040468453354,
      "chg_1h": -2.063927395085425,
      "chg_24h": -3.366842373546387
    },
    "XPT": {
      "name": "Platina",
      "usd_oz": 2160,
      "usd_g": 69.44561258823644,
      "brl_oz": 11274.768,
      "brl_g": 362.4922085880766,
      "chg_1h": -0.7808911345888837,
      "chg_24h": -0.18484288354898337
    },
    "XPD": {
      "name": "Paládio",
      "usd_oz": 1669,
      "usd_g": 53.6595960230401,
      "brl_oz": 8711.8462,
      "brl_g": 280.09235932106475,
      "chg_1h": -1.3010053222945004,
      "chg_24h": -2.168815943728019
    },
    "XCU": {
      "name": "Cobre",
      "usd_oz": 5.77597,
      "usd_g": 0.18570174765799816,
      "brl_oz": 30.149408206,
      "brl_g": 0.9693259824252188,
      "chg_1h": -0.6811526892488701,
      "chg_24h": -1.5767734974319607
    }
  }
}
