{
  "timestamp": 1770780226,
  "usdToBrl": 5.2067,
  "metals": {
    "XAU": {
      "name": "Ouro",
      "usd_oz": 5057.100098,
      "usd_g": 162.58954362298172,
      "brl_oz": 26330.8030802566,
      "brl_g": 846.5549767817789,
      "chg_1h": 0,
      "chg_24h": 0.6287951049646778
    },
    "XAG": {
      "name": "Prata",
      "usd_oz": 82.671997,
      "usd_g": 2.657966423869373,
      "brl_oz": 430.4482867799,
      "brl_g": 13.839233779160663,
      "chg_1h": 0,
      "chg_24h": 1.5526730131930528
    },
    "XPT": {
      "name": "Platina",
      "usd_oz": 2143,
      "usd_g": 68.89904989656976,
      "brl_oz": 11157.9581,
      "brl_g": 358.7366830964698,
      "chg_1h": 0,
      "chg_24h": 2.2423664122137406
    },
    "XPD": {
      "name": "Paládio",
      "usd_oz": 1759,
      "usd_g": 56.55316321421662,
      "brl_oz": 9158.585299999999,
      "brl_g": 294.45535490746164,
      "chg_1h": 0,
      "chg_24h": 1.2082853855005753
    },
    "XCU": {
      "name": "Cobre",
      "usd_oz": 5.88332,
      "usd_g": 0.1891531303021404,
      "brl_oz": 30.632682243999998,
      "brl_g": 0.9848636035441544,
      "chg_1h": 0,
      "chg_24h": 0.4790041386627051
    }
  }
}
