{
  "timestamp": 1772438789,
  "usdToBrl": 5.1556,
  "metals": {
    "XAU": {
      "name": "Ouro",
      "usd_oz": 5406.5,
      "usd_g": 173.82301132328718,
      "brl_oz": 27873.751399999997,
      "brl_g": 896.1619171783393,
      "chg_1h": -0.06839294049451249,
      "chg_24h": 2.3919510688173755
    },
    "XAG": {
      "name": "Prata",
      "usd_oz": 95.906998,
      "usd_g": 3.083481586855911,
      "brl_oz": 494.45811888879996,
      "brl_g": 15.897197669194334,
      "chg_1h": -0.09167664696046257,
      "chg_24h": 2.122151094382618
    },
    "XPT": {
      "name": "Platina",
      "usd_oz": 2411,
      "usd_g": 77.51544997696206,
      "brl_oz": 12430.1516,
      "brl_g": 399.63865390122555,
      "chg_1h": -0.371900826446281,
      "chg_24h": 1.687051876845213
    },
    "XPD": {
      "name": "Paládio",
      "usd_oz": 1848,
      "usd_g": 59.41457965882451,
      "brl_oz": 9527.548799999999,
      "brl_g": 306.31780688903564,
      "chg_1h": -0.7518796992481203,
      "chg_24h": 2.043070127001657
    },
    "XCU": {
      "name": "Cobre",
      "usd_oz": 6.11881,
      "usd_g": 0.19672430961158657,
      "brl_oz": 31.546136836,
      "brl_g": 1.0142318506334957,
      "chg_1h": -0.12708525256113334,
      "chg_24h": 0.5103700223728298
    }
  }
}
