{
  "timestamp": 1775848324,
  "usdToBrl": 5.0543,
  "metals": {
    "XAU": {
      "name": "Ouro",
      "usd_oz": 4767.799805,
      "usd_g": 153.2883232205089,
      "brl_oz": 24097.890554411497,
      "brl_g": 774.765172053418,
      "chg_1h": 0.22702974563799982,
      "chg_24h": -0.09429415971069739
    },
    "XAG": {
      "name": "Prata",
      "usd_oz": 76.498001,
      "usd_g": 2.45946784315765,
      "brl_oz": 386.6438464543,
      "brl_g": 12.430888319671709,
      "chg_1h": 0.3699984109636417,
      "chg_24h": 0.7732713003410169
    },
    "XPT": {
      "name": "Platina",
      "usd_oz": 2065,
      "usd_g": 66.39129166421678,
      "brl_oz": 10437.1295,
      "brl_g": 335.5615054584508,
      "chg_1h": 0.1454898157129001,
      "chg_24h": -2.4102079395085068
    },
    "XPD": {
      "name": "Paládio",
      "usd_oz": 1550,
      "usd_g": 49.83365718137337,
      "brl_oz": 7834.164999999999,
      "brl_g": 251.87425349181538,
      "chg_1h": 0.3236245954692557,
      "chg_24h": -2.146464646464646
    },
    "XCU": {
      "name": "Cobre",
      "usd_oz": 5.756994,
      "usd_g": 0.18509165509111186,
      "brl_oz": 29.097574774199995,
      "brl_g": 0.9355087523270066,
      "chg_1h": 0,
      "chg_24h": 2.061676376748205
    }
  }
}
