{
  "timestamp": 1777630528,
  "usdToBrl": 4.9814,
  "metals": {
    "XAU": {
      "name": "Ouro",
      "usd_oz": 4568.100098,
      "usd_g": 146.86782855092264,
      "brl_oz": 22755.5338281772,
      "brl_g": 731.607401143566,
      "chg_1h": -0.09403823139177869,
      "chg_24h": -1.5686570608563888
    },
    "XAG": {
      "name": "Prata",
      "usd_oz": 73.420998,
      "usd_g": 2.360539899513742,
      "brl_oz": 365.7393594372,
      "brl_g": 11.758793455437754,
      "chg_1h": 0.19104543308757965,
      "chg_24h": -0.5378132631903674
    },
    "XPT": {
      "name": "Platina",
      "usd_oz": 1970,
      "usd_g": 63.336970740197124,
      "brl_oz": 9813.358,
      "brl_g": 315.50678604521795,
      "chg_1h": -0.25316455696202533,
      "chg_24h": 0.7672634271099744
    },
    "XPD": {
      "name": "Paládio",
      "usd_oz": 1538,
      "usd_g": 49.44784822254984,
      "brl_oz": 7661.3931999999995,
      "brl_g": 246.31951113580976,
      "chg_1h": -0.0649772579597141,
      "chg_24h": 1.9218025182239893
    },
    "XCU": {
      "name": "Cobre",
      "usd_oz": 5.889822,
      "usd_g": 0.18936217445632958,
      "brl_oz": 29.3395593108,
      "brl_g": 0.9432887358367601,
      "chg_1h": -0.04105398947532212,
      "chg_24h": 0.20966400844984265
    }
  }
}
