{
  "timestamp": 1777955286,
  "usdToBrl": 4.9661,
  "metals": {
    "XAU": {
      "name": "Ouro",
      "usd_oz": 4531.799805,
      "usd_g": 145.7007470303127,
      "brl_oz": 22505.3710116105,
      "brl_g": 723.5644798272359,
      "chg_1h": 0,
      "chg_24h": -1.762378688362904
    },
    "XAG": {
      "name": "Prata",
      "usd_oz": 72.900002,
      "usd_g": 2.343789489154473,
      "brl_oz": 362.0286999322,
      "brl_g": 11.639492982090028,
      "chg_1h": 0,
      "chg_24h": -3.860103768046858
    },
    "XPT": {
      "name": "Platina",
      "usd_oz": 1970,
      "usd_g": 63.336970740197124,
      "brl_oz": 9783.217,
      "brl_g": 314.5377303928929,
      "chg_1h": 0,
      "chg_24h": -2.2332506203473943
    },
    "XPD": {
      "name": "Paládio",
      "usd_oz": 1510,
      "usd_g": 48.54762731862825,
      "brl_oz": 7498.811,
      "brl_g": 241.09237202703974,
      "chg_1h": 0,
      "chg_24h": -2.7688345138441726
    },
    "XCU": {
      "name": "Cobre",
      "usd_oz": 5.844689,
      "usd_g": 0.1879111148114477,
      "brl_oz": 29.0253100429,
      "brl_g": 0.9331853872651305,
      "chg_1h": 0,
      "chg_24h": -0.5202836233376785
    }
  }
}
