{
  "timestamp": 1774388991,
  "usdToBrl": 5.2669,
  "metals": {
    "XAU": {
      "name": "Ouro",
      "usd_oz": 4475.299805,
      "usd_g": 143.8842298491852,
      "brl_oz": 23570.956542954496,
      "brl_g": 757.8238501926735,
      "chg_1h": 0,
      "chg_24h": 1.5244596426131285
    },
    "XAG": {
      "name": "Prata",
      "usd_oz": 71.358002,
      "usd_g": 2.2942130379456485,
      "brl_oz": 375.83546073379995,
      "brl_g": 12.083390649555936,
      "chg_1h": 0,
      "chg_24h": 3.017272131930236
    },
    "XPT": {
      "name": "Platina",
      "usd_oz": 1943,
      "usd_g": 62.46890058284417,
      "brl_oz": 10233.5867,
      "brl_g": 329.0174524797819,
      "chg_1h": 0,
      "chg_24h": 2.9131355932203387
    },
    "XPD": {
      "name": "Paládio",
      "usd_oz": 1461,
      "usd_g": 46.97224073676548,
      "brl_oz": 7694.9409,
      "brl_g": 247.39809473647009,
      "chg_1h": 0,
      "chg_24h": 0.205761316872428
    },
    "XCU": {
      "name": "Cobre",
      "usd_oz": 5.450773,
      "usd_g": 0.17524642132612003,
      "brl_oz": 28.708676313699996,
      "brl_g": 0.9230053764825416,
      "chg_1h": 0,
      "chg_24h": -0.6374887344360314
    }
  }
}
