{
  "timestamp": 1775794561,
  "usdToBrl": 5.0992,
  "metals": {
    "XAU": {
      "name": "Ouro",
      "usd_oz": 4768.299805,
      "usd_g": 153.30439859379322,
      "brl_oz": 24314.514365655996,
      "brl_g": 781.7297893094703,
      "chg_1h": 0,
      "chg_24h": 0.9805126005929617
    },
    "XAG": {
      "name": "Prata",
      "usd_oz": 76.010002,
      "usd_g": 2.443778310982906,
      "brl_oz": 387.5902021984,
      "brl_g": 12.461314363364034,
      "chg_1h": 0,
      "chg_24h": 2.413128648644449
    },
    "XPT": {
      "name": "Platina",
      "usd_oz": 2075,
      "usd_g": 66.71279912990306,
      "brl_oz": 10580.84,
      "brl_g": 340.18190532320165,
      "chg_1h": 0,
      "chg_24h": 2.4185587364264562
    },
    "XPD": {
      "name": "Paládio",
      "usd_oz": 1575,
      "usd_g": 50.63742584558907,
      "brl_oz": 8031.24,
      "brl_g": 258.2103618718278,
      "chg_1h": 0,
      "chg_24h": -0.3795066413662239
    },
    "XCU": {
      "name": "Cobre",
      "usd_oz": 5.682832,
      "usd_g": 0.18270729142408929,
      "brl_oz": 28.9778969344,
      "brl_g": 0.931661020429716,
      "chg_1h": 0,
      "chg_24h": 0.4194664375605124
    }
  }
}
