{
  "timestamp": 1772211824,
  "usdToBrl": 5.1556,
  "metals": {
    "XAU": {
      "name": "Ouro",
      "usd_oz": 5231.399902,
      "usd_g": 168.19341244834726,
      "brl_oz": 26971.0053347512,
      "brl_g": 867.1379572186991,
      "chg_1h": -0.12409553679172237,
      "chg_24h": 0.8987829569631853
    },
    "XAG": {
      "name": "Prata",
      "usd_oz": 93.330002,
      "usd_g": 3.0006292415515423,
      "brl_oz": 481.17215831119995,
      "brl_g": 15.47004411774313,
      "chg_1h": -0.35446711512245294,
      "chg_24h": 6.890073520051525
    },
    "XPT": {
      "name": "Platina",
      "usd_oz": 2358,
      "usd_g": 75.81146040882479,
      "brl_oz": 12156.9048,
      "brl_g": 390.85356528373705,
      "chg_1h": -0.7575757575757576,
      "chg_24h": 4.474966770048737
    },
    "XPD": {
      "name": "Paládio",
      "usd_oz": 1811,
      "usd_g": 58.22500203578527,
      "brl_oz": 9336.791599999999,
      "brl_g": 300.18482049569457,
      "chg_1h": -0.385038503850385,
      "chg_24h": 0.7790762381747357
    },
    "XCU": {
      "name": "Cobre",
      "usd_oz": 6.03671,
      "usd_g": 0.19408473331830223,
      "brl_oz": 31.122862076,
      "brl_g": 1.0006232510958388,
      "chg_1h": -0.20370201380981562,
      "chg_24h": 1.0260570047288875
    }
  }
}
