{
  "timestamp": 1771884310,
  "usdToBrl": 5.1815,
  "metals": {
    "XAU": {
      "name": "Ouro",
      "usd_oz": 5229.399902,
      "usd_g": 168.12911095521,
      "brl_oz": 27096.135592213,
      "brl_g": 871.1609884144206,
      "chg_1h": -0.12223353142509123,
      "chg_24h": 2.3786683829185185
    },
    "XAG": {
      "name": "Prata",
      "usd_oz": 88.331001,
      "usd_g": 2.8399076273042247,
      "brl_oz": 457.6870816815,
      "brl_g": 14.71498137087684,
      "chg_1h": -0.5651041842558485,
      "chg_24h": 4.205698088923611
    },
    "XPT": {
      "name": "Platina",
      "usd_oz": 2159,
      "usd_g": 69.41346184166781,
      "brl_oz": 11186.8585,
      "brl_g": 359.6658525326017,
      "chg_1h": -0.5069124423963134,
      "chg_24h": -0.36917397323488693
    },
    "XPD": {
      "name": "Paládio",
      "usd_oz": 1760,
      "usd_g": 56.58531396078525,
      "brl_oz": 9119.439999999999,
      "brl_g": 293.19680428780873,
      "chg_1h": -0.33975084937712347,
      "chg_24h": -1.2899607403252944
    },
    "XCU": {
      "name": "Cobre",
      "usd_oz": 5.790243,
      "usd_g": 0.1861606352637722,
      "brl_oz": 30.0021441045,
      "brl_g": 0.9645913316192356,
      "chg_1h": 0,
      "chg_24h": 0.3626771201245752
    }
  }
}
