{
  "timestamp": 1773870858,
  "usdToBrl": 5.2243,
  "metals": {
    "XAU": {
      "name": "Ouro",
      "usd_oz": 4819.700195,
      "usd_g": 154.95695950621186,
      "brl_oz": 25179.559728738503,
      "brl_g": 809.5416435483027,
      "chg_1h": 0.05189736566470432,
      "chg_24h": -3.740759037347706
    },
    "XAG": {
      "name": "Prata",
      "usd_oz": 75.456001,
      "usd_g": 2.4259667652331394,
      "brl_oz": 394.2047860243,
      "brl_g": 12.67397817160749,
      "chg_1h": -0.10061563577333275,
      "chg_24h": -4.9887910170086185
    },
    "XPT": {
      "name": "Platina",
      "usd_oz": 2033,
      "usd_g": 65.36246777402069,
      "brl_oz": 10621.001900000001,
      "brl_g": 341.4731403918163,
      "chg_1h": 0.2960039467192896,
      "chg_24h": -4.911131898971001
    },
    "XPD": {
      "name": "Paládio",
      "usd_oz": 1502,
      "usd_g": 48.29042134607923,
      "brl_oz": 7846.8986,
      "brl_g": 252.28364823832172,
      "chg_1h": 0,
      "chg_24h": -7.73955773955774
    },
    "XCU": {
      "name": "Cobre",
      "usd_oz": 5.634398,
      "usd_g": 0.18115010216478436,
      "brl_oz": 29.435785471400003,
      "brl_g": 0.946382478739483,
      "chg_1h": 0,
      "chg_24h": -2.2330212148380824
    }
  }
}
