{
  "timestamp": 1770894577,
  "usdToBrl": 5.1893,
  "metals": {
    "XAU": {
      "name": "Ouro",
      "usd_oz": 5063.5,
      "usd_g": 162.7953052502478,
      "brl_oz": 26276.02055,
      "brl_g": 844.7936775351109,
      "chg_1h": -0.05526331065596405,
      "chg_24h": -0.6163006654492682
    },
    "XAG": {
      "name": "Prata",
      "usd_oz": 83.466003,
      "usd_g": 2.6834943095493426,
      "brl_oz": 433.1301293679,
      "brl_g": 13.925457020544405,
      "chg_1h": -0.2044525723728393,
      "chg_24h": -2.635164832549776
    },
    "XPT": {
      "name": "Platina",
      "usd_oz": 2116,
      "usd_g": 68.0309797392168,
      "brl_oz": 10980.5588,
      "brl_g": 353.0331631607178,
      "chg_1h": 0.14197823000473261,
      "chg_24h": -3.5990888382687927
    },
    "XPD": {
      "name": "Paládio",
      "usd_oz": 1729,
      "usd_g": 55.58864081715778,
      "brl_oz": 8972.2997,
      "brl_g": 288.4661337924769,
      "chg_1h": -0.17321016166281755,
      "chg_24h": -3.461753210496929
    },
    "XCU": {
      "name": "Cobre",
      "usd_oz": 6.019322,
      "usd_g": 0.1935256961369669,
      "brl_oz": 31.2360676546,
      "brl_g": 1.0042628949635624,
      "chg_1h": -0.12543799596540614,
      "chg_24h": 0.6064982070136601
    }
  }
}
