{
  "timestamp": 1771432828,
  "usdToBrl": 5.2229,
  "metals": {
    "XAU": {
      "name": "Ouro",
      "usd_oz": 5001.899902,
      "usd_g": 160.81481611084715,
      "brl_oz": 26124.422998155802,
      "brl_g": 839.9197030653436,
      "chg_1h": -0.057942437519726935,
      "chg_24h": 2.4370763765044305
    },
    "XAG": {
      "name": "Prata",
      "usd_oz": 78.196999,
      "usd_g": 2.514091897276256,
      "brl_oz": 408.41510607710006,
      "brl_g": 13.130850570284158,
      "chg_1h": 0.18576973848794243,
      "chg_24h": 5.850421658206437
    },
    "XPT": {
      "name": "Platina",
      "usd_oz": 2107,
      "usd_g": 67.74162302009915,
      "brl_oz": 11004.6503,
      "brl_g": 353.8077228716759,
      "chg_1h": 0,
      "chg_24h": 3.895463510848126
    },
    "XPD": {
      "name": "Paládio",
      "usd_oz": 1757,
      "usd_g": 56.48886172107936,
      "brl_oz": 9176.6353,
      "brl_g": 295.0356758830254,
      "chg_1h": -0.3968253968253968,
      "chg_24h": 2.4489795918367347
    },
    "XCU": {
      "name": "Cobre",
      "usd_oz": 5.79313,
      "usd_g": 0.18625345446911581,
      "brl_oz": 30.256938676999997,
      "brl_g": 0.972783167346745,
      "chg_1h": 0.039147878304145636,
      "chg_24h": 1.3664478462694114
    }
  }
}
