{
  "timestamp": 1771336092,
  "usdToBrl": 5.2244,
  "metals": {
    "XAU": {
      "name": "Ouro",
      "usd_oz": 4921,
      "usd_g": 158.21382386421828,
      "brl_oz": 25709.2724,
      "brl_g": 826.572301396222,
      "chg_1h": -0.41283649177520276,
      "chg_24h": -1.5307653826913457
    },
    "XAG": {
      "name": "Prata",
      "usd_oz": 74.569,
      "usd_g": 2.39744902087602,
      "brl_oz": 389.5782836,
      "brl_g": 12.52523266466468,
      "chg_1h": -0.7836784154851706,
      "chg_24h": -3.1973700072014215
    },
    "XPT": {
      "name": "Platina",
      "usd_oz": 2020,
      "usd_g": 64.94450806862852,
      "brl_oz": 10553.288,
      "brl_g": 339.29608795374287,
      "chg_1h": 0,
      "chg_24h": -0.7371007371007371
    },
    "XPD": {
      "name": "Paládio",
      "usd_oz": 1680,
      "usd_g": 54.01325423529501,
      "brl_oz": 8776.992,
      "brl_g": 282.18684542687527,
      "chg_1h": -1.0600706713780919,
      "chg_24h": -1.9836639439906651
    },
    "XCU": {
      "name": "Cobre",
      "usd_oz": 5.718514,
      "usd_g": 0.18385449436315107,
      "brl_oz": 29.8758045416,
      "brl_g": 0.9605294203508465,
      "chg_1h": -0.6423266301021135,
      "chg_24h": -0.8389952449306441
    }
  }
}
