{
  "timestamp": 1784270275,
  "usdToBrl": 5.0857,
  "metals": {
    "XAU": {
      "name": "Ouro",
      "usd_oz": 4002.399902,
      "usd_g": 128.68014491550346,
      "brl_oz": 20355.005181601402,
      "brl_g": 654.428612996776,
      "chg_1h": 0,
      "chg_24h": -0.5713718030492464
    },
    "XAG": {
      "name": "Prata",
      "usd_oz": 55.886002,
      "usd_g": 1.7967766870358364,
      "brl_oz": 284.21944037139997,
      "brl_g": 9.137867197258153,
      "chg_1h": 0,
      "chg_24h": -2.0591980151206943
    },
    "XPT": {
      "name": "Platina",
      "usd_oz": 1602,
      "usd_g": 51.505496002942024,
      "brl_oz": 8147.2914,
      "brl_g": 261.94150102216224,
      "chg_1h": 0,
      "chg_24h": -3.493975903614458
    },
    "XPD": {
      "name": "Paládio",
      "usd_oz": 1262,
      "usd_g": 40.57424216960851,
      "brl_oz": 6418.1534,
      "brl_g": 206.348423401978,
      "chg_1h": 0,
      "chg_24h": -4.610733182161754
    },
    "XCU": {
      "name": "Cobre",
      "usd_oz": 6.124026,
      "usd_g": 0.19689200790568853,
      "brl_oz": 31.1449590282,
      "brl_g": 1.0013336846059602,
      "chg_1h": 0,
      "chg_24h": -0.05922330810073518
    }
  }
}
