{
  "timestamp": 1773803751,
  "usdToBrl": 5.2089,
  "metals": {
    "XAU": {
      "name": "Ouro",
      "usd_oz": 4995.5,
      "usd_g": 160.60905448358108,
      "brl_oz": 26021.05995,
      "brl_g": 836.5965038995255,
      "chg_1h": 0,
      "chg_24h": -0.71351716618132
    },
    "XAG": {
      "name": "Prata",
      "usd_oz": 78.886002,
      "usd_g": 2.5362438581142803,
      "brl_oz": 410.9092958178,
      "brl_g": 13.211040632531475,
      "chg_1h": 0,
      "chg_24h": -3.3105716182865184
    },
    "XPT": {
      "name": "Platina",
      "usd_oz": 2108,
      "usd_g": 67.77377376666779,
      "brl_oz": 10980.3612,
      "brl_g": 353.0268101731958,
      "chg_1h": 0,
      "chg_24h": -2.4525682554372974
    },
    "XPD": {
      "name": "Paládio",
      "usd_oz": 1604,
      "usd_g": 51.56979749607928,
      "brl_oz": 8355.0756,
      "brl_g": 268.62191817732736,
      "chg_1h": 0,
      "chg_24h": -2.669902912621359
    },
    "XCU": {
      "name": "Cobre",
      "usd_oz": 5.75329,
      "usd_g": 0.18497256872582168,
      "brl_oz": 29.968312281,
      "brl_g": 0.9635036132359326,
      "chg_1h": 0,
      "chg_24h": -1.4069325272175552
    }
  }
}
