{
  "timestamp": 1781099925,
  "usdToBrl": 5.163,
  "metals": {
    "XAU": {
      "name": "Ouro",
      "usd_oz": 4181.200195,
      "usd_g": 134.4287078221429,
      "brl_oz": 21587.536606785005,
      "brl_g": 694.0554184857239,
      "chg_1h": 0,
      "chg_24h": -3.532280111850715
    },
    "XAG": {
      "name": "Prata",
      "usd_oz": 65.686996,
      "usd_g": 2.1118859612504797,
      "brl_oz": 339.141960348,
      "brl_g": 10.903667217936228,
      "chg_1h": 0,
      "chg_24h": -4.133161785774543
    },
    "XPT": {
      "name": "Platina",
      "usd_oz": 1708,
      "usd_g": 54.913475139216594,
      "brl_oz": 8818.404,
      "brl_g": 283.5182721437753,
      "chg_1h": 0,
      "chg_24h": -4.044943820224719
    },
    "XPD": {
      "name": "Paládio",
      "usd_oz": 1268,
      "usd_g": 40.76714664902028,
      "brl_oz": 6546.684,
      "brl_g": 210.48077814889174,
      "chg_1h": 0,
      "chg_24h": 0.07892659826361484
    },
    "XCU": {
      "name": "Cobre",
      "usd_oz": 6.201666,
      "usd_g": 0.19938819186927684,
      "brl_oz": 32.019201558000006,
      "brl_g": 1.0294412346210764,
      "chg_1h": 0,
      "chg_24h": -1.2079027739103336
    }
  }
}
