{
  "timestamp": 1774252100,
  "usdToBrl": 5.2552,
  "metals": {
    "XAU": {
      "name": "Ouro",
      "usd_oz": 4220.600098,
      "usd_g": 135.69544411832442,
      "brl_oz": 22180.097635009603,
      "brl_g": 713.1066979306186,
      "chg_1h": -0.37766132346437953,
      "chg_24h": -6.046037247010993
    },
    "XAG": {
      "name": "Prata",
      "usd_oz": 63.665001,
      "usd_g": 2.046877312442447,
      "brl_oz": 334.5723132552,
      "brl_g": 10.756749652347548,
      "chg_1h": 1.8379327186309473,
      "chg_24h": -6.289562172006128
    },
    "XPT": {
      "name": "Platina",
      "usd_oz": 1803,
      "usd_g": 57.96779606323625,
      "brl_oz": 9475.125600000001,
      "brl_g": 304.63236187151915,
      "chg_1h": 1.5774647887323943,
      "chg_24h": -6.773526370217166
    },
    "XPD": {
      "name": "Paládio",
      "usd_oz": 1385,
      "usd_g": 44.52878399754975,
      "brl_oz": 7278.452,
      "brl_g": 234.00766566392346,
      "chg_1h": 0.5809731299927379,
      "chg_24h": -3.282122905027933
    },
    "XCU": {
      "name": "Cobre",
      "usd_oz": 5.429652,
      "usd_g": 0.17456736540784407,
      "brl_oz": 28.5339071904,
      "brl_g": 0.9173864186913022,
      "chg_1h": -0.02366074215186445,
      "chg_24h": 0.4981362231268162
    }
  }
}
