{
  "timestamp": 1774909711,
  "usdToBrl": 5.2402,
  "metals": {
    "XAU": {
      "name": "Ouro",
      "usd_oz": 4511,
      "usd_g": 145.03201777108083,
      "brl_oz": 23638.5422,
      "brl_g": 759.9967795240177,
      "chg_1h": -0.026598886311167955,
      "chg_24h": 0.29124921153036115
    },
    "XAG": {
      "name": "Prata",
      "usd_oz": 70.105003,
      "usd_g": 2.253928184645904,
      "brl_oz": 367.3642367206,
      "brl_g": 11.811034473181467,
      "chg_1h": -0.1694520416019171,
      "chg_24h": 1.8790430087219139
    },
    "XPT": {
      "name": "Platina",
      "usd_oz": 1899,
      "usd_g": 61.05426773382454,
      "brl_oz": 9951.139799999999,
      "brl_g": 319.9365737787873,
      "chg_1h": -0.10520778537611783,
      "chg_24h": 2.0419129500268673
    },
    "XPD": {
      "name": "Paládio",
      "usd_oz": 1453,
      "usd_g": 46.715034764216455,
      "brl_oz": 7614.0106,
      "brl_g": 244.79612517144704,
      "chg_1h": 1.3249651324965133,
      "chg_24h": 4.532374100719425
    },
    "XCU": {
      "name": "Cobre",
      "usd_oz": 5.508739,
      "usd_g": 0.17711007150171715,
      "brl_oz": 28.8668941078,
      "brl_g": 0.9280921966832981,
      "chg_1h": 0,
      "chg_24h": 1.1400041162939456
    }
  }
}
