{
  "timestamp": 1772457533,
  "usdToBrl": 5.1556,
  "metals": {
    "XAU": {
      "name": "Ouro",
      "usd_oz": 5391.600098,
      "usd_g": 173.3439683501878,
      "brl_oz": 27796.9334652488,
      "brl_g": 893.6921632262281,
      "chg_1h": 0.14488452918988579,
      "chg_24h": 2.1097666544061693
    },
    "XAG": {
      "name": "Prata",
      "usd_oz": 94.612,
      "usd_g": 3.0418464343510303,
      "brl_oz": 487.78162719999995,
      "brl_g": 15.682543476940172,
      "chg_1h": -0.06020872788567743,
      "chg_24h": 0.7432320980553216
    },
    "XPT": {
      "name": "Platina",
      "usd_oz": 2347,
      "usd_g": 75.45780219656987,
      "brl_oz": 12100.1932,
      "brl_g": 389.0302450046356,
      "chg_1h": -0.1701403658017865,
      "chg_24h": -1.0122311261071277
    },
    "XPD": {
      "name": "Paládio",
      "usd_oz": 1791,
      "usd_g": 57.58198710441271,
      "brl_oz": 9233.6796,
      "brl_g": 296.86969271551015,
      "chg_1h": -1.0497237569060773,
      "chg_24h": -1.1043622308117063
    },
    "XCU": {
      "name": "Cobre",
      "usd_oz": 6.058709,
      "usd_g": 0.1947920175920655,
      "brl_oz": 31.2362801204,
      "brl_g": 1.0042697258976527,
      "chg_1h": -0.7185022144819241,
      "chg_24h": -0.4768764763278295
    }
  }
}
