{
  "timestamp": 1776296408,
  "usdToBrl": 4.9981,
  "metals": {
    "XAU": {
      "name": "Ouro",
      "usd_oz": 4822,
      "usd_g": 155.03089995392412,
      "brl_oz": 24100.8382,
      "brl_g": 774.8599410597081,
      "chg_1h": 0.2432321367545271,
      "chg_24h": -0.35954668662139655
    },
    "XAG": {
      "name": "Prata",
      "usd_oz": 79.626999,
      "usd_g": 2.5600674648693937,
      "brl_oz": 397.98370370189997,
      "brl_g": 12.795473196163718,
      "chg_1h": 0.18116703745034546,
      "chg_24h": -0.026371031549912063
    },
    "XPT": {
      "name": "Platina",
      "usd_oz": 2132,
      "usd_g": 68.54539168431485,
      "brl_oz": 10655.9492,
      "brl_g": 342.59672217737403,
      "chg_1h": 0.28222013170272814,
      "chg_24h": 1.0905642484589853
    },
    "XPD": {
      "name": "Paládio",
      "usd_oz": 1595,
      "usd_g": 51.28044077696163,
      "brl_oz": 7971.9695,
      "brl_g": 256.30477104733194,
      "chg_1h": 0.3775959723096287,
      "chg_24h": -0.4990642545227698
    },
    "XCU": {
      "name": "Cobre",
      "usd_oz": 5.947789,
      "usd_g": 0.19122585678267326,
      "brl_oz": 29.727644200900002,
      "brl_g": 0.9557659547854792,
      "chg_1h": 0,
      "chg_24h": 0.1524735743341937
    }
  }
}
