{
  "timestamp": 1777655694,
  "usdToBrl": 4.9814,
  "metals": {
    "XAU": {
      "name": "Ouro",
      "usd_oz": 4640.299805,
      "usd_g": 149.18910303300882,
      "brl_oz": 23115.189448626996,
      "brl_g": 743.1705978486301,
      "chg_1h": -0.004314082534217196,
      "chg_24h": 0.478532958010914
    },
    "XAG": {
      "name": "Prata",
      "usd_oz": 76.299004,
      "usd_g": 2.4530699410427323,
      "brl_oz": 380.0758585256,
      "brl_g": 12.219722604310267,
      "chg_1h": 0.2667722315657499,
      "chg_24h": 3.578461274222832
    },
    "XPT": {
      "name": "Platina",
      "usd_oz": 2013,
      "usd_g": 64.71945284264812,
      "brl_oz": 10027.5582,
      "brl_g": 322.39348239036735,
      "chg_1h": 0.1991040318566451,
      "chg_24h": 1.2575452716297788
    },
    "XPD": {
      "name": "Paládio",
      "usd_oz": 1564,
      "usd_g": 50.283767633334165,
      "brl_oz": 7790.9096,
      "brl_g": 250.4835600886908,
      "chg_1h": 0.06397952655150352,
      "chg_24h": 0.6435006435006435
    },
    "XCU": {
      "name": "Cobre",
      "usd_oz": 5.85807,
      "usd_g": 0.1883413239512825,
      "brl_oz": 29.181389898,
      "brl_g": 0.9382034711309186,
      "chg_1h": 0.010328700214159206,
      "chg_24h": -0.11086913077374154
    }
  }
}
