{
  "timestamp": 1772652317,
  "usdToBrl": 5.2198,
  "metals": {
    "XAU": {
      "name": "Ouro",
      "usd_oz": 5129.700195,
      "usd_g": 164.92369094248656,
      "brl_oz": 26776.009077861003,
      "brl_g": 860.8686819815914,
      "chg_1h": 0.07218484198205909,
      "chg_24h": -0.30899997468088397
    },
    "XAG": {
      "name": "Prata",
      "usd_oz": 83.458,
      "usd_g": 2.683237007124554,
      "brl_oz": 435.6340684,
      "brl_g": 14.005960529788748,
      "chg_1h": 0.35713494220362474,
      "chg_24h": -0.4615671720249582
    },
    "XPT": {
      "name": "Platina",
      "usd_oz": 2168,
      "usd_g": 69.70281856078546,
      "brl_oz": 11316.5264,
      "brl_g": 363.83477232358797,
      "chg_1h": 0.6499535747446611,
      "chg_24h": 2.167766258246937
    },
    "XPD": {
      "name": "Paládio",
      "usd_oz": 1697,
      "usd_g": 54.55981692696169,
      "brl_oz": 8858.000600000001,
      "brl_g": 284.79133239535463,
      "chg_1h": 0.35481963335304556,
      "chg_24h": 0.1770956316410862
    },
    "XCU": {
      "name": "Cobre",
      "usd_oz": 5.864042,
      "usd_g": 0.18853332820979038,
      "brl_oz": 30.609126431600004,
      "brl_g": 0.9841062665894639,
      "chg_1h": -0.13132364389305168,
      "chg_24h": -0.33790375266573724
    }
  }
}
