{
  "timestamp": 1774982230,
  "usdToBrl": 5.224,
  "metals": {
    "XAU": {
      "name": "Ouro",
      "usd_oz": 4665.600098,
      "usd_g": 150.00252634136388,
      "brl_oz": 24373.094911952,
      "brl_g": 783.6131976072849,
      "chg_1h": 0.3613899007208429,
      "chg_24h": 3.3447037771273265
    },
    "XAG": {
      "name": "Prata",
      "usd_oz": 75.157997,
      "usd_g": 2.416385714152702,
      "brl_oz": 392.62537632799996,
      "brl_g": 12.623198970733714,
      "chg_1h": 0.6158116848057913,
      "chg_24h": 6.769137748615265
    },
    "XPT": {
      "name": "Platina",
      "usd_oz": 1973,
      "usd_g": 63.43342297990301,
      "brl_oz": 10306.952000000001,
      "brl_g": 331.3762016470133,
      "chg_1h": 0.3050330452465684,
      "chg_24h": 3.732912723449001
    },
    "XPD": {
      "name": "Paládio",
      "usd_oz": 1509,
      "usd_g": 48.515476572059626,
      "brl_oz": 7883.0160000000005,
      "brl_g": 253.4448496124395,
      "chg_1h": 0.199203187250996,
      "chg_24h": 4.718945176960444
    },
    "XCU": {
      "name": "Cobre",
      "usd_oz": 5.554513,
      "usd_g": 0.17858173977514952,
      "brl_oz": 29.016775912,
      "brl_g": 0.9329110085853811,
      "chg_1h": -0.44223297090292285,
      "chg_24h": 0.9206844675717271
    }
  }
}
