{
  "timestamp": 1783102032,
  "usdToBrl": 5.1962,
  "metals": {
    "XAU": {
      "name": "Ouro",
      "usd_oz": 4176.100098,
      "usd_g": 134.26473589602048,
      "brl_oz": 21699.8513292276,
      "brl_g": 697.6664206629016,
      "chg_1h": 0.08388055212090925,
      "chg_24h": 1.410881447304514
    },
    "XAG": {
      "name": "Prata",
      "usd_oz": 62.516998,
      "usd_g": 2.0099681589294223,
      "brl_oz": 324.8508250076,
      "brl_g": 10.444196547429064,
      "chg_1h": 0.08324341631313142,
      "chg_24h": 2.9442243409244377
    },
    "XPT": {
      "name": "Platina",
      "usd_oz": 1648,
      "usd_g": 52.984430345098914,
      "brl_oz": 8563.3376,
      "brl_g": 275.317696959203,
      "chg_1h": -0.18170805572380377,
      "chg_24h": 1.728395061728395
    },
    "XPD": {
      "name": "Paládio",
      "usd_oz": 1291,
      "usd_g": 41.50661382009872,
      "brl_oz": 6708.2942,
      "brl_g": 215.676666731997,
      "chg_1h": -0.15467904098994587,
      "chg_24h": 0.2329192546583851
    },
    "XCU": {
      "name": "Cobre",
      "usd_oz": 6.002881,
      "usd_g": 0.19299710571263212,
      "brl_oz": 31.192170252200004,
      "brl_g": 1.002851560703979,
      "chg_1h": -0.020752392479374278,
      "chg_24h": -0.1652802121600534
    }
  }
}
