{
  "timestamp": 1772188247,
  "usdToBrl": 5.1258,
  "metals": {
    "XAU": {
      "name": "Ouro",
      "usd_oz": 5174,
      "usd_g": 166.34796274608118,
      "brl_oz": 26520.889199999998,
      "brl_g": 852.6663874438628,
      "chg_1h": -0.06373602310634688,
      "chg_24h": -0.2679292635280323
    },
    "XAG": {
      "name": "Prata",
      "usd_oz": 89.763,
      "usd_g": 2.8859474642397536,
      "brl_oz": 460.1071854,
      "brl_g": 14.792789512200128,
      "chg_1h": -0.19235568156318453,
      "chg_24h": 2.31967338773277
    },
    "XPT": {
      "name": "Platina",
      "usd_oz": 2377,
      "usd_g": 76.42232459362872,
      "brl_oz": 12184.0266,
      "brl_g": 391.72555140202206,
      "chg_1h": 0.12636899747262004,
      "chg_24h": 3.7085514834205933
    },
    "XPD": {
      "name": "Paládio",
      "usd_oz": 1838,
      "usd_g": 59.09307219313823,
      "brl_oz": 9421.2204,
      "brl_g": 302.8992694475879,
      "chg_1h": -0.32537960954446854,
      "chg_24h": 2.853945159485171
    },
    "XCU": {
      "name": "Cobre",
      "usd_oz": 6.037012,
      "usd_g": 0.19409444284376595,
      "brl_oz": 30.9445161096,
      "brl_g": 0.9948892951285755,
      "chg_1h": -0.05632064292282531,
      "chg_24h": 1.2809659604694692
    }
  }
}
