{
  "timestamp": 1777320485,
  "usdToBrl": 4.9681,
  "metals": {
    "XAU": {
      "name": "Ouro",
      "usd_oz": 4679.600098,
      "usd_g": 150.45263679332467,
      "brl_oz": 23248.7212468738,
      "brl_g": 747.4637448529163,
      "chg_1h": -0.11952737912836314,
      "chg_24h": -0.6623016959218831
    },
    "XAG": {
      "name": "Prata",
      "usd_oz": 75.597,
      "usd_g": 2.4304999883485694,
      "brl_oz": 375.57345569999995,
      "brl_g": 12.074966992114527,
      "chg_1h": -0.32040613504252435,
      "chg_24h": -0.2770179571414118
    },
    "XPT": {
      "name": "Platina",
      "usd_oz": 1989,
      "usd_g": 63.947834925001054,
      "brl_oz": 9881.5509,
      "brl_g": 317.69923869089774,
      "chg_1h": -0.6989515726410384,
      "chg_24h": -1.6320474777448073
    },
    "XPD": {
      "name": "Paládio",
      "usd_oz": 1496,
      "usd_g": 48.09751686666746,
      "brl_oz": 7432.277599999999,
      "brl_g": 238.9532735452906,
      "chg_1h": -0.13351134846461948,
      "chg_24h": -1.837270341207349
    },
    "XCU": {
      "name": "Cobre",
      "usd_oz": 5.961792,
      "usd_g": 0.19167606368687376,
      "brl_oz": 29.618778835199997,
      "brl_g": 0.9522658520027575,
      "chg_1h": 0,
      "chg_24h": -0.9435283644195734
    }
  }
}
