{
  "timestamp": 1778245228,
  "usdToBrl": 4.9167,
  "metals": {
    "XAU": {
      "name": "Ouro",
      "usd_oz": 4725.399902,
      "usd_g": 151.9251346846215,
      "brl_oz": 23233.3736981634,
      "brl_g": 746.9703097038785,
      "chg_1h": 0.0677588172434473,
      "chg_24h": -0.44034097841822994
    },
    "XAG": {
      "name": "Prata",
      "usd_oz": 81.313004,
      "usd_g": 2.6142737843378336,
      "brl_oz": 399.7916467668,
      "brl_g": 12.853599915453826,
      "chg_1h": 0.6772713849549646,
      "chg_24h": 0.2218591613082586
    },
    "XPT": {
      "name": "Platina",
      "usd_oz": 2054,
      "usd_g": 66.03763345196187,
      "brl_oz": 10098.9018,
      "brl_g": 324.6872323932609,
      "chg_1h": 0,
      "chg_24h": -1.9570405727923628
    },
    "XPD": {
      "name": "Paládio",
      "usd_oz": 1514,
      "usd_g": 48.67623030490277,
      "brl_oz": 7443.8838,
      "brl_g": 239.3264215401154,
      "chg_1h": -0.7863695937090431,
      "chg_24h": -3.4438775510204076
    },
    "XCU": {
      "name": "Cobre",
      "usd_oz": 6.111401,
      "usd_g": 0.1964861047302596,
      "brl_oz": 30.047925296699997,
      "brl_g": 0.9660632311272673,
      "chg_1h": 0,
      "chg_24h": 1.5271768807668087
    }
  }
}
