{
  "timestamp": 1784781613,
  "usdToBrl": 5.0797,
  "metals": {
    "XAU": {
      "name": "Ouro",
      "usd_oz": 4126.899902,
      "usd_g": 132.68291286329764,
      "brl_oz": 20963.4134321894,
      "brl_g": 673.989392471693,
      "chg_1h": 0,
      "chg_24h": -0.0678086269649954
    },
    "XAG": {
      "name": "Prata",
      "usd_oz": 59.900002,
      "usd_g": 1.9258297837623093,
      "brl_oz": 304.2740401594,
      "brl_g": 9.782637552577402,
      "chg_1h": 0,
      "chg_24h": 0.1588529387175001
    },
    "XPT": {
      "name": "Platina",
      "usd_oz": 1663,
      "usd_g": 53.466691543628336,
      "brl_oz": 8447.5411,
      "brl_g": 271.59475303416883,
      "chg_1h": 0,
      "chg_24h": -0.23995200959808036
    },
    "XPD": {
      "name": "Paládio",
      "usd_oz": 1325,
      "usd_g": 42.59973920343207,
      "brl_oz": 6730.6025,
      "brl_g": 216.3938952316739,
      "chg_1h": 0,
      "chg_24h": -0.7490636704119851
    },
    "XCU": {
      "name": "Cobre",
      "usd_oz": 6.291855,
      "usd_g": 0.2022878355515548,
      "brl_oz": 31.9607358435,
      "brl_g": 1.027561518251233,
      "chg_1h": 0,
      "chg_24h": 0.21432215442184688
    }
  }
}
