{
  "timestamp": 1771908548,
  "usdToBrl": 5.1815,
  "metals": {
    "XAU": {
      "name": "Ouro",
      "usd_oz": 5170.700195,
      "usd_g": 166.2418715518003,
      "brl_oz": 26791.9830603925,
      "brl_g": 861.3822574456532,
      "chg_1h": -0.33730386920815414,
      "chg_24h": 0.1510835605582546
    },
    "XAG": {
      "name": "Prata",
      "usd_oz": 86.994003,
      "usd_g": 2.7969221434434623,
      "brl_oz": 450.7594265445,
      "brl_g": 14.4922520862523,
      "chg_1h": -0.6838434421964349,
      "chg_24h": -0.7597546995320629
    },
    "XPT": {
      "name": "Platina",
      "usd_oz": 2138,
      "usd_g": 68.73829616372663,
      "brl_oz": 11078.046999999999,
      "brl_g": 356.1674815723495,
      "chg_1h": -0.04675081813931744,
      "chg_24h": -2.016498625114574
    },
    "XPD": {
      "name": "Paládio",
      "usd_oz": 1760,
      "usd_g": 56.58531396078525,
      "brl_oz": 9119.439999999999,
      "brl_g": 293.19680428780873,
      "chg_1h": -0.17016449234259784,
      "chg_24h": -0.7891770011273956
    },
    "XCU": {
      "name": "Cobre",
      "usd_oz": 5.837658,
      "usd_g": 0.1876850629123237,
      "brl_oz": 30.247824927,
      "brl_g": 0.9724901534802052,
      "chg_1h": -0.2299903522661891,
      "chg_24h": 0.8778860230840376
    }
  }
}
