{
  "timestamp": 1773414078,
  "usdToBrl": 5.2433,
  "metals": {
    "XAU": {
      "name": "Ouro",
      "usd_oz": 5043.399902,
      "usd_g": 162.1490720934452,
      "brl_oz": 26444.0587061566,
      "brl_g": 850.1962297075612,
      "chg_1h": -1.1969849740425094,
      "chg_24h": -1.7206830026047584
    },
    "XAG": {
      "name": "Prata",
      "usd_oz": 80.794998,
      "usd_g": 2.597619504710805,
      "brl_oz": 423.6324130134,
      "brl_g": 13.620098349050163,
      "chg_1h": -3.137444139784045,
      "chg_24h": -5.125652647926125
    },
    "XPT": {
      "name": "Platina",
      "usd_oz": 2049,
      "usd_g": 65.87687971911873,
      "brl_oz": 10743.5217,
      "brl_g": 345.4122434312552,
      "chg_1h": -1.6322611617858858,
      "chg_24h": -5.138888888888888
    },
    "XPD": {
      "name": "Paládio",
      "usd_oz": 1610,
      "usd_g": 51.76270197549105,
      "brl_oz": 8441.713,
      "brl_g": 271.4073752680922,
      "chg_1h": -1.4084507042253522,
      "chg_24h": -1.6493585827733657
    },
    "XCU": {
      "name": "Cobre",
      "usd_oz": 5.799557,
      "usd_g": 0.1864600873173124,
      "brl_oz": 30.408817218099998,
      "brl_g": 0.977666175830864,
      "chg_1h": -0.1093713695379602,
      "chg_24h": -0.3623650902158906
    }
  }
}
