{
  "timestamp": 1772472455,
  "usdToBrl": 5.2067,
  "metals": {
    "XAU": {
      "name": "Ouro",
      "usd_oz": 5308.700195,
      "usd_g": 170.67867457827094,
      "brl_oz": 27640.8093053065,
      "brl_g": 888.6726549266832,
      "chg_1h": 0.13392366207852857,
      "chg_24h": 0.5397522621772487
    },
    "XAG": {
      "name": "Prata",
      "usd_oz": 87.771004,
      "usd_g": 2.821903305678033,
      "brl_oz": 456.9972865268,
      "brl_g": 14.692803941673812,
      "chg_1h": 0.051302921626495225,
      "chg_24h": -6.541087521124772
    },
    "XPT": {
      "name": "Platina",
      "usd_oz": 2311,
      "usd_g": 74.30037532009926,
      "brl_oz": 12032.6837,
      "brl_g": 386.85976417916083,
      "chg_1h": 0.9170305676855894,
      "chg_24h": -2.5305778152678196
    },
    "XPD": {
      "name": "Paládio",
      "usd_oz": 1795,
      "usd_g": 57.71059009068723,
      "brl_oz": 9346.0265,
      "brl_g": 300.4817294251812,
      "chg_1h": 1.1837655016910935,
      "chg_24h": -0.8834897846493651
    },
    "XCU": {
      "name": "Cobre",
      "usd_oz": 6.000347,
      "usd_g": 0.19291563572082718,
      "brl_oz": 31.242006724899998,
      "brl_g": 1.0044538405076309,
      "chg_1h": -0.13840017321658174,
      "chg_24h": -1.4355573661161696
    }
  }
}
