{
  "timestamp": 1784812205,
  "usdToBrl": 5.0797,
  "metals": {
    "XAU": {
      "name": "Ouro",
      "usd_oz": 4047.199951,
      "usd_g": 130.1204999371646,
      "brl_oz": 20558.561591094698,
      "brl_g": 660.973103530815,
      "chg_1h": -0.8622367196990015,
      "chg_24h": -1.7765254038684337
    },
    "XAG": {
      "name": "Prata",
      "usd_oz": 57.328999,
      "usd_g": 1.8431701178821271,
      "brl_oz": 291.2141162203,
      "brl_g": 9.362751247805841,
      "chg_1h": -2.073689460288836,
      "chg_24h": -3.5417422196635657
    },
    "XPT": {
      "name": "Platina",
      "usd_oz": 1602,
      "usd_g": 51.505496002942024,
      "brl_oz": 8137.6794,
      "brl_g": 261.6324680461446,
      "chg_1h": -1.4760147601476015,
      "chg_24h": -2.967898243488795
    },
    "XPD": {
      "name": "Paládio",
      "usd_oz": 1278,
      "usd_g": 41.08865411470656,
      "brl_oz": 6491.8566,
      "brl_g": 208.7180363064749,
      "chg_1h": -0.9302325581395349,
      "chg_24h": -4.269662921348314
    },
    "XCU": {
      "name": "Cobre",
      "usd_oz": 6.213459,
      "usd_g": 0.19976734562356066,
      "brl_oz": 31.5625076823,
      "brl_g": 1.014758185564001,
      "chg_1h": -0.6551352208688994,
      "chg_24h": -1.0343401239710952
    }
  }
}
