{
  "timestamp": 1772585659,
  "usdToBrl": 5.2434,
  "metals": {
    "XAU": {
      "name": "Ouro",
      "usd_oz": 5138,
      "usd_g": 165.19053586961056,
      "brl_oz": 26940.589200000002,
      "brl_g": 866.160055778716,
      "chg_1h": 0.1422769743418939,
      "chg_24h": -3.806185992587242
    },
    "XAG": {
      "name": "Prata",
      "usd_oz": 83.410004,
      "usd_g": 2.681693899892246,
      "brl_oz": 437.35201497360003,
      "brl_g": 14.061193794695004,
      "chg_1h": 0.19821129683904717,
      "chg_24h": -7.342805176943077
    },
    "XPT": {
      "name": "Platina",
      "usd_oz": 2119,
      "usd_g": 68.12743197892269,
      "brl_oz": 11110.7646,
      "brl_g": 357.2193768382832,
      "chg_1h": 0.3314393939393939,
      "chg_24h": -8.663793103448276
    },
    "XPD": {
      "name": "Paládio",
      "usd_oz": 1686,
      "usd_g": 54.206158714706774,
      "brl_oz": 8840.3724,
      "brl_g": 284.2245726046935,
      "chg_1h": 0.47675804529201427,
      "chg_24h": -6.799336650082918
    },
    "XCU": {
      "name": "Cobre",
      "usd_oz": 5.839382,
      "usd_g": 0.187740490799408,
      "brl_oz": 30.6182155788,
      "brl_g": 0.9843984894576159,
      "chg_1h": 0,
      "chg_24h": -3.758972458967982
    }
  }
}
