{
  "timestamp": 1774652666,
  "usdToBrl": 5.2561,
  "metals": {
    "XAU": {
      "name": "Ouro",
      "usd_oz": 4495,
      "usd_g": 144.51760582598277,
      "brl_oz": 23626.1695,
      "brl_g": 759.5989879819481,
      "chg_1h": 0,
      "chg_24h": 1.9621186344561643
    },
    "XAG": {
      "name": "Prata",
      "usd_oz": 69.874001,
      "usd_g": 2.2465012978870584,
      "brl_oz": 367.2647366561,
      "brl_g": 11.807835471824168,
      "chg_1h": 0,
      "chg_24h": 1.3165878266136524
    },
    "XPT": {
      "name": "Platina",
      "usd_oz": 1873,
      "usd_g": 60.21834832304021,
      "brl_oz": 9844.6753,
      "brl_g": 316.5136606207316,
      "chg_1h": 0,
      "chg_24h": 1.2432432432432432
    },
    "XPD": {
      "name": "Paládio",
      "usd_oz": 1403,
      "usd_g": 45.107497435785056,
      "brl_oz": 7374.3083,
      "brl_g": 237.08951727222984,
      "chg_1h": 0,
      "chg_24h": -0.21337126600284498
    },
    "XCU": {
      "name": "Cobre",
      "usd_oz": 5.486804,
      "usd_g": 0.1764048448757343,
      "brl_oz": 28.8391905044,
      "brl_g": 0.927201505151347,
      "chg_1h": 0,
      "chg_24h": 0.7118177159278306
    }
  }
}
