{
  "timestamp": 1782380280,
  "usdToBrl": 5.1996,
  "metals": {
    "XAU": {
      "name": "Ouro",
      "usd_oz": 3988.899902,
      "usd_g": 128.246109836827,
      "brl_oz": 20740.6839304392,
      "brl_g": 666.8284727075658,
      "chg_1h": 0,
      "chg_24h": -2.1633071025964243
    },
    "XAG": {
      "name": "Prata",
      "usd_oz": 57.584,
      "usd_g": 1.8513685904078738,
      "brl_oz": 299.41376640000004,
      "brl_g": 9.626376122684782,
      "chg_1h": 0,
      "chg_24h": -6.536170489036039
    },
    "XPT": {
      "name": "Platina",
      "usd_oz": 1582,
      "usd_g": 50.86248107156947,
      "brl_oz": 8225.7672,
      "brl_g": 264.46455657973263,
      "chg_1h": 0,
      "chg_24h": -4.063068526379624
    },
    "XPD": {
      "name": "Paládio",
      "usd_oz": 1207,
      "usd_g": 38.80595110833397,
      "brl_oz": 6275.9172,
      "brl_g": 201.77542338289334,
      "chg_1h": 0,
      "chg_24h": -2.8962188254223653
    },
    "XCU": {
      "name": "Cobre",
      "usd_oz": 5.992333,
      "usd_g": 0.19265797963782622,
      "brl_oz": 31.157734666800003,
      "brl_g": 1.0017444309248413,
      "chg_1h": 0,
      "chg_24h": -1.2446406111153523
    }
  }
}
