{
  "timestamp": 1781241019,
  "usdToBrl": 5.1604,
  "metals": {
    "XAU": {
      "name": "Ouro",
      "usd_oz": 4187,
      "usd_g": 134.61517588284536,
      "brl_oz": 21606.5948,
      "brl_g": 694.6681536258352,
      "chg_1h": 0,
      "chg_24h": 2.23166080215286
    },
    "XAG": {
      "name": "Prata",
      "usd_oz": 66.980003,
      "usd_g": 2.1534571016189417,
      "brl_oz": 345.6436074812,
      "brl_g": 11.112700027194387,
      "chg_1h": 0,
      "chg_24h": 4.221459044967365
    },
    "XPT": {
      "name": "Platina",
      "usd_oz": 1736,
      "usd_g": 55.81369604313817,
      "brl_oz": 8958.4544,
      "brl_g": 288.02099706101023,
      "chg_1h": 0,
      "chg_24h": 3.0267062314540056
    },
    "XPD": {
      "name": "Paládio",
      "usd_oz": 1313,
      "usd_g": 42.21393024460854,
      "brl_oz": 6775.6052,
      "brl_g": 217.84076563427791,
      "chg_1h": 0,
      "chg_24h": 3.2232704402515724
    },
    "XCU": {
      "name": "Cobre",
      "usd_oz": 6.114803,
      "usd_g": 0.1965954815700861,
      "brl_oz": 31.554829401200003,
      "brl_g": 1.0145113230942724,
      "chg_1h": 0,
      "chg_24h": 0.24042082989283795
    }
  }
}
