{
  "timestamp": 1784285221,
  "usdToBrl": 5.0857,
  "metals": {
    "XAU": {
      "name": "Ouro",
      "usd_oz": 3998,
      "usd_g": 128.53868478137466,
      "brl_oz": 20332.6286,
      "brl_g": 653.7091891926372,
      "chg_1h": 0.050050050050050046,
      "chg_24h": -0.7743460582604395
    },
    "XAG": {
      "name": "Prata",
      "usd_oz": 55.599998,
      "usd_g": 1.7875814449142227,
      "brl_oz": 282.7649098286,
      "brl_g": 9.091102954400263,
      "chg_1h": -0.032367219245572905,
      "chg_24h": -1.7893434686263532
    },
    "XPT": {
      "name": "Platina",
      "usd_oz": 1592,
      "usd_g": 51.18398853725574,
      "brl_oz": 8096.4344,
      "brl_g": 260.30641050392154,
      "chg_1h": 0,
      "chg_24h": -4.2693926638604935
    },
    "XPD": {
      "name": "Paládio",
      "usd_oz": 1272,
      "usd_g": 40.89574963529479,
      "brl_oz": 6469.0104,
      "brl_g": 207.9835139202187,
      "chg_1h": 0.8723235527359239,
      "chg_24h": -3.048780487804878
    },
    "XCU": {
      "name": "Cobre",
      "usd_oz": 6.109663,
      "usd_g": 0.19643022673272334,
      "brl_oz": 31.071913119100003,
      "brl_g": 0.9989852040946111,
      "chg_1h": 0.07926518438533989,
      "chg_24h": -0.24808738422995935
    }
  }
}
