{
  "timestamp": 1783331641,
  "usdToBrl": 5.1962,
  "metals": {
    "XAU": {
      "name": "Ouro",
      "usd_oz": 4143.100098,
      "usd_g": 133.20376125925574,
      "brl_oz": 21528.3767292276,
      "brl_g": 692.1533842553447,
      "chg_1h": 0,
      "chg_24h": -0.7902109438373908
    },
    "XAG": {
      "name": "Prata",
      "usd_oz": 62.076,
      "usd_g": 1.9957897439941505,
      "brl_oz": 322.5593112,
      "brl_g": 10.370522667742405,
      "chg_1h": 0,
      "chg_24h": -0.7054049524258994
    },
    "XPT": {
      "name": "Platina",
      "usd_oz": 1642,
      "usd_g": 52.79152586568715,
      "brl_oz": 8532.1604,
      "brl_g": 274.3153267032836,
      "chg_1h": 0,
      "chg_24h": -0.3640776699029126
    },
    "XPD": {
      "name": "Paládio",
      "usd_oz": 1296,
      "usd_g": 41.66736755294186,
      "brl_oz": 6734.2752,
      "brl_g": 216.5119752785965,
      "chg_1h": 0,
      "chg_24h": 0.3872966692486445
    },
    "XCU": {
      "name": "Cobre",
      "usd_oz": 6.031267,
      "usd_g": 0.19390973680472917,
      "brl_oz": 31.3396695854,
      "brl_g": 1.0075937743847339,
      "chg_1h": 0,
      "chg_24h": 0.5102448085198716
    }
  }
}
