{
  "timestamp": 1776981327,
  "usdToBrl": 4.963,
  "metals": {
    "XAU": {
      "name": "Ouro",
      "usd_oz": 4693.799805,
      "usd_g": 150.90916797443043,
      "brl_oz": 23295.328432215,
      "brl_g": 748.9622006570983,
      "chg_1h": -0.03194684178425961,
      "chg_24h": -0.993484316767177
    },
    "XAG": {
      "name": "Prata",
      "usd_oz": 75.561996,
      "usd_g": 2.4293745836156813,
      "brl_oz": 375.01418614799996,
      "brl_g": 12.056986058484627,
      "chg_1h": 0.0026442562902137564,
      "chg_24h": -2.9078073719681643
    },
    "XPT": {
      "name": "Platina",
      "usd_oz": 2014,
      "usd_g": 64.75160358921676,
      "brl_oz": 9995.482,
      "brl_g": 321.36220861328275,
      "chg_1h": 0.04967709885742673,
      "chg_24h": -3.266090297790586
    },
    "XPD": {
      "name": "Paládio",
      "usd_oz": 1495,
      "usd_g": 48.06536612009883,
      "brl_oz": 7419.685,
      "brl_g": 238.5484120540505,
      "chg_1h": 0.13395847287340923,
      "chg_24h": -4.958677685950414
    },
    "XCU": {
      "name": "Cobre",
      "usd_oz": 5.989801,
      "usd_g": 0.19257657394751446,
      "brl_oz": 29.727382363,
      "brl_g": 0.9557575365015143,
      "chg_1h": 0,
      "chg_24h": -0.9791814624224251
    }
  }
}
