{
  "timestamp": 1777575479,
  "usdToBrl": 4.9814,
  "metals": {
    "XAU": {
      "name": "Ouro",
      "usd_oz": 4624.399902,
      "usd_g": 148.67790928119007,
      "brl_oz": 23035.9856718228,
      "brl_g": 740.6241372933201,
      "chg_1h": 0.13424508982334754,
      "chg_24h": 2.0163225678358727
    },
    "XAG": {
      "name": "Prata",
      "usd_oz": 73.873001,
      "usd_g": 2.3750721334150016,
      "brl_oz": 367.9909671814,
      "brl_g": 11.831184325393489,
      "chg_1h": 0.28508069763433785,
      "chg_24h": 3.7294436554708663
    },
    "XPT": {
      "name": "Platina",
      "usd_oz": 1990,
      "usd_g": 63.979985671569686,
      "brl_oz": 9912.985999999999,
      "brl_g": 318.7099006243572,
      "chg_1h": 0.1006036217303823,
      "chg_24h": 5.402542372881356
    },
    "XPD": {
      "name": "Paládio",
      "usd_oz": 1558,
      "usd_g": 50.09086315392239,
      "brl_oz": 7761.0212,
      "brl_g": 249.522625714949,
      "chg_1h": 0.2574002574002574,
      "chg_24h": 5.627118644067797
    },
    "XCU": {
      "name": "Cobre",
      "usd_oz": 5.894395,
      "usd_g": 0.18950919982038794,
      "brl_oz": 29.362339253000002,
      "brl_g": 0.9440211279852805,
      "chg_1h": 0.5085281585766255,
      "chg_24h": 0.596713230346094
    }
  }
}
