{
  "timestamp": 1770739813,
  "usdToBrl": 5.2067,
  "metals": {
    "XAU": {
      "name": "Ouro",
      "usd_oz": 5014.200195,
      "usd_g": 161.21027971381002,
      "brl_oz": 26107.4361553065,
      "brl_g": 839.3735633858946,
      "chg_1h": -0.6242939291401953,
      "chg_24h": -0.2149214925373065
    },
    "XAG": {
      "name": "Prata",
      "usd_oz": 80.633003,
      "usd_g": 2.5924112445204197,
      "brl_oz": 419.8318567201,
      "brl_g": 13.497907626844468,
      "chg_1h": -2.3080265500005726,
      "chg_24h": -0.8374941275489751
    },
    "XPT": {
      "name": "Platina",
      "usd_oz": 2102,
      "usd_g": 67.58086928725602,
      "brl_oz": 10944.4834,
      "brl_g": 351.8733121179559,
      "chg_1h": -0.4734848484848485,
      "chg_24h": 0.7187350263536176
    },
    "XPD": {
      "name": "Paládio",
      "usd_oz": 1737,
      "usd_g": 55.845846789706805,
      "brl_oz": 9044.0379,
      "brl_g": 290.7725704799664,
      "chg_1h": -0.5724098454493417,
      "chg_24h": 0.6373117033603708
    },
    "XCU": {
      "name": "Cobre",
      "usd_oz": 5.866159,
      "usd_g": 0.18860139134027615,
      "brl_oz": 30.543330065299998,
      "brl_g": 0.9819908642914158,
      "chg_1h": -0.39024367051155207,
      "chg_24h": 0.00644415466584152
    }
  }
}
