{
  "timestamp": 1775429259,
  "usdToBrl": 5.1818,
  "metals": {
    "XAU": {
      "name": "Ouro",
      "usd_oz": 4648.5,
      "usd_g": 149.45274542426716,
      "brl_oz": 24087.5973,
      "brl_g": 774.4342362394676,
      "chg_1h": -0.6306113723813596,
      "chg_24h": -0.6306113723813596
    },
    "XAG": {
      "name": "Prata",
      "usd_oz": 72.144997,
      "usd_g": 2.319515514741426,
      "brl_oz": 373.8409454546,
      "brl_g": 12.01926549428712,
      "chg_1h": -1.3752429717263748,
      "chg_24h": -1.3752429717263748
    },
    "XPT": {
      "name": "Platina",
      "usd_oz": 1985,
      "usd_g": 63.819231938726546,
      "brl_oz": 10285.873,
      "brl_g": 330.6984960600932,
      "chg_1h": -0.25125628140703515,
      "chg_24h": -0.25125628140703515
    },
    "XPD": {
      "name": "Paládio",
      "usd_oz": 1521,
      "usd_g": 48.90128553088316,
      "brl_oz": 7881.5178,
      "brl_g": 253.39668136393036,
      "chg_1h": -0.5882352941176471,
      "chg_24h": -0.5882352941176471
    },
    "XCU": {
      "name": "Cobre",
      "usd_oz": 5.523714,
      "usd_g": 0.17759152893158234,
      "brl_oz": 28.6227812052,
      "brl_g": 0.9202437846176733,
      "chg_1h": 0,
      "chg_24h": 0.2428346889380345
    }
  }
}
