{
  "timestamp": 1779956737,
  "usdToBrl": 5.0458,
  "metals": {
    "XAU": {
      "name": "Ouro",
      "usd_oz": 4393.5,
      "usd_g": 141.25430504926703,
      "brl_oz": 22168.722299999998,
      "brl_g": 712.7409724175916,
      "chg_1h": 0,
      "chg_24h": -2.0073603211776514
    },
    "XAG": {
      "name": "Prata",
      "usd_oz": 73.656998,
      "usd_g": 2.3681274757039383,
      "brl_oz": 371.6584805084,
      "brl_g": 11.949097616906931,
      "chg_1h": 0,
      "chg_24h": -2.4746484326635967
    },
    "XPT": {
      "name": "Platina",
      "usd_oz": 1905,
      "usd_g": 61.247172213236304,
      "brl_oz": 9612.249,
      "brl_g": 309.04098155354774,
      "chg_1h": 0,
      "chg_24h": -2.006172839506173
    },
    "XPD": {
      "name": "Paládio",
      "usd_oz": 1385,
      "usd_g": 44.52878399754975,
      "brl_oz": 6988.433,
      "brl_g": 224.68333829483652,
      "chg_1h": 0,
      "chg_24h": -1.7033356990773598
    },
    "XCU": {
      "name": "Cobre",
      "usd_oz": 6.13771,
      "usd_g": 0.19733195872173365,
      "brl_oz": 30.969657118,
      "brl_g": 0.9956975973181236,
      "chg_1h": 0,
      "chg_24h": -0.12055098046937192
    }
  }
}
