{
  "timestamp": 1774887294,
  "usdToBrl": 5.2402,
  "metals": {
    "XAU": {
      "name": "Ouro",
      "usd_oz": 4547.100098,
      "usd_g": 146.19266287298146,
      "brl_oz": 23827.7139335396,
      "brl_g": 766.0787919869974,
      "chg_1h": 0.29335863011269947,
      "chg_24h": 1.1590678086763044
    },
    "XAG": {
      "name": "Prata",
      "usd_oz": 71.073997,
      "usd_g": 2.2850820651664256,
      "brl_oz": 372.4419590794,
      "brl_g": 11.974287037885103,
      "chg_1h": 0.11691623375850409,
      "chg_24h": 1.7173712437047917
    },
    "XPT": {
      "name": "Platina",
      "usd_oz": 1916,
      "usd_g": 61.60083042549121,
      "brl_oz": 10040.2232,
      "brl_g": 322.800671595659,
      "chg_1h": 0.3666841278156103,
      "chg_24h": 2.2957821676454886
    },
    "XPD": {
      "name": "Paládio",
      "usd_oz": 1448,
      "usd_g": 46.554281031373314,
      "brl_oz": 7587.8096,
      "brl_g": 243.95374346060242,
      "chg_1h": 0.5555555555555556,
      "chg_24h": 3.2074126870990733
    },
    "XCU": {
      "name": "Cobre",
      "usd_oz": 5.498598,
      "usd_g": 0.17678403078076468,
      "brl_oz": 28.8137532396,
      "brl_g": 0.9263836780973631,
      "chg_1h": 0.12252659340563266,
      "chg_24h": 0.2149520923291607
    }
  }
}
