{
  "timestamp": 1773942069,
  "usdToBrl": 5.2987,
  "metals": {
    "XAU": {
      "name": "Ouro",
      "usd_oz": 4604.899902,
      "usd_g": 148.05096972310184,
      "brl_oz": 24399.9831107274,
      "brl_g": 784.4776732717997,
      "chg_1h": 0.3399232489236005,
      "chg_24h": -5.7936660527036485
    },
    "XAG": {
      "name": "Prata",
      "usd_oz": 71.426003,
      "usd_g": 2.2963993208630615,
      "brl_oz": 378.4649620961,
      "brl_g": 12.167931081457105,
      "chg_1h": 1.4400953769203184,
      "chg_24h": -7.36768237986999
    },
    "XPT": {
      "name": "Platina",
      "usd_oz": 1962,
      "usd_g": 63.0797647676481,
      "brl_oz": 10396.0494,
      "brl_g": 334.24074957433703,
      "chg_1h": 0.10204081632653061,
      "chg_24h": -5.1257253384912955
    },
    "XPD": {
      "name": "Paládio",
      "usd_oz": 1474,
      "usd_g": 47.39020044215764,
      "brl_oz": 7810.2838,
      "brl_g": 251.10645508286072,
      "chg_1h": -0.3380662609871535,
      "chg_24h": -4.533678756476684
    },
    "XCU": {
      "name": "Cobre",
      "usd_oz": 5.498522,
      "usd_g": 0.17678158732402546,
      "brl_oz": 29.135018521400003,
      "brl_g": 0.9367125967538138,
      "chg_1h": 0.10459190314844587,
      "chg_24h": -2.0457455315954314
    }
  }
}
