{
  "timestamp": 1772697112,
  "usdToBrl": 5.2198,
  "metals": {
    "XAU": {
      "name": "Ouro",
      "usd_oz": 5164.200195,
      "usd_g": 166.03289169910423,
      "brl_oz": 26956.092177861003,
      "brl_g": 866.6584880909843,
      "chg_1h": -0.14115450062843762,
      "chg_24h": -0.12570831328193066
    },
    "XAG": {
      "name": "Prata",
      "usd_oz": 83.75,
      "usd_g": 2.6926250251225934,
      "brl_oz": 437.15825,
      "brl_g": 14.054964106134914,
      "chg_1h": 0.03463766516599448,
      "chg_24h": -1.6464674934235262
    },
    "XPT": {
      "name": "Platina",
      "usd_oz": 2166,
      "usd_g": 69.63851706764821,
      "brl_oz": 11306.086800000001,
      "brl_g": 363.49913138971016,
      "chg_1h": -0.09225092250922509,
      "chg_24h": 0.09242144177449169
    },
    "XPD": {
      "name": "Paládio",
      "usd_oz": 1690,
      "usd_g": 54.33476170098129,
      "brl_oz": 8821.462,
      "brl_g": 283.6165891267822,
      "chg_1h": 0.17783046828689983,
      "chg_24h": -1.744186046511628
    },
    "XCU": {
      "name": "Cobre",
      "usd_oz": 5.827755,
      "usd_g": 0.18736667406905455,
      "brl_oz": 30.419715549,
      "brl_g": 0.978016565305651,
      "chg_1h": -0.23294224874267966,
      "chg_24h": -0.5521397120293464
    }
  }
}
