{
  "timestamp": 1770996203,
  "usdToBrl": 5.2197,
  "metals": {
    "XAU": {
      "name": "Ouro",
      "usd_oz": 4997.799805,
      "usd_g": 160.68299493129334,
      "brl_oz": 26087.015642158494,
      "brl_g": 838.7170286428718,
      "chg_1h": -0.12190685504245044,
      "chg_24h": -1.1980092158399789
    },
    "XAG": {
      "name": "Prata",
      "usd_oz": 77.686996,
      "usd_g": 2.4976949200740153,
      "brl_oz": 405.5028130211999,
      "brl_g": 13.037218174310336,
      "chg_1h": -1.3786538009729161,
      "chg_24h": -6.105950183249744
    },
    "XPT": {
      "name": "Platina",
      "usd_oz": 2075,
      "usd_g": 66.71279912990306,
      "brl_oz": 10830.877499999999,
      "brl_g": 348.220797618355,
      "chg_1h": -0.1924001924001924,
      "chg_24h": -2.627874237447208
    },
    "XPD": {
      "name": "Paládio",
      "usd_oz": 1688,
      "usd_g": 54.27046020784403,
      "brl_oz": 8810.853599999999,
      "brl_g": 283.2755211468835,
      "chg_1h": 0.5360333531864204,
      "chg_24h": -2.5404157043879905
    },
    "XCU": {
      "name": "Cobre",
      "usd_oz": 5.85807,
      "usd_g": 0.1883413239512825,
      "brl_oz": 30.577367978999995,
      "brl_g": 0.9830852086285092,
      "chg_1h": -0.361317725387305,
      "chg_24h": -2.0279864131934575
    }
  }
}
