{
  "timestamp": 1777381219,
  "usdToBrl": 4.9681,
  "metals": {
    "XAU": {
      "name": "Ouro",
      "usd_oz": 4596.299805,
      "usd_g": 147.7744701839892,
      "brl_oz": 22834.877061220497,
      "brl_g": 734.1583453210767,
      "chg_1h": -0.07826468133437353,
      "chg_24h": -2.3289933760261365
    },
    "XAG": {
      "name": "Prata",
      "usd_oz": 73.642998,
      "usd_g": 2.3676773652519776,
      "brl_oz": 365.8657783638,
      "brl_g": 11.762857918308349,
      "chg_1h": 0.8794386498738362,
      "chg_24h": -2.821287732315153
    },
    "XPT": {
      "name": "Platina",
      "usd_oz": 1966,
      "usd_g": 63.20836775392261,
      "brl_oz": 9767.284599999999,
      "brl_g": 314.0254918382629,
      "chg_1h": 1.7598343685300208,
      "chg_24h": -2.7214250371103414
    },
    "XPD": {
      "name": "Paládio",
      "usd_oz": 1500,
      "usd_g": 48.22611985294197,
      "brl_oz": 7452.15,
      "brl_g": 239.592186041401,
      "chg_1h": 2.73972602739726,
      "chg_24h": -0.26595744680851063
    },
    "XCU": {
      "name": "Cobre",
      "usd_oz": 5.865932,
      "usd_g": 0.18859409312080508,
      "brl_oz": 29.1425367692,
      "brl_g": 0.9369543140334716,
      "chg_1h": -0.8104686920323814,
      "chg_24h": -1.9869674239065969
    }
  }
}
