{
  "timestamp": 1782232414,
  "usdToBrl": 5.1725,
  "metals": {
    "XAU": {
      "name": "Ouro",
      "usd_oz": 4141.200195,
      "usd_g": 133.1426779593978,
      "brl_oz": 21420.358008637504,
      "brl_g": 688.6805017449851,
      "chg_1h": 0,
      "chg_24h": -1.0276754934284398
    },
    "XAG": {
      "name": "Prata",
      "usd_oz": 62.277,
      "usd_g": 2.002252044054445,
      "brl_oz": 322.1277825,
      "brl_g": 10.356648697871616,
      "chg_1h": 0,
      "chg_24h": -5.042388387411567
    },
    "XPT": {
      "name": "Platina",
      "usd_oz": 1677,
      "usd_g": 53.916801995589125,
      "brl_oz": 8674.282500000001,
      "brl_g": 278.88465832218475,
      "chg_1h": 0,
      "chg_24h": 0.17921146953405018
    },
    "XPD": {
      "name": "Paládio",
      "usd_oz": 1265,
      "usd_g": 40.67069440931439,
      "brl_oz": 6543.212500000001,
      "brl_g": 210.3691668321787,
      "chg_1h": 0,
      "chg_24h": -1.171875
    },
    "XCU": {
      "name": "Cobre",
      "usd_oz": 6.057197,
      "usd_g": 0.1947434056632537,
      "brl_oz": 31.330851482500005,
      "brl_g": 1.0073102657931798,
      "chg_1h": 0,
      "chg_24h": -1.681121847328417
    }
  }
}
