{
  "timestamp": 1779735433,
  "usdToBrl": 5.0026,
  "metals": {
    "XAU": {
      "name": "Ouro",
      "usd_oz": 4571.299805,
      "usd_g": 146.97070151977348,
      "brl_oz": 22868.384404492997,
      "brl_g": 735.2356314228189,
      "chg_1h": -0.06122063225561353,
      "chg_24h": 1.3479615341979747
    },
    "XAG": {
      "name": "Prata",
      "usd_oz": 78.195,
      "usd_g": 2.514027627933865,
      "brl_oz": 391.17830699999996,
      "brl_g": 12.576674611501954,
      "chg_1h": -0.3453763281404909,
      "chg_24h": 3.3737451812790225
    },
    "XPT": {
      "name": "Platina",
      "usd_oz": 1975,
      "usd_g": 63.497724473040265,
      "brl_oz": 9880.135,
      "brl_g": 317.65371644883123,
      "chg_1h": -0.10116337885685382,
      "chg_24h": 2.33160621761658
    },
    "XPD": {
      "name": "Paládio",
      "usd_oz": 1423,
      "usd_g": 45.75051236715762,
      "brl_oz": 7118.6998,
      "brl_g": 228.8715131679427,
      "chg_1h": 0.07032348804500703,
      "chg_24h": 3.566229985443959
    },
    "XCU": {
      "name": "Cobre",
      "usd_oz": 6.127126,
      "usd_g": 0.1969916752200513,
      "brl_oz": 30.651560527599997,
      "brl_g": 0.9854705544558287,
      "chg_1h": 0,
      "chg_24h": 0
    }
  }
}
