{
  "timestamp": 1782344949,
  "usdToBrl": 5.1996,
  "metals": {
    "XAU": {
      "name": "Ouro",
      "usd_oz": 4012.199951,
      "usd_g": 128.99522380726262,
      "brl_oz": 20861.8348652196,
      "brl_g": 670.7235657082427,
      "chg_1h": 0.16226876899197884,
      "chg_24h": -2.400932967304346
    },
    "XAG": {
      "name": "Prata",
      "usd_oz": 57.880001,
      "usd_g": 1.8608852435429342,
      "brl_oz": 300.9528531996,
      "brl_g": 9.675858912325841,
      "chg_1h": 0.057048766573891005,
      "chg_24h": -6.483771784086353
    },
    "XPT": {
      "name": "Platina",
      "usd_oz": 1598,
      "usd_g": 51.376893016667516,
      "brl_oz": 8308.9608,
      "brl_g": 267.13929292946443,
      "chg_1h": -0.18738288569643974,
      "chg_24h": -4.081632653061225
    },
    "XPD": {
      "name": "Paládio",
      "usd_oz": 1199,
      "usd_g": 38.54874513578495,
      "brl_oz": 6234.3204000000005,
      "brl_g": 200.43805520802744,
      "chg_1h": 0.08347245409015025,
      "chg_24h": -4.538216560509554
    },
    "XCU": {
      "name": "Cobre",
      "usd_oz": 6.066279,
      "usd_g": 0.19503539874358997,
      "brl_oz": 31.5422242884,
      "brl_g": 1.0141060593071705,
      "chg_1h": 0,
      "chg_24h": 0.12995167375709088
    }
  }
}
