{
  "timestamp": 1774262303,
  "usdToBrl": 5.2552,
  "metals": {
    "XAU": {
      "name": "Ouro",
      "usd_oz": 4246.899902,
      "usd_g": 136.54100245153302,
      "brl_oz": 22318.3083649904,
      "brl_g": 717.5502760832964,
      "chg_1h": 0.3900340483697373,
      "chg_24h": -5.460582395081799
    },
    "XAG": {
      "name": "Prata",
      "usd_oz": 63.623001,
      "usd_g": 2.0455269810865646,
      "brl_oz": 334.3515948552,
      "brl_g": 10.749653391006115,
      "chg_1h": 0.226848249027242,
      "chg_24h": -6.351383240520289
    },
    "XPT": {
      "name": "Platina",
      "usd_oz": 1803,
      "usd_g": 57.96779606323625,
      "brl_oz": 9475.125600000001,
      "brl_g": 304.63236187151915,
      "chg_1h": 0.05549389567147614,
      "chg_24h": -6.773526370217166
    },
    "XPD": {
      "name": "Paládio",
      "usd_oz": 1399,
      "usd_g": 44.97889444951055,
      "brl_oz": 7352.0248,
      "brl_g": 236.37308611106783,
      "chg_1h": 0.14316392269148173,
      "chg_24h": -2.304469273743017
    },
    "XCU": {
      "name": "Cobre",
      "usd_oz": 5.449383,
      "usd_g": 0.17520173178838966,
      "brl_oz": 28.6375975416,
      "brl_g": 0.9207201408943454,
      "chg_1h": -0.038833348619648655,
      "chg_24h": 0.8633398726090541
    }
  }
}
