{
  "timestamp": 1772063248,
  "usdToBrl": 5.1287,
  "metals": {
    "XAU": {
      "name": "Ouro",
      "usd_oz": 5177.700195,
      "usd_g": 166.46692677778069,
      "brl_oz": 26554.870990096504,
      "brl_g": 853.7589273652038,
      "chg_1h": 0.22454262944868825,
      "chg_24h": 0.5124995826174924
    },
    "XAG": {
      "name": "Prata",
      "usd_oz": 89.252998,
      "usd_g": 2.86955051918826,
      "brl_oz": 457.75185084260005,
      "brl_g": 14.71706374776083,
      "chg_1h": -0.09402599357546017,
      "chg_24h": 2.0804264263427625
    },
    "XPT": {
      "name": "Platina",
      "usd_oz": 2295,
      "usd_g": 73.78596337500122,
      "brl_oz": 11770.3665,
      "brl_g": 378.4260703613688,
      "chg_1h": 0.21834061135371177,
      "chg_24h": 5.46875
    },
    "XPD": {
      "name": "Paládio",
      "usd_oz": 1804,
      "usd_g": 57.999946809804875,
      "brl_oz": 9252.1748,
      "brl_g": 297.46432720344626,
      "chg_1h": 0.2222222222222222,
      "chg_24h": -0.16602102933038185
    },
    "XCU": {
      "name": "Cobre",
      "usd_oz": 5.905218,
      "usd_g": 0.18985716735050018,
      "brl_oz": 30.2860915566,
      "brl_g": 0.9737204541905103,
      "chg_1h": 0,
      "chg_24h": 0.7361570941565884
    }
  }
}
