{
  "timestamp": 1784116240,
  "usdToBrl": 5.1233,
  "metals": {
    "XAU": {
      "name": "Ouro",
      "usd_oz": 4037.399902,
      "usd_g": 129.80542104540544,
      "brl_oz": 20684.810917916602,
      "brl_g": 665.0321136419258,
      "chg_1h": 0.12151027898326375,
      "chg_24h": 0.16373555918849217
    },
    "XAG": {
      "name": "Prata",
      "usd_oz": 58.220001,
      "usd_g": 1.8718164973762677,
      "brl_oz": 298.27853112330007,
      "brl_g": 9.589877461007832,
      "chg_1h": -0.215953103624013,
      "chg_24h": 0.015464431386931526
    },
    "XPT": {
      "name": "Platina",
      "usd_oz": 1626,
      "usd_g": 52.277113920589095,
      "brl_oz": 8330.4858,
      "brl_g": 267.83133774935413,
      "chg_1h": -0.5504587155963303,
      "chg_24h": 0.931098696461825
    },
    "XPD": {
      "name": "Paládio",
      "usd_oz": 1323,
      "usd_g": 42.53543771029482,
      "brl_oz": 6778.125900000001,
      "brl_g": 217.92180802115348,
      "chg_1h": 0.22727272727272727,
      "chg_24h": 3.359375
    },
    "XCU": {
      "name": "Cobre",
      "usd_oz": 6.134005,
      "usd_g": 0.19721284020569688,
      "brl_oz": 31.4263478165,
      "brl_g": 1.0103805442258469,
      "chg_1h": -0.0184836887966112,
      "chg_24h": -0.31574239684702393
    }
  }
}
