{
  "timestamp": 1776248185,
  "usdToBrl": 4.9815,
  "metals": {
    "XAU": {
      "name": "Ouro",
      "usd_oz": 4802,
      "usd_g": 154.38788502255156,
      "brl_oz": 23921.162999999997,
      "brl_g": 769.0832492398405,
      "chg_1h": -0.27413595417501324,
      "chg_24h": 0.36156507816472816
    },
    "XAG": {
      "name": "Prata",
      "usd_oz": 78.925003,
      "usd_g": 2.5374977693812033,
      "brl_oz": 393.1649024445,
      "brl_g": 12.640545138172463,
      "chg_1h": -0.4666057246133015,
      "chg_24h": 1.280687020398914
    },
    "XPT": {
      "name": "Platina",
      "usd_oz": 2115,
      "usd_g": 67.99882899264819,
      "brl_oz": 10535.8725,
      "brl_g": 338.7361666268769,
      "chg_1h": -0.6109022556390977,
      "chg_24h": 1.1961722488038278
    },
    "XPD": {
      "name": "Paládio",
      "usd_oz": 1614,
      "usd_g": 51.89130496176556,
      "brl_oz": 8040.141,
      "brl_g": 258.4965356670351,
      "chg_1h": 0.06199628022318661,
      "chg_24h": 1.0012515644555695
    },
    "XCU": {
      "name": "Cobre",
      "usd_oz": 5.920136,
      "usd_g": 0.190336792187811,
      "brl_oz": 29.491157484,
      "brl_g": 0.9481627302835803,
      "chg_1h": -0.16575139988178456,
      "chg_24h": 0.8525593304361608
    }
  }
}
