{
  "timestamp": 1771272161,
  "usdToBrl": 5.2244,
  "metals": {
    "XAU": {
      "name": "Ouro",
      "usd_oz": 4993.899902,
      "usd_g": 160.55761013829812,
      "brl_oz": 26090.130648008802,
      "brl_g": 838.8171784065247,
      "chg_1h": -0.05203838687080735,
      "chg_24h": -0.9775597060152049
    },
    "XAG": {
      "name": "Prata",
      "usd_oz": 76.734001,
      "usd_g": 2.4670554193478464,
      "brl_oz": 400.88911482440005,
      "brl_g": 12.88888433284089,
      "chg_1h": -0.10544945374082075,
      "chg_24h": -1.077734949078235
    },
    "XPT": {
      "name": "Platina",
      "usd_oz": 2047,
      "usd_g": 65.81257822598148,
      "brl_oz": 10694.346800000001,
      "brl_g": 343.8312336838177,
      "chg_1h": -0.09760858955588092,
      "chg_24h": -1.2542209358417753
    },
    "XPD": {
      "name": "Paládio",
      "usd_oz": 1750,
      "usd_g": 56.26380649509897,
      "brl_oz": 9142.7,
      "brl_g": 293.94463065299504,
      "chg_1h": 0.4016064257028112,
      "chg_24h": 1.8626309662398137
    },
    "XCU": {
      "name": "Cobre",
      "usd_oz": 5.787621,
      "usd_g": 0.18607633600626924,
      "brl_oz": 30.2368471524,
      "brl_g": 0.972137209831153,
      "chg_1h": -0.06406126674506914,
      "chg_24h": -1.5276632148048985
    }
  }
}
