{
  "timestamp": 1773688716,
  "usdToBrl": 5.2703,
  "metals": {
    "XAU": {
      "name": "Ouro",
      "usd_oz": 5015.299805,
      "usd_g": 161.24563299624432,
      "brl_oz": 26432.134562291496,
      "brl_g": 849.8128595801064,
      "chg_1h": 0.40037636940191623,
      "chg_24h": -0.08766240669878687
    },
    "XAG": {
      "name": "Prata",
      "usd_oz": 81.170998,
      "usd_g": 2.6097081854206086,
      "brl_oz": 427.7955107594,
      "brl_g": 13.753945049622233,
      "chg_1h": 0.8523289948148232,
      "chg_24h": 0.5898729784992925
    },
    "XPT": {
      "name": "Platina",
      "usd_oz": 2131,
      "usd_g": 68.51324093774623,
      "brl_oz": 11231.0093,
      "brl_g": 361.08533371420395,
      "chg_1h": 0.8518693800283956,
      "chg_24h": 4.614629356897399
    },
    "XPD": {
      "name": "Paládio",
      "usd_oz": 1638,
      "usd_g": 52.66292287941263,
      "brl_oz": 8632.7514,
      "brl_g": 277.5494024513684,
      "chg_1h": 0.6760909649661955,
      "chg_24h": 3.934010152284264
    },
    "XCU": {
      "name": "Cobre",
      "usd_oz": 5.811728,
      "usd_g": 0.18685139405379914,
      "brl_oz": 30.629550078399998,
      "brl_g": 0.9847629020817376,
      "chg_1h": -0.43516256022439204,
      "chg_24h": -1.0329698923163861
    }
  }
}
