{
  "timestamp": 1780001988,
  "usdToBrl": 5.0726,
  "metals": {
    "XAU": {
      "name": "Ouro",
      "usd_oz": 4496.799805,
      "usd_g": 144.57547090041072,
      "brl_oz": 22810.466690843,
      "brl_g": 733.3735336894235,
      "chg_1h": 0,
      "chg_24h": 0.8816557487380741
    },
    "XAG": {
      "name": "Prata",
      "usd_oz": 75.782997,
      "usd_g": 2.4364799307580944,
      "brl_oz": 384.4168305822,
      "brl_g": 12.35928809676351,
      "chg_1h": 0,
      "chg_24h": 1.3521023370204441
    },
    "XPT": {
      "name": "Platina",
      "usd_oz": 1929,
      "usd_g": 62.018790130883374,
      "brl_oz": 9785.0454,
      "brl_g": 314.59651481791906,
      "chg_1h": 0,
      "chg_24h": -0.25853154084798347
    },
    "XPD": {
      "name": "Paládio",
      "usd_oz": 1390,
      "usd_g": 44.68953773039289,
      "brl_oz": 7050.914000000001,
      "brl_g": 226.692149091191,
      "chg_1h": 0,
      "chg_24h": -1.48830616583983
    },
    "XCU": {
      "name": "Cobre",
      "usd_oz": 6.096461,
      "usd_g": 0.1960057725765243,
      "brl_oz": 30.9249080686,
      "brl_g": 0.9942588819716772,
      "chg_1h": 0,
      "chg_24h": -1.0497252454742154
    }
  }
}
