{
  "timestamp": 1784769389,
  "usdToBrl": 5.0797,
  "metals": {
    "XAU": {
      "name": "Ouro",
      "usd_oz": 4136.700195,
      "usd_g": 132.99799959983895,
      "brl_oz": 21013.195980541503,
      "brl_g": 675.5899385673019,
      "chg_1h": 0.2860746510304103,
      "chg_24h": 0.5078087125280064
    },
    "XAG": {
      "name": "Prata",
      "usd_oz": 60.033001,
      "usd_g": 1.9301058009051901,
      "brl_oz": 304.9496351797,
      "brl_g": 9.804358436858093,
      "chg_1h": 0.5375786931411217,
      "chg_24h": 0.40642247187786823
    },
    "XPT": {
      "name": "Platina",
      "usd_oz": 1654,
      "usd_g": 53.17733482451068,
      "brl_oz": 8401.8238,
      "brl_g": 270.12490770806687,
      "chg_1h": 0.9151921903599756,
      "chg_24h": -0.12077294685990338
    },
    "XPD": {
      "name": "Paládio",
      "usd_oz": 1323,
      "usd_g": 42.53543771029482,
      "brl_oz": 6720.4430999999995,
      "brl_g": 216.0672629369846,
      "chg_1h": 0.8384146341463415,
      "chg_24h": 0.07564296520423601
    },
    "XCU": {
      "name": "Cobre",
      "usd_oz": 6.271142,
      "usd_g": 0.2016218971378788,
      "brl_oz": 31.8555200174,
      "brl_g": 1.024178750891283,
      "chg_1h": -0.0033645052351571228,
      "chg_24h": -0.11558679211053755
    }
  }
}
