{
  "timestamp": 1773684220,
  "usdToBrl": 5.2703,
  "metals": {
    "XAU": {
      "name": "Ouro",
      "usd_oz": 4995.299805,
      "usd_g": 160.60261806487176,
      "brl_oz": 26326.728562291497,
      "brl_g": 846.4239779872936,
      "chg_1h": 0.08615117210979065,
      "chg_24h": -0.4860925762918137
    },
    "XAG": {
      "name": "Prata",
      "usd_oz": 80.485001,
      "usd_g": 2.5876528697267696,
      "brl_oz": 424.1801007703,
      "brl_g": 13.637706919320992,
      "chg_1h": 0.20792350148256503,
      "chg_24h": -0.2602379329574277
    },
    "XPT": {
      "name": "Platina",
      "usd_oz": 2113,
      "usd_g": 67.93452749951092,
      "brl_oz": 11136.1439,
      "brl_g": 358.0353402806724,
      "chg_1h": 0.14218009478672985,
      "chg_24h": 3.7309769268532156
    },
    "XPD": {
      "name": "Paládio",
      "usd_oz": 1627,
      "usd_g": 52.30926466715773,
      "brl_oz": 8574.7781,
      "brl_g": 275.68551757532134,
      "chg_1h": 0.43209876543209874,
      "chg_24h": 3.236040609137056
    },
    "XCU": {
      "name": "Cobre",
      "usd_oz": 5.837129,
      "usd_g": 0.18766805516738888,
      "brl_oz": 30.7634209687,
      "brl_g": 0.9890669511486896,
      "chg_1h": 0.21935483649427973,
      "chg_24h": -0.6004201357267253
    }
  }
}
