{
  "timestamp": 1778674969,
  "usdToBrl": 4.9038,
  "metals": {
    "XAU": {
      "name": "Ouro",
      "usd_oz": 4691.799805,
      "usd_g": 150.84486648129317,
      "brl_oz": 23007.647883759,
      "brl_g": 739.7130562509655,
      "chg_1h": 0,
      "chg_24h": -0.3102179437364874
    },
    "XAG": {
      "name": "Prata",
      "usd_oz": 86.745003,
      "usd_g": 2.7889166075478737,
      "brl_oz": 425.3801457114,
      "brl_g": 13.676289260093265,
      "chg_1h": 0,
      "chg_24h": 3.2457390855706785
    },
    "XPT": {
      "name": "Platina",
      "usd_oz": 2147,
      "usd_g": 69.02765288284428,
      "brl_oz": 10528.4586,
      "brl_g": 338.49780420689183,
      "chg_1h": 0,
      "chg_24h": 1.7535545023696684
    },
    "XPD": {
      "name": "Paládio",
      "usd_oz": 1518,
      "usd_g": 48.804833291177275,
      "brl_oz": 7443.968400000001,
      "brl_g": 239.32914149327513,
      "chg_1h": 0,
      "chg_24h": 0.7299270072992701
    },
    "XCU": {
      "name": "Cobre",
      "usd_oz": 6.312116,
      "usd_g": 0.20293924182778178,
      "brl_oz": 30.953354440800002,
      "brl_g": 0.9951734540750764,
      "chg_1h": 0,
      "chg_24h": 1.1227106027584577
    }
  }
}
