{
  "timestamp": 1771574802,
  "usdToBrl": 5.2343,
  "metals": {
    "XAU": {
      "name": "Ouro",
      "usd_oz": 5015.5,
      "usd_g": 161.25206941495364,
      "brl_oz": 26252.63165,
      "brl_g": 844.0417069386918,
      "chg_1h": -0.00399136695211403,
      "chg_24h": 0.10379009644913553
    },
    "XAG": {
      "name": "Prata",
      "usd_oz": 79.113998,
      "usd_g": 2.5435740997289407,
      "brl_oz": 414.10639973139996,
      "brl_g": 13.313829910211195,
      "chg_1h": 0.06830255674937159,
      "chg_24h": 0.3246290718854329
    },
    "XPT": {
      "name": "Platina",
      "usd_oz": 2096,
      "usd_g": 67.38796480784426,
      "brl_oz": 10971.0928,
      "brl_g": 352.7288241936992,
      "chg_1h": 0.09551098376313276,
      "chg_24h": -0.6635071090047393
    },
    "XPD": {
      "name": "Paládio",
      "usd_oz": 1713,
      "usd_g": 55.074228872059734,
      "brl_oz": 8966.3559,
      "brl_g": 288.27503618502226,
      "chg_1h": 0.29274004683840754,
      "chg_24h": -2.2260273972602738
    },
    "XCU": {
      "name": "Cobre",
      "usd_oz": 5.72736,
      "usd_g": 0.18413889986729715,
      "brl_oz": 29.978720448,
      "brl_g": 0.9638382435753935,
      "chg_1h": -0.0725462259736483,
      "chg_24h": -0.42452959763050363
    }
  }
}
