{
  "timestamp": 1775030004,
  "usdToBrl": 5.224,
  "metals": {
    "XAU": {
      "name": "Ouro",
      "usd_oz": 4714.799805,
      "usd_g": 151.5843336523716,
      "brl_oz": 24630.114181319997,
      "brl_g": 791.8765589999894,
      "chg_1h": 0.603857996372552,
      "chg_24h": 3.276956181764977
    },
    "XAG": {
      "name": "Prata",
      "usd_oz": 74.338997,
      "usd_g": 2.390054252712996,
      "brl_oz": 388.34692032800007,
      "brl_g": 12.485643416172692,
      "chg_1h": -0.3151232459754027,
      "chg_24h": 1.7325127402053602
    },
    "XPT": {
      "name": "Platina",
      "usd_oz": 1965,
      "usd_g": 63.17621700735398,
      "brl_oz": 10265.16,
      "brl_g": 330.0325576464172,
      "chg_1h": 0.2039775624681285,
      "chg_24h": 1.6028955532574976
    },
    "XPD": {
      "name": "Paládio",
      "usd_oz": 1500,
      "usd_g": 48.22611985294197,
      "brl_oz": 7836,
      "brl_g": 251.93325011176887,
      "chg_1h": 0.4016064257028112,
      "chg_24h": 2.2494887525562373
    },
    "XCU": {
      "name": "Cobre",
      "usd_oz": 5.551366,
      "usd_g": 0.17848056137569804,
      "brl_oz": 29.000335984,
      "brl_g": 0.9323824526266465,
      "chg_1h": -0.6749578196092721,
      "chg_24h": 0.49680272516470425
    }
  }
}
