{
  "timestamp": 1776156836,
  "usdToBrl": 5.0274,
  "metals": {
    "XAU": {
      "name": "Ouro",
      "usd_oz": 4785.399902,
      "usd_g": 153.85417947873918,
      "brl_oz": 24058.119467314802,
      "brl_g": 773.4865019114134,
      "chg_1h": -0.1981271808414073,
      "chg_24h": 1.0196069958579166
    },
    "XAG": {
      "name": "Prata",
      "usd_oz": 78.109001,
      "usd_g": 2.5112626958797097,
      "brl_oz": 392.68519162740006,
      "brl_g": 12.625122077265653,
      "chg_1h": 0.09739982177028486,
      "chg_24h": 4.351258657801754
    },
    "XPT": {
      "name": "Platina",
      "usd_oz": 2101,
      "usd_g": 67.54871854068739,
      "brl_oz": 10562.5674,
      "brl_g": 339.5944275914518,
      "chg_1h": -0.3793266951161688,
      "chg_24h": 2.0894071914480077
    },
    "XPD": {
      "name": "Paládio",
      "usd_oz": 1607,
      "usd_g": 51.666249735785165,
      "brl_oz": 8079.0318,
      "brl_g": 259.74690392168634,
      "chg_1h": -0.9858287122612447,
      "chg_24h": 3.2776349614395883
    },
    "XCU": {
      "name": "Cobre",
      "usd_oz": 5.874475,
      "usd_g": 0.18886875694874086,
      "brl_oz": 29.533335615000002,
      "brl_g": 0.9495187886840998,
      "chg_1h": 0.018030393215814906,
      "chg_24h": 1.9202095562682784
    }
  }
}
