{
  "timestamp": 1772469297,
  "usdToBrl": 5.2067,
  "metals": {
    "XAU": {
      "name": "Ouro",
      "usd_oz": 5301.600098,
      "usd_g": 170.45040115901128,
      "brl_oz": 27603.8412302566,
      "brl_g": 887.484103714624,
      "chg_1h": -0.6502578241103858,
      "chg_24h": 0.4052858264780156
    },
    "XAG": {
      "name": "Prata",
      "usd_oz": 87.725998,
      "usd_g": 2.8204563291779654,
      "brl_oz": 456.7629537866,
      "brl_g": 14.685269969130912,
      "chg_1h": -2.637010365042179,
      "chg_24h": -6.589010088069823
    },
    "XPT": {
      "name": "Platina",
      "usd_oz": 2290,
      "usd_g": 73.62520964215808,
      "brl_oz": 11923.342999999999,
      "brl_g": 383.34437904382446,
      "chg_1h": -0.779896013864818,
      "chg_24h": -3.4162800506115567
    },
    "XPD": {
      "name": "Paládio",
      "usd_oz": 1774,
      "usd_g": 57.03542441274604,
      "brl_oz": 9236.6858,
      "brl_g": 296.96634428984476,
      "chg_1h": -1.1148272017837235,
      "chg_24h": -2.043070127001657
    },
    "XCU": {
      "name": "Cobre",
      "usd_oz": 6.008663,
      "usd_g": 0.19318300132929192,
      "brl_oz": 31.2853056421,
      "brl_g": 1.0058459330212242,
      "chg_1h": -0.16454085574536445,
      "chg_24h": -1.2989549487987306
    }
  }
}
