{
  "timestamp": 1773878281,
  "usdToBrl": 5.2243,
  "metals": {
    "XAU": {
      "name": "Ouro",
      "usd_oz": 4834.899902,
      "usd_g": 155.44564143388627,
      "brl_oz": 25258.9675580186,
      "brl_g": 812.0946645430521,
      "chg_1h": 0.07451611668302295,
      "chg_24h": -3.381231244107695
    },
    "XAG": {
      "name": "Prata",
      "usd_oz": 76.028999,
      "usd_g": 2.4443890787154703,
      "brl_oz": 397.1982994757,
      "brl_g": 12.770221863933232,
      "chg_1h": 0.36831551155115366,
      "chg_24h": -4.187667765941667
    },
    "XPT": {
      "name": "Platina",
      "usd_oz": 2045,
      "usd_g": 65.74827673284422,
      "brl_oz": 10683.693500000001,
      "brl_g": 343.48872213539806,
      "chg_1h": 0.4914004914004914,
      "chg_24h": -4.215456674473068
    },
    "XPD": {
      "name": "Paládio",
      "usd_oz": 1514,
      "usd_g": 48.67623030490277,
      "brl_oz": 7909.590200000001,
      "brl_g": 254.29922998190355,
      "chg_1h": -0.2635046113306983,
      "chg_24h": -6.5432098765432105
    },
    "XCU": {
      "name": "Cobre",
      "usd_oz": 5.634398,
      "usd_g": 0.18115010216478436,
      "brl_oz": 29.435785471400003,
      "brl_g": 0.946382478739483,
      "chg_1h": 0,
      "chg_24h": -2.2330212148380824
    }
  }
}
