{
  "timestamp": 1784799717,
  "usdToBrl": 5.0797,
  "metals": {
    "XAU": {
      "name": "Ouro",
      "usd_oz": 4092.300049,
      "usd_g": 131.57050175818287,
      "brl_oz": 20787.6565589053,
      "brl_g": 668.3386777810415,
      "chg_1h": 0,
      "chg_24h": -0.648214396698229
    },
    "XAG": {
      "name": "Prata",
      "usd_oz": 58.964001,
      "usd_g": 1.895736652823327,
      "brl_oz": 299.5194358797,
      "brl_g": 9.629773475346655,
      "chg_1h": 0,
      "chg_24h": -0.957434407229475
    },
    "XPT": {
      "name": "Platina",
      "usd_oz": 1631,
      "usd_g": 52.437867653432235,
      "brl_oz": 8284.9907,
      "brl_g": 266.36863631913974,
      "chg_1h": 0,
      "chg_24h": -1.6877637130801686
    },
    "XPD": {
      "name": "Paládio",
      "usd_oz": 1294,
      "usd_g": 41.60306605980461,
      "brl_oz": 6573.1318,
      "brl_g": 211.3310946639895,
      "chg_1h": 0,
      "chg_24h": -2.5602409638554215
    },
    "XCU": {
      "name": "Cobre",
      "usd_oz": 6.25141,
      "usd_g": 0.20098749860658666,
      "brl_oz": 31.755287377,
      "brl_g": 1.0209561966718783,
      "chg_1h": 0,
      "chg_24h": -0.4298707361542389
    }
  }
}
