{
  "timestamp": 1773788218,
  "usdToBrl": 5.2089,
  "metals": {
    "XAU": {
      "name": "Ouro",
      "usd_oz": 5000,
      "usd_g": 160.75373284313991,
      "brl_oz": 26044.5,
      "brl_g": 837.3501190066315,
      "chg_1h": -0.13980427401637707,
      "chg_24h": -0.1298312194147608
    },
    "XAG": {
      "name": "Prata",
      "usd_oz": 79.098,
      "usd_g": 2.543059752085336,
      "brl_oz": 412.0135722,
      "brl_g": 13.246543942637308,
      "chg_1h": -0.4029300713053671,
      "chg_24h": -2.336088463664366
    },
    "XPT": {
      "name": "Platina",
      "usd_oz": 2129,
      "usd_g": 68.44893944460897,
      "brl_oz": 11089.748099999999,
      "brl_g": 356.54368067302363,
      "chg_1h": -0.420954162768943,
      "chg_24h": 0.09402914903620122
    },
    "XPD": {
      "name": "Paládio",
      "usd_oz": 1615,
      "usd_g": 51.92345570833419,
      "brl_oz": 8412.3735,
      "brl_g": 270.46408843914196,
      "chg_1h": -0.7985257985257985,
      "chg_24h": -1.1022657685241886
    },
    "XCU": {
      "name": "Cobre",
      "usd_oz": 5.763089,
      "usd_g": 0.18528761389144766,
      "brl_oz": 30.019354292099997,
      "brl_g": 0.9651446519991617,
      "chg_1h": 0,
      "chg_24h": -1.1993388704051202
    }
  }
}
