{
  "timestamp": 1776897733,
  "usdToBrl": 4.9717,
  "metals": {
    "XAU": {
      "name": "Ouro",
      "usd_oz": 4731.799805,
      "usd_g": 152.1308963440383,
      "brl_oz": 23525.0890905185,
      "brl_g": 756.3491773536553,
      "chg_1h": -0.1919487267841594,
      "chg_24h": 0.2946205576363994
    },
    "XAG": {
      "name": "Prata",
      "usd_oz": 77.699997,
      "usd_g": 2.4981129119301544,
      "brl_oz": 386.3010750849,
      "brl_g": 12.41986796424315,
      "chg_1h": -0.16061677458207932,
      "chg_24h": 0.9353000414925936
    },
    "XPT": {
      "name": "Platina",
      "usd_oz": 2079,
      "usd_g": 66.84140211617758,
      "brl_oz": 10336.1643,
      "brl_g": 332.3153989010001,
      "chg_1h": -0.1440922190201729,
      "chg_24h": 1.96174595389897
    },
    "XPD": {
      "name": "Paládio",
      "usd_oz": 1569,
      "usd_g": 50.444521366177305,
      "brl_oz": 7800.5973,
      "brl_g": 250.79502687622372,
      "chg_1h": -0.25429116338207247,
      "chg_24h": 0.19157088122605362
    },
    "XCU": {
      "name": "Cobre",
      "usd_oz": 6.049032,
      "usd_g": 0.19448089481752087,
      "brl_oz": 30.073972394400002,
      "brl_g": 0.9669006647642686,
      "chg_1h": 0,
      "chg_24h": 0.9805865891011696
    }
  }
}
