{
  "timestamp": 1784757266,
  "usdToBrl": 5.0797,
  "metals": {
    "XAU": {
      "name": "Ouro",
      "usd_oz": 4131.399902,
      "usd_g": 132.82759122285648,
      "brl_oz": 20986.2720821894,
      "brl_g": 674.7243151347441,
      "chg_1h": -0.09430762420862833,
      "chg_24h": 1.2920771724598001
    },
    "XAG": {
      "name": "Prata",
      "usd_oz": 59.839001,
      "usd_g": 1.9238685560708764,
      "brl_oz": 303.9641733797,
      "brl_g": 9.77267510427323,
      "chg_1h": -0.1201749281463218,
      "chg_24h": 1.5735368273617767
    },
    "XPT": {
      "name": "Platina",
      "usd_oz": 1647,
      "usd_g": 52.95227959853028,
      "brl_oz": 8366.2659,
      "brl_g": 268.9816946766543,
      "chg_1h": -0.1212856276531231,
      "chg_24h": 0.8573178199632578
    },
    "XPD": {
      "name": "Paládio",
      "usd_oz": 1316,
      "usd_g": 42.310382484314424,
      "brl_oz": 6684.8852,
      "brl_g": 214.92404990557196,
      "chg_1h": -0.30303030303030304,
      "chg_24h": 1.1529592621060722
    },
    "XCU": {
      "name": "Cobre",
      "usd_oz": 6.271353,
      "usd_g": 0.20162868094540481,
      "brl_oz": 31.8565918341,
      "brl_g": 1.0242132105983728,
      "chg_1h": 0,
      "chg_24h": -0.11222606272713609
    }
  }
}
