{
  "timestamp": 1776313503,
  "usdToBrl": 4.9981,
  "metals": {
    "XAU": {
      "name": "Ouro",
      "usd_oz": 4828.399902,
      "usd_g": 155.2366615811902,
      "brl_oz": 24132.8255501862,
      "brl_g": 775.8883582489467,
      "chg_1h": 0,
      "chg_24h": -0.004146046388946124
    },
    "XAG": {
      "name": "Prata",
      "usd_oz": 80.575996,
      "usd_g": 2.590578426910782,
      "brl_oz": 402.7268856076,
      "brl_g": 12.94797003554278,
      "chg_1h": 0,
      "chg_24h": 0.3474588221524634
    },
    "XPT": {
      "name": "Platina",
      "usd_oz": 2148,
      "usd_g": 69.0598036294129,
      "brl_oz": 10735.9188,
      "brl_g": 345.1678045201686,
      "chg_1h": 0,
      "chg_24h": 0.8924377642085486
    },
    "XPD": {
      "name": "Paládio",
      "usd_oz": 1608,
      "usd_g": 51.6984004823538,
      "brl_oz": 8036.9448,
      "brl_g": 258.3937754508525,
      "chg_1h": 0,
      "chg_24h": -0.06215040397762585
    },
    "XCU": {
      "name": "Cobre",
      "usd_oz": 5.958767,
      "usd_g": 0.19157880767850366,
      "brl_oz": 29.7825133427,
      "brl_g": 0.9575300386579292,
      "chg_1h": 0,
      "chg_24h": 0.15119909657026767
    }
  }
}
