{
  "timestamp": 1773931185,
  "usdToBrl": 5.2243,
  "metals": {
    "XAU": {
      "name": "Ouro",
      "usd_oz": 4612.299805,
      "usd_g": 148.28888212908726,
      "brl_oz": 24096.0378712615,
      "brl_g": 774.7056069069906,
      "chg_1h": 1.1424851491634853,
      "chg_24h": -5.262405155592079
    },
    "XAG": {
      "name": "Prata",
      "usd_oz": 70.166,
      "usd_g": 2.255889283734351,
      "brl_oz": 366.56823380000003,
      "brl_g": 11.78544238501337,
      "chg_1h": 3.2977017652577065,
      "chg_24h": -8.509363316781899
    },
    "XPT": {
      "name": "Platina",
      "usd_oz": 1949,
      "usd_g": 62.66180506225594,
      "brl_oz": 10182.1607,
      "brl_g": 327.36406818674374,
      "chg_1h": 1.8818609513852589,
      "chg_24h": -5.250364608653379
    },
    "XPD": {
      "name": "Paládio",
      "usd_oz": 1467,
      "usd_g": 47.16514521617725,
      "brl_oz": 7664.048100000001,
      "brl_g": 246.40486815287483,
      "chg_1h": 1.3121546961325967,
      "chg_24h": -5.840821566110398
    },
    "XCU": {
      "name": "Cobre",
      "usd_oz": 5.474557,
      "usd_g": 0.17601109468250828,
      "brl_oz": 28.600728135100002,
      "brl_g": 0.9195347619498281,
      "chg_1h": 0.8368570761797108,
      "chg_24h": -2.525184812070259
    }
  }
}
