{
  "timestamp": 1773230597,
  "usdToBrl": 5.1779,
  "metals": {
    "XAU": {
      "name": "Ouro",
      "usd_oz": 5183,
      "usd_g": 166.63731946519883,
      "brl_oz": 26837.0557,
      "brl_g": 862.831376458853,
      "chg_1h": -0.09444866116462922,
      "chg_24h": 0.13911270279512578
    },
    "XAG": {
      "name": "Prata",
      "usd_oz": 86.343002,
      "usd_g": 2.775991975276539,
      "brl_oz": 447.0754300558,
      "brl_g": 14.37380884878439,
      "chg_1h": -0.3876359857908388,
      "chg_24h": -2.439489530626308
    },
    "XPT": {
      "name": "Platina",
      "usd_oz": 2169,
      "usd_g": 69.73496930735409,
      "brl_oz": 11230.8651,
      "brl_g": 361.08069757654874,
      "chg_1h": -0.823045267489712,
      "chg_24h": -1.810774105930285
    },
    "XPD": {
      "name": "Paládio",
      "usd_oz": 1657,
      "usd_g": 53.27378706421656,
      "brl_oz": 8579.7803,
      "brl_g": 275.8463420398069,
      "chg_1h": -0.060313630880579006,
      "chg_24h": -3.381924198250729
    },
    "XCU": {
      "name": "Cobre",
      "usd_oz": 5.791921,
      "usd_g": 0.18621458421651435,
      "brl_oz": 29.989987745900002,
      "brl_g": 0.9642004956146897,
      "chg_1h": -0.24479283461249446,
      "chg_24h": -0.69088673857187
    }
  }
}
