{
  "timestamp": 1776851518,
  "usdToBrl": 4.9639,
  "metals": {
    "XAU": {
      "name": "Ouro",
      "usd_oz": 4758.5,
      "usd_g": 152.98932754681624,
      "brl_oz": 23620.71815,
      "brl_g": 759.4237230096411,
      "chg_1h": -0.06720698214811377,
      "chg_24h": -0.5475827937428449
    },
    "XAG": {
      "name": "Prata",
      "usd_oz": 78.127998,
      "usd_g": 2.511873463612274,
      "brl_oz": 387.8195692722,
      "brl_g": 12.468688686024965,
      "chg_1h": -0.22858876254471136,
      "chg_24h": -1.2288243041422002
    },
    "XPT": {
      "name": "Platina",
      "usd_oz": 2081,
      "usd_g": 66.90570360931483,
      "brl_oz": 10329.8759,
      "brl_g": 332.11322214627785,
      "chg_1h": -0.23969319271332695,
      "chg_24h": -0.04803073967339097
    },
    "XPD": {
      "name": "Paládio",
      "usd_oz": 1597,
      "usd_g": 51.344742270098884,
      "brl_oz": 7927.3483,
      "brl_g": 254.87016615454382,
      "chg_1h": -0.0625782227784731,
      "chg_24h": 1.0120177103099304
    },
    "XCU": {
      "name": "Cobre",
      "usd_oz": 6.00322,
      "usd_g": 0.19300800481571886,
      "brl_oz": 29.799383757999998,
      "brl_g": 0.9580724351047468,
      "chg_1h": 0.08445931865036056,
      "chg_24h": 0.5839283730613798
    }
  }
}
