{
  "timestamp": 1773122818,
  "usdToBrl": 5.2302,
  "metals": {
    "XAU": {
      "name": "Ouro",
      "usd_oz": 5177,
      "usd_g": 166.44441498578706,
      "brl_oz": 27076.7454,
      "brl_g": 870.5375792586635,
      "chg_1h": 0.11796975605040225,
      "chg_24h": 0.9397948220363488
    },
    "XAG": {
      "name": "Prata",
      "usd_oz": 89.140999,
      "usd_g": 2.8659496677233203,
      "brl_oz": 466.22525296979995,
      "brl_g": 14.98948995212651,
      "chg_1h": 0.535717185843499,
      "chg_24h": 5.2954264911323135
    },
    "XPT": {
      "name": "Platina",
      "usd_oz": 2206,
      "usd_g": 70.92454693039333,
      "brl_oz": 11537.8212,
      "brl_g": 370.9495653553432,
      "chg_1h": 0.40964952207555755,
      "chg_24h": 2.509293680297398
    },
    "XPD": {
      "name": "Paládio",
      "usd_oz": 1705,
      "usd_g": 54.81702289951071,
      "brl_oz": 8917.491,
      "brl_g": 286.7039931690209,
      "chg_1h": 0,
      "chg_24h": 3.836784409257003
    },
    "XCU": {
      "name": "Cobre",
      "usd_oz": 5.839019,
      "usd_g": 0.1877288200784036,
      "brl_oz": 30.5392371738,
      "brl_g": 0.9818592747740665,
      "chg_1h": 0.014250999496947121,
      "chg_24h": 0.656827187839445
    }
  }
}
