{
  "timestamp": 1776425868,
  "usdToBrl": 4.9882,
  "metals": {
    "XAU": {
      "name": "Ouro",
      "usd_oz": 4794.399902,
      "usd_g": 154.14353619785683,
      "brl_oz": 23915.4255911564,
      "brl_g": 768.8987872621494,
      "chg_1h": 0.17760505179909633,
      "chg_24h": -0.5455699781388341
    },
    "XAG": {
      "name": "Prata",
      "usd_oz": 79.499001,
      "usd_g": 2.555952233610103,
      "brl_oz": 396.55691678820006,
      "brl_g": 12.749600931693914,
      "chg_1h": 0.13603809167335615,
      "chg_24h": -0.21588407867062293
    },
    "XPT": {
      "name": "Platina",
      "usd_oz": 2079,
      "usd_g": 66.84140211617758,
      "brl_oz": 10370.4678,
      "brl_g": 333.418282035917,
      "chg_1h": -0.33557046979865773,
      "chg_24h": -3.66079703429101
    },
    "XPD": {
      "name": "Paládio",
      "usd_oz": 1566,
      "usd_g": 50.348069126471415,
      "brl_oz": 7811.5212,
      "brl_g": 251.14623841666472,
      "chg_1h": -0.5082592121982211,
      "chg_24h": -2.793296089385475
    },
    "XCU": {
      "name": "Cobre",
      "usd_oz": 5.958465,
      "usd_g": 0.19156909815303994,
      "brl_oz": 29.722015113,
      "brl_g": 0.9555849754069938,
      "chg_1h": -0.15202251783272977,
      "chg_24h": 0.21359740924844153
    }
  }
}
