{
  "timestamp": 1772522845,
  "usdToBrl": 5.2067,
  "metals": {
    "XAU": {
      "name": "Ouro",
      "usd_oz": 5316.299805,
      "usd_g": 170.92300771340135,
      "brl_oz": 27680.378194693498,
      "brl_g": 889.9448242613668,
      "chg_1h": 0.013163273893817322,
      "chg_24h": -1.7356176595236084
    },
    "XAG": {
      "name": "Prata",
      "usd_oz": 86.304001,
      "usd_g": 2.774738064009616,
      "brl_oz": 449.35904200669995,
      "brl_g": 14.447228677878867,
      "chg_1h": -0.3843623349797143,
      "chg_24h": -10.095319232397959
    },
    "XPT": {
      "name": "Platina",
      "usd_oz": 2211,
      "usd_g": 71.08530066323647,
      "brl_oz": 11512.0137,
      "brl_g": 370.11983496327326,
      "chg_1h": -0.6738544474393532,
      "chg_24h": -8.636363636363637
    },
    "XPD": {
      "name": "Paládio",
      "usd_oz": 1751,
      "usd_g": 56.295957241667594,
      "brl_oz": 9116.9317,
      "brl_g": 293.11616057019063,
      "chg_1h": -1.4076576576576576,
      "chg_24h": -5.961331901181525
    },
    "XCU": {
      "name": "Cobre",
      "usd_oz": 5.990746,
      "usd_g": 0.1926069564030218,
      "brl_oz": 31.192017198199995,
      "brl_g": 1.0028466399036136,
      "chg_1h": -0.05927298588208796,
      "chg_24h": -2.2173813974350596
    }
  }
}
