{
  "timestamp": 1784626611,
  "usdToBrl": 5.1043,
  "metals": {
    "XAU": {
      "name": "Ouro",
      "usd_oz": 4064.199951,
      "usd_g": 130.66706262883127,
      "brl_oz": 20744.8958098893,
      "brl_g": 666.9638877763435,
      "chg_1h": 0,
      "chg_24h": 0.978928183271847
    },
    "XAG": {
      "name": "Prata",
      "usd_oz": 59.264,
      "usd_g": 1.9053818446431687,
      "brl_oz": 302.50123520000005,
      "brl_g": 9.725640549612127,
      "chg_1h": 0,
      "chg_24h": 3.8134740373999754
    },
    "XPT": {
      "name": "Platina",
      "usd_oz": 1636,
      "usd_g": 52.598621386275376,
      "brl_oz": 8350.6348,
      "brl_g": 268.47914314196544,
      "chg_1h": 0,
      "chg_24h": 1.86799501867995
    },
    "XPD": {
      "name": "Paládio",
      "usd_oz": 1305,
      "usd_g": 41.95672427205952,
      "brl_oz": 6661.1115,
      "brl_g": 214.1597077018734,
      "chg_1h": 0,
      "chg_24h": 1.3198757763975155
    },
    "XCU": {
      "name": "Cobre",
      "usd_oz": 6.218676,
      "usd_g": 0.19993507606840918,
      "brl_oz": 31.741987906800002,
      "brl_g": 1.020528608775981,
      "chg_1h": 0,
      "chg_24h": 2.160984134734022
    }
  }
}
