{
  "timestamp": 1773349209,
  "usdToBrl": 5.1621,
  "metals": {
    "XAU": {
      "name": "Ouro",
      "usd_oz": 5080.100098,
      "usd_g": 163.32901079406017,
      "brl_oz": 26223.9847158858,
      "brl_g": 843.120686620018,
      "chg_1h": -0.3237452357008529,
      "chg_24h": -1.903954530814473
    },
    "XAG": {
      "name": "Prata",
      "usd_oz": 83.990997,
      "usd_g": 2.700373258593393,
      "brl_oz": 433.5699256136999,
      "brl_g": 13.939596798184953,
      "chg_1h": -0.9890427681470528,
      "chg_24h": -2.2439763293797292
    },
    "XPT": {
      "name": "Platina",
      "usd_oz": 2138,
      "usd_g": 68.73829616372663,
      "brl_oz": 11036.5698,
      "brl_g": 354.8339586267732,
      "chg_1h": -0.41918956683744757,
      "chg_24h": -1.7463235294117647
    },
    "XPD": {
      "name": "Paládio",
      "usd_oz": 1646,
      "usd_g": 52.92012885196166,
      "brl_oz": 8496.8166,
      "brl_g": 273.17899714671125,
      "chg_1h": -0.24242424242424243,
      "chg_24h": -0.7237635705669482
    },
    "XCU": {
      "name": "Cobre",
      "usd_oz": 5.840421,
      "usd_g": 0.18777389542509282,
      "brl_oz": 30.148837244099997,
      "brl_g": 0.9693076255738716,
      "chg_1h": 0,
      "chg_24h": 0.587135074995739
    }
  }
}
