{
  "timestamp": 1775597052,
  "usdToBrl": 5.1489,
  "metals": {
    "XAU": {
      "name": "Ouro",
      "usd_oz": 4707.200195,
      "usd_g": 151.34000051724124,
      "brl_oz": 24236.903084035504,
      "brl_g": 779.2345286632234,
      "chg_1h": 0.012750116591708362,
      "chg_24h": 1.2409978492311076
    },
    "XAG": {
      "name": "Prata",
      "usd_oz": 73.116997,
      "usd_g": 2.3507660404061324,
      "brl_oz": 376.4721058533,
      "brl_g": 12.103859265447136,
      "chg_1h": 0.12460767227278964,
      "chg_24h": 0.2990370156233441
    },
    "XPT": {
      "name": "Platina",
      "usd_oz": 1971,
      "usd_g": 63.36912148676575,
      "brl_oz": 10148.4819,
      "brl_g": 326.2812696232082,
      "chg_1h": 0.10157440325038089,
      "chg_24h": -0.9547738693467337
    },
    "XPD": {
      "name": "Paládio",
      "usd_oz": 1496,
      "usd_g": 48.09751686666746,
      "brl_oz": 7702.754400000001,
      "brl_g": 247.6493045947841,
      "chg_1h": 0.13386880856760375,
      "chg_24h": -0.5980066445182725
    },
    "XCU": {
      "name": "Cobre",
      "usd_oz": 5.53201,
      "usd_g": 0.17785825152511567,
      "brl_oz": 28.483766289,
      "brl_g": 0.9157743512776682,
      "chg_1h": 0,
      "chg_24h": 0.1501888041270717
    }
  }
}
