{
  "timestamp": 1774521542,
  "usdToBrl": 5.233,
  "metals": {
    "XAU": {
      "name": "Ouro",
      "usd_oz": 4436.899902,
      "usd_g": 142.64964429957234,
      "brl_oz": 23218.297187165997,
      "brl_g": 746.485588619662,
      "chg_1h": 0.26438819679207215,
      "chg_24h": -2.594897882746808
    },
    "XAG": {
      "name": "Prata",
      "usd_oz": 68.370003,
      "usd_g": 2.1981466393493347,
      "brl_oz": 357.78022569899997,
      "brl_g": 11.502901363715068,
      "chg_1h": 0.43039497493741335,
      "chg_24h": -6.041277602744102
    },
    "XPT": {
      "name": "Platina",
      "usd_oz": 1893,
      "usd_g": 60.861363254412765,
      "brl_oz": 9906.069,
      "brl_g": 318.487513910342,
      "chg_1h": -0.05279831045406547,
      "chg_24h": -4.24886191198786
    },
    "XPD": {
      "name": "Paládio",
      "usd_oz": 1404,
      "usd_g": 45.13964818235369,
      "brl_oz": 7347.132,
      "brl_g": 236.21577893825685,
      "chg_1h": -0.7773851590106008,
      "chg_24h": -5.518169582772544
    },
    "XCU": {
      "name": "Cobre",
      "usd_oz": 5.48378,
      "usd_g": 0.17630762101811076,
      "brl_oz": 28.69662074,
      "brl_g": 0.9226177807877736,
      "chg_1h": 0.2598377056469644,
      "chg_24h": 0.9842492134919261
    }
  }
}
