{
  "timestamp": 1776332883,
  "usdToBrl": 4.9981,
  "metals": {
    "XAU": {
      "name": "Ouro",
      "usd_oz": 4813.899902,
      "usd_g": 154.77047575594509,
      "brl_oz": 24060.3531001862,
      "brl_g": 773.5583148757892,
      "chg_1h": 0.03532078739712037,
      "chg_24h": 0.24781137026239297
    },
    "XAG": {
      "name": "Prata",
      "usd_oz": 79.723999,
      "usd_g": 2.563186087286551,
      "brl_oz": 398.46851940190004,
      "brl_g": 12.81106038286691,
      "chg_1h": -0.33753030211527246,
      "chg_24h": 1.0123483935756106
    },
    "XPT": {
      "name": "Platina",
      "usd_oz": 2140,
      "usd_g": 68.80259765686388,
      "brl_oz": 10695.934,
      "brl_g": 343.88226334877135,
      "chg_1h": -0.046707146193367584,
      "chg_24h": 1.1820330969267139
    },
    "XPD": {
      "name": "Paládio",
      "usd_oz": 1599,
      "usd_g": 51.40904376323614,
      "brl_oz": 7991.9619,
      "brl_g": 256.94754163303054,
      "chg_1h": -0.49782202862476665,
      "chg_24h": -0.929368029739777
    },
    "XCU": {
      "name": "Cobre",
      "usd_oz": 5.943572,
      "usd_g": 0.19109027708439333,
      "brl_oz": 29.7065672132,
      "brl_g": 0.9550883138955063,
      "chg_1h": -0.23601655221126855,
      "chg_24h": 0.3958692840840032
    }
  }
}
