{
  "timestamp": 1783672363,
  "usdToBrl": 5.1453,
  "metals": {
    "XAU": {
      "name": "Ouro",
      "usd_oz": 4106,
      "usd_g": 132.0109654107865,
      "brl_oz": 21126.6018,
      "brl_g": 679.2360203281197,
      "chg_1h": 0,
      "chg_24h": -0.11434049619374756
    },
    "XAG": {
      "name": "Prata",
      "usd_oz": 59.778,
      "usd_g": 1.9219073283794434,
      "brl_oz": 307.57574339999996,
      "brl_g": 9.88878977671075,
      "chg_1h": 0,
      "chg_24h": 0.7330283391980237
    },
    "XPT": {
      "name": "Platina",
      "usd_oz": 1626,
      "usd_g": 52.277113920589095,
      "brl_oz": 8366.2578,
      "brl_g": 268.98143425560704,
      "chg_1h": 0,
      "chg_24h": 0
    },
    "XPD": {
      "name": "Paládio",
      "usd_oz": 1291,
      "usd_g": 41.50661382009872,
      "brl_oz": 6642.5823,
      "brl_g": 213.56398008855393,
      "chg_1h": 0,
      "chg_24h": 1.8942383583267564
    },
    "XCU": {
      "name": "Cobre",
      "usd_oz": 6.047596,
      "usd_g": 0.1944347263454483,
      "brl_oz": 31.1166956988,
      "brl_g": 1.000424997465235,
      "chg_1h": 0,
      "chg_24h": 0.6834210542964334
    }
  }
}
