{
  "timestamp": 1770786944,
  "usdToBrl": 5.2067,
  "metals": {
    "XAU": {
      "name": "Ouro",
      "usd_oz": 5049.299805,
      "usd_g": 162.33875837957768,
      "brl_oz": 26290.189294693497,
      "brl_g": 845.2492132549471,
      "chg_1h": -0.15424438608769334,
      "chg_24h": 0.3437958068362411
    },
    "XAG": {
      "name": "Prata",
      "usd_oz": 82.600998,
      "usd_g": 2.6556837530137467,
      "brl_oz": 430.0786162866,
      "brl_g": 13.827348596816675,
      "chg_1h": -0.08588034954568774,
      "chg_24h": 1.4430218317359995
    },
    "XPT": {
      "name": "Platina",
      "usd_oz": 2136,
      "usd_g": 68.67399467058937,
      "brl_oz": 11121.511199999999,
      "brl_g": 357.5648880513576,
      "chg_1h": -0.3266448903406439,
      "chg_24h": 1.9083969465648856
    },
    "XPD": {
      "name": "Paládio",
      "usd_oz": 1759,
      "usd_g": 56.55316321421662,
      "brl_oz": 9158.585299999999,
      "brl_g": 294.45535490746164,
      "chg_1h": 0,
      "chg_24h": 0.6868918145392101
    },
    "XCU": {
      "name": "Cobre",
      "usd_oz": 5.905773,
      "usd_g": 0.18987501101484577,
      "brl_oz": 30.7495882791,
      "brl_g": 0.9886222198509974,
      "chg_1h": 0.381638258670268,
      "chg_24h": 0.558661786222722
    }
  }
}
