{
  "timestamp": 1773874794,
  "usdToBrl": 5.2243,
  "metals": {
    "XAU": {
      "name": "Ouro",
      "usd_oz": 4831.299805,
      "usd_g": 155.32989562761676,
      "brl_oz": 25240.1595712615,
      "brl_g": 811.4899737273583,
      "chg_1h": 0.24067077890099556,
      "chg_24h": -3.374003900000007
    },
    "XAG": {
      "name": "Prata",
      "usd_oz": 75.75,
      "usd_g": 2.4354190525735695,
      "brl_oz": 395.74072500000005,
      "brl_g": 12.7233597563601,
      "chg_1h": 0.38962971281767167,
      "chg_24h": -4.232723962679207
    },
    "XPT": {
      "name": "Platina",
      "usd_oz": 2035,
      "usd_g": 65.42676926715794,
      "brl_oz": 10631.4505,
      "brl_g": 341.8090706824132,
      "chg_1h": 0.0983767830791933,
      "chg_24h": -4.415218412400188
    },
    "XPD": {
      "name": "Paládio",
      "usd_oz": 1518,
      "usd_g": 48.804833291177275,
      "brl_oz": 7930.487400000001,
      "brl_g": 254.97109056309745,
      "chg_1h": 1.0652463382157125,
      "chg_24h": -6.006191950464396
    },
    "XCU": {
      "name": "Cobre",
      "usd_oz": 5.634398,
      "usd_g": 0.18115010216478436,
      "brl_oz": 29.435785471400003,
      "brl_g": 0.946382478739483,
      "chg_1h": 0,
      "chg_24h": -2.2330212148380824
    }
  }
}
