{
  "timestamp": 1782523971,
  "usdToBrl": 5.1759,
  "metals": {
    "XAU": {
      "name": "Ouro",
      "usd_oz": 4090.600098,
      "usd_g": 131.51584706440278,
      "brl_oz": 21172.537047238202,
      "brl_g": 680.7128728206424,
      "chg_1h": 0,
      "chg_24h": 1.9108646920114394
    },
    "XAG": {
      "name": "Prata",
      "usd_oz": 59.298,
      "usd_g": 1.906474970026502,
      "brl_oz": 306.92051820000006,
      "brl_g": 9.867723797360172,
      "chg_1h": 0,
      "chg_24h": 2.728548412244691
    },
    "XPT": {
      "name": "Platina",
      "usd_oz": 1625,
      "usd_g": 52.24496317402047,
      "brl_oz": 8410.837500000001,
      "brl_g": 270.41470489241254,
      "chg_1h": 0,
      "chg_24h": 1.499063085571518
    },
    "XPD": {
      "name": "Paládio",
      "usd_oz": 1228,
      "usd_g": 39.48111678627516,
      "brl_oz": 6356.0052000000005,
      "brl_g": 204.3503123740816,
      "chg_1h": 0,
      "chg_24h": 1.9087136929460582
    },
    "XCU": {
      "name": "Cobre",
      "usd_oz": 6.036817,
      "usd_g": 0.19408817344818508,
      "brl_oz": 31.2459611103,
      "brl_g": 1.0045809769504612,
      "chg_1h": 0,
      "chg_24h": 0.4180358055959678
    }
  }
}
