{
  "timestamp": 1771620920,
  "usdToBrl": 5.2144,
  "metals": {
    "XAU": {
      "name": "Ouro",
      "usd_oz": 5088.200195,
      "usd_g": 163.58943495988848,
      "brl_oz": 26531.911096808002,
      "brl_g": 853.0207496548426,
      "chg_1h": 0.23639729598962356,
      "chg_24h": 1.7497549660643072
    },
    "XAG": {
      "name": "Prata",
      "usd_oz": 84.287003,
      "usd_g": 2.709890072482186,
      "brl_oz": 439.5061484432,
      "brl_g": 14.130450793951113,
      "chg_1h": 1.080518286510479,
      "chg_24h": 7.422614764511222
    },
    "XPT": {
      "name": "Platina",
      "usd_oz": 2169,
      "usd_g": 69.73496930735409,
      "brl_oz": 11310.0336,
      "brl_g": 363.6260239562672,
      "chg_1h": -0.04608294930875576,
      "chg_24h": 4.379210779595765
    },
    "XPD": {
      "name": "Paládio",
      "usd_oz": 1783,
      "usd_g": 57.32478113186369,
      "brl_oz": 9297.2752,
      "brl_g": 298.91433873399,
      "chg_1h": -0.05605381165919283,
      "chg_24h": 4.574780058651026
    },
    "XCU": {
      "name": "Cobre",
      "usd_oz": 5.769319,
      "usd_g": 0.18548791304257023,
      "brl_oz": 30.083536993600003,
      "brl_g": 0.9672081737691782,
      "chg_1h": 0,
      "chg_24h": 0.9057579389149029
    }
  }
}
