{
  "timestamp": 1772548114,
  "usdToBrl": 5.2067,
  "metals": {
    "XAU": {
      "name": "Ouro",
      "usd_oz": 5132.899902,
      "usd_g": 165.0265639113374,
      "brl_oz": 26725.4699197434,
      "brl_g": 859.2438103171604,
      "chg_1h": -0.6849429084154985,
      "chg_24h": -4.660275494772034
    },
    "XAG": {
      "name": "Prata",
      "usd_oz": 81.717003,
      "usd_g": 2.6272626538008126,
      "brl_oz": 425.4759195201,
      "brl_g": 13.67936845954469,
      "chg_1h": -1.3008140843637641,
      "chg_24h": -12.493574515112616
    },
    "XPT": {
      "name": "Platina",
      "usd_oz": 2106,
      "usd_g": 67.70947227353052,
      "brl_oz": 10965.3102,
      "brl_g": 352.54290928659134,
      "chg_1h": 0.4770992366412214,
      "chg_24h": -9.691252144082332
    },
    "XPD": {
      "name": "Paládio",
      "usd_oz": 1690,
      "usd_g": 54.33476170098129,
      "brl_oz": 8799.323,
      "brl_g": 282.90480374849926,
      "chg_1h": -0.23612750885478156,
      "chg_24h": -6.163242642976124
    },
    "XCU": {
      "name": "Cobre",
      "usd_oz": 5.857238,
      "usd_g": 0.18831457453013742,
      "brl_oz": 30.496881094599996,
      "brl_g": 0.9804974952060664,
      "chg_1h": -0.21380669966274868,
      "chg_24h": -3.162187404056846
    }
  }
}
