{
  "timestamp": 1776883637,
  "usdToBrl": 4.9717,
  "metals": {
    "XAU": {
      "name": "Ouro",
      "usd_oz": 4742.399902,
      "usd_g": 152.47169737628818,
      "brl_oz": 23577.789592773403,
      "brl_g": 758.043537845692,
      "chg_1h": 0.11610969439480462,
      "chg_24h": 0.7906083792041447
    },
    "XAG": {
      "name": "Prata",
      "usd_oz": 78.011002,
      "usd_g": 2.5081119548667306,
      "brl_oz": 387.84729864340005,
      "brl_g": 12.469580206010924,
      "chg_1h": 0.09495618743120578,
      "chg_24h": 1.676121255812878
    },
    "XPT": {
      "name": "Platina",
      "usd_oz": 2088,
      "usd_g": 67.13075883529523,
      "brl_oz": 10380.9096,
      "brl_g": 333.7539937014373,
      "chg_1h": -0.04786979415988511,
      "chg_24h": 2.6044226044226044
    },
    "XPD": {
      "name": "Paládio",
      "usd_oz": 1578,
      "usd_g": 50.733878085294954,
      "brl_oz": 7845.3426,
      "brl_g": 252.23362167666093,
      "chg_1h": -0.18975332068311196,
      "chg_24h": 1.0243277848911652
    },
    "XCU": {
      "name": "Cobre",
      "usd_oz": 6.049032,
      "usd_g": 0.19448089481752087,
      "brl_oz": 30.073972394400002,
      "brl_g": 0.9669006647642686,
      "chg_1h": 0,
      "chg_24h": 1.2061182447281171
    }
  }
}
