{
  "timestamp": 1773866460,
  "usdToBrl": 5.2243,
  "metals": {
    "XAU": {
      "name": "Ouro",
      "usd_oz": 4817.200195,
      "usd_g": 154.8765826397903,
      "brl_oz": 25166.498978738502,
      "brl_g": 809.1217306850566,
      "chg_1h": -0.5162942256252583,
      "chg_24h": -3.7541687343092884
    },
    "XAG": {
      "name": "Prata",
      "usd_oz": 75.531998,
      "usd_g": 2.4284101255201156,
      "brl_oz": 394.60181715140004,
      "brl_g": 12.686743018754742,
      "chg_1h": -0.6785175420201978,
      "chg_24h": -4.7167385441466125
    },
    "XPT": {
      "name": "Platina",
      "usd_oz": 2027,
      "usd_g": 65.16956329460892,
      "brl_oz": 10589.6561,
      "brl_g": 340.4653495200254,
      "chg_1h": -0.6859382655560999,
      "chg_24h": -4.924953095684803
    },
    "XPD": {
      "name": "Paládio",
      "usd_oz": 1502,
      "usd_g": 48.29042134607923,
      "brl_oz": 7846.8986,
      "brl_g": 252.28364823832172,
      "chg_1h": -0.8580858085808581,
      "chg_24h": -7.85276073619632
    },
    "XCU": {
      "name": "Cobre",
      "usd_oz": 5.634398,
      "usd_g": 0.18115010216478436,
      "brl_oz": 29.435785471400003,
      "brl_g": 0.946382478739483,
      "chg_1h": 0,
      "chg_24h": -2.2330212148380824
    }
  }
}
