{
  "timestamp": 1772407044,
  "usdToBrl": 5.1556,
  "metals": {
    "XAU": {
      "name": "Ouro",
      "usd_oz": 5349,
      "usd_g": 171.97434339559106,
      "brl_oz": 27577.304399999997,
      "brl_g": 886.6309248103092,
      "chg_1h": 1.3029772065299439,
      "chg_24h": 1.3029772065299439
    },
    "XAG": {
      "name": "Prata",
      "usd_oz": 95.237,
      "usd_g": 3.061940650956423,
      "brl_oz": 491.0038771999999,
      "brl_g": 15.786141220070933,
      "chg_1h": 1.4087345719622741,
      "chg_24h": 1.4087345719622741
    },
    "XPT": {
      "name": "Platina",
      "usd_oz": 2384,
      "usd_g": 76.64737981960911,
      "brl_oz": 12290.9504,
      "brl_g": 395.16323139797674,
      "chg_1h": 0.5482918599746942,
      "chg_24h": 0.5482918599746942
    },
    "XPD": {
      "name": "Paládio",
      "usd_oz": 1806,
      "usd_g": 58.06424830294213,
      "brl_oz": 9311.0136,
      "brl_g": 299.35603855064846,
      "chg_1h": -0.27609055770292656,
      "chg_24h": -0.27609055770292656
    },
    "XCU": {
      "name": "Cobre",
      "usd_oz": 6.08774,
      "usd_g": 0.19572538591569932,
      "brl_oz": 31.385952344,
      "brl_g": 1.0090817996269794,
      "chg_1h": 0,
      "chg_24h": 0
    }
  }
}
