{
  "timestamp": 1782773651,
  "usdToBrl": 5.1639,
  "metals": {
    "XAU": {
      "name": "Ouro",
      "usd_oz": 4015.800049,
      "usd_g": 129.11096964568281,
      "brl_oz": 20737.1898730311,
      "brl_g": 666.7161361533415,
      "chg_1h": -0.044804085924231886,
      "chg_24h": -1.2273385296848265
    },
    "XAG": {
      "name": "Prata",
      "usd_oz": 58.373001,
      "usd_g": 1.8767355616012678,
      "brl_oz": 301.4323398639,
      "brl_g": 9.691274766552786,
      "chg_1h": -0.09070961713465134,
      "chg_24h": -0.7481322156666047
    },
    "XPT": {
      "name": "Platina",
      "usd_oz": 1588,
      "usd_g": 51.055385550981235,
      "brl_oz": 8200.2732,
      "brl_g": 263.644905446712,
      "chg_1h": 0,
      "chg_24h": -2.2769230769230773
    },
    "XPD": {
      "name": "Paládio",
      "usd_oz": 1247,
      "usd_g": 40.091980971079096,
      "brl_oz": 6439.3832999999995,
      "brl_g": 207.03098053655535,
      "chg_1h": 0.32180209171359614,
      "chg_24h": 1.7959183673469388
    },
    "XCU": {
      "name": "Cobre",
      "usd_oz": 6.028401,
      "usd_g": 0.19381759276506347,
      "brl_oz": 31.1300599239,
      "brl_g": 1.0008546672795113,
      "chg_1h": 0,
      "chg_24h": -0.13941121620881372
    }
  }
}
