{
  "timestamp": 1783535961,
  "usdToBrl": 5.1563,
  "metals": {
    "XAU": {
      "name": "Ouro",
      "usd_oz": 4075.600098,
      "usd_g": 131.03358586587336,
      "brl_oz": 21015.0167853174,
      "brl_g": 675.6484788002028,
      "chg_1h": 0.3545786263602719,
      "chg_24h": -1.598331887506566
    },
    "XAG": {
      "name": "Prata",
      "usd_oz": 58.514999,
      "usd_g": 1.8813009033125199,
      "brl_oz": 301.72088934370004,
      "brl_g": 9.700551847750345,
      "chg_1h": 1.0011184775849118,
      "chg_24h": -4.19784220759741
    },
    "XPT": {
      "name": "Platina",
      "usd_oz": 1589,
      "usd_g": 51.08753629754986,
      "brl_oz": 8193.3607,
      "brl_g": 263.42266341105636,
      "chg_1h": 0.3790271636133923,
      "chg_24h": -4.27710843373494
    },
    "XPD": {
      "name": "Paládio",
      "usd_oz": 1242,
      "usd_g": 39.931227238235955,
      "brl_oz": 6404.1246,
      "brl_g": 205.89738700851606,
      "chg_1h": -0.08045052292839903,
      "chg_24h": -4.681504221028396
    },
    "XCU": {
      "name": "Cobre",
      "usd_oz": 5.963982,
      "usd_g": 0.19174647382185903,
      "brl_oz": 30.752080386599996,
      "brl_g": 0.9887023429676517,
      "chg_1h": 0.01011171686387716,
      "chg_24h": -1.2099989564405014
    }
  }
}
