{
  "timestamp": 1774454073,
  "usdToBrl": 5.233,
  "metals": {
    "XAU": {
      "name": "Ouro",
      "usd_oz": 4562.700195,
      "usd_g": 146.6942176380745,
      "brl_oz": 23876.610120435,
      "brl_g": 767.6508409000437,
      "chg_1h": -0.23832216998521547,
      "chg_24h": 3.0885719611387334
    },
    "XAG": {
      "name": "Prata",
      "usd_oz": 72.748001,
      "usd_g": 2.338902543525295,
      "brl_oz": 380.690289233,
      "brl_g": 12.239477010267867,
      "chg_1h": -0.5726611723864576,
      "chg_24h": 3.4542598728650855
    },
    "XPT": {
      "name": "Platina",
      "usd_oz": 1965,
      "usd_g": 63.17621700735398,
      "brl_oz": 10282.845,
      "brl_g": 330.60114359948335,
      "chg_1h": -0.6069802731411229,
      "chg_24h": 2.1840873634945397
    },
    "XPD": {
      "name": "Paládio",
      "usd_oz": 1451,
      "usd_g": 46.650733271079204,
      "brl_oz": 7593.083,
      "brl_g": 244.12328720755747,
      "chg_1h": -1.1580381471389645,
      "chg_24h": 0.27643400138217
    },
    "XCU": {
      "name": "Cobre",
      "usd_oz": 5.479245,
      "usd_g": 0.176161817382422,
      "brl_oz": 28.672889084999998,
      "brl_g": 0.9218547903622143,
      "chg_1h": -0.23811418228680553,
      "chg_24h": -0.05927957982634584
    }
  }
}
