{
  "timestamp": 1783464375,
  "usdToBrl": 5.1413,
  "metals": {
    "XAU": {
      "name": "Ouro",
      "usd_oz": 4100.799805,
      "usd_g": 131.84377525923404,
      "brl_oz": 21083.4420374465,
      "brl_g": 677.8484017403,
      "chg_1h": -0.1460991595620279,
      "chg_24h": -1.541421248499408
    },
    "XAG": {
      "name": "Prata",
      "usd_oz": 59.793999,
      "usd_g": 1.9224217081737949,
      "brl_oz": 307.4188870587,
      "brl_g": 9.883746728233932,
      "chg_1h": -0.4959062852943232,
      "chg_24h": -3.846528095607881
    },
    "XPT": {
      "name": "Platina",
      "usd_oz": 1641,
      "usd_g": 52.759375119118516,
      "brl_oz": 8436.873300000001,
      "brl_g": 271.251775299924,
      "chg_1h": -0.3037667071688943,
      "chg_24h": 0
    },
    "XPD": {
      "name": "Paládio",
      "usd_oz": 1285,
      "usd_g": 41.313709340686955,
      "brl_oz": 6606.5705,
      "brl_g": 212.40617383327384,
      "chg_1h": -0.1554001554001554,
      "chg_24h": -0.7722007722007722
    },
    "XCU": {
      "name": "Cobre",
      "usd_oz": 6.03703,
      "usd_g": 0.19409502155720418,
      "brl_oz": 31.038182339,
      "brl_g": 0.9979007343320538,
      "chg_1h": 0,
      "chg_24h": -0.08366317256378346
    }
  }
}
