{
  "timestamp": 1779439996,
  "usdToBrl": 5.012,
  "metals": {
    "XAU": {
      "name": "Ouro",
      "usd_oz": 4524.200195,
      "usd_g": 145.4564138951823,
      "brl_oz": 22675.29137734,
      "brl_g": 729.0275464426536,
      "chg_1h": 0,
      "chg_24h": -0.16769518352541837
    },
    "XAG": {
      "name": "Prata",
      "usd_oz": 76.079002,
      "usd_g": 2.4459967124961413,
      "brl_oz": 381.30795802399996,
      "brl_g": 12.259335523030659,
      "chg_1h": 0,
      "chg_24h": 0.7949310825491208
    },
    "XPT": {
      "name": "Platina",
      "usd_oz": 1947,
      "usd_g": 62.59750356911868,
      "brl_oz": 9758.364,
      "brl_g": 313.7386878884228,
      "chg_1h": 0,
      "chg_24h": 0.10282776349614395
    },
    "XPD": {
      "name": "Paládio",
      "usd_oz": 1386,
      "usd_g": 44.560934744118384,
      "brl_oz": 6946.632,
      "brl_g": 223.33940493752132,
      "chg_1h": 0,
      "chg_24h": -0.1440922190201729
    },
    "XCU": {
      "name": "Cobre",
      "usd_oz": 6.101346,
      "usd_g": 0.19616282897351206,
      "brl_oz": 30.579946151999998,
      "brl_g": 0.9831680988152424,
      "chg_1h": 0,
      "chg_24h": 0.1302554940920605
    }
  }
}
