{
  "timestamp": 1782777664,
  "usdToBrl": 5.1639,
  "metals": {
    "XAU": {
      "name": "Ouro",
      "usd_oz": 4016.300049,
      "usd_g": 129.12704501896715,
      "brl_oz": 20739.7718230311,
      "brl_g": 666.7991477734445,
      "chg_1h": 0.012450819111985124,
      "chg_24h": -1.251472821922251
    },
    "XAG": {
      "name": "Prata",
      "usd_oz": 58.57,
      "usd_g": 1.8830692265245408,
      "brl_oz": 302.449623,
      "brl_g": 9.723981178850076,
      "chg_1h": 0.3374830771506816,
      "chg_24h": -0.6176366992784068
    },
    "XPT": {
      "name": "Platina",
      "usd_oz": 1595,
      "usd_g": 51.28044077696163,
      "brl_oz": 8236.4205,
      "brl_g": 264.8070681281522,
      "chg_1h": 0.4408060453400504,
      "chg_24h": -1.7857142857142856
    },
    "XPD": {
      "name": "Paládio",
      "usd_oz": 1249,
      "usd_g": 40.156282464216346,
      "brl_oz": 6449.7110999999995,
      "brl_g": 207.36302701696678,
      "chg_1h": 0.16038492381716118,
      "chg_24h": 1.7929910350448246
    },
    "XCU": {
      "name": "Cobre",
      "usd_oz": 6.028401,
      "usd_g": 0.19381759276506347,
      "brl_oz": 31.1300599239,
      "brl_g": 1.0008546672795113,
      "chg_1h": 0,
      "chg_24h": -0.13941121620881372
    }
  }
}
