{
  "timestamp": 1780526285,
  "usdToBrl": 5.0184,
  "metals": {
    "XAU": {
      "name": "Ouro",
      "usd_oz": 4439.299805,
      "usd_g": 142.7268029727146,
      "brl_oz": 22278.182141412,
      "brl_g": 716.2601880382709,
      "chg_1h": 0,
      "chg_24h": -0.7001362750831363
    },
    "XAG": {
      "name": "Prata",
      "usd_oz": 73.000999,
      "usd_g": 2.3470366181056646,
      "brl_oz": 366.3482133815999,
      "brl_g": 11.778368564301466,
      "chg_1h": 0,
      "chg_24h": -2.115881089425157
    },
    "XPT": {
      "name": "Platina",
      "usd_oz": 1863,
      "usd_g": 59.89684085735393,
      "brl_oz": 9349.279199999999,
      "brl_g": 300.58630615854497,
      "chg_1h": 0,
      "chg_24h": -3.471502590673575
    },
    "XPD": {
      "name": "Paládio",
      "usd_oz": 1324,
      "usd_g": 42.56758845686345,
      "brl_oz": 6644.361599999999,
      "brl_g": 213.6211859119235,
      "chg_1h": 0,
      "chg_24h": -4.542177361211247
    },
    "XCU": {
      "name": "Cobre",
      "usd_oz": 6.353406,
      "usd_g": 0.2042667461536004,
      "brl_oz": 31.883932670399997,
      "brl_g": 1.0250922388972283,
      "chg_1h": 0,
      "chg_24h": 0.2838484502139807
    }
  }
}
