{
  "timestamp": 1776340349,
  "usdToBrl": 4.9981,
  "metals": {
    "XAU": {
      "name": "Ouro",
      "usd_oz": 4820.700195,
      "usd_g": 154.9891102527805,
      "brl_oz": 24094.3416446295,
      "brl_g": 774.6510719544223,
      "chg_1h": 0.22245727650728378,
      "chg_24h": 0.2933486604360415
    },
    "XAG": {
      "name": "Prata",
      "usd_oz": 79.670998,
      "usd_g": 2.5614820655676667,
      "brl_oz": 398.20361510379996,
      "brl_g": 12.802543511913754,
      "chg_1h": -0.02384740811025399,
      "chg_24h": 1.0681297221040482
    },
    "XPT": {
      "name": "Platina",
      "usd_oz": 2158,
      "usd_g": 69.38131109509918,
      "brl_oz": 10785.8998,
      "brl_g": 346.7747309844152,
      "chg_1h": 0.3254300325430033,
      "chg_24h": 2.226432970156324
    },
    "XPD": {
      "name": "Paládio",
      "usd_oz": 1611,
      "usd_g": 51.79485272205968,
      "brl_oz": 8051.9391,
      "brl_g": 258.8758533901265,
      "chg_1h": 0.3738317757009346,
      "chg_24h": -0.24767801857585142
    },
    "XCU": {
      "name": "Cobre",
      "usd_oz": 5.945765,
      "usd_g": 0.19116078367161835,
      "brl_oz": 29.7175280465,
      "brl_g": 0.9554407128691157,
      "chg_1h": 0.07254115363996479,
      "chg_24h": 0.6732983406705054
    }
  }
}
