{
  "timestamp": 1774383872,
  "usdToBrl": 5.2669,
  "metals": {
    "XAU": {
      "name": "Ouro",
      "usd_oz": 4437.200195,
      "usd_g": 142.65929894371166,
      "brl_oz": 23370.2897070455,
      "brl_g": 751.3722616066349,
      "chg_1h": 0.9119668896834939,
      "chg_24h": 0.9877643936032879
    },
    "XAG": {
      "name": "Prata",
      "usd_oz": 70.450996,
      "usd_g": 2.2650521179034238,
      "brl_oz": 371.0583508324,
      "brl_g": 11.929802999785542,
      "chg_1h": 1.2314193398448334,
      "chg_24h": 2.0747896408868485
    },
    "XPT": {
      "name": "Platina",
      "usd_oz": 1931,
      "usd_g": 62.08309162402063,
      "brl_oz": 10170.383899999999,
      "brl_g": 326.9854352745542,
      "chg_1h": 1.2585212375458836,
      "chg_24h": 2.6036131774707756
    },
    "XPD": {
      "name": "Paládio",
      "usd_oz": 1448,
      "usd_g": 46.554281031373314,
      "brl_oz": 7626.4712,
      "brl_g": 245.19674276414008,
      "chg_1h": 0.9762900976290098,
      "chg_24h": -0.41265474552957354
    },
    "XCU": {
      "name": "Cobre",
      "usd_oz": 5.450773,
      "usd_g": 0.17524642132612003,
      "brl_oz": 28.708676313699996,
      "brl_g": 0.9230053764825416,
      "chg_1h": -0.2986774345896568,
      "chg_24h": -0.6374887344360314
    }
  }
}
