{
  "timestamp": 1775017237,
  "usdToBrl": 5.224,
  "metals": {
    "XAU": {
      "name": "Ouro",
      "usd_oz": 4669.799805,
      "usd_g": 150.13755005678337,
      "brl_oz": 24395.03418132,
      "brl_g": 784.3185614966363,
      "chg_1h": 0,
      "chg_24h": 2.3629944103463316
    },
    "XAG": {
      "name": "Prata",
      "usd_oz": 74.017998,
      "usd_g": 2.379733895215213,
      "brl_oz": 386.67002155200004,
      "brl_g": 12.431729868604274,
      "chg_1h": 0,
      "chg_24h": 2.606113282874491
    },
    "XPT": {
      "name": "Platina",
      "usd_oz": 1958,
      "usd_g": 62.951161781373585,
      "brl_oz": 10228.592,
      "brl_g": 328.85686914589564,
      "chg_1h": 0,
      "chg_24h": 2.138758476786646
    },
    "XPD": {
      "name": "Paládio",
      "usd_oz": 1494,
      "usd_g": 48.033215373530204,
      "brl_oz": 7804.656,
      "brl_g": 250.9255171113218,
      "chg_1h": 0,
      "chg_24h": 2.7510316368638237
    },
    "XCU": {
      "name": "Cobre",
      "usd_oz": 5.578657,
      "usd_g": 0.17935798740030245,
      "brl_oz": 29.142904168,
      "brl_g": 0.9369661261791801,
      "chg_1h": 0,
      "chg_24h": 1.226349428931419
    }
  }
}
