{
  "timestamp": 1777559311,
  "usdToBrl": 4.9854,
  "metals": {
    "XAU": {
      "name": "Ouro",
      "usd_oz": 4621.899902,
      "usd_g": 148.5975324147685,
      "brl_oz": 23042.0197714308,
      "brl_g": 740.8181381005869,
      "chg_1h": 0,
      "chg_24h": 1.8263913196739394
    },
    "XAG": {
      "name": "Prata",
      "usd_oz": 73.397003,
      "usd_g": 2.3597684423498277,
      "brl_oz": 365.91341875620003,
      "brl_g": 11.764389592490831,
      "chg_1h": 0,
      "chg_24h": 2.366814603911353
    },
    "XPT": {
      "name": "Platina",
      "usd_oz": 1969,
      "usd_g": 63.30481999362849,
      "brl_oz": 9816.2526,
      "brl_g": 315.5998495962355,
      "chg_1h": 0,
      "chg_24h": 4.1248016922263355
    },
    "XPD": {
      "name": "Paládio",
      "usd_oz": 1505,
      "usd_g": 48.38687358578511,
      "brl_oz": 7503.027,
      "brl_g": 241.2279195745731,
      "chg_1h": 0,
      "chg_24h": 1.8267929634641407
    },
    "XCU": {
      "name": "Cobre",
      "usd_oz": 5.853383,
      "usd_g": 0.18819063340211536,
      "brl_oz": 29.1814556082,
      "brl_g": 0.938205583762906,
      "chg_1h": 0,
      "chg_24h": -0.171486421447628
    }
  }
}
