{
  "timestamp": 1775853486,
  "usdToBrl": 5.0543,
  "metals": {
    "XAU": {
      "name": "Ouro",
      "usd_oz": 4748.5,
      "usd_g": 152.66782008112997,
      "brl_oz": 24000.343549999998,
      "brl_g": 771.6289630360552,
      "chg_1h": -0.24579207849892432,
      "chg_24h": -0.49454323076522966
    },
    "XAG": {
      "name": "Prata",
      "usd_oz": 76.230003,
      "usd_g": 2.4508515073787507,
      "brl_oz": 385.28930416289995,
      "brl_g": 12.38733877374442,
      "chg_1h": -0.2603697515292698,
      "chg_24h": 0.5646302059409919
    },
    "XPT": {
      "name": "Platina",
      "usd_oz": 2054,
      "usd_g": 66.03763345196187,
      "brl_oz": 10381.5322,
      "brl_g": 333.77401075625085,
      "chg_1h": -0.1943634596695821,
      "chg_24h": -2.746212121212121
    },
    "XPD": {
      "name": "Paládio",
      "usd_oz": 1548,
      "usd_g": 49.76935568823612,
      "brl_oz": 7824.0563999999995,
      "brl_g": 251.5492544550518,
      "chg_1h": -0.12903225806451613,
      "chg_24h": -2.1491782553729455
    },
    "XCU": {
      "name": "Cobre",
      "usd_oz": 5.756994,
      "usd_g": 0.18509165509111186,
      "brl_oz": 29.097574774199995,
      "brl_g": 0.9355087523270066,
      "chg_1h": 0,
      "chg_24h": 2.061676376748205
    }
  }
}
