{
  "timestamp": 1777608856,
  "usdToBrl": 4.9814,
  "metals": {
    "XAU": {
      "name": "Ouro",
      "usd_oz": 4623.299805,
      "usd_g": 148.64254034134214,
      "brl_oz": 23030.505648626997,
      "brl_g": 740.4479504563617,
      "chg_1h": 0,
      "chg_24h": 1.4437697202413529
    },
    "XAG": {
      "name": "Prata",
      "usd_oz": 74.278,
      "usd_g": 2.3880931536245495,
      "brl_oz": 370.0084292,
      "brl_g": 11.89604723546533,
      "chg_1h": 0,
      "chg_24h": 2.95368748719889
    },
    "XPT": {
      "name": "Platina",
      "usd_oz": 1991,
      "usd_g": 64.01213641813831,
      "brl_oz": 9917.9674,
      "brl_g": 318.87005635331417,
      "chg_1h": 0,
      "chg_24h": 4.1862899005756145
    },
    "XPD": {
      "name": "Paládio",
      "usd_oz": 1555,
      "usd_g": 49.99441091421651,
      "brl_oz": 7746.076999999999,
      "brl_g": 249.04215852807812,
      "chg_1h": 0,
      "chg_24h": 4.643337819650068
    },
    "XCU": {
      "name": "Cobre",
      "usd_oz": 5.905546,
      "usd_g": 0.1898677127953747,
      "brl_oz": 29.4178868444,
      "brl_g": 0.9458070245188795,
      "chg_1h": 0,
      "chg_24h": 0.6584550824411216
    }
  }
}
