{
  "timestamp": 1777565135,
  "usdToBrl": 4.9814,
  "metals": {
    "XAU": {
      "name": "Ouro",
      "usd_oz": 4614.200195,
      "usd_g": 148.3499810863588,
      "brl_oz": 22985.176851373002,
      "brl_g": 738.9905957835878,
      "chg_1h": -0.16659181642311047,
      "chg_24h": 1.6567568847763903
    },
    "XAG": {
      "name": "Prata",
      "usd_oz": 73.248001,
      "usd_g": 2.354977916809609,
      "brl_oz": 364.8775921814,
      "brl_g": 11.731086994795385,
      "chg_1h": -0.2030082890441669,
      "chg_24h": 2.159001485034938
    },
    "XPT": {
      "name": "Platina",
      "usd_oz": 1966,
      "usd_g": 63.20836775392261,
      "brl_oz": 9793.4324,
      "brl_g": 314.8661631293901,
      "chg_1h": -0.15236160487557138,
      "chg_24h": 3.9661554732945534
    },
    "XPD": {
      "name": "Paládio",
      "usd_oz": 1508,
      "usd_g": 48.483325825490994,
      "brl_oz": 7511.9511999999995,
      "brl_g": 241.51483926710083,
      "chg_1h": 0.19933554817275745,
      "chg_24h": 2.029769959404601
    },
    "XCU": {
      "name": "Cobre",
      "usd_oz": 5.862833,
      "usd_g": 0.1884944579571889,
      "brl_oz": 29.2051163062,
      "brl_g": 0.9389662928679406,
      "chg_1h": 0.16144509935536733,
      "chg_24h": -0.010318178515747735
    }
  }
}
