{
  "timestamp": 1773422480,
  "usdToBrl": 5.2433,
  "metals": {
    "XAU": {
      "name": "Ouro",
      "usd_oz": 5062.799805,
      "usd_g": 162.77279345825414,
      "brl_oz": 26545.778217556497,
      "brl_g": 853.4665879396639,
      "chg_1h": 0.197910077302182,
      "chg_24h": -1.2040237096302147
    },
    "XAG": {
      "name": "Prata",
      "usd_oz": 81.351997,
      "usd_g": 2.6155274383987837,
      "brl_oz": 426.55292587009995,
      "brl_g": 13.713995017756341,
      "chg_1h": 1.1061109867045598,
      "chg_24h": -4.793559938057298
    },
    "XPT": {
      "name": "Platina",
      "usd_oz": 2065,
      "usd_g": 66.39129166421678,
      "brl_oz": 10827.414499999999,
      "brl_g": 348.1094595829878,
      "chg_1h": 0.6335282651072125,
      "chg_24h": -4.970087436723423
    },
    "XPD": {
      "name": "Paládio",
      "usd_oz": 1601,
      "usd_g": 51.4733452563734,
      "brl_oz": 8394.523299999999,
      "brl_g": 269.8901911827426,
      "chg_1h": 0.25046963055729493,
      "chg_24h": -3.379601689800845
    },
    "XCU": {
      "name": "Cobre",
      "usd_oz": 5.766217,
      "usd_g": 0.18538818142671434,
      "brl_oz": 30.234005596099998,
      "brl_g": 0.9720458516746913,
      "chg_1h": -0.3449428430797829,
      "chg_24h": -1.1162332704772202
    }
  }
}
