{
  "timestamp": 1777943587,
  "usdToBrl": 4.9661,
  "metals": {
    "XAU": {
      "name": "Ouro",
      "usd_oz": 4536.299805,
      "usd_g": 145.8454253898715,
      "brl_oz": 22527.718461610497,
      "brl_g": 724.2829670286409,
      "chg_1h": 0.3095769985112697,
      "chg_24h": -1.745762280119723
    },
    "XAG": {
      "name": "Prata",
      "usd_oz": 73.014,
      "usd_g": 2.347454609961803,
      "brl_oz": 362.5948254,
      "brl_g": 11.65769433853131,
      "chg_1h": 0.24026003543128083,
      "chg_24h": -3.7833589303984
    },
    "XPT": {
      "name": "Platina",
      "usd_oz": 1963,
      "usd_g": 63.111915514216726,
      "brl_oz": 9748.4543,
      "brl_g": 313.4200836351517,
      "chg_1h": 0.5120327700972862,
      "chg_24h": -2.3868722028841374
    },
    "XPD": {
      "name": "Paládio",
      "usd_oz": 1511,
      "usd_g": 48.57977806519688,
      "brl_oz": 7503.7771,
      "brl_g": 241.2520358495742,
      "chg_1h": 0.6662225183211192,
      "chg_24h": -2.892030848329049
    },
    "XCU": {
      "name": "Cobre",
      "usd_oz": 5.814676,
      "usd_g": 0.18694617445468348,
      "brl_oz": 28.8762624836,
      "brl_g": 0.9283933969594036,
      "chg_1h": -1.0311208513942454,
      "chg_24h": -1.0311208513942454
    }
  }
}
