{
  "timestamp": 1774329182,
  "usdToBrl": 5.2552,
  "metals": {
    "XAU": {
      "name": "Ouro",
      "usd_oz": 4334.200195,
      "usd_g": 139.347772047143,
      "brl_oz": 22777.088864764002,
      "brl_g": 732.300411662146,
      "chg_1h": -0.3219722959420915,
      "chg_24h": -0.8305641230980357
    },
    "XAG": {
      "name": "Prata",
      "usd_oz": 66.358002,
      "usd_g": 2.133459305102509,
      "brl_oz": 348.7245721104,
      "brl_g": 11.211755340174705,
      "chg_1h": -1.1220187450641552,
      "chg_24h": -0.20001956054290174
    },
    "XPT": {
      "name": "Platina",
      "usd_oz": 1842,
      "usd_g": 59.22167517941274,
      "brl_oz": 9680.0784,
      "brl_g": 311.22174740284987,
      "chg_1h": -0.8611410118406888,
      "chg_24h": -1.76
    },
    "XPD": {
      "name": "Paládio",
      "usd_oz": 1418,
      "usd_g": 45.58975863431448,
      "brl_oz": 7451.873600000001,
      "brl_g": 239.58329957504947,
      "chg_1h": -1.3908205841446455,
      "chg_24h": -0.8391608391608392
    },
    "XCU": {
      "name": "Cobre",
      "usd_oz": 5.424889,
      "usd_g": 0.17441423140193768,
      "brl_oz": 28.508876672800003,
      "brl_g": 0.9165816688634629,
      "chg_1h": -1.201955166806375,
      "chg_24h": -0.5846475365012959
    }
  }
}
