{
  "timestamp": 1781562359,
  "usdToBrl": 5.0498,
  "metals": {
    "XAU": {
      "name": "Ouro",
      "usd_oz": 4308.899902,
      "usd_g": 138.53434873878794,
      "brl_oz": 21759.082725119602,
      "brl_g": 699.5707542611314,
      "chg_1h": 0,
      "chg_24h": 0.391412213518237
    },
    "XAG": {
      "name": "Prata",
      "usd_oz": 70.011002,
      "usd_g": 2.250905982317707,
      "brl_oz": 353.54155789960004,
      "brl_g": 11.366625029507958,
      "chg_1h": 0,
      "chg_24h": -0.40542279519239843
    },
    "XPT": {
      "name": "Platina",
      "usd_oz": 1775,
      "usd_g": 57.067575159314664,
      "brl_oz": 8963.395,
      "brl_g": 288.1798410395072,
      "chg_1h": 0,
      "chg_24h": 0.39592760180995473
    },
    "XPD": {
      "name": "Paládio",
      "usd_oz": 1361,
      "usd_g": 43.75716607990268,
      "brl_oz": 6872.777800000001,
      "brl_g": 220.96493727029258,
      "chg_1h": 0,
      "chg_24h": 1.340282948622487
    },
    "XCU": {
      "name": "Cobre",
      "usd_oz": 6.190691,
      "usd_g": 0.19903533742568613,
      "brl_oz": 31.261751411800002,
      "brl_g": 1.00508864693223,
      "chg_1h": 0,
      "chg_24h": 0.9816144260684303
    }
  }
}
