{
  "timestamp": 1771847983,
  "usdToBrl": 5.2144,
  "metals": {
    "XAU": {
      "name": "Ouro",
      "usd_oz": 5151.700195,
      "usd_g": 165.63100736699636,
      "brl_oz": 26863.025496808004,
      "brl_g": 863.6663248144658,
      "chg_1h": 0.042726381202065226,
      "chg_24h": 0.8575010051166081
    },
    "XAG": {
      "name": "Prata",
      "usd_oz": 86.678001,
      "usd_g": 2.7867624432262827,
      "brl_oz": 451.9737684144,
      "brl_g": 14.53129408395913,
      "chg_1h": 0.10856624780558943,
      "chg_24h": 2.2556237436663737
    },
    "XPT": {
      "name": "Platina",
      "usd_oz": 2176,
      "usd_g": 69.96002453333449,
      "brl_oz": 11346.5344,
      "brl_g": 364.7995519266194,
      "chg_1h": 0.6941230911614993,
      "chg_24h": 0.4153207198892478
    },
    "XPD": {
      "name": "Paládio",
      "usd_oz": 1789,
      "usd_g": 57.51768561127546,
      "brl_oz": 9328.5616,
      "brl_g": 299.9202198514348,
      "chg_1h": 0.05592841163310962,
      "chg_24h": 0.33651149747616377
    },
    "XCU": {
      "name": "Cobre",
      "usd_oz": 5.771509,
      "usd_g": 0.18555832317755552,
      "brl_oz": 30.0949565296,
      "brl_g": 0.9675753203770456,
      "chg_1h": -0.08114336840369794,
      "chg_24h": 0.03795941947393951
    }
  }
}
