{
  "timestamp": 1784067068,
  "usdToBrl": 5.1233,
  "metals": {
    "XAU": {
      "name": "Ouro",
      "usd_oz": 4052.800049,
      "usd_g": 130.30054726872206,
      "brl_oz": 20763.7104910417,
      "brl_g": 667.5687938218438,
      "chg_1h": -0.0221995216932155,
      "chg_24h": 1.20109118257384
    },
    "XAG": {
      "name": "Prata",
      "usd_oz": 58.855999,
      "usd_g": 1.8922643078924217,
      "brl_oz": 301.5369396767,
      "brl_g": 9.694637728625246,
      "chg_1h": 0.052695281722131636,
      "chg_24h": 1.8305114363818733
    },
    "XPT": {
      "name": "Platina",
      "usd_oz": 1636,
      "usd_g": 52.598621386275376,
      "brl_oz": 8381.7188,
      "brl_g": 269.4785169483047,
      "chg_1h": 0,
      "chg_24h": 1.5518311607697082
    },
    "XPD": {
      "name": "Paládio",
      "usd_oz": 1328,
      "usd_g": 42.69619144313796,
      "brl_oz": 6803.742400000001,
      "brl_g": 218.74539762062875,
      "chg_1h": 0.1508295625942685,
      "chg_24h": 4.23861852433281
    },
    "XCU": {
      "name": "Cobre",
      "usd_oz": 6.17167,
      "usd_g": 0.19842379807520424,
      "brl_oz": 31.619316911000002,
      "brl_g": 1.016584644678694,
      "chg_1h": 0,
      "chg_24h": 0.7844526280395949
    }
  }
}
