{
  "timestamp": 1776700731,
  "usdToBrl": 4.9831,
  "metals": {
    "XAU": {
      "name": "Ouro",
      "usd_oz": 4801.100098,
      "usd_g": 154.35895250141297,
      "brl_oz": 23924.3618983438,
      "brl_g": 769.186096209791,
      "chg_1h": -0.22443949832604437,
      "chg_24h": -0.6271433666142469
    },
    "XAG": {
      "name": "Prata",
      "usd_oz": 79.950996,
      "usd_g": 2.5704842103053895,
      "brl_oz": 398.40380816760006,
      "brl_g": 12.808979868372788,
      "chg_1h": -0.08373366201938996,
      "chg_24h": -1.2353152517110475
    },
    "XPT": {
      "name": "Platina",
      "usd_oz": 2082,
      "usd_g": 66.93785435588346,
      "brl_oz": 10374.8142,
      "brl_g": 333.5580220408029,
      "chg_1h": -0.04800768122899664,
      "chg_24h": -1.3270142180094786
    },
    "XPD": {
      "name": "Paládio",
      "usd_oz": 1575,
      "usd_g": 50.63742584558907,
      "brl_oz": 7848.382500000001,
      "brl_g": 252.33135673115493,
      "chg_1h": 0,
      "chg_24h": -0.4424778761061947
    },
    "XCU": {
      "name": "Cobre",
      "usd_oz": 5.948486,
      "usd_g": 0.1912482658530316,
      "brl_oz": 29.641900586600002,
      "brl_g": 0.9530092335722418,
      "chg_1h": -0.11425136307383536,
      "chg_24h": -0.8255581065898068
    }
  }
}
