{
  "timestamp": 1772451330,
  "usdToBrl": 5.1556,
  "metals": {
    "XAU": {
      "name": "Ouro",
      "usd_oz": 5397.399902,
      "usd_g": 173.5304363787395,
      "brl_oz": 27826.834934751198,
      "brl_g": 894.6535177942293,
      "chg_1h": 0.24143823335208134,
      "chg_24h": 2.2196072624477403
    },
    "XAG": {
      "name": "Prata",
      "usd_oz": 95.473,
      "usd_g": 3.0695282271466193,
      "brl_oz": 492.22059879999995,
      "brl_g": 15.82525972787711,
      "chg_1h": 0.14160461122336934,
      "chg_24h": 1.6600283061095438
    },
    "XPT": {
      "name": "Platina",
      "usd_oz": 2364,
      "usd_g": 76.00436488823655,
      "brl_oz": 12187.838399999999,
      "brl_g": 391.84810361779233,
      "chg_1h": 0.04231908590774439,
      "chg_24h": -0.2952340784479123
    },
    "XPD": {
      "name": "Paládio",
      "usd_oz": 1820,
      "usd_g": 58.51435875490293,
      "brl_oz": 9383.192,
      "brl_g": 301.67662799677754,
      "chg_1h": -0.273972602739726,
      "chg_24h": 0.4969630038652678
    },
    "XCU": {
      "name": "Cobre",
      "usd_oz": 6.11314,
      "usd_g": 0.19654201487854245,
      "brl_oz": 31.516904583999995,
      "brl_g": 1.0132920119078135,
      "chg_1h": 0.012368332879609313,
      "chg_24h": 0.41723201056548775
    }
  }
}
