{
  "timestamp": 1775456737,
  "usdToBrl": 5.1818,
  "metals": {
    "XAU": {
      "name": "Ouro",
      "usd_oz": 4656.299805,
      "usd_g": 149.70351497810688,
      "brl_oz": 24128.014329548998,
      "brl_g": 775.7336739135542,
      "chg_1h": 0.03866806316467185,
      "chg_24h": -0.46387761864045207
    },
    "XAG": {
      "name": "Prata",
      "usd_oz": 72.365997,
      "usd_g": 2.3266208297330926,
      "brl_oz": 374.9861232546,
      "brl_g": 12.05608381551094,
      "chg_1h": -0.14213663381208178,
      "chg_24h": -1.0731281722310277
    },
    "XPT": {
      "name": "Platina",
      "usd_oz": 1983,
      "usd_g": 63.75493044558929,
      "brl_oz": 10275.5094,
      "brl_g": 330.36529858295455,
      "chg_1h": 0.10095911155981827,
      "chg_24h": -0.35175879396984927
    },
    "XPD": {
      "name": "Paládio",
      "usd_oz": 1527,
      "usd_g": 49.09419001029493,
      "brl_oz": 7912.6086,
      "brl_g": 254.39627379534627,
      "chg_1h": -0.13080444735120994,
      "chg_24h": -0.19607843137254902
    },
    "XCU": {
      "name": "Cobre",
      "usd_oz": 5.523714,
      "usd_g": 0.17759152893158234,
      "brl_oz": 28.6227812052,
      "brl_g": 0.9202437846176733,
      "chg_1h": 0,
      "chg_24h": 0.2428346889380345
    }
  }
}
