{
  "timestamp": 1776054653,
  "usdToBrl": 5.0543,
  "metals": {
    "XAU": {
      "name": "Ouro",
      "usd_oz": 4713.899902,
      "usd_g": 151.55540109908227,
      "brl_oz": 23825.464274678598,
      "brl_g": 766.0064637750914,
      "chg_1h": 0,
      "chg_24h": -0.7432892181964597
    },
    "XAG": {
      "name": "Prata",
      "usd_oz": 74.432999,
      "usd_g": 2.39307648719194,
      "brl_oz": 376.20670684569996,
      "brl_g": 12.095326489214221,
      "chg_1h": 0,
      "chg_24h": -2.0798813376483287
    },
    "XPT": {
      "name": "Platina",
      "usd_oz": 2045,
      "usd_g": 65.74827673284422,
      "brl_oz": 10336.0435,
      "brl_g": 332.3115150908145,
      "chg_1h": 0,
      "chg_24h": -0.4381694255111977
    },
    "XPD": {
      "name": "Paládio",
      "usd_oz": 1554,
      "usd_g": 49.962260167647884,
      "brl_oz": 7854.382199999999,
      "brl_g": 252.52425156534267,
      "chg_1h": 0,
      "chg_24h": 0.4524886877828055
    },
    "XCU": {
      "name": "Cobre",
      "usd_oz": 5.732122,
      "usd_g": 0.18429200172245697,
      "brl_oz": 28.9718642246,
      "brl_g": 0.9314670643058142,
      "chg_1h": 0,
      "chg_24h": -0.43203102174501723
    }
  }
}
