{
  "timestamp": 1770861801,
  "usdToBrl": 5.1893,
  "metals": {
    "XAU": {
      "name": "Ouro",
      "usd_oz": 5072.5,
      "usd_g": 163.08466196936544,
      "brl_oz": 26322.724250000003,
      "brl_g": 846.2952363576281,
      "chg_1h": 0,
      "chg_24h": 0.3045204109384847
    },
    "XAG": {
      "name": "Prata",
      "usd_oz": 83.639,
      "usd_g": 2.6890562922534755,
      "brl_oz": 434.0278627,
      "brl_g": 13.954319817390962,
      "chg_1h": 0,
      "chg_24h": 1.1696862723661934
    },
    "XPT": {
      "name": "Platina",
      "usd_oz": 2135,
      "usd_g": 68.64184392402073,
      "brl_oz": 11079.1555,
      "brl_g": 356.2031206749208,
      "chg_1h": 0,
      "chg_24h": -0.3733084461035931
    },
    "XPD": {
      "name": "Paládio",
      "usd_oz": 1736,
      "usd_g": 55.81369604313817,
      "brl_oz": 9008.6248,
      "brl_g": 289.6340128766569,
      "chg_1h": 0,
      "chg_24h": -1.3075611142694712
    },
    "XCU": {
      "name": "Cobre",
      "usd_oz": 5.988251,
      "usd_g": 0.19252674029033306,
      "brl_oz": 31.0748309143,
      "brl_g": 0.9990790133886254,
      "chg_1h": 0,
      "chg_24h": 1.7835337870454038
    }
  }
}
