{
  "timestamp": 1773079798,
  "usdToBrl": 5.2302,
  "metals": {
    "XAU": {
      "name": "Ouro",
      "usd_oz": 5094.299805,
      "usd_g": 163.78554197516593,
      "brl_oz": 26644.206840110997,
      "brl_g": 856.6311416385129,
      "chg_1h": -0.07454331862748448,
      "chg_24h": -1.5403980479319743
    },
    "XAG": {
      "name": "Prata",
      "usd_oz": 84.237999,
      "usd_g": 2.7083145572973373,
      "brl_oz": 440.5815823698,
      "brl_g": 14.165026797576534,
      "chg_1h": 0.14384964313455495,
      "chg_24h": -0.4196600092286551
    },
    "XPT": {
      "name": "Platina",
      "usd_oz": 2170,
      "usd_g": 69.76712005392272,
      "brl_oz": 11349.534,
      "brl_g": 364.89599130602664,
      "chg_1h": -0.046061722708429294,
      "chg_24h": 0.6960556844547563
    },
    "XPD": {
      "name": "Paládio",
      "usd_oz": 1692,
      "usd_g": 54.39906319411855,
      "brl_oz": 8849.4984,
      "brl_g": 284.5179803178788,
      "chg_1h": 0.1183431952662722,
      "chg_24h": 2.483343428225318
    },
    "XCU": {
      "name": "Cobre",
      "usd_oz": 5.827679,
      "usd_g": 0.18736423061231533,
      "brl_oz": 30.4799267058,
      "brl_g": 0.9799523989485316,
      "chg_1h": -0.03631344904693314,
      "chg_24h": 0.5454563648710488
    }
  }
}
