{
  "timestamp": 1774641480,
  "usdToBrl": 5.2561,
  "metals": {
    "XAU": {
      "name": "Ouro",
      "usd_oz": 4519.799805,
      "usd_g": 145.31493807148917,
      "brl_oz": 23756.519755060497,
      "brl_g": 763.7898459975542,
      "chg_1h": -0.05970580431178217,
      "chg_24h": 3.1235005603830817
    },
    "XAG": {
      "name": "Prata",
      "usd_oz": 70.156998,
      "usd_g": 2.25559986271374,
      "brl_oz": 368.7521971878,
      "brl_g": 11.855658438409689,
      "chg_1h": -0.4738179543693949,
      "chg_24h": 3.63689785065368
    },
    "XPT": {
      "name": "Platina",
      "usd_oz": 1883,
      "usd_g": 60.53985578872649,
      "brl_oz": 9897.2363,
      "brl_g": 318.2035360111253,
      "chg_1h": -0.21197668256491786,
      "chg_24h": 2.6717557251908395
    },
    "XPD": {
      "name": "Paládio",
      "usd_oz": 1413,
      "usd_g": 45.42900490147134,
      "brl_oz": 7426.8693,
      "brl_g": 238.7793926626235,
      "chg_1h": 0,
      "chg_24h": 2.9133284777858703
    },
    "XCU": {
      "name": "Cobre",
      "usd_oz": 5.486804,
      "usd_g": 0.1764048448757343,
      "brl_oz": 28.8391905044,
      "brl_g": 0.927201505151347,
      "chg_1h": 0,
      "chg_24h": 0.7118177159278306
    }
  }
}
