{
  "timestamp": 1771346245,
  "usdToBrl": 5.2248,
  "metals": {
    "XAU": {
      "name": "Ouro",
      "usd_oz": 4882.899902,
      "usd_g": 156.98887726918042,
      "brl_oz": 25512.1754079696,
      "brl_g": 820.2354859560139,
      "chg_1h": 0.5746632749742556,
      "chg_24h": -2.130607889948586
    },
    "XAG": {
      "name": "Prata",
      "usd_oz": 73.875,
      "usd_g": 2.3751364027573922,
      "brl_oz": 385.9821,
      "brl_g": 12.409612677126823,
      "chg_1h": 1.7141719006266747,
      "chg_24h": -3.4376800250054296
    },
    "XPT": {
      "name": "Platina",
      "usd_oz": 2028,
      "usd_g": 65.20171404117755,
      "brl_oz": 10595.894400000001,
      "brl_g": 340.6659155223445,
      "chg_1h": 0,
      "chg_24h": -0.5882352941176471
    },
    "XPD": {
      "name": "Paládio",
      "usd_oz": 1715,
      "usd_g": 55.138530365196985,
      "brl_oz": 8960.532000000001,
      "brl_g": 288.0877934520812,
      "chg_1h": 1.0011778563015312,
      "chg_24h": -2.3904382470119523
    },
    "XCU": {
      "name": "Cobre",
      "usd_oz": 5.715037,
      "usd_g": 0.18374270621733194,
      "brl_oz": 29.8599253176,
      "brl_g": 0.960018891444316,
      "chg_1h": 0.3517644588133695,
      "chg_24h": -0.916159836889814
    }
  }
}
