{
  "timestamp": 1784656686,
  "usdToBrl": 5.0794,
  "metals": {
    "XAU": {
      "name": "Ouro",
      "usd_oz": 4068.5,
      "usd_g": 130.80531241446295,
      "brl_oz": 20665.5389,
      "brl_g": 664.412503878023,
      "chg_1h": -0.1399035655724511,
      "chg_24h": 1.5196102532883038
    },
    "XAG": {
      "name": "Prata",
      "usd_oz": 58.846001,
      "usd_g": 1.8919428647282288,
      "brl_oz": 298.9023774794,
      "brl_g": 9.609934587100565,
      "chg_1h": -0.42977497224280486,
      "chg_24h": 3.6002923117602275
    },
    "XPT": {
      "name": "Platina",
      "usd_oz": 1628,
      "usd_g": 52.34141541372635,
      "brl_oz": 8269.2632,
      "brl_g": 265.8629854524816,
      "chg_1h": -0.5497861942577886,
      "chg_24h": 1.877346683354193
    },
    "XPD": {
      "name": "Paládio",
      "usd_oz": 1306,
      "usd_g": 41.98887501862814,
      "brl_oz": 6633.6964,
      "brl_g": 213.27829176961978,
      "chg_1h": -0.1529051987767584,
      "chg_24h": 1.5552099533437014
    },
    "XCU": {
      "name": "Cobre",
      "usd_oz": 6.268949,
      "usd_g": 0.20155139055065383,
      "brl_oz": 31.8424995506,
      "brl_g": 1.023760133162991,
      "chg_1h": -0.02170546591795569,
      "chg_24h": 2.2333496412263605
    }
  }
}
