{
  "timestamp": 1776705372,
  "usdToBrl": 4.9831,
  "metals": {
    "XAU": {
      "name": "Ouro",
      "usd_oz": 4809.600098,
      "usd_g": 154.6322338472463,
      "brl_oz": 23966.7182483438,
      "brl_g": 770.5478844842131,
      "chg_1h": 0.17704275742013492,
      "chg_24h": -0.4512109211033432
    },
    "XAG": {
      "name": "Prata",
      "usd_oz": 80.110001,
      "usd_g": 2.575596339763534,
      "brl_oz": 399.1961459831,
      "brl_g": 12.834454120675668,
      "chg_1h": 0.198878072763463,
      "chg_24h": -1.0388939501127405
    },
    "XPT": {
      "name": "Platina",
      "usd_oz": 2089,
      "usd_g": 67.16290958186386,
      "brl_oz": 10409.6959,
      "brl_g": 334.6794947373858,
      "chg_1h": 0.33621517771373677,
      "chg_24h": -0.9952606635071091
    },
    "XPD": {
      "name": "Paládio",
      "usd_oz": 1582,
      "usd_g": 50.86248107156947,
      "brl_oz": 7883.2642000000005,
      "brl_g": 253.45282942773784,
      "chg_1h": 0.4444444444444444,
      "chg_24h": 0
    },
    "XCU": {
      "name": "Cobre",
      "usd_oz": 5.944177,
      "usd_g": 0.19110972828606737,
      "brl_oz": 29.6204284087,
      "brl_g": 0.9523188870223024,
      "chg_1h": -0.07243860034301364,
      "chg_24h": -0.8973986841953885
    }
  }
}
