{
  "timestamp": 1775666969,
  "usdToBrl": 5.0818,
  "metals": {
    "XAU": {
      "name": "Ouro",
      "usd_oz": 4762.700195,
      "usd_g": 153.12436695180008,
      "brl_oz": 24203.089850951004,
      "brl_g": 778.1474079756578,
      "chg_1h": 0.05883092202891955,
      "chg_24h": 2.2389725054566654
    },
    "XAG": {
      "name": "Prata",
      "usd_oz": 75.804001,
      "usd_g": 2.4371552250390223,
      "brl_oz": 385.2207722818,
      "brl_g": 12.385135422603303,
      "chg_1h": 0.16384910147990578,
      "chg_24h": 5.715002848924735
    },
    "XPT": {
      "name": "Platina",
      "usd_oz": 2064,
      "usd_g": 66.35914091764815,
      "brl_oz": 10488.835200000001,
      "brl_g": 337.22388231530437,
      "chg_1h": 0.43795620437956206,
      "chg_24h": 6.00924499229584
    },
    "XPD": {
      "name": "Paládio",
      "usd_oz": 1610,
      "usd_g": 51.76270197549105,
      "brl_oz": 8181.698,
      "brl_g": 263.04769889905043,
      "chg_1h": 0.43668122270742354,
      "chg_24h": 8.783783783783784
    },
    "XCU": {
      "name": "Cobre",
      "usd_oz": 5.664537,
      "usd_g": 0.18211909351561625,
      "brl_oz": 28.786044126600004,
      "brl_g": 0.9254928094276588,
      "chg_1h": 0.12694978483761837,
      "chg_24h": 2.7846669395718244
    }
  }
}
