{
  "timestamp": 1771565883,
  "usdToBrl": 5.2343,
  "metals": {
    "XAU": {
      "name": "Ouro",
      "usd_oz": 5005.399902,
      "usd_g": 160.92734372383734,
      "brl_oz": 26199.7647070386,
      "brl_g": 842.3419952536818,
      "chg_1h": 0.23629853749654867,
      "chg_24h": 0.2503555097307857
    },
    "XAG": {
      "name": "Prata",
      "usd_oz": 78.646004,
      "usd_g": 2.5285277432393025,
      "brl_oz": 411.65677873720006,
      "brl_g": 13.235072766437481,
      "chg_1h": 0.8269188962567158,
      "chg_24h": 0.520208604921052
    },
    "XPT": {
      "name": "Platina",
      "usd_oz": 2082,
      "usd_g": 66.93785435588346,
      "brl_oz": 10897.812600000001,
      "brl_g": 350.3728110550008,
      "chg_1h": 0.7744433688286544,
      "chg_24h": 0.1443001443001443
    },
    "XPD": {
      "name": "Paládio",
      "usd_oz": 1705,
      "usd_g": 54.81702289951071,
      "brl_oz": 8924.4815,
      "brl_g": 286.9287429629089,
      "chg_1h": 0.7683215130023641,
      "chg_24h": -1.6156953260242353
    },
    "XCU": {
      "name": "Cobre",
      "usd_oz": 5.72683,
      "usd_g": 0.18412185997161576,
      "brl_oz": 29.975946268999998,
      "brl_g": 0.9637490516494284,
      "chg_1h": -0.02375968259438569,
      "chg_24h": -0.30664407092417384
    }
  }
}
