{
  "timestamp": 1777048826,
  "usdToBrl": 5.0006,
  "metals": {
    "XAU": {
      "name": "Ouro",
      "usd_oz": 4725.399902,
      "usd_g": 151.9251346846215,
      "brl_oz": 23629.8347499412,
      "brl_g": 759.7168285039184,
      "chg_1h": 0.11652789495958255,
      "chg_24h": 1.0197256132615347
    },
    "XAG": {
      "name": "Prata",
      "usd_oz": 76.440002,
      "usd_g": 2.4576031320074163,
      "brl_oz": 382.24587400120004,
      "brl_g": 12.289490221916287,
      "chg_1h": 0.7619124199203977,
      "chg_24h": 1.8575327627730522
    },
    "XPT": {
      "name": "Platina",
      "usd_oz": 2026,
      "usd_g": 65.13741254804029,
      "brl_oz": 10131.215600000001,
      "brl_g": 325.7261451877303,
      "chg_1h": 0.44620723847297966,
      "chg_24h": 1.0473815461346634
    },
    "XPD": {
      "name": "Paládio",
      "usd_oz": 1526,
      "usd_g": 49.0620392637263,
      "brl_oz": 7630.9156,
      "brl_g": 245.33963354218974,
      "chg_1h": 0.3287310979618672,
      "chg_24h": 2.553763440860215
    },
    "XCU": {
      "name": "Cobre",
      "usd_oz": 5.976533,
      "usd_g": 0.1921499978420419,
      "brl_oz": 29.886250919800002,
      "brl_g": 0.9608652792089147,
      "chg_1h": -0.049318653354924226,
      "chg_24h": 0.4319229418417268
    }
  }
}
