{
  "timestamp": 1779660364,
  "usdToBrl": 5.0164,
  "metals": {
    "XAU": {
      "name": "Ouro",
      "usd_oz": 4552.100098,
      "usd_g": 146.3534166058246,
      "brl_oz": 22835.154931607198,
      "brl_g": 734.1672790614585,
      "chg_1h": 0.9222946014854204,
      "chg_24h": 0.9222946014854204
    },
    "XAG": {
      "name": "Prata",
      "usd_oz": 77.033997,
      "usd_g": 2.476700514715448,
      "brl_oz": 386.4333425508,
      "brl_g": 12.424120462018575,
      "chg_1h": 1.838899880726559,
      "chg_24h": 1.838899880726559
    },
    "XPT": {
      "name": "Platina",
      "usd_oz": 1962,
      "usd_g": 63.0797647676481,
      "brl_oz": 9842.1768,
      "brl_g": 316.43333198042995,
      "chg_1h": 1.6580310880829014,
      "chg_24h": 1.6580310880829014
    },
    "XPD": {
      "name": "Paládio",
      "usd_oz": 1396,
      "usd_g": 44.882442209804665,
      "brl_oz": 7002.8944,
      "brl_g": 225.14828310126413,
      "chg_1h": 1.6011644832605532,
      "chg_24h": 1.6011644832605532
    },
    "XCU": {
      "name": "Cobre",
      "usd_oz": 6.127126,
      "usd_g": 0.1969916752200513,
      "brl_oz": 30.736114866399998,
      "brl_g": 0.9881890395738653,
      "chg_1h": 0,
      "chg_24h": 0
    }
  }
}
