{
  "timestamp": 1776906722,
  "usdToBrl": 4.9717,
  "metals": {
    "XAU": {
      "name": "Ouro",
      "usd_oz": 4743.600098,
      "usd_g": 152.51028457371686,
      "brl_oz": 23583.7566072266,
      "brl_g": 758.2353818151481,
      "chg_1h": 0.34268723475553725,
      "chg_24h": 0.09918327243029784
    },
    "XAG": {
      "name": "Prata",
      "usd_oz": 78.293999,
      "usd_g": 2.5172105196934127,
      "brl_oz": 389.2542748283,
      "brl_g": 12.51481554075974,
      "chg_1h": 0.9021277185831917,
      "chg_24h": 0.91513585275314
    },
    "XPT": {
      "name": "Platina",
      "usd_oz": 2086,
      "usd_g": 67.06645734215797,
      "brl_oz": 10370.9662,
      "brl_g": 333.4343059680068,
      "chg_1h": 0.19212295869356388,
      "chg_24h": 1.262135922330097
    },
    "XPD": {
      "name": "Paládio",
      "usd_oz": 1581,
      "usd_g": 50.83033032500084,
      "brl_oz": 7860.2577,
      "brl_g": 252.71315327680668,
      "chg_1h": 0.7648183556405354,
      "chg_24h": 0.19011406844106463
    },
    "XCU": {
      "name": "Cobre",
      "usd_oz": 6.049032,
      "usd_g": 0.19448089481752087,
      "brl_oz": 30.073972394400002,
      "brl_g": 0.9669006647642686,
      "chg_1h": 0,
      "chg_24h": 1.4208909498974391
    }
  }
}
