{
  "timestamp": 1782722002,
  "usdToBrl": 5.1759,
  "metals": {
    "XAU": {
      "name": "Ouro",
      "usd_oz": 4066.800049,
      "usd_g": 130.75065772068285,
      "brl_oz": 21049.3503736191,
      "brl_g": 676.7523292964825,
      "chg_1h": 0,
      "chg_24h": -0.5818229215717372
    },
    "XAG": {
      "name": "Prata",
      "usd_oz": 58.563,
      "usd_g": 1.8828441712985606,
      "brl_oz": 303.1162317,
      "brl_g": 9.745413146224221,
      "chg_1h": 0,
      "chg_24h": -1.2395021754527966
    },
    "XPT": {
      "name": "Platina",
      "usd_oz": 1614,
      "usd_g": 51.89130496176556,
      "brl_oz": 8353.902600000001,
      "brl_g": 268.5842053516024,
      "chg_1h": 0,
      "chg_24h": -0.676923076923077
    },
    "XPD": {
      "name": "Paládio",
      "usd_oz": 1254,
      "usd_g": 40.31703619705949,
      "brl_oz": 6490.578600000001,
      "brl_g": 208.6769476523602,
      "chg_1h": 0,
      "chg_24h": 2.1172638436482085
    },
    "XCU": {
      "name": "Cobre",
      "usd_oz": 6.035274,
      "usd_g": 0.19403856484622967,
      "brl_oz": 31.237974696600002,
      "brl_g": 1.0043242077876002,
      "chg_1h": 0,
      "chg_24h": -0.025559827306341237
    }
  }
}
