{
  "timestamp": 1781651581,
  "usdToBrl": 5.0603,
  "metals": {
    "XAU": {
      "name": "Ouro",
      "usd_oz": 4338,
      "usd_g": 139.46993861470818,
      "brl_oz": 21951.5814,
      "brl_g": 705.7597303720078,
      "chg_1h": 0.12463421220187838,
      "chg_24h": 0.6753486658275101
    },
    "XAG": {
      "name": "Prata",
      "usd_oz": 70.306999,
      "usd_g": 2.260422506849781,
      "brl_oz": 355.7745070397,
      "brl_g": 11.438416011411945,
      "chg_1h": 0.21095227458853963,
      "chg_24h": 0.42278640719925675
    },
    "XPT": {
      "name": "Platina",
      "usd_oz": 1813,
      "usd_g": 58.28930352892253,
      "brl_oz": 9174.3239,
      "brl_g": 294.96136264740665,
      "chg_1h": 0,
      "chg_24h": 2.140845070422535
    },
    "XPD": {
      "name": "Paládio",
      "usd_oz": 1378,
      "usd_g": 44.30372877156936,
      "brl_oz": 6973.0934,
      "brl_g": 224.19015870277244,
      "chg_1h": 0.07262164124909223,
      "chg_24h": 1.2490815576781777
    },
    "XCU": {
      "name": "Cobre",
      "usd_oz": 6.177526,
      "usd_g": 0.19861207284711016,
      "brl_oz": 31.2601348178,
      "brl_g": 1.0050366722282316,
      "chg_1h": 0,
      "chg_24h": -0.21265800538259574
    }
  }
}
