{
  "timestamp": 1774004732,
  "usdToBrl": 5.2987,
  "metals": {
    "XAU": {
      "name": "Ouro",
      "usd_oz": 4654.200195,
      "usd_g": 149.63601094910393,
      "brl_oz": 24661.210573246502,
      "brl_g": 792.8763312160171,
      "chg_1h": -0.4236158536585291,
      "chg_24h": -0.5555317917335372
    },
    "XAG": {
      "name": "Prata",
      "usd_oz": 72.230003,
      "usd_g": 2.3222485211042385,
      "brl_oz": 382.7251168961,
      "brl_g": 12.30489823877503,
      "chg_1h": 0.10256250630751398,
      "chg_24h": 1.8730120447942165
    },
    "XPT": {
      "name": "Platina",
      "usd_oz": 1968,
      "usd_g": 63.272669247059866,
      "brl_oz": 10427.8416,
      "brl_g": 335.26289253939615,
      "chg_1h": -0.4048582995951417,
      "chg_24h": 1.3388259526261586
    },
    "XPD": {
      "name": "Paládio",
      "usd_oz": 1472,
      "usd_g": 47.32589894902039,
      "brl_oz": 7799.6864000000005,
      "brl_g": 250.76574076117436,
      "chg_1h": -0.0678886625933469,
      "chg_24h": -0.2033898305084746
    },
    "XCU": {
      "name": "Cobre",
      "usd_oz": 5.434717,
      "usd_g": 0.17473020893921415,
      "brl_oz": 28.7969349679,
      "brl_g": 0.9258429581062141,
      "chg_1h": 0.059854926828220426,
      "chg_24h": -2.519434350101693
    }
  }
}
