{
  "timestamp": 1775703009,
  "usdToBrl": 5.0818,
  "metals": {
    "XAU": {
      "name": "Ouro",
      "usd_oz": 4729.700195,
      "usd_g": 152.06339231503534,
      "brl_oz": 24035.390450951003,
      "brl_g": 772.7557470665466,
      "chg_1h": 0,
      "chg_24h": -1.550726384748419
    },
    "XAG": {
      "name": "Prata",
      "usd_oz": 74.282997,
      "usd_g": 2.3882538109051525,
      "brl_oz": 377.4913341546,
      "brl_g": 12.136628216257805,
      "chg_1h": 0,
      "chg_24h": -2.7684048233564535
    },
    "XPT": {
      "name": "Platina",
      "usd_oz": 2031,
      "usd_g": 65.29816628088344,
      "brl_oz": 10321.1358,
      "brl_g": 331.83222140619347,
      "chg_1h": 0,
      "chg_24h": 0.24679170779861795
    },
    "XPD": {
      "name": "Paládio",
      "usd_oz": 1579,
      "usd_g": 50.76602883186358,
      "brl_oz": 8024.162200000001,
      "brl_g": 257.98280531776436,
      "chg_1h": 0,
      "chg_24h": 1.8052869116698904
    },
    "XCU": {
      "name": "Cobre",
      "usd_oz": 5.637473,
      "usd_g": 0.18124896571048288,
      "brl_oz": 28.6485102914,
      "brl_g": 0.921070993947532,
      "chg_1h": 0,
      "chg_24h": 0.3066953060334072
    }
  }
}
