{
  "timestamp": 1781836296,
  "usdToBrl": 5.1469,
  "metals": {
    "XAU": {
      "name": "Ouro",
      "usd_oz": 4180.600098,
      "usd_g": 134.4094142555793,
      "brl_oz": 21517.1306443962,
      "brl_g": 691.791814232041,
      "chg_1h": 0,
      "chg_24h": -3.2514868161704875
    },
    "XAG": {
      "name": "Prata",
      "usd_oz": 64.82,
      "usd_g": 2.0840113925784656,
      "brl_oz": 333.6220579999999,
      "brl_g": 10.726198236462103,
      "chg_1h": 0,
      "chg_24h": -6.7660115423159946
    },
    "XPT": {
      "name": "Platina",
      "usd_oz": 1677,
      "usd_g": 53.916801995589125,
      "brl_oz": 8631.351299999998,
      "brl_g": 277.50438819109763,
      "chg_1h": 0,
      "chg_24h": -5.414551607445008
    },
    "XPD": {
      "name": "Paládio",
      "usd_oz": 1289,
      "usd_g": 41.44231232696147,
      "brl_oz": 6634.3541,
      "brl_g": 213.299437315638,
      "chg_1h": 0,
      "chg_24h": -5.08100147275405
    },
    "XCU": {
      "name": "Cobre",
      "usd_oz": 6.164093,
      "usd_g": 0.19818019186845376,
      "brl_oz": 31.7259702617,
      "brl_g": 1.0200136295277447,
      "chg_1h": 0,
      "chg_24h": -0.6312977027863118
    }
  }
}
