{
  "timestamp": 1770719643,
  "usdToBrl": 5.1931,
  "metals": {
    "XAU": {
      "name": "Ouro",
      "usd_oz": 5056,
      "usd_g": 162.55417465098307,
      "brl_oz": 26256.3136,
      "brl_g": 844.1600843800202,
      "chg_1h": 0.140626634273089,
      "chg_24h": 0.6169154228855721
    },
    "XAG": {
      "name": "Prata",
      "usd_oz": 82.571999,
      "usd_g": 2.654751413514003,
      "brl_oz": 428.80464800690004,
      "brl_g": 13.78638956551957,
      "chg_1h": 0.3073397393068461,
      "chg_24h": 1.5470840858738755
    },
    "XPT": {
      "name": "Platina",
      "usd_oz": 2108,
      "usd_g": 67.77377376666779,
      "brl_oz": 10947.0548,
      "brl_g": 351.9559845476825,
      "chg_1h": -0.3309692671394799,
      "chg_24h": 1.0062290368950648
    },
    "XPD": {
      "name": "Paládio",
      "usd_oz": 1759,
      "usd_g": 56.55316321421662,
      "brl_oz": 9134.662900000001,
      "brl_g": 293.6862318877483,
      "chg_1h": 0.17084282460136674,
      "chg_24h": 1.9119351100811124
    },
    "XCU": {
      "name": "Cobre",
      "usd_oz": 5.873795,
      "usd_g": 0.1888468944410742,
      "brl_oz": 30.503204814500002,
      "brl_g": 0.9807008075219424,
      "chg_1h": -0.056592334920439726,
      "chg_24h": 0.13662289812729433
    }
  }
}
