{
  "timestamp": 1776689684,
  "usdToBrl": 4.9764,
  "metals": {
    "XAU": {
      "name": "Ouro",
      "usd_oz": 4804.100098,
      "usd_g": 154.45540474111885,
      "brl_oz": 23907.123727687198,
      "brl_g": 768.6318761537038,
      "chg_1h": 0.1793368366176601,
      "chg_24h": -0.5650495623162808
    },
    "XAG": {
      "name": "Prata",
      "usd_oz": 79.619003,
      "usd_g": 2.559810387499831,
      "brl_oz": 396.2160065292,
      "brl_g": 12.738640412354158,
      "chg_1h": 0.06661262180800408,
      "chg_24h": -1.6454312680723497
    },
    "XPT": {
      "name": "Platina",
      "usd_oz": 2082,
      "usd_g": 66.93785435588346,
      "brl_oz": 10360.8648,
      "brl_g": 333.1095384166184,
      "chg_1h": -0.3350885591191958,
      "chg_24h": -1.3270142180094786
    },
    "XPD": {
      "name": "Paládio",
      "usd_oz": 1564,
      "usd_g": 50.283767633334165,
      "brl_oz": 7783.0896,
      "brl_g": 250.23214125052414,
      "chg_1h": 0.19218449711723257,
      "chg_24h": -1.1378002528445006
    },
    "XCU": {
      "name": "Cobre",
      "usd_oz": 5.944177,
      "usd_g": 0.19110972828606737,
      "brl_oz": 29.5806024228,
      "brl_g": 0.9510384518427857,
      "chg_1h": 0.21284480014673876,
      "chg_24h": -1.0159220740077146
    }
  }
}
