{
  "timestamp": 1781977390,
  "usdToBrl": 5.1603,
  "metals": {
    "XAU": {
      "name": "Ouro",
      "usd_oz": 4156.700195,
      "usd_g": 133.6410145312115,
      "brl_oz": 21449.8200162585,
      "brl_g": 689.6277272854109,
      "chg_1h": 0,
      "chg_24h": 0
    },
    "XAG": {
      "name": "Prata",
      "usd_oz": 64.960999,
      "usd_g": 2.0885446156938956,
      "brl_oz": 335.2182431397,
      "brl_g": 10.777516780365211,
      "chg_1h": 0,
      "chg_24h": 0
    },
    "XPT": {
      "name": "Platina",
      "usd_oz": 1674,
      "usd_g": 53.82034975588324,
      "brl_oz": 8638.342200000001,
      "brl_g": 277.7291508452843,
      "chg_1h": 0,
      "chg_24h": 0
    },
    "XPD": {
      "name": "Paládio",
      "usd_oz": 1280,
      "usd_g": 41.152955607843815,
      "brl_oz": 6605.184,
      "brl_g": 212.36159682315645,
      "chg_1h": 0,
      "chg_24h": 0
    },
    "XCU": {
      "name": "Cobre",
      "usd_oz": 6.178045,
      "usd_g": 0.19862875908457925,
      "brl_oz": 31.880565613500004,
      "brl_g": 1.0249839855041543,
      "chg_1h": 0,
      "chg_24h": 0.15262708251264429
    }
  }
}
