{
  "timestamp": 1770835266,
  "usdToBrl": 5.1893,
  "metals": {
    "XAU": {
      "name": "Ouro",
      "usd_oz": 5082.100098,
      "usd_g": 163.39331228719743,
      "brl_oz": 26372.5420385514,
      "brl_g": 847.8969154519536,
      "chg_1h": -0.20225834966250497,
      "chg_24h": 1.3238411471680782
    },
    "XAG": {
      "name": "Prata",
      "usd_oz": 84.415001,
      "usd_g": 2.7140053037414775,
      "brl_oz": 438.05476468930004,
      "brl_g": 14.08378772270565,
      "chg_1h": -0.42465466411902525,
      "chg_24h": 4.386166562109438
    },
    "XPT": {
      "name": "Platina",
      "usd_oz": 2148,
      "usd_g": 69.0598036294129,
      "brl_oz": 11146.6164,
      "brl_g": 358.37203897411234,
      "chg_1h": -0.04653327128897162,
      "chg_24h": 1.9943019943019942
    },
    "XPD": {
      "name": "Paládio",
      "usd_oz": 1749,
      "usd_g": 56.231655748530336,
      "brl_oz": 9076.0857,
      "brl_g": 291.80293117584847,
      "chg_1h": -0.17123287671232876,
      "chg_24h": 1.0982658959537572
    },
    "XCU": {
      "name": "Cobre",
      "usd_oz": 5.984547,
      "usd_g": 0.1924076539250429,
      "brl_oz": 31.0556097471,
      "brl_g": 0.9984610385132251,
      "chg_1h": 0.06447415524393184,
      "chg_24h": 1.7912015128491159
    }
  }
}
