{
  "timestamp": 1775163078,
  "usdToBrl": 5.1818,
  "metals": {
    "XAU": {
      "name": "Ouro",
      "usd_oz": 4672.5,
      "usd_g": 150.22436334191426,
      "brl_oz": 24211.9605,
      "brl_g": 778.4326059651313,
      "chg_1h": -0.0919390433476049,
      "chg_24h": -1.8361710077826783
    },
    "XAG": {
      "name": "Prata",
      "usd_oz": 73.083,
      "usd_g": 2.349673011475039,
      "brl_oz": 378.7014894,
      "brl_g": 12.175535610861356,
      "chg_1h": 0.2812947743158274,
      "chg_24h": -2.86037212919024
    },
    "XPT": {
      "name": "Platina",
      "usd_oz": 2004,
      "usd_g": 64.43009612353048,
      "brl_oz": 10384.3272,
      "brl_g": 333.86387209291024,
      "chg_1h": -0.14947683109118087,
      "chg_24h": 1.8292682926829267
    },
    "XPD": {
      "name": "Paládio",
      "usd_oz": 1531,
      "usd_g": 49.22279299656944,
      "brl_oz": 7933.3358,
      "brl_g": 255.06266874962353,
      "chg_1h": -0.32552083333333337,
      "chg_24h": 1.9986675549633577
    },
    "XCU": {
      "name": "Cobre",
      "usd_oz": 5.510333,
      "usd_g": 0.17716131979174754,
      "brl_oz": 28.5534435394,
      "brl_g": 0.9180145268968773,
      "chg_1h": 0,
      "chg_24h": -0.5963318474796009
    }
  }
}
