{
  "timestamp": 1780426265,
  "usdToBrl": 5.0056,
  "metals": {
    "XAU": {
      "name": "Ouro",
      "usd_oz": 4487.600098,
      "usd_g": 144.27969345214808,
      "brl_oz": 22463.1310505488,
      "brl_g": 722.2064335440725,
      "chg_1h": 0,
      "chg_24h": -0.002230474310917286
    },
    "XAG": {
      "name": "Prata",
      "usd_oz": 75.166,
      "usd_g": 2.4166430165774906,
      "brl_oz": 376.2509296,
      "brl_g": 12.096748283780288,
      "chg_1h": 0,
      "chg_24h": -0.18193298830148608
    },
    "XPT": {
      "name": "Platina",
      "usd_oz": 1940,
      "usd_g": 62.37244834313828,
      "brl_oz": 9710.864000000001,
      "brl_g": 312.211527426413,
      "chg_1h": 0,
      "chg_24h": -0.05151983513652757
    },
    "XPD": {
      "name": "Paládio",
      "usd_oz": 1389,
      "usd_g": 44.65738698382427,
      "brl_oz": 6952.7784,
      "brl_g": 223.53701628623077,
      "chg_1h": 0,
      "chg_24h": -0.43010752688172044
    },
    "XCU": {
      "name": "Cobre",
      "usd_oz": 6.335423,
      "usd_g": 0.20368857927805678,
      "brl_oz": 31.7125933688,
      "brl_g": 1.0195835524342411,
      "chg_1h": 0,
      "chg_24h": 1.446334388987971
    }
  }
}
