{
  "timestamp": 1773262431,
  "usdToBrl": 5.1711,
  "metals": {
    "XAU": {
      "name": "Ouro",
      "usd_oz": 5178.700195,
      "usd_g": 166.49907752434933,
      "brl_oz": 26779.5765783645,
      "brl_g": 860.9833797861628,
      "chg_1h": 0.0057989534544108665,
      "chg_24h": -0.3137594802694832
    },
    "XAG": {
      "name": "Prata",
      "usd_oz": 85.918999,
      "usd_g": 2.7623599622792008,
      "brl_oz": 444.2957357289,
      "brl_g": 14.284439600941976,
      "chg_1h": 0.027943420266952054,
      "chg_24h": -3.0708137664378024
    },
    "XPT": {
      "name": "Platina",
      "usd_oz": 2176,
      "usd_g": 69.96002453333449,
      "brl_oz": 11252.3136,
      "brl_g": 361.77028286432596,
      "chg_1h": -0.5484460694698354,
      "chg_24h": -1.2256014525646846
    },
    "XPD": {
      "name": "Paládio",
      "usd_oz": 1658,
      "usd_g": 53.305937810785196,
      "brl_oz": 8573.6838,
      "brl_g": 275.6503350133513,
      "chg_1h": -0.5398920215956808,
      "chg_24h": -1.5439429928741093
    },
    "XCU": {
      "name": "Cobre",
      "usd_oz": 5.80633,
      "usd_g": 0.1866778443238217,
      "brl_oz": 30.025113063,
      "brl_g": 0.9653298007829144,
      "chg_1h": 0,
      "chg_24h": -1.3605725314490877
    }
  }
}
