{
  "timestamp": 1780973554,
  "usdToBrl": 5.1432,
  "metals": {
    "XAU": {
      "name": "Ouro",
      "usd_oz": 4336.200195,
      "usd_g": 139.41207354028023,
      "brl_oz": 22301.944842924004,
      "brl_g": 717.0241766323693,
      "chg_1h": 0,
      "chg_24h": 0.5868912193545115
    },
    "XAG": {
      "name": "Prata",
      "usd_oz": 67.794998,
      "usd_g": 2.179659799318641,
      "brl_oz": 348.68323371360003,
      "brl_g": 11.210426279855636,
      "chg_1h": 0,
      "chg_24h": 0.15806936780112507
    },
    "XPT": {
      "name": "Platina",
      "usd_oz": 1765,
      "usd_g": 56.74606769362839,
      "brl_oz": 9077.748,
      "brl_g": 291.85637536186954,
      "chg_1h": 0,
      "chg_24h": -0.6752954417557682
    },
    "XPD": {
      "name": "Paládio",
      "usd_oz": 1246,
      "usd_g": 40.05983022451046,
      "brl_oz": 6408.4272,
      "brl_g": 206.03571881070224,
      "chg_1h": 0,
      "chg_24h": 0
    },
    "XCU": {
      "name": "Cobre",
      "usd_oz": 6.230394,
      "usd_g": 0.20031181851670038,
      "brl_oz": 32.044162420800006,
      "brl_g": 1.0302437449950934,
      "chg_1h": 0,
      "chg_24h": -0.10061460693199505
    }
  }
}
