{
  "timestamp": 1771315334,
  "usdToBrl": 5.2244,
  "metals": {
    "XAU": {
      "name": "Ouro",
      "usd_oz": 4919.700195,
      "usd_g": 158.17203416307467,
      "brl_oz": 25702.481698758,
      "brl_g": 826.3539752815674,
      "chg_1h": 0.23430177138485686,
      "chg_24h": -1.8357043801579593
    },
    "XAG": {
      "name": "Prata",
      "usd_oz": 75.225998,
      "usd_g": 2.4185719970701154,
      "brl_oz": 393.0107039512,
      "brl_g": 12.635587541493111,
      "chg_1h": 0.9663665060411321,
      "chg_24h": -2.5001633400319263
    },
    "XPT": {
      "name": "Platina",
      "usd_oz": 2016,
      "usd_g": 64.815905082354,
      "brl_oz": 10532.3904,
      "brl_g": 338.62421451225026,
      "chg_1h": 0.2985074626865672,
      "chg_24h": -2.1834061135371177
    },
    "XPD": {
      "name": "Paládio",
      "usd_oz": 1721,
      "usd_g": 55.33143484460876,
      "brl_oz": 8991.1924,
      "brl_g": 289.073548202174,
      "chg_1h": 0.46701692936368944,
      "chg_24h": 0.8201523140011716
    },
    "XCU": {
      "name": "Cobre",
      "usd_oz": 5.77476,
      "usd_g": 0.1856628452546501,
      "brl_oz": 30.169656143999998,
      "brl_g": 0.969976968748394,
      "chg_1h": 0.09566249702516513,
      "chg_24h": 0.1009024363058801
    }
  }
}
