{
  "timestamp": 1771587950,
  "usdToBrl": 5.2343,
  "metals": {
    "XAU": {
      "name": "Ouro",
      "usd_oz": 5028.5,
      "usd_g": 161.67002912034582,
      "brl_oz": 26320.67755,
      "brl_g": 846.2294334246261,
      "chg_1h": 0.057702601549099834,
      "chg_24h": 0.8989265655455353
    },
    "XAG": {
      "name": "Prata",
      "usd_oz": 80.350998,
      "usd_g": 2.583344573234334,
      "brl_oz": 420.58122883140004,
      "brl_g": 13.522000499680475,
      "chg_1h": -0.5187557454038279,
      "chg_24h": 2.6836705305193753
    },
    "XPT": {
      "name": "Platina",
      "usd_oz": 2126,
      "usd_g": 68.35248720490308,
      "brl_oz": 11128.1218,
      "brl_g": 357.77742377662423,
      "chg_1h": 0.4251299008030231,
      "chg_24h": 2.260702260702261
    },
    "XPD": {
      "name": "Paládio",
      "usd_oz": 1735,
      "usd_g": 55.78154529656955,
      "brl_oz": 9081.5105,
      "brl_g": 291.977342545834,
      "chg_1h": -0.17261219792865362,
      "chg_24h": 0.5214368482039398
    },
    "XCU": {
      "name": "Cobre",
      "usd_oz": 5.717532,
      "usd_g": 0.18382292233002068,
      "brl_oz": 29.9272777476,
      "brl_g": 0.9621843223520272,
      "chg_1h": -0.03304529723457201,
      "chg_24h": 0.027781937681683425
    }
  }
}
