{
  "timestamp": 1777437778,
  "usdToBrl": 5.0017,
  "metals": {
    "XAU": {
      "name": "Ouro",
      "usd_oz": 4603.299805,
      "usd_g": 147.9995254099696,
      "brl_oz": 23024.324634668497,
      "brl_g": 740.249226243045,
      "chg_1h": 0,
      "chg_24h": -1.409271414596266
    },
    "XAG": {
      "name": "Prata",
      "usd_oz": 73.947998,
      "usd_g": 2.3774833429554088,
      "brl_oz": 369.86570159659993,
      "brl_g": 11.891458436460066,
      "chg_1h": 0,
      "chg_24h": -1.0371666019833259
    },
    "XPT": {
      "name": "Platina",
      "usd_oz": 1949,
      "usd_g": 62.66180506225594,
      "brl_oz": 9748.3133,
      "brl_g": 313.4155503798855,
      "chg_1h": 0,
      "chg_24h": -1.9124308002013084
    },
    "XPD": {
      "name": "Paládio",
      "usd_oz": 1479,
      "usd_g": 47.55095417500078,
      "brl_oz": 7397.5143,
      "brl_g": 237.8356074971014,
      "chg_1h": 0,
      "chg_24h": -0.47106325706594887
    },
    "XCU": {
      "name": "Cobre",
      "usd_oz": 5.880523,
      "usd_g": 0.18906320466398793,
      "brl_oz": 29.4126118891,
      "brl_g": 0.9456374307678683,
      "chg_1h": 0,
      "chg_24h": -1.5379476338977418
    }
  }
}
