{
  "timestamp": 1773328263,
  "usdToBrl": 5.1621,
  "metals": {
    "XAU": {
      "name": "Ouro",
      "usd_oz": 5131.700195,
      "usd_g": 164.9879924356238,
      "brl_oz": 26490.3495766095,
      "brl_g": 851.6845157519335,
      "chg_1h": -0.498307431813337,
      "chg_24h": -0.8443735330116673
    },
    "XAG": {
      "name": "Prata",
      "usd_oz": 85.160004,
      "usd_g": 2.7379577063873453,
      "brl_oz": 439.6044566484,
      "brl_g": 14.133611476142114,
      "chg_1h": -1.3392626780837193,
      "chg_24h": -0.14421749273186768
    },
    "XPT": {
      "name": "Platina",
      "usd_oz": 2160,
      "usd_g": 69.44561258823644,
      "brl_oz": 11150.135999999999,
      "brl_g": 358.4851967417353,
      "chg_1h": -0.8719596145020652,
      "chg_24h": -2.1295876755777075
    },
    "XPD": {
      "name": "Paládio",
      "usd_oz": 1637,
      "usd_g": 52.63077213284401,
      "brl_oz": 8450.357699999999,
      "brl_g": 271.68530882695404,
      "chg_1h": -1.5042117930204573,
      "chg_24h": -1.4449127031908489
    },
    "XCU": {
      "name": "Cobre",
      "usd_oz": 5.820649,
      "usd_g": 0.1871382108639379,
      "brl_oz": 30.0467722029,
      "brl_g": 0.9660261583007337,
      "chg_1h": -0.21254757590671297,
      "chg_24h": 0.1600144544727196
    }
  }
}
