{
  "timestamp": 1773772784,
  "usdToBrl": 5.2089,
  "metals": {
    "XAU": {
      "name": "Ouro",
      "usd_oz": 5003.799805,
      "usd_g": 160.8758994107051,
      "brl_oz": 26064.292804264496,
      "brl_g": 837.9864724404218,
      "chg_1h": 0.10402326447519232,
      "chg_24h": 0.1701599569958144
    },
    "XAG": {
      "name": "Prata",
      "usd_oz": 79.672997,
      "usd_g": 2.5615463349100573,
      "brl_oz": 415.00867407329997,
      "brl_g": 13.342838703912998,
      "chg_1h": 0.1017614797305576,
      "chg_24h": -1.0088886002498798
    },
    "XPT": {
      "name": "Platina",
      "usd_oz": 2134,
      "usd_g": 68.60969317745212,
      "brl_oz": 11115.792599999999,
      "brl_g": 357.3810307920303,
      "chg_1h": -0.09363295880149813,
      "chg_24h": 0.9938476100331283
    },
    "XPD": {
      "name": "Paládio",
      "usd_oz": 1631,
      "usd_g": 52.437867653432235,
      "brl_oz": 8495.7159,
      "brl_g": 273.14360881996316,
      "chg_1h": -0.18359853121175032,
      "chg_24h": 0.2458512599877074
    },
    "XCU": {
      "name": "Cobre",
      "usd_oz": 5.765613,
      "usd_g": 0.1853687623757869,
      "brl_oz": 30.0325015557,
      "brl_g": 0.9655673463392364,
      "chg_1h": 0.10632887744033881,
      "chg_24h": -1.2251913569153587
    }
  }
}
