{
  "timestamp": 1775052035,
  "usdToBrl": 5.224,
  "metals": {
    "XAU": {
      "name": "Ouro",
      "usd_oz": 4739.5,
      "usd_g": 152.37846336201233,
      "brl_oz": 24759.148,
      "brl_g": 796.0250926031524,
      "chg_1h": -0.29242021051398825,
      "chg_24h": 2.835883538664582
    },
    "XAG": {
      "name": "Prata",
      "usd_oz": 74.870003,
      "usd_g": 2.4071264920454167,
      "brl_oz": 391.120895672,
      "brl_g": 12.574828794445258,
      "chg_1h": -0.35667305491230566,
      "chg_24h": 1.4526220813283075
    },
    "XPT": {
      "name": "Platina",
      "usd_oz": 1960,
      "usd_g": 63.01546327451084,
      "brl_oz": 10239.04,
      "brl_g": 329.19278014604464,
      "chg_1h": -0.9600808489135927,
      "chg_24h": 1.396792550439731
    },
    "XPD": {
      "name": "Paládio",
      "usd_oz": 1487,
      "usd_g": 47.808160147549806,
      "brl_oz": 7768.088000000001,
      "brl_g": 249.7498286108002,
      "chg_1h": -1.3271400132714002,
      "chg_24h": 0.472972972972973
    },
    "XCU": {
      "name": "Cobre",
      "usd_oz": 5.546981,
      "usd_g": 0.1783395803519946,
      "brl_oz": 28.977428744,
      "brl_g": 0.9316459677588198,
      "chg_1h": -0.13745324609298828,
      "chg_24h": -0.10076404177089085
    }
  }
}
