{
  "timestamp": 1771399060,
  "usdToBrl": 5.2248,
  "metals": {
    "XAU": {
      "name": "Ouro",
      "usd_oz": 4939.200195,
      "usd_g": 158.79897372116292,
      "brl_oz": 25806.333178836,
      "brl_g": 829.6928778983321,
      "chg_1h": 0.20490752468383858,
      "chg_24h": 0.6315960793852663
    },
    "XAG": {
      "name": "Prata",
      "usd_oz": 75.834999,
      "usd_g": 2.438151833881156,
      "brl_oz": 396.2227027752,
      "brl_g": 12.738855701662265,
      "chg_1h": 0.3931756098076176,
      "chg_24h": 1.7837517159860337
    },
    "XPT": {
      "name": "Platina",
      "usd_oz": 2056,
      "usd_g": 66.10193494509913,
      "brl_oz": 10742.1888,
      "brl_g": 345.3693897011539,
      "chg_1h": 0.1949317738791423,
      "chg_24h": 2.288557213930348
    },
    "XPD": {
      "name": "Paládio",
      "usd_oz": 1742,
      "usd_g": 56.006600522549945,
      "brl_oz": 9101.6016,
      "brl_g": 292.62328641021895,
      "chg_1h": 0.17251293847038526,
      "chg_24h": 1.6929363689433743
    },
    "XCU": {
      "name": "Cobre",
      "usd_oz": 5.74384,
      "usd_g": 0.18466874417074813,
      "brl_oz": 30.010415232,
      "brl_g": 0.9648572545433248,
      "chg_1h": 0.22159640141402429,
      "chg_24h": -0.4402832192310991
    }
  }
}
