{
  "timestamp": 1771325950,
  "usdToBrl": 5.2244,
  "metals": {
    "XAU": {
      "name": "Ouro",
      "usd_oz": 4912.600098,
      "usd_g": 157.94376074381498,
      "brl_oz": 25665.3879519912,
      "brl_g": 825.161383629987,
      "chg_1h": -0.2598733961642943,
      "chg_24h": -1.8481148865926236
    },
    "XAG": {
      "name": "Prata",
      "usd_oz": 74.129997,
      "usd_g": 2.3833347466801524,
      "brl_oz": 387.28475632680005,
      "brl_g": 12.45149405055579,
      "chg_1h": -0.8174897640179861,
      "chg_24h": -4.015234659065606
    },
    "XPT": {
      "name": "Platina",
      "usd_oz": 1991,
      "usd_g": 64.01213641813831,
      "brl_oz": 10401.7804,
      "brl_g": 334.4250055029218,
      "chg_1h": -0.6982543640897756,
      "chg_24h": -2.258222876779578
    },
    "XPD": {
      "name": "Paládio",
      "usd_oz": 1678,
      "usd_g": 53.94895274215775,
      "brl_oz": 8766.5432,
      "brl_g": 281.85090870612896,
      "chg_1h": -1.6412661195779603,
      "chg_24h": -1.8139262726740786
    },
    "XCU": {
      "name": "Cobre",
      "usd_oz": 5.758355,
      "usd_g": 0.18513541225719177,
      "brl_oz": 30.083949862,
      "brl_g": 0.9672214477964727,
      "chg_1h": -0.22400565004350842,
      "chg_24h": -0.3036586197738427
    }
  }
}
