{
  "timestamp": 1774883818,
  "usdToBrl": 5.2402,
  "metals": {
    "XAU": {
      "name": "Ouro",
      "usd_oz": 4533.799805,
      "usd_g": 145.76504852344996,
      "brl_oz": 23758.017738160997,
      "brl_g": 763.8380072725824,
      "chg_1h": 0.22769547916435617,
      "chg_24h": 0.86317697441601
    },
    "XAG": {
      "name": "Prata",
      "usd_oz": 70.990997,
      "usd_g": 2.2824135532012293,
      "brl_oz": 372.00702247939995,
      "brl_g": 11.96030350148508,
      "chg_1h": 0.8925117020665804,
      "chg_24h": 1.5985860033977246
    },
    "XPT": {
      "name": "Platina",
      "usd_oz": 1909,
      "usd_g": 61.37577519951082,
      "brl_oz": 10003.541799999999,
      "brl_g": 321.6213372004766,
      "chg_1h": 0.7387862796833773,
      "chg_24h": 1.9220501868659905
    },
    "XPD": {
      "name": "Paládio",
      "usd_oz": 1440,
      "usd_g": 46.29707505882429,
      "brl_oz": 7545.888,
      "brl_g": 242.60593272325104,
      "chg_1h": 0.6993006993006993,
      "chg_24h": 2.6372059871703493
    },
    "XCU": {
      "name": "Cobre",
      "usd_oz": 5.491869,
      "usd_g": 0.1765676884071044,
      "brl_oz": 28.7784919338,
      "brl_g": 0.9252500007909085,
      "chg_1h": 0.0702439899023692,
      "chg_24h": 0.09231239169469325
    }
  }
}
