{
  "timestamp": 1770846285,
  "usdToBrl": 5.1893,
  "metals": {
    "XAU": {
      "name": "Ouro",
      "usd_oz": 5080.600098,
      "usd_g": 163.34508616734448,
      "brl_oz": 26364.7580885514,
      "brl_g": 847.6466556482007,
      "chg_1h": -0.16113243425184737,
      "chg_24h": 1.11854544017543
    },
    "XAG": {
      "name": "Prata",
      "usd_oz": 84.232002,
      "usd_g": 2.7081217492701652,
      "brl_oz": 437.10512797859997,
      "brl_g": 14.05325619348767,
      "chg_1h": -0.49027252624644463,
      "chg_24h": 4.136686098046964
    },
    "XPT": {
      "name": "Platina",
      "usd_oz": 2141,
      "usd_g": 68.83474840343251,
      "brl_oz": 11110.2913,
      "brl_g": 357.2041598899324,
      "chg_1h": -0.37226617031177295,
      "chg_24h": 2.0495710200190658
    },
    "XPD": {
      "name": "Paládio",
      "usd_oz": 1735,
      "usd_g": 55.78154529656955,
      "brl_oz": 9003.4355,
      "brl_g": 289.4671730074884,
      "chg_1h": -0.23001725129384704,
      "chg_24h": 0.6380510440835266
    },
    "XCU": {
      "name": "Cobre",
      "usd_oz": 6.040261,
      "usd_g": 0.19419890061936743,
      "brl_oz": 31.3447264073,
      "brl_g": 1.0077563549840833,
      "chg_1h": 0,
      "chg_24h": 2.5138570173388666
    }
  }
}
