{
  "timestamp": 1774944849,
  "usdToBrl": 5.2402,
  "metals": {
    "XAU": {
      "name": "Ouro",
      "usd_oz": 4565.200195,
      "usd_g": 146.77459450449606,
      "brl_oz": 23922.562061839002,
      "brl_g": 769.1282301224602,
      "chg_1h": 0.0504129621382222,
      "chg_24h": 0.6260005118299615
    },
    "XAG": {
      "name": "Prata",
      "usd_oz": 73.072998,
      "usd_g": 2.3493514397078594,
      "brl_oz": 382.9171241196,
      "brl_g": 12.311071414357125,
      "chg_1h": 0.873821069193222,
      "chg_24h": 2.835710304761049
    },
    "XPT": {
      "name": "Platina",
      "usd_oz": 1934,
      "usd_g": 62.179543863726515,
      "brl_oz": 10134.5468,
      "brl_g": 325.83324575469965,
      "chg_1h": 0.3632589517384536,
      "chg_24h": -0.4119464469618949
    },
    "XPD": {
      "name": "Paládio",
      "usd_oz": 1467,
      "usd_g": 47.16514521617725,
      "brl_oz": 7687.3733999999995,
      "brl_g": 247.15479396181203,
      "chg_1h": 0.4794520547945206,
      "chg_24h": 1.0330578512396695
    },
    "XCU": {
      "name": "Cobre",
      "usd_oz": 5.523923,
      "usd_g": 0.17759824843761518,
      "brl_oz": 28.9464613046,
      "brl_g": 0.930650341462791,
      "chg_1h": 0.03969769624778845,
      "chg_24h": 0.6113444697048952
    }
  }
}
