{
  "timestamp": 1772017755,
  "usdToBrl": 5.1769,
  "metals": {
    "XAU": {
      "name": "Ouro",
      "usd_oz": 5174,
      "usd_g": 166.34796274608118,
      "brl_oz": 26785.2806,
      "brl_g": 861.1667683401877,
      "chg_1h": -0.2563916777507263,
      "chg_24h": 0.0212665626793698
    },
    "XAG": {
      "name": "Prata",
      "usd_oz": 90.366997,
      "usd_g": 2.905366418714965,
      "brl_oz": 467.8209067693,
      "brl_g": 15.0407914130455,
      "chg_1h": -0.6180690360823405,
      "chg_24h": 2.7049416391057806
    },
    "XPT": {
      "name": "Platina",
      "usd_oz": 2296,
      "usd_g": 73.81811412156985,
      "brl_oz": 11886.1624,
      "brl_g": 382.1489949959549,
      "chg_1h": -0.39045553145336226,
      "chg_24h": 5.806451612903226
    },
    "XPD": {
      "name": "Paládio",
      "usd_oz": 1837,
      "usd_g": 59.0609214465696,
      "brl_oz": 9509.9653,
      "brl_g": 305.75248423674617,
      "chg_1h": -0.5414185165132648,
      "chg_24h": 2.9708520179372195
    },
    "XCU": {
      "name": "Cobre",
      "usd_oz": 5.893828,
      "usd_g": 0.1894909703470835,
      "brl_oz": 30.5117581732,
      "brl_g": 0.9809758043898166,
      "chg_1h": -0.21885112891935343,
      "chg_24h": 1.148204635619867
    }
  }
}
