{
  "timestamp": 1783978612,
  "usdToBrl": 5.1155,
  "metals": {
    "XAU": {
      "name": "Ouro",
      "usd_oz": 4002.100098,
      "usd_g": 128.67050599307922,
      "brl_oz": 20472.743051318997,
      "brl_g": 658.2139734075968,
      "chg_1h": 0.047501300516860925,
      "chg_24h": -2.8946427630598857
    },
    "XAG": {
      "name": "Prata",
      "usd_oz": 57.777,
      "usd_g": 1.857573684495619,
      "brl_oz": 295.5582435,
      "brl_g": 9.502418183037339,
      "chg_1h": 0.15254381515615903,
      "chg_24h": -3.727463591828576
    },
    "XPT": {
      "name": "Platina",
      "usd_oz": 1608,
      "usd_g": 51.6984004823538,
      "brl_oz": 8225.724,
      "brl_g": 264.46316766748083,
      "chg_1h": 0.06222775357809583,
      "chg_24h": -1.651376146788991
    },
    "XPD": {
      "name": "Paládio",
      "usd_oz": 1272,
      "usd_g": 40.89574963529479,
      "brl_oz": 6506.916,
      "brl_g": 209.2022072593505,
      "chg_1h": 0.07867820613690008,
      "chg_24h": -2.1538461538461537
    },
    "XCU": {
      "name": "Cobre",
      "usd_oz": 6.123633,
      "usd_g": 0.19687937266228706,
      "brl_oz": 31.3254446115,
      "brl_g": 1.0071364308539295,
      "chg_1h": 0,
      "chg_24h": 1.2016515830149517
    }
  }
}
