{
  "timestamp": 1772551708,
  "usdToBrl": 5.2434,
  "metals": {
    "XAU": {
      "name": "Ouro",
      "usd_oz": 5042.5,
      "usd_g": 162.12013957230658,
      "brl_oz": 26439.844500000003,
      "brl_g": 850.0607398334324,
      "chg_1h": -1.7611857570956408,
      "chg_24h": -5.5056840083219365
    },
    "XAG": {
      "name": "Prata",
      "usd_oz": 80.749001,
      "usd_g": 2.5961406668208875,
      "brl_oz": 423.3993118434001,
      "brl_g": 13.612603972408643,
      "chg_1h": -1.1845784407927913,
      "chg_24h": -10.380453609701892
    },
    "XPT": {
      "name": "Platina",
      "usd_oz": 2022,
      "usd_g": 65.00880956176577,
      "brl_oz": 10602.1548,
      "brl_g": 340.86719205616265,
      "chg_1h": -3.9886039886039883,
      "chg_24h": -12.391681109185441
    },
    "XPD": {
      "name": "Paládio",
      "usd_oz": 1635,
      "usd_g": 52.56647063970675,
      "brl_oz": 8572.959,
      "brl_g": 275.62703215223837,
      "chg_1h": -3.2544378698224854,
      "chg_24h": -8.862876254180602
    },
    "XCU": {
      "name": "Cobre",
      "usd_oz": 5.832896,
      "usd_g": 0.18753196105716388,
      "brl_oz": 30.5842068864,
      "brl_g": 0.9833050846071332,
      "chg_1h": -0.4155883711742611,
      "chg_24h": -3.0849541236234677
    }
  }
}
