{
  "timestamp": 1784925529,
  "usdToBrl": 5.0827,
  "metals": {
    "XAU": {
      "name": "Ouro",
      "usd_oz": 4055.100098,
      "usd_g": 130.3744955612165,
      "brl_oz": 20610.8572681046,
      "brl_g": 662.654448588995,
      "chg_1h": -0.019719520188499512,
      "chg_24h": 0.1160427640164351
    },
    "XAG": {
      "name": "Prata",
      "usd_oz": 58.355999,
      "usd_g": 1.8761889346081078,
      "brl_oz": 296.6060361173,
      "brl_g": 9.53610549793263,
      "chg_1h": -0.13690532998656146,
      "chg_24h": 1.033605170338901
    },
    "XPT": {
      "name": "Platina",
      "usd_oz": 1595,
      "usd_g": 51.28044077696163,
      "brl_oz": 8106.9065,
      "brl_g": 260.6430963370629,
      "chg_1h": 0,
      "chg_24h": -0.3747657713928795
    },
    "XPD": {
      "name": "Paládio",
      "usd_oz": 1264,
      "usd_g": 40.63854366274577,
      "brl_oz": 6424.5328,
      "brl_g": 206.55352587463793,
      "chg_1h": -0.1579778830963665,
      "chg_24h": -0.8627450980392156
    },
    "XCU": {
      "name": "Cobre",
      "usd_oz": 6.202496,
      "usd_g": 0.1994148769889288,
      "brl_oz": 31.5254264192,
      "brl_g": 1.0135659952716283,
      "chg_1h": 0,
      "chg_24h": -0.3314573727692699
    }
  }
}
