{
  "timestamp": 1772777277,
  "usdToBrl": 5.2484,
  "metals": {
    "XAU": {
      "name": "Ouro",
      "usd_oz": 5118,
      "usd_g": 164.547520938238,
      "brl_oz": 26861.3112,
      "brl_g": 863.6112088922483,
      "chg_1h": -0.20863366141838494,
      "chg_24h": -0.6445137782108727
    },
    "XAG": {
      "name": "Prata",
      "usd_oz": 83.754997,
      "usd_g": 2.692785682403197,
      "brl_oz": 439.57972625480005,
      "brl_g": 14.13281637552494,
      "chg_1h": -0.6476862440177508,
      "chg_24h": 0.6658586154425358
    },
    "XPT": {
      "name": "Platina",
      "usd_oz": 2149,
      "usd_g": 69.09195437598153,
      "brl_oz": 11278.8116,
      "brl_g": 362.62221334690145,
      "chg_1h": -0.18578727357176034,
      "chg_24h": -0.3246753246753247
    },
    "XPD": {
      "name": "Paládio",
      "usd_oz": 1681,
      "usd_g": 54.04540498186363,
      "brl_oz": 8822.5604,
      "brl_g": 283.6519035068131,
      "chg_1h": -0.35566093657379966,
      "chg_24h": -0.4736530491415038
    },
    "XCU": {
      "name": "Cobre",
      "usd_oz": 5.830779,
      "usd_g": 0.18746389792667809,
      "brl_oz": 30.6022605036,
      "brl_g": 0.9838855218783773,
      "chg_1h": -0.1087863571286552,
      "chg_24h": 0.09474255226375489
    }
  }
}
