{
  "timestamp": 1772797215,
  "usdToBrl": 5.2484,
  "metals": {
    "XAU": {
      "name": "Ouro",
      "usd_oz": 5091.700195,
      "usd_g": 163.70196257287867,
      "brl_oz": 26723.279303438,
      "brl_g": 859.1733803674964,
      "chg_1h": 0.05305944193358909,
      "chg_24h": -1.3809762734844016
    },
    "XAG": {
      "name": "Prata",
      "usd_oz": 83.066002,
      "usd_g": 2.670633978771145,
      "brl_oz": 435.9636048968,
      "brl_g": 14.016555374182477,
      "chg_1h": -0.20663279039180726,
      "chg_24h": -1.6097138900901267
    },
    "XPT": {
      "name": "Platina",
      "usd_oz": 2141,
      "usd_g": 68.83474840343251,
      "brl_oz": 11236.8244,
      "brl_g": 361.2722935205752,
      "chg_1h": -0.37226617031177295,
      "chg_24h": -1.6988062442607896
    },
    "XPD": {
      "name": "Paládio",
      "usd_oz": 1666,
      "usd_g": 53.56314378333422,
      "brl_oz": 8743.8344,
      "brl_g": 281.1208038324513,
      "chg_1h": -0.23952095808383234,
      "chg_24h": -1.1862396204033214
    },
    "XCU": {
      "name": "Cobre",
      "usd_oz": 5.802505,
      "usd_g": 0.1865548677181967,
      "brl_oz": 30.453867242,
      "brl_g": 0.9791145677321836,
      "chg_1h": -0.04298018949181209,
      "chg_24h": -0.06639271419615249
    }
  }
}
