{
  "timestamp": 1772173936,
  "usdToBrl": 5.1258,
  "metals": {
    "XAU": {
      "name": "Ouro",
      "usd_oz": 5197.200195,
      "usd_g": 167.09386633586894,
      "brl_oz": 26639.808759531003,
      "brl_g": 856.489740064397,
      "chg_1h": 0.11365920331393187,
      "chg_24h": -0.011535842519800589
    },
    "XAG": {
      "name": "Prata",
      "usd_oz": 90.515999,
      "usd_g": 2.9101569442551836,
      "brl_oz": 463.96690767419994,
      "brl_g": 14.91688246486322,
      "chg_1h": 0.6538541871958201,
      "chg_24h": 0.9074446197148897
    },
    "XPT": {
      "name": "Platina",
      "usd_oz": 2412,
      "usd_g": 77.54760072353069,
      "brl_oz": 12363.4296,
      "brl_g": 397.4934917886736,
      "chg_1h": 0.08298755186721991,
      "chg_24h": 4.551365409622886
    },
    "XPD": {
      "name": "Paládio",
      "usd_oz": 1862,
      "usd_g": 59.864690110785304,
      "brl_oz": 9544.239599999999,
      "brl_g": 306.85442856986333,
      "chg_1h": 0.2692514808831448,
      "chg_24h": 3.2723239046034385
    },
    "XCU": {
      "name": "Cobre",
      "usd_oz": 6.027184,
      "usd_g": 0.19377846530648948,
      "brl_oz": 30.8941397472,
      "brl_g": 0.9932696574680038,
      "chg_1h": 0.49157168721815114,
      "chg_24h": 1.0532895219974863
    }
  }
}
