{
  "timestamp": 1773038629,
  "usdToBrl": 5.2765,
  "metals": {
    "XAU": {
      "name": "Ouro",
      "usd_oz": 5118.100098,
      "usd_g": 164.55073916366803,
      "brl_oz": 27005.655167097,
      "brl_g": 868.2519751970945,
      "chg_1h": -0.20862009450181226,
      "chg_24h": -1.0804001159644396
    },
    "XAG": {
      "name": "Prata",
      "usd_oz": 84.425003,
      "usd_g": 2.7143268755086574,
      "brl_oz": 445.46852832950003,
      "brl_g": 14.322145758621431,
      "chg_1h": -0.2752179454470094,
      "chg_24h": -0.1985968059154523
    },
    "XPT": {
      "name": "Platina",
      "usd_oz": 2135,
      "usd_g": 68.64184392402073,
      "brl_oz": 11265.327500000001,
      "brl_g": 362.1886894650954,
      "chg_1h": -0.7899628252788103,
      "chg_24h": -0.9280742459396751
    },
    "XPD": {
      "name": "Paládio",
      "usd_oz": 1636,
      "usd_g": 52.598621386275376,
      "brl_oz": 8632.354000000001,
      "brl_g": 277.53662574468206,
      "chg_1h": -0.3654080389768575,
      "chg_24h": -0.9085402786190186
    },
    "XCU": {
      "name": "Cobre",
      "usd_oz": 5.805226,
      "usd_g": 0.18664234989960996,
      "brl_oz": 30.631274989000005,
      "brl_g": 0.984818359245292,
      "chg_1h": 0.0742813593092285,
      "chg_24h": 0.158072788706265
    }
  }
}
