{
  "timestamp": 1774343319,
  "usdToBrl": 5.2552,
  "metals": {
    "XAU": {
      "name": "Ouro",
      "usd_oz": 4406.100098,
      "usd_g": 141.6594076068049,
      "brl_oz": 23154.937235009602,
      "brl_g": 744.4485188552812,
      "chg_1h": -0.1427750009047168,
      "chg_24h": 3.5925116969270463
    },
    "XAG": {
      "name": "Prata",
      "usd_oz": 69.431999,
      "usd_g": 2.2322906036022316,
      "brl_oz": 364.87904114480006,
      "brl_g": 11.731133580050448,
      "chg_1h": -0.49585972656138194,
      "chg_24h": 7.466562733204481
    },
    "XPT": {
      "name": "Platina",
      "usd_oz": 1889,
      "usd_g": 60.73276026813826,
      "brl_oz": 9927.0728,
      "brl_g": 319.1628017611202,
      "chg_1h": -0.21130480718436345,
      "chg_24h": 3.962575674188222
    },
    "XPD": {
      "name": "Paládio",
      "usd_oz": 1447,
      "usd_g": 46.52213028480469,
      "brl_oz": 7604.2744,
      "brl_g": 244.4830990727056,
      "chg_1h": -0.8904109589041096,
      "chg_24h": 2.2614840989399294
    },
    "XCU": {
      "name": "Cobre",
      "usd_oz": 5.434415,
      "usd_g": 0.17472049941375045,
      "brl_oz": 28.558937708000006,
      "brl_g": 0.9181911685191414,
      "chg_1h": -0.11254401678656882,
      "chg_24h": -0.21792840769963348
    }
  }
}
