{
  "timestamp": 1783494620,
  "usdToBrl": 5.1413,
  "metals": {
    "XAU": {
      "name": "Ouro",
      "usd_oz": 4121.700195,
      "usd_g": 132.51573840130953,
      "brl_oz": 21190.897212553504,
      "brl_g": 681.3031658426528,
      "chg_1h": 0,
      "chg_24h": -0.27098906979527815
    },
    "XAG": {
      "name": "Prata",
      "usd_oz": 60.783001,
      "usd_g": 1.954218860831661,
      "brl_oz": 312.5036430413,
      "brl_g": 10.04722542919382,
      "chg_1h": 0,
      "chg_24h": -0.6375345332091006
    },
    "XPT": {
      "name": "Platina",
      "usd_oz": 1635,
      "usd_g": 52.56647063970675,
      "brl_oz": 8406.0255,
      "brl_g": 270.25999549992434,
      "chg_1h": 0,
      "chg_24h": -0.18315018315018314
    },
    "XPD": {
      "name": "Paládio",
      "usd_oz": 1289,
      "usd_g": 41.44231232696147,
      "brl_oz": 6627.1357,
      "brl_g": 213.067360366607,
      "chg_1h": 0,
      "chg_24h": -0.07751937984496124
    },
    "XCU": {
      "name": "Cobre",
      "usd_oz": 6.031418,
      "usd_g": 0.19391459156746105,
      "brl_oz": 31.009329363400003,
      "brl_g": 0.9969730896257876,
      "chg_1h": 0,
      "chg_24h": -0.16767225883166542
    }
  }
}
