{
  "timestamp": 1783682954,
  "usdToBrl": 5.1453,
  "metals": {
    "XAU": {
      "name": "Ouro",
      "usd_oz": 4104.200195,
      "usd_g": 131.95310033635855,
      "brl_oz": 21117.3412633335,
      "brl_g": 678.9382871606656,
      "chg_1h": 0,
      "chg_24h": -0.11924516033046854
    },
    "XAG": {
      "name": "Prata",
      "usd_oz": 59.549,
      "usd_g": 1.9145448074152276,
      "brl_oz": 306.3974697,
      "brl_g": 9.85090739759357,
      "chg_1h": 0,
      "chg_24h": 0.7358697004387983
    },
    "XPT": {
      "name": "Platina",
      "usd_oz": 1621,
      "usd_g": 52.116360187745954,
      "brl_oz": 8340.531299999999,
      "brl_g": 268.15430807400924,
      "chg_1h": 0,
      "chg_24h": 0.06172839506172839
    },
    "XPD": {
      "name": "Paládio",
      "usd_oz": 1297,
      "usd_g": 41.699518299510494,
      "brl_oz": 6673.4541,
      "brl_g": 214.55653150647134,
      "chg_1h": 0,
      "chg_24h": 2.448657187993681
    },
    "XCU": {
      "name": "Cobre",
      "usd_oz": 6.033459,
      "usd_g": 0.1939802112412076,
      "brl_oz": 31.043956592699995,
      "brl_g": 0.9980863808993854,
      "chg_1h": 0,
      "chg_24h": 0.40889422320831287
    }
  }
}
