{
  "timestamp": 1775722018,
  "usdToBrl": 5.0818,
  "metals": {
    "XAU": {
      "name": "Ouro",
      "usd_oz": 4722.100098,
      "usd_g": 151.81904352249134,
      "brl_oz": 23996.7682780164,
      "brl_g": 771.5140153725965,
      "chg_1h": 0.16546026605535832,
      "chg_24h": -1.9151218398206875
    },
    "XAG": {
      "name": "Prata",
      "usd_oz": 74.100998,
      "usd_g": 2.382402407180409,
      "brl_oz": 376.5664516364,
      "brl_g": 12.106892552809402,
      "chg_1h": 0.17574049052006613,
      "chg_24h": -3.696149197478705
    },
    "XPT": {
      "name": "Platina",
      "usd_oz": 2021,
      "usd_g": 64.97665881519715,
      "brl_oz": 10270.3178,
      "brl_g": 330.19838476706894,
      "chg_1h": 0.39741679085941384,
      "chg_24h": -1.2701514411333659
    },
    "XPD": {
      "name": "Paládio",
      "usd_oz": 1583,
      "usd_g": 50.894631818138095,
      "brl_oz": 8044.4894,
      "brl_g": 258.6363399734142,
      "chg_1h": 0.1265022137887413,
      "chg_24h": 1.6698779704560054
    },
    "XCU": {
      "name": "Cobre",
      "usd_oz": 5.663025,
      "usd_g": 0.18207048158680447,
      "brl_oz": 28.778360445000004,
      "brl_g": 0.925245773327823,
      "chg_1h": -0.014689636408545339,
      "chg_24h": 1.0126910122290258
    }
  }
}
