{
  "timestamp": 1772581730,
  "usdToBrl": 5.2434,
  "metals": {
    "XAU": {
      "name": "Ouro",
      "usd_oz": 5130.700195,
      "usd_g": 164.95584168905518,
      "brl_oz": 26902.313402463,
      "brl_g": 864.9294603123919,
      "chg_1h": 0.8055484297538276,
      "chg_24h": -3.942853194700972
    },
    "XAG": {
      "name": "Prata",
      "usd_oz": 83.245003,
      "usd_g": 2.676388994557676,
      "brl_oz": 436.4868487302,
      "brl_g": 14.03337805406372,
      "chg_1h": 1.302099131045962,
      "chg_24h": -7.526098895559846
    },
    "XPT": {
      "name": "Platina",
      "usd_oz": 2112,
      "usd_g": 67.9023767529423,
      "brl_oz": 11074.060800000001,
      "brl_g": 356.03932226637767,
      "chg_1h": 0.8595988538681949,
      "chg_24h": -8.96551724137931
    },
    "XPD": {
      "name": "Paládio",
      "usd_oz": 1678,
      "usd_g": 53.94895274215775,
      "brl_oz": 8798.4252,
      "brl_g": 282.87593880823,
      "chg_1h": 0.41891083183722316,
      "chg_24h": -7.241569928137093
    },
    "XCU": {
      "name": "Cobre",
      "usd_oz": 5.839382,
      "usd_g": 0.187740490799408,
      "brl_oz": 30.6182155788,
      "brl_g": 0.9843984894576159,
      "chg_1h": 0,
      "chg_24h": -3.758972458967982
    }
  }
}
