{
  "timestamp": 1776368085,
  "usdToBrl": 4.9882,
  "metals": {
    "XAU": {
      "name": "Ouro",
      "usd_oz": 4793.5,
      "usd_g": 154.11460367671822,
      "brl_oz": 23910.9367,
      "brl_g": 768.7544660602058,
      "chg_1h": 0.17554286907208,
      "chg_24h": -0.05629862996159502
    },
    "XAG": {
      "name": "Prata",
      "usd_oz": 78.760002,
      "usd_g": 2.532192864046633,
      "brl_oz": 392.8706419764,
      "brl_g": 12.631084444437416,
      "chg_1h": 0.4989204724219774,
      "chg_24h": -0.8559919220545926
    },
    "XPT": {
      "name": "Platina",
      "usd_oz": 2104,
      "usd_g": 67.64517078039327,
      "brl_oz": 10495.1728,
      "brl_g": 337.42764088675773,
      "chg_1h": 0.23820867079561697,
      "chg_24h": -1.0813352139163142
    },
    "XPD": {
      "name": "Paládio",
      "usd_oz": 1585,
      "usd_g": 50.95893331127535,
      "brl_oz": 7906.297,
      "brl_g": 254.19335114330372,
      "chg_1h": 0.06313131313131314,
      "chg_24h": -0.25173064820641916
    },
    "XCU": {
      "name": "Cobre",
      "usd_oz": 5.954768,
      "usd_g": 0.19145023684297569,
      "brl_oz": 29.7035737376,
      "brl_g": 0.9549920714201313,
      "chg_1h": 0.16797924633736958,
      "chg_24h": 0.11733771994936945
    }
  }
}
