{
  "timestamp": 1783413461,
  "usdToBrl": 5.18,
  "metals": {
    "XAU": {
      "name": "Ouro",
      "usd_oz": 4132.899902,
      "usd_g": 132.8758173427094,
      "brl_oz": 21408.42149236,
      "brl_g": 688.2967338352347,
      "chg_1h": 0,
      "chg_24h": -0.24619718951332412
    },
    "XAG": {
      "name": "Prata",
      "usd_oz": 61.173,
      "usd_g": 1.9667576198426795,
      "brl_oz": 316.87613999999996,
      "brl_g": 10.187804470785078,
      "chg_1h": 0,
      "chg_24h": -1.4546684709066284
    },
    "XPT": {
      "name": "Platina",
      "usd_oz": 1638,
      "usd_g": 52.66292287941263,
      "brl_oz": 8484.84,
      "brl_g": 272.7939405153574,
      "chg_1h": 0,
      "chg_24h": -0.24360535931790497
    },
    "XPD": {
      "name": "Paládio",
      "usd_oz": 1290,
      "usd_g": 41.474463073530096,
      "brl_oz": 6682.2,
      "brl_g": 214.83771872088587,
      "chg_1h": 0,
      "chg_24h": -0.4629629629629629
    },
    "XCU": {
      "name": "Cobre",
      "usd_oz": 6.041548,
      "usd_g": 0.19424027863020124,
      "brl_oz": 31.295218639999998,
      "brl_g": 1.0061646433044424,
      "chg_1h": 0,
      "chg_24h": 0.17046169569345854
    }
  }
}
