{
  "timestamp": 1779752866,
  "usdToBrl": 5.0026,
  "metals": {
    "XAU": {
      "name": "Ouro",
      "usd_oz": 4559.600098,
      "usd_g": 146.5945472050893,
      "brl_oz": 22809.8554502548,
      "brl_g": 733.3538818481798,
      "chg_1h": -0.3170022450173324,
      "chg_24h": -0.29302212989285176
    },
    "XAG": {
      "name": "Prata",
      "usd_oz": 77.727997,
      "usd_g": 2.499013132834076,
      "brl_oz": 388.84207779220003,
      "brl_g": 12.50156309831575,
      "chg_1h": -0.623920912962017,
      "chg_24h": -1.0792087191615127
    },
    "XPT": {
      "name": "Platina",
      "usd_oz": 1968,
      "usd_g": 63.272669247059866,
      "brl_oz": 9845.1168,
      "brl_g": 316.5278551753417,
      "chg_1h": -0.25342118601115055,
      "chg_24h": -0.10152284263959391
    },
    "XPD": {
      "name": "Paládio",
      "usd_oz": 1410,
      "usd_g": 45.332552661765455,
      "brl_oz": 7053.666,
      "brl_g": 226.78062794574788,
      "chg_1h": -0.5641748942172073,
      "chg_24h": 0.7862759113652609
    },
    "XCU": {
      "name": "Cobre",
      "usd_oz": 6.127126,
      "usd_g": 0.1969916752200513,
      "brl_oz": 30.651560527599997,
      "brl_g": 0.9854705544558287,
      "chg_1h": 0,
      "chg_24h": 0
    }
  }
}
