{
  "timestamp": 1775766756,
  "usdToBrl": 5.0992,
  "metals": {
    "XAU": {
      "name": "Ouro",
      "usd_oz": 4772.100098,
      "usd_g": 153.42658085092276,
      "brl_oz": 24333.892819721597,
      "brl_g": 782.3528210750253,
      "chg_1h": -0.004184711945182624,
      "chg_24h": 1.0888194733154313
    },
    "XAG": {
      "name": "Prata",
      "usd_oz": 75.802002,
      "usd_g": 2.4370909556966316,
      "brl_oz": 386.5295685984,
      "brl_g": 12.427214201288264,
      "chg_1h": -0.14359051480322574,
      "chg_24h": 2.110865466277834
    },
    "XPT": {
      "name": "Platina",
      "usd_oz": 2112,
      "usd_g": 67.9023767529423,
      "brl_oz": 10769.5104,
      "brl_g": 346.2477995386034,
      "chg_1h": -0.1890359168241966,
      "chg_24h": 3.478686918177364
    },
    "XPD": {
      "name": "Paládio",
      "usd_oz": 1582,
      "usd_g": 50.86248107156947,
      "brl_oz": 8066.934399999999,
      "brl_g": 259.357963480147,
      "chg_1h": -0.12626262626262627,
      "chg_24h": -0.1892744479495268
    },
    "XCU": {
      "name": "Cobre",
      "usd_oz": 5.640701,
      "usd_g": 0.18135274832040643,
      "brl_oz": 28.7630625392,
      "brl_g": 0.9247539342354164,
      "chg_1h": 0,
      "chg_24h": -0.31569841470408705
    }
  }
}
