{
  "timestamp": 1773704916,
  "usdToBrl": 5.2703,
  "metals": {
    "XAU": {
      "name": "Ouro",
      "usd_oz": 5008.100098,
      "usd_g": 161.01415704111895,
      "brl_oz": 26394.189946489398,
      "brl_g": 848.5929118538091,
      "chg_1h": 0.03196041146509316,
      "chg_24h": 0.2903716700463746
    },
    "XAG": {
      "name": "Prata",
      "usd_oz": 81.077003,
      "usd_g": 2.6066861759968907,
      "brl_oz": 427.3001289109,
      "brl_g": 13.738018153356412,
      "chg_1h": 0.10742684547294949,
      "chg_24h": 1.2892810616348545
    },
    "XPT": {
      "name": "Platina",
      "usd_oz": 2129,
      "usd_g": 68.44893944460897,
      "brl_oz": 11220.4687,
      "brl_g": 360.7464455549226,
      "chg_1h": 0.09402914903620122,
      "chg_24h": 5.187747035573122
    },
    "XPD": {
      "name": "Paládio",
      "usd_oz": 1639,
      "usd_g": 52.69507362598126,
      "brl_oz": 8638.0217,
      "brl_g": 277.71884653100904,
      "chg_1h": 0.3674219228413962,
      "chg_24h": 5.198973042362002
    },
    "XCU": {
      "name": "Cobre",
      "usd_oz": 5.833047,
      "usd_g": 0.18753681581989573,
      "brl_oz": 30.741907604099996,
      "brl_g": 0.9883752804155964,
      "chg_1h": 0,
      "chg_24h": -0.6699318914213483
    }
  }
}
