{
  "timestamp": 1779097283,
  "usdToBrl": 5.0324,
  "metals": {
    "XAU": {
      "name": "Ouro",
      "usd_oz": 4546.799805,
      "usd_g": 146.1830082288421,
      "brl_oz": 22881.315338681998,
      "brl_g": 735.6513706108251,
      "chg_1h": 0,
      "chg_24h": 0.12330682990291077
    },
    "XAG": {
      "name": "Prata",
      "usd_oz": 75.936996,
      "usd_g": 2.4414311135789166,
      "brl_oz": 382.14533867039995,
      "brl_g": 12.28625793597454,
      "chg_1h": 0,
      "chg_24h": -0.20370997462113316
    },
    "XPT": {
      "name": "Platina",
      "usd_oz": 1987,
      "usd_g": 63.883533431863796,
      "brl_oz": 9999.3788,
      "brl_g": 321.48749364251137,
      "chg_1h": 0,
      "chg_24h": -0.10055304172951231
    },
    "XPD": {
      "name": "Paládio",
      "usd_oz": 1432,
      "usd_g": 46.03986908627527,
      "brl_oz": 7206.3967999999995,
      "brl_g": 231.69103718977166,
      "chg_1h": 0,
      "chg_24h": -0.1394700139470014
    },
    "XCU": {
      "name": "Cobre",
      "usd_oz": 6.132267,
      "usd_g": 0.1971569622081606,
      "brl_oz": 30.860020450799997,
      "brl_g": 0.9921726966163473,
      "chg_1h": 0,
      "chg_24h": -1.581923061984962
    }
  }
}
