{
  "timestamp": 1782912149,
  "usdToBrl": 5.1784,
  "metals": {
    "XAU": {
      "name": "Ouro",
      "usd_oz": 4029.699951,
      "usd_g": 129.5578618722136,
      "brl_oz": 20867.3982262584,
      "brl_g": 670.902431919071,
      "chg_1h": 0,
      "chg_24h": 0.012409411448441664
    },
    "XAG": {
      "name": "Prata",
      "usd_oz": 58.696999,
      "usd_g": 1.88715233918801,
      "brl_oz": 303.9565396216,
      "brl_g": 9.77242967325119,
      "chg_1h": 0,
      "chg_24h": -0.9032263270943505
    },
    "XPT": {
      "name": "Platina",
      "usd_oz": 1580,
      "usd_g": 50.79817957843221,
      "brl_oz": 8181.871999999999,
      "brl_g": 263.0532931289534,
      "chg_1h": 0,
      "chg_24h": 0.31746031746031744
    },
    "XPD": {
      "name": "Paládio",
      "usd_oz": 1229,
      "usd_g": 39.51326753284379,
      "brl_oz": 6364.2536,
      "brl_g": 204.61550459207828,
      "chg_1h": 0,
      "chg_24h": -0.6467259498787389
    },
    "XCU": {
      "name": "Cobre",
      "usd_oz": 5.998986,
      "usd_g": 0.1928718785547473,
      "brl_oz": 31.065149102400003,
      "brl_g": 0.9987677359079034,
      "chg_1h": 0,
      "chg_24h": -0.8199115858452005
    }
  }
}
