{
  "timestamp": 1776938354,
  "usdToBrl": 4.9717,
  "metals": {
    "XAU": {
      "name": "Ouro",
      "usd_oz": 4698.299805,
      "usd_g": 151.05384633398924,
      "brl_oz": 23358.5371405185,
      "brl_g": 750.9944078186943,
      "chg_1h": -0.447092796502763,
      "chg_24h": -1.2651086476831008
    },
    "XAG": {
      "name": "Prata",
      "usd_oz": 75.532997,
      "usd_g": 2.4284422441159372,
      "brl_oz": 375.5274011849,
      "brl_g": 12.073486305071206,
      "chg_1h": -0.9559203672088323,
      "chg_24h": -3.3214738204350382
    },
    "XPT": {
      "name": "Platina",
      "usd_oz": 2022,
      "usd_g": 65.00880956176577,
      "brl_oz": 10052.7774,
      "brl_g": 323.2042984982309,
      "chg_1h": -0.8337420304070623,
      "chg_24h": -2.8351753964440176
    },
    "XPD": {
      "name": "Paládio",
      "usd_oz": 1522,
      "usd_g": 48.93343627745179,
      "brl_oz": 7566.9274000000005,
      "brl_g": 243.28236514060708,
      "chg_1h": -0.9114583333333334,
      "chg_24h": -4.69630557294928
    },
    "XCU": {
      "name": "Cobre",
      "usd_oz": 6.049032,
      "usd_g": 0.19448089481752087,
      "brl_oz": 30.073972394400002,
      "brl_g": 0.9669006647642686,
      "chg_1h": 0,
      "chg_24h": 0.7631237902325857
    }
  }
}
