{
  "timestamp": 1770998778,
  "usdToBrl": 5.2197,
  "metals": {
    "XAU": {
      "name": "Ouro",
      "usd_oz": 4991.200195,
      "usd_g": 160.47081254273158,
      "brl_oz": 26052.5676578415,
      "brl_g": 837.6095002292959,
      "chg_1h": -0.13205030728515352,
      "chg_24h": -1.2640680058003382
    },
    "XAG": {
      "name": "Prata",
      "usd_oz": 77.862,
      "usd_g": 2.503321429326512,
      "brl_oz": 406.41628139999995,
      "brl_g": 13.066586864655592,
      "chg_1h": 0.22526807446641559,
      "chg_24h": -5.129641109387393
    },
    "XPT": {
      "name": "Platina",
      "usd_oz": 2084,
      "usd_g": 67.00215584902071,
      "brl_oz": 10877.8548,
      "brl_g": 349.7311528851334,
      "chg_1h": 0.43373493975903615,
      "chg_24h": -1.0915994304698624
    },
    "XPD": {
      "name": "Paládio",
      "usd_oz": 1685,
      "usd_g": 54.17400796813815,
      "brl_oz": 8795.1945,
      "brl_g": 282.7720693912907,
      "chg_1h": -0.17772511848341233,
      "chg_24h": -1.749271137026239
    },
    "XCU": {
      "name": "Cobre",
      "usd_oz": 5.877272,
      "usd_g": 0.1889586825868933,
      "brl_oz": 30.677596658399995,
      "brl_g": 0.9863076354988068,
      "chg_1h": 0.3277871380847266,
      "chg_24h": -1.4439296915389774
    }
  }
}
