{
  "timestamp": 1775056770,
  "usdToBrl": 5.1598,
  "metals": {
    "XAU": {
      "name": "Ouro",
      "usd_oz": 4768.600098,
      "usd_g": 153.31405323793254,
      "brl_oz": 24605.0227856604,
      "brl_g": 791.0698518970843,
      "chg_1h": 0.6139908851144612,
      "chg_24h": 3.25891593526044
    },
    "XAG": {
      "name": "Prata",
      "usd_oz": 75.644997,
      "usd_g": 2.432043127731624,
      "brl_oz": 390.3130555206,
      "brl_g": 12.548856130469634,
      "chg_1h": 1.0351194990602668,
      "chg_24h": 2.3806877519235625
    },
    "XPT": {
      "name": "Platina",
      "usd_oz": 1989,
      "usd_g": 63.947834925001054,
      "brl_oz": 10262.8422,
      "brl_g": 329.95803864602044,
      "chg_1h": 1.4795918367346939,
      "chg_24h": 2.472952086553323
    },
    "XPD": {
      "name": "Paládio",
      "usd_oz": 1529,
      "usd_g": 49.15849150343218,
      "brl_oz": 7889.334199999999,
      "brl_g": 253.64798445940934,
      "chg_1h": 2.824478816408877,
      "chg_24h": 2.9629629629629632
    },
    "XCU": {
      "name": "Cobre",
      "usd_oz": 5.561799,
      "usd_g": 0.17881599011464852,
      "brl_oz": 28.697770480199996,
      "brl_g": 0.9226547457935634,
      "chg_1h": 0.2671363035135689,
      "chg_24h": 0.014961426672734148
    }
  }
}
