{
  "timestamp": 1772664761,
  "usdToBrl": 5.2198,
  "metals": {
    "XAU": {
      "name": "Ouro",
      "usd_oz": 5142.200195,
      "usd_g": 165.3255752745944,
      "brl_oz": 26841.256577861004,
      "brl_g": 862.9664378183279,
      "chg_1h": 0.09148798053528659,
      "chg_24h": 1.0314949405384377
    },
    "XAG": {
      "name": "Prata",
      "usd_oz": 83.68,
      "usd_g": 2.6903744728627896,
      "brl_oz": 436.79286400000007,
      "brl_g": 14.04321667344919,
      "chg_1h": 0.14121730648943967,
      "chg_24h": 1.8314535382493418
    },
    "XPT": {
      "name": "Platina",
      "usd_oz": 2166,
      "usd_g": 69.63851706764821,
      "brl_oz": 11306.086800000001,
      "brl_g": 363.49913138971016,
      "chg_1h": 0.046189376443418015,
      "chg_24h": 3.4383954154727796
    },
    "XPD": {
      "name": "Paládio",
      "usd_oz": 1694,
      "usd_g": 54.4633646872558,
      "brl_oz": 8842.3412,
      "brl_g": 284.2878709945378,
      "chg_1h": -0.1179245283018868,
      "chg_24h": 1.3764213046080191
    },
    "XCU": {
      "name": "Cobre",
      "usd_oz": 5.889702,
      "usd_g": 0.18935831636674136,
      "brl_oz": 30.7430664996,
      "brl_g": 0.9884125397711165,
      "chg_1h": 0,
      "chg_24h": 0.8617350260695421
    }
  }
}
