{
  "timestamp": 1771458507,
  "usdToBrl": 5.2229,
  "metals": {
    "XAU": {
      "name": "Ouro",
      "usd_oz": 4979.100098,
      "usd_g": 160.08178539062874,
      "brl_oz": 26005.3419018442,
      "brl_g": 836.0911569167149,
      "chg_1h": 0.022099196464441324,
      "chg_24h": 2.2759545927348706
    },
    "XAG": {
      "name": "Prata",
      "usd_oz": 77.213997,
      "usd_g": 2.4824876490978016,
      "brl_oz": 403.28098493130005,
      "brl_g": 12.96578474247291,
      "chg_1h": -0.1422585539648182,
      "chg_24h": 5.577349953446376
    },
    "XPT": {
      "name": "Platina",
      "usd_oz": 2086,
      "usd_g": 67.06645734215797,
      "brl_oz": 10894.9694,
      "brl_g": 350.2814000523569,
      "chg_1h": 0.19212295869356388,
      "chg_24h": 3.6779324055666
    },
    "XPD": {
      "name": "Paládio",
      "usd_oz": 1728,
      "usd_g": 55.55649007058915,
      "brl_oz": 9025.1712,
      "brl_g": 290.1659919896801,
      "chg_1h": -0.23094688221709006,
      "chg_24h": 1.7068864037669218
    },
    "XCU": {
      "name": "Cobre",
      "usd_oz": 5.81135,
      "usd_g": 0.18683924107159622,
      "brl_oz": 30.352099915,
      "brl_g": 0.9758426721928399,
      "chg_1h": 0,
      "chg_24h": 1.7236846297085309
    }
  }
}
