{
  "timestamp": 1771857018,
  "usdToBrl": 5.2144,
  "metals": {
    "XAU": {
      "name": "Ouro",
      "usd_oz": 5164.600098,
      "usd_g": 166.04574887910923,
      "brl_oz": 26930.2907510112,
      "brl_g": 865.8289529552272,
      "chg_1h": 0.26986433831836604,
      "chg_24h": 1.1100490825554117
    },
    "XAG": {
      "name": "Prata",
      "usd_oz": 86.588997,
      "usd_g": 2.783900898178689,
      "brl_oz": 451.50966595680006,
      "brl_g": 14.516372843462955,
      "chg_1h": -0.23044855649391882,
      "chg_24h": 2.1506240963431726
    },
    "XPT": {
      "name": "Platina",
      "usd_oz": 2163,
      "usd_g": 69.54206482794233,
      "brl_oz": 11278.747200000002,
      "brl_g": 362.6201428388225,
      "chg_1h": 0.1388888888888889,
      "chg_24h": -0.18458698661744347
    },
    "XPD": {
      "name": "Paládio",
      "usd_oz": 1782,
      "usd_g": 57.29263038529506,
      "brl_oz": 9292.060800000001,
      "brl_g": 298.7466918810826,
      "chg_1h": 0.11235955056179776,
      "chg_24h": -0.056085249579360626
    },
    "XCU": {
      "name": "Cobre",
      "usd_oz": 5.777709,
      "usd_g": 0.185757657806281,
      "brl_oz": 30.1272858096,
      "brl_g": 0.9686147308650718,
      "chg_1h": -0.023533202320305018,
      "chg_24h": 0.14542444264218105
    }
  }
}
