{
  "timestamp": 1780076686,
  "usdToBrl": 5.0453,
  "metals": {
    "XAU": {
      "name": "Ouro",
      "usd_oz": 4555.299805,
      "usd_g": 146.45628957467545,
      "brl_oz": 22982.8541061665,
      "brl_g": 738.9159177911101,
      "chg_1h": 0,
      "chg_24h": 1.1412310246321176
    },
    "XAG": {
      "name": "Prata",
      "usd_oz": 75.646004,
      "usd_g": 2.4320755035334187,
      "brl_oz": 381.6567839812,
      "brl_g": 12.270550537977158,
      "chg_1h": 0,
      "chg_24h": -0.2294856238459355
    },
    "XPT": {
      "name": "Platina",
      "usd_oz": 1925,
      "usd_g": 61.890187144608866,
      "brl_oz": 9712.2025,
      "brl_g": 312.2545612006951,
      "chg_1h": 0,
      "chg_24h": -0.20736132711249353
    },
    "XPD": {
      "name": "Paládio",
      "usd_oz": 1379,
      "usd_g": 44.335879518137986,
      "brl_oz": 6957.4687,
      "brl_g": 223.6878129328616,
      "chg_1h": 0,
      "chg_24h": -0.8626887131560028
    },
    "XCU": {
      "name": "Cobre",
      "usd_oz": 6.159482,
      "usd_g": 0.19803194477602581,
      "brl_oz": 31.0764345346,
      "brl_g": 0.999130570978483,
      "chg_1h": 0,
      "chg_24h": 1.0337308809159937
    }
  }
}
