{
  "timestamp": 1781087813,
  "usdToBrl": 5.163,
  "metals": {
    "XAU": {
      "name": "Ouro",
      "usd_oz": 4166.299805,
      "usd_g": 133.94964915947918,
      "brl_oz": 21510.605893215,
      "brl_g": 691.582038610391,
      "chg_1h": 0,
      "chg_24h": -3.8427808228725677
    },
    "XAG": {
      "name": "Prata",
      "usd_oz": 64.246002,
      "usd_g": 2.0655569283495665,
      "brl_oz": 331.70210832600003,
      "brl_g": 10.664470421068811,
      "chg_1h": 0,
      "chg_24h": -6.338746644349456
    },
    "XPT": {
      "name": "Platina",
      "usd_oz": 1676,
      "usd_g": 53.8846512490205,
      "brl_oz": 8653.188,
      "brl_g": 278.20645439869287,
      "chg_1h": 0,
      "chg_24h": -5.417607223476298
    },
    "XPD": {
      "name": "Paládio",
      "usd_oz": 1242,
      "usd_g": 39.931227238235955,
      "brl_oz": 6412.446,
      "brl_g": 206.16492623101226,
      "chg_1h": 0,
      "chg_24h": -1.506740681998414
    },
    "XCU": {
      "name": "Cobre",
      "usd_oz": 6.201666,
      "usd_g": 0.19938819186927684,
      "brl_oz": 32.019201558000006,
      "brl_g": 1.0294412346210764,
      "chg_1h": 0,
      "chg_24h": -1.0506081120214632
    }
  }
}
