{
  "timestamp": 1772723159,
  "usdToBrl": 5.2198,
  "metals": {
    "XAU": {
      "name": "Ouro",
      "usd_oz": 5098.299805,
      "usd_g": 163.91414496144046,
      "brl_oz": 26612.105322139,
      "brl_g": 855.599053869727,
      "chg_1h": -0.4743741954303191,
      "chg_24h": -1.4840349277433482
    },
    "XAG": {
      "name": "Prata",
      "usd_oz": 82.648003,
      "usd_g": 2.6571949988562054,
      "brl_oz": 431.4060460594,
      "brl_g": 13.870026455029622,
      "chg_1h": -0.2895437216484925,
      "chg_24h": -2.389241945630539
    },
    "XPT": {
      "name": "Platina",
      "usd_oz": 2149,
      "usd_g": 69.09195437598153,
      "brl_oz": 11217.3502,
      "brl_g": 360.6461834517484,
      "chg_1h": -0.4631773969430292,
      "chg_24h": -0.4631773969430292
    },
    "XPD": {
      "name": "Paládio",
      "usd_oz": 1668,
      "usd_g": 53.62744527647147,
      "brl_oz": 8706.626400000001,
      "brl_g": 279.9245388541258,
      "chg_1h": -0.05991611743559017,
      "chg_24h": -2.055196711685261
    },
    "XCU": {
      "name": "Cobre",
      "usd_oz": 5.786932,
      "usd_g": 0.18605418414188346,
      "brl_oz": 30.206627653600002,
      "brl_g": 0.9711656303838033,
      "chg_1h": 0.1426101516762177,
      "chg_24h": -1.350577098234117
    }
  }
}
