{
  "timestamp": 1783369870,
  "usdToBrl": 5.18,
  "metals": {
    "XAU": {
      "name": "Ouro",
      "usd_oz": 4164.100098,
      "usd_g": 133.87892693719695,
      "brl_oz": 21570.038507639998,
      "brl_g": 693.4928415346802,
      "chg_1h": 0.019222564731925136,
      "chg_24h": -0.28734943412268754
    },
    "XAG": {
      "name": "Prata",
      "usd_oz": 62.143002,
      "usd_g": 1.9979439083157418,
      "brl_oz": 321.90075036,
      "brl_g": 10.349349445075541,
      "chg_1h": -0.28561320077683244,
      "chg_24h": -0.5982309003384939
    },
    "XPT": {
      "name": "Platina",
      "usd_oz": 1637,
      "usd_g": 52.63077213284401,
      "brl_oz": 8479.66,
      "brl_g": 272.6273996481319,
      "chg_1h": -0.1829268292682927,
      "chg_24h": -0.6674757281553397
    },
    "XPD": {
      "name": "Paládio",
      "usd_oz": 1295,
      "usd_g": 41.635216806373236,
      "brl_oz": 6708.099999999999,
      "brl_g": 215.67042305701335,
      "chg_1h": -0.4611837048424289,
      "chg_24h": 0.3098373353989156
    },
    "XCU": {
      "name": "Cobre",
      "usd_oz": 6.042085,
      "usd_g": 0.1942575435811086,
      "brl_oz": 31.298000299999998,
      "brl_g": 1.0062540757501426,
      "chg_1h": 0.08933700775192371,
      "chg_24h": 0.4803932948823589
    }
  }
}
