{
  "timestamp": 1776388182,
  "usdToBrl": 4.9882,
  "metals": {
    "XAU": {
      "name": "Ouro",
      "usd_oz": 4791,
      "usd_g": 154.03422681029664,
      "brl_oz": 23898.4662,
      "brl_g": 768.3535301751217,
      "chg_1h": -0.11883575725541771,
      "chg_24h": -0.8423576247987866
    },
    "XAG": {
      "name": "Prata",
      "usd_oz": 78.747002,
      "usd_g": 2.5317749043412405,
      "brl_oz": 392.8057953764,
      "brl_g": 12.628999577834977,
      "chg_1h": -0.2545929030398003,
      "chg_24h": -2.074238611276034
    },
    "XPT": {
      "name": "Platina",
      "usd_oz": 2095,
      "usd_g": 67.35581406127562,
      "brl_oz": 10450.279,
      "brl_g": 335.98427170045505,
      "chg_1h": -0.09537434430138292,
      "chg_24h": -2.5127966496044674
    },
    "XPD": {
      "name": "Paládio",
      "usd_oz": 1580,
      "usd_g": 50.79817957843221,
      "brl_oz": 7881.356,
      "brl_g": 253.39147937313555,
      "chg_1h": 0,
      "chg_24h": -1.9851116625310175
    },
    "XCU": {
      "name": "Cobre",
      "usd_oz": 5.936768,
      "usd_g": 0.1908715234047404,
      "brl_oz": 29.6137861376,
      "brl_g": 0.952105333047526,
      "chg_1h": -0.3022787789549449,
      "chg_24h": -0.21473914639509456
    }
  }
}
