{
  "timestamp": 1773108722,
  "usdToBrl": 5.2302,
  "metals": {
    "XAU": {
      "name": "Ouro",
      "usd_oz": 5173.700195,
      "usd_g": 166.33832379150618,
      "brl_oz": 27059.486759889,
      "brl_g": 869.9827010943357,
      "chg_1h": 0,
      "chg_24h": 1.65638964560188
    },
    "XAG": {
      "name": "Prata",
      "usd_oz": 89.321999,
      "usd_g": 2.8717689528522423,
      "brl_oz": 467.17191916980005,
      "brl_g": 15.019925977207798,
      "chg_1h": 0,
      "chg_24h": 8.141940990592893
    },
    "XPT": {
      "name": "Platina",
      "usd_oz": 2205,
      "usd_g": 70.8923961838247,
      "brl_oz": 11532.591,
      "brl_g": 370.78141052063995,
      "chg_1h": 0,
      "chg_24h": 5.300859598853868
    },
    "XPD": {
      "name": "Paládio",
      "usd_oz": 1711,
      "usd_g": 55.00992737892248,
      "brl_oz": 8948.8722,
      "brl_g": 287.71292217724033,
      "chg_1h": 0,
      "chg_24h": 4.456654456654457
    },
    "XCU": {
      "name": "Cobre",
      "usd_oz": 5.880372,
      "usd_g": 0.18905834990125608,
      "brl_oz": 30.7555216344,
      "brl_g": 0.9888129816535496,
      "chg_1h": 0,
      "chg_24h": 1.9529870422136733
    }
  }
}
