{
  "timestamp": 1779969434,
  "usdToBrl": 5.0458,
  "metals": {
    "XAU": {
      "name": "Ouro",
      "usd_oz": 4385.600098,
      "usd_g": 141.00031730214803,
      "brl_oz": 22128.860974488398,
      "brl_g": 711.4594010431786,
      "chg_1h": 0,
      "chg_24h": -2.1835597635775645
    },
    "XAG": {
      "name": "Prata",
      "usd_oz": 72.957001,
      "usd_g": 2.3456220495581386,
      "brl_oz": 368.12643564580003,
      "brl_g": 11.835539737660456,
      "chg_1h": 0,
      "chg_24h": -3.4014775918031046
    },
    "XPT": {
      "name": "Platina",
      "usd_oz": 1882,
      "usd_g": 60.50770504215786,
      "brl_oz": 9496.1956,
      "brl_g": 305.3097781017201,
      "chg_1h": 0,
      "chg_24h": -3.189300411522634
    },
    "XPD": {
      "name": "Paládio",
      "usd_oz": 1356,
      "usd_g": 43.59641234705954,
      "brl_oz": 6842.1048,
      "brl_g": 219.97877742079302,
      "chg_1h": 0,
      "chg_24h": -3.7615330021291693
    },
    "XCU": {
      "name": "Cobre",
      "usd_oz": 6.131359,
      "usd_g": 0.1971277693302763,
      "brl_oz": 30.9376112422,
      "brl_g": 0.9946672984867081,
      "chg_1h": 0,
      "chg_24h": -0.22390131483236447
    }
  }
}
