{
  "timestamp": 1771218740,
  "usdToBrl": 5.2197,
  "metals": {
    "XAU": {
      "name": "Ouro",
      "usd_oz": 4983,
      "usd_g": 160.20717015147324,
      "brl_oz": 26009.765099999997,
      "brl_g": 836.2333660396448,
      "chg_1h": -0.25820977707811793,
      "chg_24h": -1.1936903686608527
    },
    "XAG": {
      "name": "Prata",
      "usd_oz": 75.662003,
      "usd_g": 2.43258988332777,
      "brl_oz": 394.9329570591,
      "brl_g": 12.697389414005961,
      "chg_1h": -0.14912437745630422,
      "chg_24h": -2.4597099394095587
    },
    "XPT": {
      "name": "Platina",
      "usd_oz": 2054,
      "usd_g": 66.03763345196187,
      "brl_oz": 10721.263799999999,
      "brl_g": 344.6966353292053,
      "chg_1h": -0.38797284190106696,
      "chg_24h": -0.9165460684997588
    },
    "XPD": {
      "name": "Paládio",
      "usd_oz": 1697,
      "usd_g": 54.55981692696169,
      "brl_oz": 8857.830899999999,
      "brl_g": 284.7858764136619,
      "chg_1h": -0.5858230814294083,
      "chg_24h": -1.2223515715948778
    },
    "XCU": {
      "name": "Cobre",
      "usd_oz": 5.755709,
      "usd_g": 0.1850503413817712,
      "brl_oz": 30.0430742673,
      "brl_g": 0.965907266910431,
      "chg_1h": -1.2989888122337707,
      "chg_24h": -2.070623649064342
    }
  }
}
