{
  "timestamp": 1783035673,
  "usdToBrl": 5.201,
  "metals": {
    "XAU": {
      "name": "Ouro",
      "usd_oz": 4124.200195,
      "usd_g": 132.5961152677311,
      "brl_oz": 21449.965214195,
      "brl_g": 689.6323955074695,
      "chg_1h": -0.029080986777018692,
      "chg_24h": 1.9630178262984985
    },
    "XAG": {
      "name": "Prata",
      "usd_oz": 61.133999,
      "usd_g": 1.9655037085757565,
      "brl_oz": 317.957928799,
      "brl_g": 10.222584788302509,
      "chg_1h": 0.07529792962124333,
      "chg_24h": 2.7928623072654886
    },
    "XPT": {
      "name": "Platina",
      "usd_oz": 1629,
      "usd_g": 52.373566160294985,
      "brl_oz": 8472.429,
      "brl_g": 272.39491759969417,
      "chg_1h": 0.18450184501845018,
      "chg_24h": 2.6465028355387523
    },
    "XPD": {
      "name": "Paládio",
      "usd_oz": 1290,
      "usd_g": 41.474463073530096,
      "brl_oz": 6709.29,
      "brl_g": 215.70868244543001,
      "chg_1h": 0.07757951900698215,
      "chg_24h": 3.864734299516908
    },
    "XCU": {
      "name": "Cobre",
      "usd_oz": 6.022594,
      "usd_g": 0.19363089337973946,
      "brl_oz": 31.323511393999997,
      "brl_g": 1.007074276468025,
      "chg_1h": 0,
      "chg_24h": 0.06190532837735354
    }
  }
}
