{
  "timestamp": 1779699315,
  "usdToBrl": 5.0164,
  "metals": {
    "XAU": {
      "name": "Ouro",
      "usd_oz": 4557.100098,
      "usd_g": 146.51417033866772,
      "brl_oz": 22860.2369316072,
      "brl_g": 734.9736840868927,
      "chg_1h": 0,
      "chg_24h": 1.0331470568673071
    },
    "XAG": {
      "name": "Prata",
      "usd_oz": 77.996002,
      "usd_g": 2.507629693668201,
      "brl_oz": 391.25914443280004,
      "brl_g": 12.579273595317165,
      "chg_1h": 0,
      "chg_24h": 3.110669939337939
    },
    "XPT": {
      "name": "Platina",
      "usd_oz": 1973,
      "usd_g": 63.43342297990301,
      "brl_oz": 9897.3572,
      "brl_g": 318.2074230363854,
      "chg_1h": 0,
      "chg_24h": 2.227979274611399
    },
    "XPD": {
      "name": "Paládio",
      "usd_oz": 1409,
      "usd_g": 45.30040191519682,
      "brl_oz": 7068.1076,
      "brl_g": 227.24493616739335,
      "chg_1h": 0,
      "chg_24h": 2.547307132459971
    },
    "XCU": {
      "name": "Cobre",
      "usd_oz": 6.127126,
      "usd_g": 0.1969916752200513,
      "brl_oz": 30.736114866399998,
      "brl_g": 0.9881890395738653,
      "chg_1h": 0,
      "chg_24h": 0
    }
  }
}
