{
  "timestamp": 1772710502,
  "usdToBrl": 5.2198,
  "metals": {
    "XAU": {
      "name": "Ouro",
      "usd_oz": 5163,
      "usd_g": 165.99430453382627,
      "brl_oz": 26949.827400000002,
      "brl_g": 866.4570708056664,
      "chg_1h": -0.0754785669157349,
      "chg_24h": -0.6637806637806638
    },
    "XAG": {
      "name": "Prata",
      "usd_oz": 84.425003,
      "usd_g": 2.7143268755086574,
      "brl_oz": 440.6816306594,
      "brl_g": 14.16824342478009,
      "chg_1h": -0.033154534481138094,
      "chg_24h": -2.279086589777754
    },
    "XPT": {
      "name": "Platina",
      "usd_oz": 2178,
      "usd_g": 70.02432602647174,
      "brl_oz": 11368.724400000001,
      "brl_g": 365.5129769929772,
      "chg_1h": -0.04589261128958238,
      "chg_24h": -0.3203661327231121
    },
    "XPD": {
      "name": "Paládio",
      "usd_oz": 1686,
      "usd_g": 54.206158714706774,
      "brl_oz": 8800.5828,
      "brl_g": 282.94530725902644,
      "chg_1h": -0.17761989342806395,
      "chg_24h": -2.033701336432307
    },
    "XCU": {
      "name": "Cobre",
      "usd_oz": 5.80636,
      "usd_g": 0.18667880884621876,
      "brl_oz": 30.308037928,
      "brl_g": 0.9744260464154928,
      "chg_1h": -0.20919365915664836,
      "chg_24h": -0.9785563479963335
    }
  }
}
