{
  "timestamp": 1772092943,
  "usdToBrl": 5.1287,
  "metals": {
    "XAU": {
      "name": "Ouro",
      "usd_oz": 5181.5,
      "usd_g": 166.58909334534587,
      "brl_oz": 26574.359050000003,
      "brl_g": 854.3854830402754,
      "chg_1h": -0.12528912875867387,
      "chg_24h": -0.1329870890896511
    },
    "XAG": {
      "name": "Prata",
      "usd_oz": 88.066002,
      "usd_g": 2.8313877116142847,
      "brl_oz": 451.6641044574,
      "brl_g": 14.521338156556183,
      "chg_1h": -0.684531955088873,
      "chg_24h": -2.7539709088774447
    },
    "XPT": {
      "name": "Platina",
      "usd_oz": 2302,
      "usd_g": 74.01101860098161,
      "brl_oz": 11806.2674,
      "brl_g": 379.58031109885445,
      "chg_1h": 0,
      "chg_24h": 0.39249890972525076
    },
    "XPD": {
      "name": "Paládio",
      "usd_oz": 1797,
      "usd_g": 57.774891583824484,
      "brl_oz": 9216.2739,
      "brl_g": 296.31008646596064,
      "chg_1h": 0.3910614525139665,
      "chg_24h": -1.910480349344978
    },
    "XCU": {
      "name": "Cobre",
      "usd_oz": 5.948184,
      "usd_g": 0.19123855632756787,
      "brl_oz": 30.506451280800004,
      "brl_g": 0.9808051838371974,
      "chg_1h": -0.19153973279073824,
      "chg_24h": 0.7658509877051944
    }
  }
}
