{
  "timestamp": 1773873014,
  "usdToBrl": 5.2243,
  "metals": {
    "XAU": {
      "name": "Ouro",
      "usd_oz": 4817.399902,
      "usd_g": 154.88300336893528,
      "brl_oz": 25167.5423080186,
      "brl_g": 809.1552745003286,
      "chg_1h": -0.04772688978427709,
      "chg_24h": -3.7097760943433915
    },
    "XAG": {
      "name": "Prata",
      "usd_oz": 75.358002,
      "usd_g": 2.4228160242201606,
      "brl_oz": 393.6928098486,
      "brl_g": 12.657517755333386,
      "chg_1h": -0.12987568742213293,
      "chg_24h": -4.924237520994254
    },
    "XPT": {
      "name": "Platina",
      "usd_oz": 2031,
      "usd_g": 65.29816628088344,
      "brl_oz": 10610.553300000001,
      "brl_g": 341.13721010121935,
      "chg_1h": -0.0983767830791933,
      "chg_24h": -4.781997187060478
    },
    "XPD": {
      "name": "Paládio",
      "usd_oz": 1503,
      "usd_g": 48.32257209264785,
      "brl_oz": 7852.1229,
      "brl_g": 252.45161338362018,
      "chg_1h": 0.06657789613848203,
      "chg_24h": -7.336621454993835
    },
    "XCU": {
      "name": "Cobre",
      "usd_oz": 5.634398,
      "usd_g": 0.18115010216478436,
      "brl_oz": 29.435785471400003,
      "brl_g": 0.946382478739483,
      "chg_1h": 0,
      "chg_24h": -2.2330212148380824
    }
  }
}
