{
  "timestamp": 1780040544,
  "usdToBrl": 5.0726,
  "metals": {
    "XAU": {
      "name": "Ouro",
      "usd_oz": 4523.799805,
      "usd_g": 145.44354105776367,
      "brl_oz": 22947.426890843,
      "brl_g": 737.776906369612,
      "chg_1h": 0,
      "chg_24h": 2.9657404119722237
    },
    "XAG": {
      "name": "Prata",
      "usd_oz": 75.514999,
      "usd_g": 2.4278635949791956,
      "brl_oz": 383.05738392740005,
      "brl_g": 12.315580871891468,
      "chg_1h": 0,
      "chg_24h": 2.5225043790136565
    },
    "XPT": {
      "name": "Platina",
      "usd_oz": 1926,
      "usd_g": 61.92233789117749,
      "brl_oz": 9769.8276,
      "brl_g": 314.107251186787,
      "chg_1h": 0,
      "chg_24h": 1.1023622047244095
    },
    "XPD": {
      "name": "Paládio",
      "usd_oz": 1402,
      "usd_g": 45.07534668921643,
      "brl_oz": 7111.7852,
      "brl_g": 228.6492036157193,
      "chg_1h": 0,
      "chg_24h": 1.227436823104693
    },
    "XCU": {
      "name": "Cobre",
      "usd_oz": 6.166966,
      "usd_g": 0.19827256096334545,
      "brl_oz": 31.282551731600005,
      "brl_g": 1.0057573927426662,
      "chg_1h": 0,
      "chg_24h": 0.47665986173996766
    }
  }
}
