{
  "timestamp": 1773375952,
  "usdToBrl": 5.1621,
  "metals": {
    "XAU": {
      "name": "Ouro",
      "usd_oz": 5108.100098,
      "usd_g": 164.22923169798176,
      "brl_oz": 26368.523515885798,
      "brl_g": 847.7677169481516,
      "chg_1h": -0.24995223974210423,
      "chg_24h": -0.7287779711947604
    },
    "XAG": {
      "name": "Prata",
      "usd_oz": 84.483002,
      "usd_g": 2.716191586658891,
      "brl_oz": 436.1097046242,
      "brl_g": 14.02125258949186,
      "chg_1h": -0.7611739822570087,
      "chg_24h": -0.18195233548031658
    },
    "XPT": {
      "name": "Platina",
      "usd_oz": 2147,
      "usd_g": 69.02765288284428,
      "brl_oz": 11083.028699999999,
      "brl_g": 356.3276469465304,
      "chg_1h": -0.7397133610725843,
      "chg_24h": -0.27868091035764053
    },
    "XPD": {
      "name": "Paládio",
      "usd_oz": 1664,
      "usd_g": 53.49884229019696,
      "brl_oz": 8589.7344,
      "brl_g": 276.16637378622573,
      "chg_1h": -0.2995805871779509,
      "chg_24h": 0.5438066465256798
    },
    "XCU": {
      "name": "Cobre",
      "usd_oz": 5.838868,
      "usd_g": 0.1877239653156717,
      "brl_oz": 30.140820502799997,
      "brl_g": 0.9690498813560289,
      "chg_1h": 0.3416918930019599,
      "chg_24h": 0.5402330161684122
    }
  }
}
