{
  "timestamp": 1772141142,
  "usdToBrl": 5.1258,
  "metals": {
    "XAU": {
      "name": "Ouro",
      "usd_oz": 5192.399902,
      "usd_g": 166.93953333217078,
      "brl_oz": 26615.2034176716,
      "brl_g": 855.698659954041,
      "chg_1h": 0.0057742338233368554,
      "chg_24h": 0.413844556178691
    },
    "XAG": {
      "name": "Prata",
      "usd_oz": 88.901001,
      "usd_g": 2.8582335528483425,
      "brl_oz": 455.6887509258,
      "brl_g": 14.650733545190034,
      "chg_1h": 0.4792251255995912,
      "chg_24h": -0.45572401638961985
    },
    "XPT": {
      "name": "Platina",
      "usd_oz": 2288,
      "usd_g": 73.56090814902082,
      "brl_oz": 11727.830399999999,
      "brl_g": 377.05850299025093,
      "chg_1h": 0.4389815627743635,
      "chg_24h": -0.5217391304347827
    },
    "XPD": {
      "name": "Paládio",
      "usd_oz": 1813,
      "usd_g": 58.28930352892253,
      "brl_oz": 9293.0754,
      "brl_g": 298.7793120285511,
      "chg_1h": 0.3320420586607637,
      "chg_24h": -0.05512679162072767
    },
    "XCU": {
      "name": "Cobre",
      "usd_oz": 5.958994,
      "usd_g": 0.19158610589797473,
      "brl_oz": 30.544611445199997,
      "brl_g": 0.9820320616118389,
      "chg_1h": 0,
      "chg_24h": 0.9106522401035839
    }
  }
}
