{
  "timestamp": 1783965737,
  "usdToBrl": 5.1155,
  "metals": {
    "XAU": {
      "name": "Ouro",
      "usd_oz": 3995,
      "usd_g": 128.44223254166877,
      "brl_oz": 20436.4225,
      "brl_g": 657.0462405669066,
      "chg_1h": 0,
      "chg_24h": -3.0669167031974203
    },
    "XAG": {
      "name": "Prata",
      "usd_oz": 57.474998,
      "usd_g": 1.8478640947304001,
      "brl_oz": 294.013352269,
      "brl_g": 9.452748776593362,
      "chg_1h": 0,
      "chg_24h": -4.230682840670516
    },
    "XPT": {
      "name": "Platina",
      "usd_oz": 1602,
      "usd_g": 51.505496002942024,
      "brl_oz": 8195.030999999999,
      "brl_g": 263.47636480304993,
      "chg_1h": 0,
      "chg_24h": -2.0183486238532113
    },
    "XPD": {
      "name": "Paládio",
      "usd_oz": 1268,
      "usd_g": 40.76714664902028,
      "brl_oz": 6486.454,
      "brl_g": 208.54433868306324,
      "chg_1h": 0,
      "chg_24h": -2.4615384615384617
    },
    "XCU": {
      "name": "Cobre",
      "usd_oz": 6.107395,
      "usd_g": 0.1963573088395057,
      "brl_oz": 31.2423791225,
      "brl_g": 1.0044658133684914,
      "chg_1h": 0,
      "chg_24h": 0.9332957853365229
    }
  }
}
