{
  "timestamp": 1778539283,
  "usdToBrl": 4.9019,
  "metals": {
    "XAU": {
      "name": "Ouro",
      "usd_oz": 4742.799805,
      "usd_g": 152.4845545562932,
      "brl_oz": 23248.7303641295,
      "brl_g": 747.4640379794937,
      "chg_1h": 0.1330054892853299,
      "chg_24h": 1.0331679273731431
    },
    "XAG": {
      "name": "Prata",
      "usd_oz": 86.613998,
      "usd_g": 2.7847046989936506,
      "brl_oz": 424.5731567962,
      "brl_g": 13.650343963996978,
      "chg_1h": 0.44881651160830516,
      "chg_24h": 8.068916812772148
    },
    "XPT": {
      "name": "Platina",
      "usd_oz": 2148,
      "usd_g": 69.0598036294129,
      "brl_oz": 10529.281200000001,
      "brl_g": 338.5242514110191,
      "chg_1h": 0.42075736325385693,
      "chg_24h": 5.088062622309197
    },
    "XPD": {
      "name": "Paládio",
      "usd_oz": 1535,
      "usd_g": 49.351395982843954,
      "brl_oz": 7524.4165,
      "brl_g": 241.9156079683028,
      "chg_1h": 0.1304631441617743,
      "chg_24h": 2.1970705725699067
    },
    "XCU": {
      "name": "Cobre",
      "usd_oz": 6.253536,
      "usd_g": 0.20105585109379157,
      "brl_oz": 30.654208118400003,
      "brl_g": 0.985555676476657,
      "chg_1h": 0,
      "chg_24h": 1.884614200289
    }
  }
}
