{
  "timestamp": 1771604563,
  "usdToBrl": 5.2144,
  "metals": {
    "XAU": {
      "name": "Ouro",
      "usd_oz": 5050.799805,
      "usd_g": 162.3869844994306,
      "brl_oz": 26336.890503192,
      "brl_g": 846.7506919738311,
      "chg_1h": -0.049472623760149145,
      "chg_24h": 1.0321573049146375
    },
    "XAG": {
      "name": "Prata",
      "usd_oz": 82.157997,
      "usd_g": 2.641440940133098,
      "brl_oz": 428.4046595568,
      "brl_g": 13.773529638230027,
      "chg_1h": 0.5790524717892526,
      "chg_24h": 5.074811227143833
    },
    "XPT": {
      "name": "Platina",
      "usd_oz": 2143,
      "usd_g": 68.89904989656976,
      "brl_oz": 11174.459200000001,
      "brl_g": 359.2672057806734,
      "chg_1h": 0.5159474671669794,
      "chg_24h": 2.9793368572801535
    },
    "XPD": {
      "name": "Paládio",
      "usd_oz": 1760,
      "usd_g": 56.58531396078525,
      "brl_oz": 9177.344000000001,
      "brl_g": 295.0584611171186,
      "chg_1h": 0.3993154592127781,
      "chg_24h": 3.225806451612903
    },
    "XCU": {
      "name": "Cobre",
      "usd_oz": 5.776045,
      "usd_g": 0.1857041589639908,
      "brl_oz": 30.118609048,
      "brl_g": 0.9683357665018337,
      "chg_1h": 0.3981478632795048,
      "chg_24h": 0.6945358473067101
    }
  }
}
