{
  "timestamp": 1770940838,
  "usdToBrl": 5.1761,
  "metals": {
    "XAU": {
      "name": "Ouro",
      "usd_oz": 4919,
      "usd_g": 158.14952237108105,
      "brl_oz": 25461.2359,
      "brl_g": 818.5977427449526,
      "chg_1h": -0.07718788393832829,
      "chg_24h": -2.957247231117252
    },
    "XAG": {
      "name": "Prata",
      "usd_oz": 75.289001,
      "usd_g": 2.4205975905561785,
      "brl_oz": 389.7033980761,
      "brl_g": 12.529255188477835,
      "chg_1h": -0.2041276168216007,
      "chg_24h": -10.05328395170401
    },
    "XPT": {
      "name": "Platina",
      "usd_oz": 2014,
      "usd_g": 64.75160358921676,
      "brl_oz": 10424.6654,
      "brl_g": 335.16077533814484,
      "chg_1h": 0.24888003982080636,
      "chg_24h": -5.312646920545369
    },
    "XPD": {
      "name": "Paládio",
      "usd_oz": 1649,
      "usd_g": 53.01658109166754,
      "brl_oz": 8535.3889,
      "brl_g": 274.41912538858037,
      "chg_1h": 0.548780487804878,
      "chg_24h": -3.8483965014577257
    },
    "XCU": {
      "name": "Cobre",
      "usd_oz": 6.055821,
      "usd_g": 0.19469916623597527,
      "brl_oz": 31.3455350781,
      "brl_g": 1.0077823543540316,
      "chg_1h": 0,
      "chg_24h": 0.2576047624432089
    }
  }
}
