{
  "timestamp": 1772044732,
  "usdToBrl": 5.1287,
  "metals": {
    "XAU": {
      "name": "Ouro",
      "usd_oz": 5207.700195,
      "usd_g": 167.43144917483954,
      "brl_oz": 26708.731990096505,
      "brl_g": 858.7056733829996,
      "chg_1h": -0.11316370433288149,
      "chg_24h": 0.9439851715448798
    },
    "XAG": {
      "name": "Prata",
      "usd_oz": 91.283997,
      "usd_g": 2.934848653318397,
      "brl_oz": 468.1682354139,
      "brl_g": 15.051958288274063,
      "chg_1h": 0.48102524023908905,
      "chg_24h": 4.326951423724522
    },
    "XPT": {
      "name": "Platina",
      "usd_oz": 2328,
      "usd_g": 74.84693801176594,
      "brl_oz": 11939.6136,
      "brl_g": 383.867490980944,
      "chg_1h": -0.2570694087403599,
      "chg_24h": 6.642235455794777
    },
    "XPD": {
      "name": "Paládio",
      "usd_oz": 1828,
      "usd_g": 58.77156472745195,
      "brl_oz": 9375.2636,
      "brl_g": 301.42172401768283,
      "chg_1h": -0.1092896174863388,
      "chg_24h": 0.8830022075055187
    },
    "XCU": {
      "name": "Cobre",
      "usd_oz": 5.949091,
      "usd_g": 0.1912677170547056,
      "brl_oz": 30.5111030117,
      "brl_g": 0.9809547404584686,
      "chg_1h": 0.12469533037951204,
      "chg_24h": 1.0919428116214676
    }
  }
}
