{
  "timestamp": 1773218694,
  "usdToBrl": 5.1779,
  "metals": {
    "XAU": {
      "name": "Ouro",
      "usd_oz": 5186.200195,
      "usd_g": 166.74020812361402,
      "brl_oz": 26853.625989690503,
      "brl_g": 863.3641236432611,
      "chg_1h": -0.20205129420593793,
      "chg_24h": -0.0019206371352321406
    },
    "XAG": {
      "name": "Prata",
      "usd_oz": 87.195999,
      "usd_g": 2.803416465647339,
      "brl_oz": 451.49216322210003,
      "brl_g": 14.515810117475356,
      "chg_1h": 0.4261431104113069,
      "chg_24h": -2.289356722718911
    },
    "XPT": {
      "name": "Platina",
      "usd_oz": 2171,
      "usd_g": 69.79927080049134,
      "brl_oz": 11241.2209,
      "brl_g": 361.41364427786414,
      "chg_1h": 0.18458698661744347,
      "chg_24h": -2.6020637056976224
    },
    "XPD": {
      "name": "Paládio",
      "usd_oz": 1677,
      "usd_g": 53.916801995589125,
      "brl_oz": 8683.3383,
      "brl_g": 279.1758090529609,
      "chg_1h": 0.11940298507462686,
      "chg_24h": -2.5
    },
    "XCU": {
      "name": "Cobre",
      "usd_oz": 5.794642,
      "usd_g": 0.18630206639792757,
      "brl_oz": 30.004076811799997,
      "brl_g": 0.9646534696018292,
      "chg_1h": -0.3600842770191835,
      "chg_24h": -0.9766746784533712
    }
  }
}
