{
  "timestamp": 1782252116,
  "usdToBrl": 5.1725,
  "metals": {
    "XAU": {
      "name": "Ouro",
      "usd_oz": 4114.100098,
      "usd_g": 132.27138960876553,
      "brl_oz": 21280.182756905,
      "brl_g": 684.1737627513397,
      "chg_1h": 0.07297316845823003,
      "chg_24h": -1.872346471523648
    },
    "XAG": {
      "name": "Prata",
      "usd_oz": 61.747002,
      "usd_g": 1.9852122126745653,
      "brl_oz": 319.38636784500005,
      "brl_g": 10.268510170059189,
      "chg_1h": 0.06969240356690462,
      "chg_24h": -5.3090800349645
    },
    "XPT": {
      "name": "Platina",
      "usd_oz": 1663,
      "usd_g": 53.466691543628336,
      "brl_oz": 8601.8675,
      "brl_g": 276.5564620094176,
      "chg_1h": -0.18007202881152462,
      "chg_24h": -1.1296076099881094
    },
    "XPD": {
      "name": "Paládio",
      "usd_oz": 1256,
      "usd_g": 40.381337690196744,
      "brl_oz": 6496.660000000001,
      "brl_g": 208.87246920254267,
      "chg_1h": 0,
      "chg_24h": -2.7110766847405112
    },
    "XCU": {
      "name": "Cobre",
      "usd_oz": 6.071698,
      "usd_g": 0.19520962363924535,
      "brl_oz": 31.405857905,
      "brl_g": 1.0097217782739967,
      "chg_1h": 0,
      "chg_24h": -1.413084459350848
    }
  }
}
