{
  "timestamp": 1774618794,
  "usdToBrl": 5.2366,
  "metals": {
    "XAU": {
      "name": "Ouro",
      "usd_oz": 4427.100098,
      "usd_g": 142.33457328474609,
      "brl_oz": 23182.9523731868,
      "brl_g": 745.3492264629014,
      "chg_1h": 0.11760094337838266,
      "chg_24h": -0.46763201641852553
    },
    "XAG": {
      "name": "Prata",
      "usd_oz": 68.203003,
      "usd_g": 2.192777464672374,
      "brl_oz": 357.1518455098,
      "brl_g": 11.482698471503353,
      "chg_1h": 0.46104581618861457,
      "chg_24h": -1.3252505971476627
    },
    "XPT": {
      "name": "Platina",
      "usd_oz": 1841,
      "usd_g": 59.18952443284412,
      "brl_oz": 9640.580600000001,
      "brl_g": 309.9518636450315,
      "chg_1h": -0.16268980477223427,
      "chg_24h": -1.970181043663472
    },
    "XPD": {
      "name": "Paládio",
      "usd_oz": 1399,
      "usd_g": 44.97889444951055,
      "brl_oz": 7326.0034000000005,
      "brl_g": 235.53647867430695,
      "chg_1h": 0.4307250538406317,
      "chg_24h": 0.21489971346704873
    },
    "XCU": {
      "name": "Cobre",
      "usd_oz": 5.473877,
      "usd_g": 0.17598923217484164,
      "brl_oz": 28.6645042982,
      "brl_g": 0.9215852132067758,
      "chg_1h": -0.02210010544125376,
      "chg_24h": 0.07186542609378017
    }
  }
}
