{
  "timestamp": 1776137644,
  "usdToBrl": 5.0274,
  "metals": {
    "XAU": {
      "name": "Ouro",
      "usd_oz": 4767.600098,
      "usd_g": 153.28190249136392,
      "brl_oz": 23968.6327326852,
      "brl_g": 770.609436585083,
      "chg_1h": 0,
      "chg_24h": 1.1391882966631517
    },
    "XAG": {
      "name": "Prata",
      "usd_oz": 76.824997,
      "usd_g": 2.4699810086826046,
      "brl_oz": 386.22998991779997,
      "brl_g": 12.417582523050926,
      "chg_1h": 0,
      "chg_24h": 3.2136257199578924
    },
    "XPT": {
      "name": "Platina",
      "usd_oz": 2086,
      "usd_g": 67.06645734215797,
      "brl_oz": 10487.1564,
      "brl_g": 337.169907641965,
      "chg_1h": 0,
      "chg_24h": 2.0048899755501224
    },
    "XPD": {
      "name": "Paládio",
      "usd_oz": 1595,
      "usd_g": 51.28044077696163,
      "brl_oz": 8018.703,
      "brl_g": 257.8072879620969,
      "chg_1h": 0,
      "chg_24h": 2.6383526383526386
    },
    "XCU": {
      "name": "Cobre",
      "usd_oz": 5.849452,
      "usd_g": 0.1880642488173541,
      "brl_oz": 29.4075349848,
      "brl_g": 0.9454742045043659,
      "chg_1h": 0,
      "chg_24h": 2.0468859525320626
    }
  }
}
