{
  "timestamp": 1778623774,
  "usdToBrl": 4.9038,
  "metals": {
    "XAU": {
      "name": "Ouro",
      "usd_oz": 4719.200195,
      "usd_g": 151.72580947606477,
      "brl_oz": 23142.013916241005,
      "brl_g": 744.0330245087265,
      "chg_1h": 0.08908154825027252,
      "chg_24h": -0.3652444843238605
    },
    "XAG": {
      "name": "Prata",
      "usd_oz": 86.883003,
      "usd_g": 2.7933534105743445,
      "brl_oz": 426.05687011140003,
      "brl_g": 13.698046454774472,
      "chg_1h": 0.22610888488973443,
      "chg_24h": 0.7607895703476778
    },
    "XPT": {
      "name": "Platina",
      "usd_oz": 2140,
      "usd_g": 68.80259765686388,
      "brl_oz": 10494.132000000001,
      "brl_g": 337.3941783897291,
      "chg_1h": 0.234192037470726,
      "chg_24h": 0.04675081813931744
    },
    "XPD": {
      "name": "Paládio",
      "usd_oz": 1517,
      "usd_g": 48.77268254460865,
      "brl_oz": 7439.064600000001,
      "brl_g": 239.17148066225192,
      "chg_1h": 0.19815059445178335,
      "chg_24h": -1.0437051532941943
    },
    "XCU": {
      "name": "Cobre",
      "usd_oz": 6.221927,
      "usd_g": 0.2000395981455038,
      "brl_oz": 30.511085622600003,
      "brl_g": 0.9809541813859216,
      "chg_1h": 0,
      "chg_24h": -0.5054580320637867
    }
  }
}
