{
  "timestamp": 1773832189,
  "usdToBrl": 5.2089,
  "metals": {
    "XAU": {
      "name": "Ouro",
      "usd_oz": 4954.399902,
      "usd_g": 159.2876556488373,
      "brl_oz": 25806.9736495278,
      "brl_g": 829.7134695092286,
      "chg_1h": -0.7532070913461517,
      "chg_24h": -0.9635028796179378
    },
    "XAG": {
      "name": "Prata",
      "usd_oz": 79.071999,
      "usd_g": 2.5422238005238054,
      "brl_oz": 411.87813559110003,
      "brl_g": 13.24218955454845,
      "chg_1h": -1.1723571760440585,
      "chg_24h": -1.7922126534460963
    },
    "XPT": {
      "name": "Platina",
      "usd_oz": 2097,
      "usd_g": 67.42011555441287,
      "brl_oz": 10923.0633,
      "brl_g": 351.1846399113812,
      "chg_1h": -0.7102272727272727,
      "chg_24h": -2.192164179104478
    },
    "XPD": {
      "name": "Paládio",
      "usd_oz": 1611,
      "usd_g": 51.79485272205968,
      "brl_oz": 8391.5379,
      "brl_g": 269.79420834393665,
      "chg_1h": -0.3094059405940594,
      "chg_24h": -1.528117359413203
    },
    "XCU": {
      "name": "Cobre",
      "usd_oz": 5.729249,
      "usd_g": 0.1841996326275653,
      "brl_oz": 29.8430851161,
      "brl_g": 0.9594774663937249,
      "chg_1h": -0.15809502465964778,
      "chg_24h": -0.6710696128749873
    }
  }
}
