{
  "timestamp": 1779450043,
  "usdToBrl": 5.012,
  "metals": {
    "XAU": {
      "name": "Ouro",
      "usd_oz": 4519.700195,
      "usd_g": 145.31173553562348,
      "brl_oz": 22652.73737734,
      "brl_g": 728.3024185045448,
      "chg_1h": 0,
      "chg_24h": 0.03763158477203074
    },
    "XAG": {
      "name": "Prata",
      "usd_oz": 76.030998,
      "usd_g": 2.444453348057861,
      "brl_oz": 381.067361976,
      "brl_g": 12.251600180465998,
      "chg_1h": 0,
      "chg_24h": 1.197909033471236
    },
    "XPT": {
      "name": "Platina",
      "usd_oz": 1943,
      "usd_g": 62.46890058284417,
      "brl_oz": 9738.315999999999,
      "brl_g": 313.094129721215,
      "chg_1h": 0,
      "chg_24h": 0.3097573567372225
    },
    "XPD": {
      "name": "Paládio",
      "usd_oz": 1386,
      "usd_g": 44.560934744118384,
      "brl_oz": 6946.632,
      "brl_g": 223.33940493752132,
      "chg_1h": 0,
      "chg_24h": 0.8
    },
    "XCU": {
      "name": "Cobre",
      "usd_oz": 6.08411,
      "usd_g": 0.19560867870565518,
      "brl_oz": 30.493559319999996,
      "brl_g": 0.9803906976727437,
      "chg_1h": 0,
      "chg_24h": -0.03230324432360615
    }
  }
}
