{
  "timestamp": 1776872259,
  "usdToBrl": 4.9717,
  "metals": {
    "XAU": {
      "name": "Ouro",
      "usd_oz": 4730.299805,
      "usd_g": 152.08267022418534,
      "brl_oz": 23517.631540518498,
      "brl_g": 756.1094115535823,
      "chg_1h": -0.42312431405065437,
      "chg_24h": -0.3853829049051298
    },
    "XAG": {
      "name": "Prata",
      "usd_oz": 77.928001,
      "usd_g": 2.5054434107507877,
      "brl_oz": 387.4346425717,
      "brl_g": 12.456313005229692,
      "chg_1h": -0.46238344025568345,
      "chg_24h": 0.9678560785685563
    },
    "XPT": {
      "name": "Platina",
      "usd_oz": 2075,
      "usd_g": 66.71279912990306,
      "brl_oz": 10316.2775,
      "brl_g": 331.67602343413904,
      "chg_1h": -0.8126195028680689,
      "chg_24h": 1.1701608971233546
    },
    "XPD": {
      "name": "Paládio",
      "usd_oz": 1580,
      "usd_g": 50.79817957843221,
      "brl_oz": 7855.286,
      "brl_g": 252.55330941009143,
      "chg_1h": -0.4410838059231254,
      "chg_24h": 0.7653061224489796
    },
    "XCU": {
      "name": "Cobre",
      "usd_oz": 6.036256,
      "usd_g": 0.19407013687936006,
      "brl_oz": 30.0104539552,
      "brl_g": 0.9648584995231144,
      "chg_1h": 0.5959172055385988,
      "chg_24h": 1.2952692282520628
    }
  }
}
