{
  "timestamp": 1781826051,
  "usdToBrl": 5.1469,
  "metals": {
    "XAU": {
      "name": "Ouro",
      "usd_oz": 4198.799805,
      "usd_g": 134.99454842295958,
      "brl_oz": 21610.802716354498,
      "brl_g": 694.8034412781307,
      "chg_1h": -0.27551057547978397,
      "chg_24h": -1.7847603857438437
    },
    "XAG": {
      "name": "Prata",
      "usd_oz": 65.690002,
      "usd_g": 2.1119826063946654,
      "brl_oz": 338.0998712938,
      "brl_g": 10.870163276852702,
      "chg_1h": -0.2050816652524714,
      "chg_24h": -3.7805244522257175
    },
    "XPT": {
      "name": "Platina",
      "usd_oz": 1700,
      "usd_g": 54.65626916666757,
      "brl_oz": 8749.73,
      "brl_g": 281.3103517739213,
      "chg_1h": -0.11750881316098707,
      "chg_24h": -3.0233884768967485
    },
    "XPD": {
      "name": "Paládio",
      "usd_oz": 1302,
      "usd_g": 41.860272032353635,
      "brl_oz": 6701.2638,
      "brl_g": 215.4506341233209,
      "chg_1h": -0.22988505747126436,
      "chg_24h": -2.9082774049217
    },
    "XCU": {
      "name": "Cobre",
      "usd_oz": 6.189495,
      "usd_g": 0.19899688513279004,
      "brl_oz": 31.8567118155,
      "brl_g": 1.024217068089957,
      "chg_1h": 0,
      "chg_24h": -0.7636053936414953
    }
  }
}
