{
  "timestamp": 1782169656,
  "usdToBrl": 5.1519,
  "metals": {
    "XAU": {
      "name": "Ouro",
      "usd_oz": 4192.200195,
      "usd_g": 134.78236603439782,
      "brl_oz": 21597.796184620503,
      "brl_g": 694.3852715726142,
      "chg_1h": -0.009538305363068282,
      "chg_24h": 0.8856017198799134
    },
    "XAG": {
      "name": "Prata",
      "usd_oz": 65.179001,
      "usd_g": 2.09555354274735,
      "brl_oz": 335.79569525190004,
      "brl_g": 10.796082296880073,
      "chg_1h": -0.046004385897657776,
      "chg_24h": 0.4964753073230324
    },
    "XPT": {
      "name": "Platina",
      "usd_oz": 1685,
      "usd_g": 54.17400796813815,
      "brl_oz": 8680.951500000001,
      "brl_g": 279.09907165105096,
      "chg_1h": 0.178359096313912,
      "chg_24h": 0.8378216636744463
    },
    "XPD": {
      "name": "Paládio",
      "usd_oz": 1290,
      "usd_g": 41.474463073530096,
      "brl_oz": 6645.951,
      "brl_g": 213.67228630851972,
      "chg_1h": -0.0774593338497289,
      "chg_24h": 0.5455962587685114
    },
    "XCU": {
      "name": "Cobre",
      "usd_oz": 6.158726,
      "usd_g": 0.19800763881161992,
      "brl_oz": 31.7291404794,
      "brl_g": 1.0201155543935847,
      "chg_1h": 0,
      "chg_24h": -0.08651766636237995
    }
  }
}
