{
  "timestamp": 1778746228,
  "usdToBrl": 4.9039,
  "metals": {
    "XAU": {
      "name": "Ouro",
      "usd_oz": 4699.399902,
      "usd_g": 151.08921527383717,
      "brl_oz": 23045.3871794178,
      "brl_g": 740.9264027813701,
      "chg_1h": 0,
      "chg_24h": -0.19751295718244888
    },
    "XAG": {
      "name": "Prata",
      "usd_oz": 87.292,
      "usd_g": 2.806502969468674,
      "brl_oz": 428.0712388,
      "brl_g": 13.76280991197743,
      "chg_1h": 0,
      "chg_24h": 0.4441603673891471
    },
    "XPT": {
      "name": "Platina",
      "usd_oz": 2127,
      "usd_g": 68.38463795147172,
      "brl_oz": 10430.5953,
      "brl_g": 335.3514260502222,
      "chg_1h": 0,
      "chg_24h": 0.047036688617121354
    },
    "XPD": {
      "name": "Paládio",
      "usd_oz": 1517,
      "usd_g": 48.77268254460865,
      "brl_oz": 7439.2163,
      "brl_g": 239.17635793050636,
      "chg_1h": 0,
      "chg_24h": -0.45931758530183725
    },
    "XCU": {
      "name": "Cobre",
      "usd_oz": 6.348932,
      "usd_g": 0.20412290371345237,
      "brl_oz": 31.134527634799998,
      "brl_g": 1.0009983075203992,
      "chg_1h": 0,
      "chg_24h": 0.9435436698784759
    }
  }
}
