{
  "timestamp": 1784662937,
  "usdToBrl": 5.0794,
  "metals": {
    "XAU": {
      "name": "Ouro",
      "usd_oz": 4085.399902,
      "usd_g": 131.3486568806996,
      "brl_oz": 20751.380262218798,
      "brl_g": 667.1723677598254,
      "chg_1h": 0.4153840973331722,
      "chg_24h": 1.8879205906945942
    },
    "XAG": {
      "name": "Prata",
      "usd_oz": 58.875,
      "usd_g": 1.8928752042279724,
      "brl_oz": 299.049675,
      "brl_g": 9.614670312355562,
      "chg_1h": 0.04927947440302509,
      "chg_24h": 4.122455152137365
    },
    "XPT": {
      "name": "Platina",
      "usd_oz": 1636,
      "usd_g": 52.598621386275376,
      "brl_oz": 8309.8984,
      "brl_g": 267.16943746944713,
      "chg_1h": 0.4914004914004914,
      "chg_24h": 2.3779724655819776
    },
    "XPD": {
      "name": "Paládio",
      "usd_oz": 1306,
      "usd_g": 41.98887501862814,
      "brl_oz": 6633.6964,
      "brl_g": 213.27829176961978,
      "chg_1h": 0,
      "chg_24h": 2.111024237685692
    },
    "XCU": {
      "name": "Cobre",
      "usd_oz": 6.278399,
      "usd_g": 0.20185521510572735,
      "brl_oz": 31.8904998806,
      "brl_g": 1.0253033796080315,
      "chg_1h": 0.15074297142950407,
      "chg_24h": 2.4872890700612422
    }
  }
}
