{
  "timestamp": 1771878518,
  "usdToBrl": 5.1815,
  "metals": {
    "XAU": {
      "name": "Ouro",
      "usd_oz": 5225.5,
      "usd_g": 168.00372619436553,
      "brl_oz": 27075.928249999997,
      "brl_g": 870.511307276105,
      "chg_1h": 0.15717316057133024,
      "chg_24h": 2.3023179830511853
    },
    "XAG": {
      "name": "Prata",
      "usd_oz": 88.351997,
      "usd_g": 2.8405826643791796,
      "brl_oz": 457.7958724555,
      "brl_g": 14.718479075480719,
      "chg_1h": 0.5428130867709783,
      "chg_24h": 4.230467454291436
    },
    "XPT": {
      "name": "Platina",
      "usd_oz": 2164,
      "usd_g": 69.57421557451096,
      "brl_oz": 11212.766,
      "brl_g": 360.49879799932853,
      "chg_1h": 0.5109150023223409,
      "chg_24h": -0.1384402399630826
    },
    "XPD": {
      "name": "Paládio",
      "usd_oz": 1762,
      "usd_g": 56.6496154539225,
      "brl_oz": 9129.803,
      "brl_g": 293.52998247449943,
      "chg_1h": 0.17055144968732233,
      "chg_24h": -1.1777902411665733
    },
    "XCU": {
      "name": "Cobre",
      "usd_oz": 5.790243,
      "usd_g": 0.1861606352637722,
      "brl_oz": 30.0021441045,
      "brl_g": 0.9645913316192356,
      "chg_1h": 0,
      "chg_24h": 0.3626771201245752
    }
  }
}
