{
  "timestamp": 1773313224,
  "usdToBrl": 5.1711,
  "metals": {
    "XAU": {
      "name": "Ouro",
      "usd_oz": 5183.299805,
      "usd_g": 166.64695841977382,
      "brl_oz": 26803.361621635497,
      "brl_g": 861.7480866844925,
      "chg_1h": -0.13102431304977574,
      "chg_24h": -0.08866973316557371
    },
    "XAG": {
      "name": "Prata",
      "usd_oz": 87.315002,
      "usd_g": 2.8072425009412454,
      "brl_oz": 451.5146068422,
      "brl_g": 14.516531696617275,
      "chg_1h": 0.09056123618689839,
      "chg_24h": 0.7337428819697719
    },
    "XPT": {
      "name": "Platina",
      "usd_oz": 2197,
      "usd_g": 70.63519021127567,
      "brl_oz": 11360.9067,
      "brl_g": 365.2616321015276,
      "chg_1h": 0.04553734061930783,
      "chg_24h": 0.4572473708276178
    },
    "XPD": {
      "name": "Paládio",
      "usd_oz": 1687,
      "usd_g": 54.238309461275406,
      "brl_oz": 8723.645700000001,
      "brl_g": 280.47172205520127,
      "chg_1h": -0.2365464222353637,
      "chg_24h": 1.7490952955367913
    },
    "XCU": {
      "name": "Cobre",
      "usd_oz": 5.838717,
      "usd_g": 0.18771911055293986,
      "brl_oz": 30.1925894787,
      "brl_g": 0.9707142925803073,
      "chg_1h": -0.0633983754337445,
      "chg_24h": 0.5611823633419382
    }
  }
}
