{
  "timestamp": 1773988436,
  "usdToBrl": 5.2987,
  "metals": {
    "XAU": {
      "name": "Ouro",
      "usd_oz": 4682.299805,
      "usd_g": 150.5394343888912,
      "brl_oz": 24810.1019767535,
      "brl_g": 797.6633009964179,
      "chg_1h": -0.5416542983182353,
      "chg_24h": -1.7706250980192115
    },
    "XAG": {
      "name": "Prata",
      "usd_oz": 72.315002,
      "usd_g": 2.324981302411826,
      "brl_oz": 383.17550109740006,
      "brl_g": 12.319378427089543,
      "chg_1h": -1.1779657220720723,
      "chg_24h": -0.11326573836211301
    },
    "XPT": {
      "name": "Platina",
      "usd_oz": 1997,
      "usd_g": 64.20504089755008,
      "brl_oz": 10581.5039,
      "brl_g": 340.2032502038486,
      "chg_1h": -0.29955067398901647,
      "chg_24h": 1.4735772357723578
    },
    "XPD": {
      "name": "Paládio",
      "usd_oz": 1492,
      "usd_g": 47.96891388039295,
      "brl_oz": 7905.660400000001,
      "brl_g": 254.17288397803813,
      "chg_1h": 0.1342281879194631,
      "chg_24h": 1.152542372881356
    },
    "XCU": {
      "name": "Cobre",
      "usd_oz": 5.496179,
      "usd_g": 0.17670625812481516,
      "brl_oz": 29.122603667299998,
      "brl_g": 0.9363134499259581,
      "chg_1h": -0.41912832613920925,
      "chg_24h": -1.5064929944832166
    }
  }
}
