{
  "timestamp": 1783982059,
  "usdToBrl": 5.1155,
  "metals": {
    "XAU": {
      "name": "Ouro",
      "usd_oz": 4004.699951,
      "usd_g": 128.7540932079979,
      "brl_oz": 20486.0425993405,
      "brl_g": 658.6415638055132,
      "chg_1h": 0.06496221824385179,
      "chg_24h": -1.9801288686967284
    },
    "XAG": {
      "name": "Prata",
      "usd_oz": 57.798,
      "usd_g": 1.8582488501735601,
      "brl_oz": 295.665669,
      "brl_g": 9.505871993062847,
      "chg_1h": 0.03634664312788964,
      "chg_24h": -1.8526380138905416
    },
    "XPT": {
      "name": "Platina",
      "usd_oz": 1611,
      "usd_g": 51.79485272205968,
      "brl_oz": 8241.0705,
      "brl_g": 264.9565690996963,
      "chg_1h": 0.18656716417910446,
      "chg_24h": -0.3094059405940594
    },
    "XPD": {
      "name": "Paládio",
      "usd_oz": 1274,
      "usd_g": 40.96005112843205,
      "brl_oz": 6517.147,
      "brl_g": 209.53114154749414,
      "chg_1h": 0.15723270440251574,
      "chg_24h": -0.8560311284046693
    },
    "XCU": {
      "name": "Cobre",
      "usd_oz": 6.123633,
      "usd_g": 0.19687937266228706,
      "brl_oz": 31.3254446115,
      "brl_g": 1.0071364308539295,
      "chg_1h": 0,
      "chg_24h": 1.2016515830149517
    }
  }
}
