{
  "timestamp": 1772485011,
  "usdToBrl": 5.2067,
  "metals": {
    "XAU": {
      "name": "Ouro",
      "usd_oz": 5340,
      "usd_g": 171.68498667647341,
      "brl_oz": 27803.778,
      "brl_g": 893.9122201283941,
      "chg_1h": 0.24215617808351744,
      "chg_24h": 1.1325291237371284
    },
    "XAG": {
      "name": "Prata",
      "usd_oz": 90.625999,
      "usd_g": 2.913693526377733,
      "brl_oz": 471.86238899329993,
      "brl_g": 15.17072808379094,
      "chg_1h": 1.437169480070855,
      "chg_24h": -3.5010775443376176
    },
    "XPT": {
      "name": "Platina",
      "usd_oz": 2319,
      "usd_g": 74.5575812926483,
      "brl_oz": 12074.3373,
      "brl_g": 388.19895851643184,
      "chg_1h": -0.08616975441619991,
      "chg_24h": -2.193167439898777
    },
    "XPD": {
      "name": "Paládio",
      "usd_oz": 1802,
      "usd_g": 57.935645316667625,
      "brl_oz": 9382.473399999999,
      "brl_g": 301.6535244702933,
      "chg_1h": 0.055524708495280406,
      "chg_24h": -0.4969630038652678
    },
    "XCU": {
      "name": "Cobre",
      "usd_oz": 6.067456,
      "usd_g": 0.19507324017230127,
      "brl_oz": 31.591423155199998,
      "brl_g": 1.015687839605121,
      "chg_1h": 0,
      "chg_24h": -0.3331942559964813
    }
  }
}
