{
  "timestamp": 1771200086,
  "usdToBrl": 5.2197,
  "metals": {
    "XAU": {
      "name": "Ouro",
      "usd_oz": 5021.299805,
      "usd_g": 161.4385374756561,
      "brl_oz": 26209.678592158496,
      "brl_g": 842.660734061682,
      "chg_1h": -0.4342558128410902,
      "chg_24h": -0.4342558128410902
    },
    "XAG": {
      "name": "Prata",
      "usd_oz": 76.355003,
      "usd_g": 2.4548703506998293,
      "brl_oz": 398.55020915909995,
      "brl_g": 12.813686769547898,
      "chg_1h": -1.5663233208714669,
      "chg_24h": -1.5663233208714669
    },
    "XPT": {
      "name": "Platina",
      "usd_oz": 2062,
      "usd_g": 66.2948394245109,
      "brl_oz": 10763.0214,
      "brl_g": 346.0391733441195,
      "chg_1h": -0.5306319343945972,
      "chg_24h": -0.5306319343945972
    },
    "XPD": {
      "name": "Paládio",
      "usd_oz": 1709,
      "usd_g": 54.94562588578522,
      "brl_oz": 8920.467299999998,
      "brl_g": 286.7996834360331,
      "chg_1h": -0.5238649592549476,
      "chg_24h": -0.5238649592549476
    },
    "XCU": {
      "name": "Cobre",
      "usd_oz": 5.877408,
      "usd_g": 0.18896305508842665,
      "brl_oz": 30.678306537599997,
      "brl_g": 0.9863304586450605,
      "chg_1h": 0,
      "chg_24h": 0
    }
  }
}
