{
  "timestamp": 1776422565,
  "usdToBrl": 4.9882,
  "metals": {
    "XAU": {
      "name": "Ouro",
      "usd_oz": 4785.899902,
      "usd_g": 153.8702548520235,
      "brl_oz": 23873.0258911564,
      "brl_g": 767.5356052528635,
      "chg_1h": -0.20227282929711413,
      "chg_24h": -0.5010415384615362
    },
    "XAG": {
      "name": "Prata",
      "usd_oz": 79.390999,
      "usd_g": 2.5524798886791973,
      "brl_oz": 396.01818121179997,
      "brl_g": 12.732280180709571,
      "chg_1h": -0.5511668330452312,
      "chg_24h": -0.37520767034240154
    },
    "XPT": {
      "name": "Platina",
      "usd_oz": 2086,
      "usd_g": 67.06645734215797,
      "brl_oz": 10405.3852,
      "brl_g": 334.5409025141524,
      "chg_1h": -0.6193425440686041,
      "chg_24h": -3.0218503021850305
    },
    "XPD": {
      "name": "Paládio",
      "usd_oz": 1574,
      "usd_g": 50.605275099020446,
      "brl_oz": 7851.4268,
      "brl_g": 252.4292332489338,
      "chg_1h": -0.31665611146295125,
      "chg_24h": -1.9314641744548289
    },
    "XCU": {
      "name": "Cobre",
      "usd_oz": 5.967537,
      "usd_g": 0.1918607697259105,
      "brl_oz": 29.7672680634,
      "brl_g": 0.9570398915467868,
      "chg_1h": -0.1189359765930831,
      "chg_24h": 0.43898338033360035
    }
  }
}
