{
  "timestamp": 1776820436,
  "usdToBrl": 4.9639,
  "metals": {
    "XAU": {
      "name": "Ouro",
      "usd_oz": 4738.899902,
      "usd_g": 152.35916976329798,
      "brl_oz": 23523.4252235378,
      "brl_g": 756.2956827880348,
      "chg_1h": 0.07391139233080975,
      "chg_24h": -1.472031314417514
    },
    "XAG": {
      "name": "Prata",
      "usd_oz": 77.584,
      "usd_g": 2.4943835217804335,
      "brl_oz": 385.1192176,
      "brl_g": 12.381870363765893,
      "chg_1h": 0.2584474726643389,
      "chg_24h": -2.470180519167774
    },
    "XPT": {
      "name": "Platina",
      "usd_oz": 2060,
      "usd_g": 66.23053793137365,
      "brl_oz": 10225.634,
      "brl_g": 328.76176723754566,
      "chg_1h": 0.3898635477582846,
      "chg_24h": -1.3882240306366682
    },
    "XPD": {
      "name": "Paládio",
      "usd_oz": 1578,
      "usd_g": 50.733878085294954,
      "brl_oz": 7833.0342,
      "brl_g": 251.8378974275956,
      "chg_1h": 0.38167938931297707,
      "chg_24h": 0.06341154090044387
    },
    "XCU": {
      "name": "Cobre",
      "usd_oz": 5.964286,
      "usd_g": 0.1917562476488159,
      "brl_oz": 29.6061192754,
      "brl_g": 0.9518588377039573,
      "chg_1h": -0.434135765001101,
      "chg_24h": 0.35615978747859767
    }
  }
}
