{
  "timestamp": 1771599630,
  "usdToBrl": 5.2144,
  "metals": {
    "XAU": {
      "name": "Ouro",
      "usd_oz": 5053.299805,
      "usd_g": 162.46736136585218,
      "brl_oz": 26349.926503192,
      "brl_g": 847.1698091060997,
      "chg_1h": 0.1585634215844186,
      "chg_24h": 1.3599399257847689
    },
    "XAG": {
      "name": "Prata",
      "usd_oz": 81.684998,
      "usd_g": 2.6262336691568833,
      "brl_oz": 425.9382535712,
      "brl_g": 13.694232844451653,
      "chg_1h": 0.8643538820231617,
      "chg_24h": 4.809015220448066
    },
    "XPT": {
      "name": "Platina",
      "usd_oz": 2132,
      "usd_g": 68.54539168431485,
      "brl_oz": 11117.1008,
      "brl_g": 357.4230903986914,
      "chg_1h": 0.28222013170272814,
      "chg_24h": 3.3446437227338826
    },
    "XPD": {
      "name": "Paládio",
      "usd_oz": 1753,
      "usd_g": 56.36025873480485,
      "brl_oz": 9140.843200000001,
      "brl_g": 293.88493314676646,
      "chg_1h": 0.5737234652897304,
      "chg_24h": 3.4828807556080283
    },
    "XCU": {
      "name": "Cobre",
      "usd_oz": 5.753139,
      "usd_g": 0.1849677139630898,
      "brl_oz": 29.9991680016,
      "brl_g": 0.9644956476891355,
      "chg_1h": 0.2846355378686032,
      "chg_24h": 0.9913165013858156
    }
  }
}
