{
  "timestamp": 1784651902,
  "usdToBrl": 5.0794,
  "metals": {
    "XAU": {
      "name": "Ouro",
      "usd_oz": 4074.199951,
      "usd_g": 130.98857009451754,
      "brl_oz": 20694.491231109398,
      "brl_g": 665.3433429380924,
      "chg_1h": 0.1105732622596481,
      "chg_24h": 1.527574833587263
    },
    "XAG": {
      "name": "Prata",
      "usd_oz": 59.099998,
      "usd_g": 1.9001090579044206,
      "brl_oz": 300.1925298412,
      "brl_g": 9.651413948719714,
      "chg_1h": 0.038928855561388,
      "chg_24h": 3.3939783065080524
    },
    "XPT": {
      "name": "Platina",
      "usd_oz": 1637,
      "usd_g": 52.63077213284401,
      "brl_oz": 8314.977799999999,
      "brl_g": 267.3327439715678,
      "chg_1h": 0.7384615384615384,
      "chg_24h": 1.9937694704049844
    },
    "XPD": {
      "name": "Paládio",
      "usd_oz": 1308,
      "usd_g": 42.0531765117654,
      "brl_oz": 6643.8552,
      "brl_g": 213.60490477386116,
      "chg_1h": 1.0038610038610039,
      "chg_24h": 0.9259259259259258
    },
    "XCU": {
      "name": "Cobre",
      "usd_oz": 6.27031,
      "usd_g": 0.20159514771673373,
      "brl_oz": 31.849412614,
      "brl_g": 1.0239823933123773,
      "chg_1h": 0.2938448375775921,
      "chg_24h": 2.2082575299066654
    }
  }
}
