{
  "timestamp": 1775486653,
  "usdToBrl": 5.1818,
  "metals": {
    "XAU": {
      "name": "Ouro",
      "usd_oz": 4687.100098,
      "usd_g": 150.69376739258936,
      "brl_oz": 24287.6152878164,
      "brl_g": 780.8649638749196,
      "chg_1h": 0.17525906028668398,
      "chg_24h": 0.19452967079948458
    },
    "XAG": {
      "name": "Prata",
      "usd_oz": 72.932999,
      "usd_g": 2.344850367338998,
      "brl_oz": 377.92421421819995,
      "brl_g": 12.15054563347722,
      "chg_1h": 0.05487632707875386,
      "chg_24h": -0.2980164276904406
    },
    "XPT": {
      "name": "Platina",
      "usd_oz": 1982,
      "usd_g": 63.722779699020656,
      "brl_oz": 10270.3276,
      "brl_g": 330.1986998443852,
      "chg_1h": 0,
      "chg_24h": -0.4020100502512563
    },
    "XPD": {
      "name": "Paládio",
      "usd_oz": 1503,
      "usd_g": 48.32257209264785,
      "brl_oz": 7788.2454,
      "brl_g": 250.39790406968265,
      "chg_1h": -0.26542800265428,
      "chg_24h": -1.7647058823529411
    },
    "XCU": {
      "name": "Cobre",
      "usd_oz": 5.523714,
      "usd_g": 0.17759152893158234,
      "brl_oz": 28.6227812052,
      "brl_g": 0.9202437846176733,
      "chg_1h": 0,
      "chg_24h": 0.2428346889380345
    }
  }
}
