{
  "timestamp": 1772621686,
  "usdToBrl": 5.2434,
  "metals": {
    "XAU": {
      "name": "Ouro",
      "usd_oz": 5187,
      "usd_g": 166.76592245147333,
      "brl_oz": 27197.5158,
      "brl_g": 874.4204377820553,
      "chg_1h": 0.04050411849204276,
      "chg_24h": -1.2677039888390813
    },
    "XAG": {
      "name": "Prata",
      "usd_oz": 85.901001,
      "usd_g": 2.7617813131424587,
      "brl_oz": 450.4133086434,
      "brl_g": 14.481124137331168,
      "chg_1h": -0.7269132176922941,
      "chg_24h": 4.374184844381544
    },
    "XPT": {
      "name": "Platina",
      "usd_oz": 2176,
      "usd_g": 69.96002453333449,
      "brl_oz": 11409.6384,
      "brl_g": 366.8283926380861,
      "chg_1h": -0.41189931350114417,
      "chg_24h": 3.2747982914095872
    },
    "XPD": {
      "name": "Paládio",
      "usd_oz": 1717,
      "usd_g": 55.20283185833424,
      "brl_oz": 9002.917800000001,
      "brl_g": 289.45052856598977,
      "chg_1h": 0,
      "chg_24h": 0.940623162845385
    },
    "XCU": {
      "name": "Cobre",
      "usd_oz": 5.863589,
      "usd_g": 0.18851876392159478,
      "brl_oz": 30.7451425626,
      "brl_g": 0.9884792867464901,
      "chg_1h": -0.2764189922110127,
      "chg_24h": -0.6685017629019204
    }
  }
}
