{
  "timestamp": 1774890855,
  "usdToBrl": 5.2402,
  "metals": {
    "XAU": {
      "name": "Ouro",
      "usd_oz": 4528.399902,
      "usd_g": 145.5914376106018,
      "brl_oz": 23729.7211664604,
      "brl_g": 762.9282513670754,
      "chg_1h": -0.41125542866815024,
      "chg_24h": 0.7430456507230281
    },
    "XAG": {
      "name": "Prata",
      "usd_oz": 70.487999,
      "usd_g": 2.2662417919787026,
      "brl_oz": 369.3712123598,
      "brl_g": 11.875560238326797,
      "chg_1h": -0.8244900030034944,
      "chg_24h": 0.8787216864824945
    },
    "XPT": {
      "name": "Platina",
      "usd_oz": 1909,
      "usd_g": 61.37577519951082,
      "brl_oz": 10003.541799999999,
      "brl_g": 321.6213372004766,
      "chg_1h": -0.36534446764091855,
      "chg_24h": 1.9220501868659905
    },
    "XPD": {
      "name": "Paládio",
      "usd_oz": 1445,
      "usd_g": 46.45782879166743,
      "brl_oz": 7572.089,
      "brl_g": 243.44831443409566,
      "chg_1h": -0.20718232044198895,
      "chg_24h": 2.993585174625802
    },
    "XCU": {
      "name": "Cobre",
      "usd_oz": 5.490358,
      "usd_g": 0.17651910862903916,
      "brl_oz": 28.770573991599996,
      "brl_g": 0.924995433037891,
      "chg_1h": -0.1498563815721879,
      "chg_24h": 0.8025304375334047
    }
  }
}
