{
  "timestamp": 1780604335,
  "usdToBrl": 5.0645,
  "metals": {
    "XAU": {
      "name": "Ouro",
      "usd_oz": 4479.399902,
      "usd_g": 144.016051028739,
      "brl_oz": 22685.920803679,
      "brl_g": 729.3692904350487,
      "chg_1h": 0,
      "chg_24h": 0.866941404886455
    },
    "XAG": {
      "name": "Prata",
      "usd_oz": 74.111,
      "usd_g": 2.3827239789475883,
      "brl_oz": 375.33515950000003,
      "brl_g": 12.06730559138006,
      "chg_1h": 0,
      "chg_24h": 1.3885834876247238
    },
    "XPT": {
      "name": "Platina",
      "usd_oz": 1904,
      "usd_g": 61.21502146666768,
      "brl_oz": 9642.807999999999,
      "brl_g": 310.0234762179384,
      "chg_1h": 0,
      "chg_24h": 1.9817889662560257
    },
    "XPD": {
      "name": "Paládio",
      "usd_oz": 1339,
      "usd_g": 43.04984965539287,
      "brl_oz": 6781.3655,
      "brl_g": 218.02596357973718,
      "chg_1h": 0,
      "chg_24h": 0.8283132530120483
    },
    "XCU": {
      "name": "Cobre",
      "usd_oz": 6.321324,
      "usd_g": 0.2032352859021857,
      "brl_oz": 32.014345397999996,
      "brl_g": 1.0292851054516194,
      "chg_1h": 0,
      "chg_24h": -0.5049574983874783
    }
  }
}
