{
  "timestamp": 1773427647,
  "usdToBrl": 5.2433,
  "metals": {
    "XAU": {
      "name": "Ouro",
      "usd_oz": 5046,
      "usd_g": 162.2326671852968,
      "brl_oz": 26457.691799999997,
      "brl_g": 850.6345438526666,
      "chg_1h": -0.025752482519703447,
      "chg_24h": -0.8936462732004321
    },
    "XAG": {
      "name": "Prata",
      "usd_oz": 81.016998,
      "usd_g": 2.60475697044904,
      "brl_oz": 424.79642561339995,
      "brl_g": 13.65752222315545,
      "chg_1h": 0.0037005949589023666,
      "chg_24h": -4.4858657481062245
    },
    "XPT": {
      "name": "Platina",
      "usd_oz": 2053,
      "usd_g": 66.00548270539325,
      "brl_oz": 10764.4949,
      "brl_g": 346.0865474691884,
      "chg_1h": -0.09732360097323602,
      "chg_24h": -4.688950789229341
    },
    "XPD": {
      "name": "Paládio",
      "usd_oz": 1596,
      "usd_g": 51.31259152353026,
      "brl_oz": 8368.3068,
      "brl_g": 269.0473111353262,
      "chg_1h": 0,
      "chg_24h": -3.564954682779456
    },
    "XCU": {
      "name": "Cobre",
      "usd_oz": 5.765234,
      "usd_g": 0.18535657724283738,
      "brl_oz": 30.2288514322,
      "brl_g": 0.9718801414573692,
      "chg_1h": -0.13227389496038805,
      "chg_24h": -0.8922600770344369
    }
  }
}
