{
  "timestamp": 1772209557,
  "usdToBrl": 5.1556,
  "metals": {
    "XAU": {
      "name": "Ouro",
      "usd_oz": 5231,
      "usd_g": 168.18055530049298,
      "brl_oz": 26968.9436,
      "brl_g": 867.0716709072216,
      "chg_1h": 0.1109967998077756,
      "chg_24h": 0.8910699879954256
    },
    "XAG": {
      "name": "Prata",
      "usd_oz": 93.483002,
      "usd_g": 3.005548305776543,
      "brl_oz": 481.9609651112,
      "brl_g": 15.495404845261543,
      "chg_1h": 1.5611803133472482,
      "chg_24h": 7.065303145017872
    },
    "XPT": {
      "name": "Platina",
      "usd_oz": 2365,
      "usd_g": 76.03651563480517,
      "brl_oz": 12192.993999999999,
      "brl_g": 392.0138600068015,
      "chg_1h": 0.2968617472434266,
      "chg_24h": 4.785112981834294
    },
    "XPD": {
      "name": "Paládio",
      "usd_oz": 1811,
      "usd_g": 58.22500203578527,
      "brl_oz": 9336.791599999999,
      "brl_g": 300.18482049569457,
      "chg_1h": 0.4994450610432853,
      "chg_24h": 0.7790762381747357
    },
    "XCU": {
      "name": "Cobre",
      "usd_oz": 6.041397,
      "usd_g": 0.19423542386746936,
      "brl_oz": 31.1470263732,
      "brl_g": 1.001400151291125,
      "chg_1h": -0.14868455652384535,
      "chg_24h": 1.1044952814029583
    }
  }
}
