{
  "timestamp": 1777486337,
  "usdToBrl": 4.9854,
  "metals": {
    "XAU": {
      "name": "Ouro",
      "usd_oz": 4533,
      "usd_g": 145.73933419559063,
      "brl_oz": 22598.8182,
      "brl_g": 726.5688766986975,
      "chg_1h": -0.28377004065410044,
      "chg_24h": -1.4308038573120634
    },
    "XAG": {
      "name": "Prata",
      "usd_oz": 71.217003,
      "usd_g": 2.289679814830219,
      "brl_oz": 355.0452467562001,
      "brl_g": 11.414969748854574,
      "chg_1h": -0.6667089755212885,
      "chg_24h": -3.020351413368307
    },
    "XPT": {
      "name": "Platina",
      "usd_oz": 1888,
      "usd_g": 60.70060952156963,
      "brl_oz": 9412.4352,
      "brl_g": 302.61681870883325,
      "chg_1h": -0.6838506049447659,
      "chg_24h": -3.476482617586912
    },
    "XPD": {
      "name": "Paládio",
      "usd_oz": 1475,
      "usd_g": 47.422351188726275,
      "brl_oz": 7353.465,
      "brl_g": 236.419389616276,
      "chg_1h": -0.9402283411685695,
      "chg_24h": -0.6064690026954178
    },
    "XCU": {
      "name": "Cobre",
      "usd_oz": 5.859431,
      "usd_g": 0.1883850811173624,
      "brl_oz": 29.2116073074,
      "brl_g": 0.9391749834024986,
      "chg_1h": 0.11237252800087025,
      "chg_24h": 0.03407634911868606
    }
  }
}
