{
  "timestamp": 1778072722,
  "usdToBrl": 4.9525,
  "metals": {
    "XAU": {
      "name": "Ouro",
      "usd_oz": 4690.700195,
      "usd_g": 150.80951319885887,
      "brl_oz": 23230.6927157375,
      "brl_g": 746.8841141173485,
      "chg_1h": -0.4731552089963856,
      "chg_24h": 2.733312067251715
    },
    "XAG": {
      "name": "Prata",
      "usd_oz": 77.292999,
      "usd_g": 2.4850276223782157,
      "brl_oz": 382.7935775474999,
      "brl_g": 12.307099299828113,
      "chg_1h": -0.5468527098779556,
      "chg_24h": 5.049057936513987
    },
    "XPT": {
      "name": "Platina",
      "usd_oz": 2029,
      "usd_g": 65.23386478774617,
      "brl_oz": 10048.6225,
      "brl_g": 323.07071536131286,
      "chg_1h": -1.120857699805068,
      "chg_24h": 2.0110608345902463
    },
    "XPD": {
      "name": "Paládio",
      "usd_oz": 1564,
      "usd_g": 50.283767633334165,
      "brl_oz": 7745.709999999999,
      "brl_g": 249.03035920408743,
      "chg_1h": -0.4455760661998727,
      "chg_24h": 1.756668835393624
    },
    "XCU": {
      "name": "Cobre",
      "usd_oz": 6.013577,
      "usd_g": 0.19334099009793015,
      "brl_oz": 29.782240092499997,
      "brl_g": 0.957521253459999,
      "chg_1h": 0.49905451713525145,
      "chg_24h": 1.830624827490437
    }
  }
}
