{
  "timestamp": 1776419120,
  "usdToBrl": 4.9882,
  "metals": {
    "XAU": {
      "name": "Ouro",
      "usd_oz": 4795.600098,
      "usd_g": 154.18212339528552,
      "brl_oz": 23921.4124088436,
      "brl_g": 769.0912679203632,
      "chg_1h": 0.10227947482736477,
      "chg_24h": -0.3801450876117578
    },
    "XAG": {
      "name": "Prata",
      "usd_oz": 79.831001,
      "usd_g": 2.566626281470887,
      "brl_oz": 398.2129991882,
      "brl_g": 12.802845217233077,
      "chg_1h": 0.8438272717348372,
      "chg_24h": 0.1342155453090032
    },
    "XPT": {
      "name": "Platina",
      "usd_oz": 2099,
      "usd_g": 67.48441704755014,
      "brl_oz": 10470.2318,
      "brl_g": 336.6257691165896,
      "chg_1h": 0.1909307875894988,
      "chg_24h": -1.9158878504672898
    },
    "XPD": {
      "name": "Paládio",
      "usd_oz": 1579,
      "usd_g": 50.76602883186358,
      "brl_oz": 7876.3678,
      "brl_g": 253.2311050191019,
      "chg_1h": 0.3176620076238882,
      "chg_24h": -1.2507817385866167
    },
    "XCU": {
      "name": "Cobre",
      "usd_oz": 5.974643,
      "usd_g": 0.1920892329310272,
      "brl_oz": 29.8027142126,
      "brl_g": 0.9581795117065499,
      "chg_1h": 0.05442616153384008,
      "chg_24h": 0.5227664441517784
    }
  }
}
