{
  "timestamp": 1772223311,
  "usdToBrl": 5.1556,
  "metals": {
    "XAU": {
      "name": "Ouro",
      "usd_oz": 5253.299805,
      "usd_g": 168.89751067957778,
      "brl_oz": 27083.912474658,
      "brl_g": 870.7680060596311,
      "chg_1h": 0.0514171132748827,
      "chg_24h": 1.1787081497826655
    },
    "XAG": {
      "name": "Prata",
      "usd_oz": 93.375,
      "usd_g": 3.0020759608456378,
      "brl_oz": 481.40414999999996,
      "brl_g": 15.477502823735769,
      "chg_1h": -0.06100586588113638,
      "chg_24h": 5.5359055642451365
    },
    "XPT": {
      "name": "Platina",
      "usd_oz": 2369,
      "usd_g": 76.16511862107969,
      "brl_oz": 12213.616399999999,
      "brl_g": 392.6768855628384,
      "chg_1h": 0.12679628064243448,
      "chg_24h": 3.994732221246708
    },
    "XPD": {
      "name": "Paládio",
      "usd_oz": 1807,
      "usd_g": 58.096399049510765,
      "brl_oz": 9316.1692,
      "brl_g": 299.5217949396577,
      "chg_1h": 0.1662971175166297,
      "chg_24h": 0
    },
    "XCU": {
      "name": "Cobre",
      "usd_oz": 6.08774,
      "usd_g": 0.19572538591569932,
      "brl_oz": 31.385952344,
      "brl_g": 1.0090817996269794,
      "chg_1h": 0.012666402605308148,
      "chg_24h": 2.1605324657148586
    }
  }
}
