{
  "timestamp": 1774277082,
  "usdToBrl": 5.2552,
  "metals": {
    "XAU": {
      "name": "Ouro",
      "usd_oz": 4481.200195,
      "usd_g": 144.07393179273132,
      "brl_oz": 23549.603264764002,
      "brl_g": 757.1373263571617,
      "chg_1h": 1.0667875695313844,
      "chg_24h": -0.244868873213697
    },
    "XAG": {
      "name": "Prata",
      "usd_oz": 70.225998,
      "usd_g": 2.2578182642269757,
      "brl_oz": 369.05166468960005,
      "brl_g": 11.865286542165604,
      "chg_1h": 2.4733333082352127,
      "chg_24h": 3.3677674722383624
    },
    "XPT": {
      "name": "Platina",
      "usd_oz": 1915,
      "usd_g": 61.568679678922585,
      "brl_oz": 10063.708,
      "brl_g": 323.55572544867397,
      "chg_1h": 1.0554089709762533,
      "chg_24h": -0.9824198552223371
    },
    "XPD": {
      "name": "Paládio",
      "usd_oz": 1485,
      "usd_g": 47.743858654412556,
      "brl_oz": 7803.972000000001,
      "brl_g": 250.90352600066888,
      "chg_1h": 1.3651877133105803,
      "chg_24h": 3.7011173184357546
    },
    "XCU": {
      "name": "Cobre",
      "usd_oz": 5.545091,
      "usd_g": 0.1782788154409799,
      "brl_oz": 29.140562223200003,
      "brl_g": 0.9368908309054376,
      "chg_1h": 0.5028685893543808,
      "chg_24h": 2.634811713095891
    }
  }
}
