{
  "timestamp": 1770976355,
  "usdToBrl": 5.1761,
  "metals": {
    "XAU": {
      "name": "Ouro",
      "usd_oz": 4974.200195,
      "usd_g": 159.9242498510649,
      "brl_oz": 25746.9576293395,
      "brl_g": 827.783909654097,
      "chg_1h": -0.16256769598390922,
      "chg_24h": -1.817887088109254
    },
    "XAG": {
      "name": "Prata",
      "usd_oz": 78.508003,
      "usd_g": 2.5240909080620852,
      "brl_oz": 406.3652743283,
      "brl_g": 13.06494694922016,
      "chg_1h": -0.6139696233321785,
      "chg_24h": -6.132450875420552
    },
    "XPT": {
      "name": "Platina",
      "usd_oz": 2046,
      "usd_g": 65.78042747941285,
      "brl_oz": 10590.3006,
      "brl_g": 340.48607067618883,
      "chg_1h": -0.048851978505129456,
      "chg_24h": -3.1708471367723616
    },
    "XPD": {
      "name": "Paládio",
      "usd_oz": 1677,
      "usd_g": 53.916801995589125,
      "brl_oz": 8680.3197,
      "brl_g": 279.0787588093689,
      "chg_1h": -0.4156769596199525,
      "chg_24h": -3.1755196304849886
    },
    "XCU": {
      "name": "Cobre",
      "usd_oz": 5.932913,
      "usd_g": 0.19074758227671834,
      "brl_oz": 30.7093509793,
      "brl_g": 0.9873285606225218,
      "chg_1h": -0.26432945900043364,
      "chg_24h": -1.5591644236605184
    }
  }
}
