{
  "timestamp": 1771918847,
  "usdToBrl": 5.1815,
  "metals": {
    "XAU": {
      "name": "Ouro",
      "usd_oz": 5178.899902,
      "usd_g": 166.5054982534943,
      "brl_oz": 26834.469842213,
      "brl_g": 862.7482392004806,
      "chg_1h": 0.16245821487283843,
      "chg_24h": 0.8215333852085903
    },
    "XAG": {
      "name": "Prata",
      "usd_oz": 88.339996,
      "usd_g": 2.8401968232696095,
      "brl_oz": 457.73368927399997,
      "brl_g": 14.71647983977148,
      "chg_1h": -0.06336033017963753,
      "chg_24h": 2.90879156346373
    },
    "XPT": {
      "name": "Platina",
      "usd_oz": 2158,
      "usd_g": 69.38131109509918,
      "brl_oz": 11181.677,
      "brl_g": 359.49926343925637,
      "chg_1h": 0.5123428039124359,
      "chg_24h": 0.18570102135561745
    },
    "XPD": {
      "name": "Paládio",
      "usd_oz": 1761,
      "usd_g": 56.617464707353875,
      "brl_oz": 9124.6215,
      "brl_g": 293.3633933811541,
      "chg_1h": -0.28312570781426954,
      "chg_24h": -0.22662889518413595
    },
    "XCU": {
      "name": "Cobre",
      "usd_oz": 5.816944,
      "usd_g": 0.18701909234790112,
      "brl_oz": 30.140495336,
      "brl_g": 0.9690394270006496,
      "chg_1h": -0.2683026228643041,
      "chg_24h": 0.8032276752146699
    }
  }
}
