{
  "timestamp": 1773056593,
  "usdToBrl": 5.2765,
  "metals": {
    "XAU": {
      "name": "Ouro",
      "usd_oz": 5090.799805,
      "usd_g": 163.67301436217573,
      "brl_oz": 26861.6051710825,
      "brl_g": 863.6206602820204,
      "chg_1h": 0.04716419790544089,
      "chg_24h": -1.608043969849253
    },
    "XAG": {
      "name": "Prata",
      "usd_oz": 83.417999,
      "usd_g": 2.6819509451110624,
      "brl_oz": 440.1550717235,
      "brl_g": 14.151314161878522,
      "chg_1h": 0.08998595946903401,
      "chg_24h": -1.3890073318357987
    },
    "XPT": {
      "name": "Platina",
      "usd_oz": 2105,
      "usd_g": 67.6773215269619,
      "brl_oz": 11107.032500000001,
      "brl_g": 357.09938703701454,
      "chg_1h": -0.09492168960607499,
      "chg_24h": -2.320185614849188
    },
    "XPD": {
      "name": "Paládio",
      "usd_oz": 1621,
      "usd_g": 52.116360187745954,
      "brl_oz": 8553.2065,
      "brl_g": 274.9919745306415,
      "chg_1h": 0.37151702786377705,
      "chg_24h": -1.8170805572380373
    },
    "XCU": {
      "name": "Cobre",
      "usd_oz": 5.786478,
      "usd_g": 0.1860395877029413,
      "brl_oz": 30.532351167,
      "brl_g": 0.9816378845145698,
      "chg_1h": -0.16433738905932252,
      "chg_24h": -0.16538809785400124
    }
  }
}
