{
  "timestamp": 1779544576,
  "usdToBrl": 5.0164,
  "metals": {
    "XAU": {
      "name": "Ouro",
      "usd_oz": 4510.5,
      "usd_g": 145.01594239779652,
      "brl_oz": 22626.4722,
      "brl_g": 727.4579734443065,
      "chg_1h": 0,
      "chg_24h": -0.20355763884910397
    },
    "XAG": {
      "name": "Prata",
      "usd_oz": 75.642998,
      "usd_g": 2.4319788583892334,
      "brl_oz": 379.4555351672,
      "brl_g": 12.199778745223751,
      "chg_1h": 0,
      "chg_24h": -0.5103181731219562
    },
    "XPT": {
      "name": "Platina",
      "usd_oz": 1930,
      "usd_g": 62.05094087745201,
      "brl_oz": 9681.652,
      "brl_g": 311.2723398176502,
      "chg_1h": 0,
      "chg_24h": -0.6690684508492023
    },
    "XPD": {
      "name": "Paládio",
      "usd_oz": 1374,
      "usd_g": 44.175125785294846,
      "brl_oz": 6892.5336,
      "brl_g": 221.60010098935305,
      "chg_1h": 0,
      "chg_24h": -0.8658008658008658
    },
    "XCU": {
      "name": "Cobre",
      "usd_oz": 6.127126,
      "usd_g": 0.1969916752200513,
      "brl_oz": 30.736114866399998,
      "brl_g": 0.9881890395738653,
      "chg_1h": 0,
      "chg_24h": 0.7070220623887424
    }
  }
}
