{
  "timestamp": 1772190494,
  "usdToBrl": 5.1258,
  "metals": {
    "XAU": {
      "name": "Ouro",
      "usd_oz": 5176.399902,
      "usd_g": 166.42512138707272,
      "brl_oz": 26533.1906176716,
      "brl_g": 853.0618872058574,
      "chg_1h": -0.017381705404242862,
      "chg_24h": 0.07346023137318168
    },
    "XAG": {
      "name": "Prata",
      "usd_oz": 89.931999,
      "usd_g": 2.891380908259105,
      "brl_oz": 460.9734404742,
      "brl_g": 14.820640259554521,
      "chg_1h": -0.0044453835320196955,
      "chg_24h": 3.201672057140581
    },
    "XPT": {
      "name": "Platina",
      "usd_oz": 2381,
      "usd_g": 76.55092757990322,
      "brl_oz": 12204.5298,
      "brl_g": 392.3847445890679,
      "chg_1h": 0.2948609941027801,
      "chg_24h": 4.84368119771026
    },
    "XPD": {
      "name": "Paládio",
      "usd_oz": 1843,
      "usd_g": 59.25382592598137,
      "brl_oz": 9446.8494,
      "brl_g": 303.72326093139526,
      "chg_1h": -0.05422993492407809,
      "chg_24h": 3.772522522522523
    },
    "XCU": {
      "name": "Cobre",
      "usd_oz": 6.044874,
      "usd_g": 0.1943472120132885,
      "brl_oz": 30.9848151492,
      "brl_g": 0.9961849393377141,
      "chg_1h": 0.0738359986583686,
      "chg_24h": 1.4798061888359535
    }
  }
}
