{
  "timestamp": 1776894793,
  "usdToBrl": 4.9717,
  "metals": {
    "XAU": {
      "name": "Ouro",
      "usd_oz": 4740.899902,
      "usd_g": 152.42347125643525,
      "brl_oz": 23570.332042773403,
      "brl_g": 757.8037720456192,
      "chg_1h": 0.018985274261605716,
      "chg_24h": 0.41938962506615807
    },
    "XAG": {
      "name": "Prata",
      "usd_oz": 77.824997,
      "usd_g": 2.502131755251233,
      "brl_oz": 386.9225375849,
      "brl_g": 12.439848447582555,
      "chg_1h": 0.020561889256039072,
      "chg_24h": 1.3451883008646663
    },
    "XPT": {
      "name": "Platina",
      "usd_oz": 2082,
      "usd_g": 66.93785435588346,
      "brl_oz": 10351.0794,
      "brl_g": 332.7949305011458,
      "chg_1h": -0.14388489208633093,
      "chg_24h": 1.9588638589618024
    },
    "XPD": {
      "name": "Paládio",
      "usd_oz": 1573,
      "usd_g": 50.57312435245181,
      "brl_oz": 7820.484100000001,
      "brl_g": 251.43440234308468,
      "chg_1h": -0.12698412698412698,
      "chg_24h": 0.25493945188017847
    },
    "XCU": {
      "name": "Cobre",
      "usd_oz": 6.049032,
      "usd_g": 0.19448089481752087,
      "brl_oz": 30.073972394400002,
      "brl_g": 0.9669006647642686,
      "chg_1h": 0,
      "chg_24h": 0.9805865891011696
    }
  }
}
