{
  "timestamp": 1778808560,
  "usdToBrl": 4.997,
  "metals": {
    "XAU": {
      "name": "Ouro",
      "usd_oz": 4615.100098,
      "usd_g": 148.37891363964815,
      "brl_oz": 23061.655189705998,
      "brl_g": 741.4494314573218,
      "chg_1h": -0.7526719696862749,
      "chg_24h": -1.7101802972265816
    },
    "XAG": {
      "name": "Prata",
      "usd_oz": 81.300003,
      "usd_g": 2.6138557924816945,
      "brl_oz": 406.256114991,
      "brl_g": 13.061437395031028,
      "chg_1h": -2.413839795963547,
      "chg_24h": -7.439029305280415
    },
    "XPT": {
      "name": "Platina",
      "usd_oz": 2025,
      "usd_g": 65.10526180147166,
      "brl_oz": 10118.925,
      "brl_g": 325.33099322195386,
      "chg_1h": -1.7943743937924344,
      "chg_24h": -5.550373134328359
    },
    "XPD": {
      "name": "Paládio",
      "usd_oz": 1440,
      "usd_g": 46.29707505882429,
      "brl_oz": 7195.68,
      "brl_g": 231.346484068945,
      "chg_1h": -1.4373716632443532,
      "chg_24h": -5.573770491803279
    },
    "XCU": {
      "name": "Cobre",
      "usd_oz": 6.236895,
      "usd_g": 0.200520830520143,
      "brl_oz": 31.165764314999997,
      "brl_g": 1.0020025901091545,
      "chg_1h": -2.0480269577414285,
      "chg_24h": -0.7984294172203268
    }
  }
}
