{
  "timestamp": 1773659632,
  "usdToBrl": 5.2433,
  "metals": {
    "XAU": {
      "name": "Ouro",
      "usd_oz": 5005.799805,
      "usd_g": 160.94020090384237,
      "brl_oz": 26246.910117556497,
      "brl_g": 843.8577553991166,
      "chg_1h": 0.5604753721301232,
      "chg_24h": -0.2769167372554746
    },
    "XAG": {
      "name": "Prata",
      "usd_oz": 79.127998,
      "usd_g": 2.544024210180902,
      "brl_oz": 414.8918319134,
      "brl_g": 13.339082141241521,
      "chg_1h": 2.3158385330653912,
      "chg_24h": -1.9418823966788377
    },
    "XPT": {
      "name": "Platina",
      "usd_oz": 2081,
      "usd_g": 66.90570360931483,
      "brl_oz": 10911.307299999999,
      "brl_g": 350.8066757347204,
      "chg_1h": 1.5617374328940947,
      "chg_24h": 2.160039273441335
    },
    "XPD": {
      "name": "Paládio",
      "usd_oz": 1577,
      "usd_g": 50.70172733872633,
      "brl_oz": 8268.684099999999,
      "brl_g": 265.84436695514376,
      "chg_1h": 1.610824742268041,
      "chg_24h": 0.06345177664974619
    },
    "XCU": {
      "name": "Cobre",
      "usd_oz": 5.801219,
      "usd_g": 0.18651352185810943,
      "brl_oz": 30.417531582699997,
      "brl_g": 0.9779463491586251,
      "chg_1h": 0.2691661397880174,
      "chg_24h": -1.2119260512077925
    }
  }
}
