{
  "timestamp": 1771940402,
  "usdToBrl": 5.1815,
  "metals": {
    "XAU": {
      "name": "Ouro",
      "usd_oz": 5152.100098,
      "usd_g": 165.64386454700139,
      "brl_oz": 26695.606657786997,
      "brl_g": 858.2836841502876,
      "chg_1h": -0.42326830305373236,
      "chg_24h": 0.02717888727747121
    },
    "XAG": {
      "name": "Prata",
      "usd_oz": 87.863998,
      "usd_g": 2.8248931322044357,
      "brl_oz": 455.26730563699994,
      "brl_g": 14.637183764517284,
      "chg_1h": -0.3809512601230599,
      "chg_24h": 1.2386327617712711
    },
    "XPT": {
      "name": "Platina",
      "usd_oz": 2165,
      "usd_g": 69.60636632107958,
      "brl_oz": 11217.9475,
      "brl_g": 360.6653870926738,
      "chg_1h": -0.09229349330872173,
      "chg_24h": 0.23148148148148145
    },
    "XPD": {
      "name": "Paládio",
      "usd_oz": 1764,
      "usd_g": 56.71391694705976,
      "brl_oz": 9140.166,
      "brl_g": 293.86316066119014,
      "chg_1h": -0.5636978579481398,
      "chg_24h": -0.8988764044943821
    },
    "XCU": {
      "name": "Cobre",
      "usd_oz": 5.863362,
      "usd_g": 0.1885114657021237,
      "brl_oz": 30.381010203000002,
      "brl_g": 0.976772159535554,
      "chg_1h": 0.803212575228122,
      "chg_24h": 1.4585913405775328
    }
  }
}
