{
  "timestamp": 1780920652,
  "usdToBrl": 5.0599,
  "metals": {
    "XAU": {
      "name": "Ouro",
      "usd_oz": 4331.200195,
      "usd_g": 139.2513198074371,
      "brl_oz": 21915.439866680503,
      "brl_g": 704.597753093651,
      "chg_1h": 0,
      "chg_24h": 0.0277181293302621
    },
    "XAG": {
      "name": "Prata",
      "usd_oz": 68.635002,
      "usd_g": 2.206666555039275,
      "brl_oz": 347.2862466198,
      "brl_g": 11.165512101843227,
      "chg_1h": 0,
      "chg_24h": 0.9858104015778958
    },
    "XPT": {
      "name": "Platina",
      "usd_oz": 1789,
      "usd_g": 57.51768561127546,
      "brl_oz": 9052.1611,
      "brl_g": 291.0337374244927,
      "chg_1h": 0,
      "chg_24h": 0.22408963585434172
    },
    "XPD": {
      "name": "Paládio",
      "usd_oz": 1245,
      "usd_g": 40.02767947794184,
      "brl_oz": 6299.5755,
      "brl_g": 202.5360553904379,
      "chg_1h": 0,
      "chg_24h": -0.16038492381716118
    },
    "XCU": {
      "name": "Cobre",
      "usd_oz": 6.256778,
      "usd_g": 0.20116008381416703,
      "brl_oz": 31.6586710022,
      "brl_g": 1.0178499080913037,
      "chg_1h": 0,
      "chg_24h": -0.781958516601975
    }
  }
}
