{
  "timestamp": 1778224413,
  "usdToBrl": 4.9167,
  "metals": {
    "XAU": {
      "name": "Ouro",
      "usd_oz": 4720.899902,
      "usd_g": 151.7804563250627,
      "brl_oz": 23211.2485481634,
      "brl_g": 746.2589696134356,
      "chg_1h": -0.17339865577105784,
      "chg_24h": -0.4449619991564718
    },
    "XAG": {
      "name": "Prata",
      "usd_oz": 80.251999,
      "usd_g": 2.5801616814747863,
      "brl_oz": 394.57500348329995,
      "brl_g": 12.685880939307081,
      "chg_1h": -0.1256928848590478,
      "chg_24h": 0.8672519980519399
    },
    "XPT": {
      "name": "Platina",
      "usd_oz": 2061,
      "usd_g": 66.26268867794226,
      "brl_oz": 10133.3187,
      "brl_g": 325.7937614228387,
      "chg_1h": -0.14534883720930233,
      "chg_24h": -1.5759312320916905
    },
    "XPD": {
      "name": "Paládio",
      "usd_oz": 1528,
      "usd_g": 49.126340756863556,
      "brl_oz": 7512.717599999999,
      "brl_g": 241.53947959927103,
      "chg_1h": -0.26109660574412535,
      "chg_24h": -3.5962145110410093
    },
    "XCU": {
      "name": "Cobre",
      "usd_oz": 6.111401,
      "usd_g": 0.1964861047302596,
      "brl_oz": 30.047925296699997,
      "brl_g": 0.9660632311272673,
      "chg_1h": 0.5735326789049665,
      "chg_24h": 1.3820295679013472
    }
  }
}
