{
  "timestamp": 1775033861,
  "usdToBrl": 5.224,
  "metals": {
    "XAU": {
      "name": "Ouro",
      "usd_oz": 4731.100098,
      "usd_g": 152.108400241609,
      "brl_oz": 24715.266911952,
      "brl_g": 794.6142828621654,
      "chg_1h": 0.3457260896361694,
      "chg_24h": 3.822778637809099
    },
    "XAG": {
      "name": "Prata",
      "usd_oz": 74.637001,
      "usd_g": 2.399635303793433,
      "brl_oz": 389.903693224,
      "brl_g": 12.535694827016895,
      "chg_1h": 0.400871698605231,
      "chg_24h": 2.01049804554028
    },
    "XPT": {
      "name": "Platina",
      "usd_oz": 1977,
      "usd_g": 63.56202596617752,
      "brl_oz": 10327.848,
      "brl_g": 332.04802364731137,
      "chg_1h": 0.6106870229007634,
      "chg_24h": 2.5947067981318113
    },
    "XPD": {
      "name": "Paládio",
      "usd_oz": 1505,
      "usd_g": 48.38687358578511,
      "brl_oz": 7862.12,
      "brl_g": 252.77302761214142,
      "chg_1h": 0.33333333333333337,
      "chg_24h": 2.7303754266211606
    },
    "XCU": {
      "name": "Cobre",
      "usd_oz": 5.557262,
      "usd_g": 0.17867012217746667,
      "brl_oz": 29.031136688,
      "brl_g": 0.9333727182550859,
      "chg_1h": 0.10620809364757974,
      "chg_24h": 0.7427821027473438
    }
  }
}
