{
  "timestamp": 1771371640,
  "usdToBrl": 5.2248,
  "metals": {
    "XAU": {
      "name": "Ouro",
      "usd_oz": 4868.299805,
      "usd_g": 156.519473250656,
      "brl_oz": 25435.892821163998,
      "brl_g": 817.7829438400275,
      "chg_1h": -0.21931123180980425,
      "chg_24h": -2.446699651285791
    },
    "XAG": {
      "name": "Prata",
      "usd_oz": 73.135002,
      "usd_g": 2.3513449145981005,
      "brl_oz": 382.11575844960004,
      "brl_g": 12.285306909792155,
      "chg_1h": -0.7127368605627562,
      "chg_24h": -4.712576932361069
    },
    "XPT": {
      "name": "Platina",
      "usd_oz": 2012,
      "usd_g": 64.68730209607949,
      "brl_oz": 10512.2976,
      "brl_g": 337.97821599159613,
      "chg_1h": -0.09930486593843098,
      "chg_24h": -1.8536585365853657
    },
    "XPD": {
      "name": "Paládio",
      "usd_oz": 1699,
      "usd_g": 54.62411842009894,
      "brl_oz": 8876.9352,
      "brl_g": 285.40009392133294,
      "chg_1h": -0.3519061583577713,
      "chg_24h": -3.190883190883191
    },
    "XCU": {
      "name": "Cobre",
      "usd_oz": 5.712878,
      "usd_g": 0.18367329275549027,
      "brl_oz": 29.8486449744,
      "brl_g": 0.9596562199888856,
      "chg_1h": 0,
      "chg_24h": -1.2914287234772246
    }
  }
}
