{
  "timestamp": 1772056777,
  "usdToBrl": 5.1287,
  "metals": {
    "XAU": {
      "name": "Ouro",
      "usd_oz": 5170.100098,
      "usd_g": 166.22257798523668,
      "brl_oz": 26515.8923726126,
      "brl_g": 852.5057357128834,
      "chg_1h": -0.14678518867005313,
      "chg_24h": 0.48589919581385765
    },
    "XAG": {
      "name": "Prata",
      "usd_oz": 89.403,
      "usd_g": 2.8743731954750475,
      "brl_oz": 458.5211661000001,
      "brl_g": 14.741797807632878,
      "chg_1h": 0.01342528904952963,
      "chg_24h": 2.4101030980834666
    },
    "XPT": {
      "name": "Platina",
      "usd_oz": 2297,
      "usd_g": 73.85026486813847,
      "brl_oz": 11780.6239,
      "brl_g": 378.75585342922176,
      "chg_1h": -0.13043478260869568,
      "chg_24h": 5.609195402298851
    },
    "XPD": {
      "name": "Paládio",
      "usd_oz": 1804,
      "usd_g": 57.999946809804875,
      "brl_oz": 9252.1748,
      "brl_g": 297.46432720344626,
      "chg_1h": -0.7154650522839846,
      "chg_24h": 0.11098779134295228
    },
    "XCU": {
      "name": "Cobre",
      "usd_oz": 5.905218,
      "usd_g": 0.18985716735050018,
      "brl_oz": 30.2860915566,
      "brl_g": 0.9737204541905103,
      "chg_1h": 0,
      "chg_24h": 0.7361570941565884
    }
  }
}
