{
  "timestamp": 1776320319,
  "usdToBrl": 4.9981,
  "metals": {
    "XAU": {
      "name": "Ouro",
      "usd_oz": 4823.100098,
      "usd_g": 155.06626892592277,
      "brl_oz": 24106.3365998138,
      "brl_g": 775.0367187186546,
      "chg_1h": -0.10976315358230704,
      "chg_24h": 0.06639548673348732
    },
    "XAG": {
      "name": "Prata",
      "usd_oz": 80.546997,
      "usd_g": 2.5896460874110385,
      "brl_oz": 402.58194570570004,
      "brl_g": 12.943310109489111,
      "chg_1h": -0.035989626488760855,
      "chg_24h": 1.4088180313136798
    },
    "XPT": {
      "name": "Platina",
      "usd_oz": 2145,
      "usd_g": 68.96335138970701,
      "brl_oz": 10720.9245,
      "brl_g": 344.68572658089465,
      "chg_1h": -0.13966480446927373,
      "chg_24h": 1.6587677725118484
    },
    "XPD": {
      "name": "Paládio",
      "usd_oz": 1610,
      "usd_g": 51.76270197549105,
      "brl_oz": 8046.941,
      "brl_g": 258.7151607437018,
      "chg_1h": 0.12437810945273632,
      "chg_24h": 0.3115264797507788
    },
    "XCU": {
      "name": "Cobre",
      "usd_oz": 5.969654,
      "usd_g": 0.1919288328563963,
      "brl_oz": 29.8369276574,
      "brl_g": 0.9592794994995544,
      "chg_1h": 0.18270558321881544,
      "chg_24h": 0.7399329745298896
    }
  }
}
