{
  "timestamp": 1774547190,
  "usdToBrl": 5.2366,
  "metals": {
    "XAU": {
      "name": "Ouro",
      "usd_oz": 4387.299805,
      "usd_g": 141.05496415114595,
      "brl_oz": 22974.534158863,
      "brl_g": 738.6484252738909,
      "chg_1h": 0.1049492275389214,
      "chg_24h": -3.647825813125791
    },
    "XAG": {
      "name": "Prata",
      "usd_oz": 67.571999,
      "usd_g": 2.1724902149845837,
      "brl_oz": 353.84752996340006,
      "brl_g": 11.376462259788271,
      "chg_1h": -0.14481897871491217,
      "chg_24h": -6.89997638743519
    },
    "XPT": {
      "name": "Platina",
      "usd_oz": 1850,
      "usd_g": 59.478881151961765,
      "brl_oz": 9687.710000000001,
      "brl_g": 311.46710904036297,
      "chg_1h": -0.48413125336202256,
      "chg_24h": -5.273937532002048
    },
    "XPD": {
      "name": "Paládio",
      "usd_oz": 1373,
      "usd_g": 44.14297503872622,
      "brl_oz": 7189.8518,
      "brl_g": 231.15910308779374,
      "chg_1h": -0.29048656499636893,
      "chg_24h": -5.1140290255701455
    },
    "XCU": {
      "name": "Cobre",
      "usd_oz": 5.434112,
      "usd_g": 0.17471075773754013,
      "brl_oz": 28.4562708992,
      "brl_g": 0.9148903539684027,
      "chg_1h": -0.2373399130537043,
      "chg_24h": -1.0421680241675106
    }
  }
}
