{
  "timestamp": 1783041455,
  "usdToBrl": 5.201,
  "metals": {
    "XAU": {
      "name": "Ouro",
      "usd_oz": 4176,
      "usd_g": 134.26151767059045,
      "brl_oz": 21719.376,
      "brl_g": 698.2941534047409,
      "chg_1h": 1.2559963762864728,
      "chg_24h": 3.2436696353491383
    },
    "XAG": {
      "name": "Prata",
      "usd_oz": 62.095001,
      "usd_g": 1.9964006403297012,
      "brl_oz": 322.95610020099997,
      "brl_g": 10.383279730354776,
      "chg_1h": 1.571959982529526,
      "chg_24h": 4.408724967632378
    },
    "XPT": {
      "name": "Platina",
      "usd_oz": 1660,
      "usd_g": 53.370239303922446,
      "brl_oz": 8633.66,
      "brl_g": 277.5786146197006,
      "chg_1h": 1.9030079803560467,
      "chg_24h": 4.59987397605545
    },
    "XPD": {
      "name": "Paládio",
      "usd_oz": 1308,
      "usd_g": 42.0531765117654,
      "brl_oz": 6802.907999999999,
      "brl_g": 218.71857103769185,
      "chg_1h": 1.3953488372093024,
      "chg_24h": 5.314009661835748
    },
    "XCU": {
      "name": "Cobre",
      "usd_oz": 6.028394,
      "usd_g": 0.19381736770983748,
      "brl_oz": 31.353677193999996,
      "brl_g": 1.0080441294588647,
      "chg_1h": 0.0963040178368292,
      "chg_24h": 0.1582689635326652
    }
  }
}
