{
  "timestamp": 1779513023,
  "usdToBrl": 5.0164,
  "metals": {
    "XAU": {
      "name": "Ouro",
      "usd_oz": 4510.5,
      "usd_g": 145.01594239779652,
      "brl_oz": 22626.4722,
      "brl_g": 727.4579734443065,
      "chg_1h": 0,
      "chg_24h": -0.5205023596724284
    },
    "XAG": {
      "name": "Prata",
      "usd_oz": 75.642998,
      "usd_g": 2.4319788583892334,
      "brl_oz": 379.4555351672,
      "brl_g": 12.199778745223751,
      "chg_1h": 0,
      "chg_24h": -1.8413719779591327
    },
    "XPT": {
      "name": "Platina",
      "usd_oz": 1930,
      "usd_g": 62.05094087745201,
      "brl_oz": 9681.652,
      "brl_g": 311.2723398176502,
      "chg_1h": 0,
      "chg_24h": -1.9807008633824275
    },
    "XPD": {
      "name": "Paládio",
      "usd_oz": 1374,
      "usd_g": 44.175125785294846,
      "brl_oz": 6892.5336,
      "brl_g": 221.60010098935305,
      "chg_1h": 0,
      "chg_24h": -1.8571428571428572
    },
    "XCU": {
      "name": "Cobre",
      "usd_oz": 6.127126,
      "usd_g": 0.1969916752200513,
      "brl_oz": 30.736114866399998,
      "brl_g": 0.9881890395738653,
      "chg_1h": 0,
      "chg_24h": 0.3752650420962946
    }
  }
}
