{
  "timestamp": 1780902995,
  "usdToBrl": 5.0599,
  "metals": {
    "XAU": {
      "name": "Ouro",
      "usd_oz": 4304.399902,
      "usd_g": 138.38967037922913,
      "brl_oz": 21779.8330641298,
      "brl_g": 700.2378931518615,
      "chg_1h": 0,
      "chg_24h": -0.5912262817551938
    },
    "XAG": {
      "name": "Prata",
      "usd_oz": 67.184998,
      "usd_g": 2.1600478439117774,
      "brl_oz": 339.9493713802,
      "brl_g": 10.929626085409202,
      "chg_1h": 0,
      "chg_24h": -1.147646650343371
    },
    "XPT": {
      "name": "Platina",
      "usd_oz": 1764,
      "usd_g": 56.71391694705976,
      "brl_oz": 8925.6636,
      "brl_g": 286.9667483604277,
      "chg_1h": 0,
      "chg_24h": -1.1764705882352942
    },
    "XPD": {
      "name": "Paládio",
      "usd_oz": 1237,
      "usd_g": 39.770473505392815,
      "brl_oz": 6259.0963,
      "brl_g": 201.2346188899371,
      "chg_1h": 0,
      "chg_24h": -0.8019246190858059
    },
    "XCU": {
      "name": "Cobre",
      "usd_oz": 6.225858,
      "usd_g": 0.20016598273026506,
      "brl_oz": 31.5022188942,
      "brl_g": 1.0128198560168682,
      "chg_1h": 0,
      "chg_24h": -1.2722782694630599
    }
  }
}
