{
  "timestamp": 1776974288,
  "usdToBrl": 4.963,
  "metals": {
    "XAU": {
      "name": "Ouro",
      "usd_oz": 4700.299805,
      "usd_g": 151.1181478271265,
      "brl_oz": 23327.587932215,
      "brl_g": 749.9993676660289,
      "chg_1h": -0.23137182774719037,
      "chg_24h": -0.8751951095919369
    },
    "XAG": {
      "name": "Prata",
      "usd_oz": 75.772003,
      "usd_g": 2.436126465450319,
      "brl_oz": 376.056450889,
      "brl_g": 12.090495648029933,
      "chg_1h": -0.2881841384447095,
      "chg_24h": -2.731705963242469
    },
    "XPT": {
      "name": "Platina",
      "usd_oz": 2013,
      "usd_g": 64.71945284264812,
      "brl_oz": 9990.519,
      "brl_g": 321.20264445806265,
      "chg_1h": -0.6416584402764067,
      "chg_24h": -3.4995206136145733
    },
    "XPD": {
      "name": "Paládio",
      "usd_oz": 1490,
      "usd_g": 47.90461238725569,
      "brl_oz": 7394.87,
      "brl_g": 237.75059127794998,
      "chg_1h": -0.33444816053511706,
      "chg_24h": -5.336721728081321
    },
    "XCU": {
      "name": "Cobre",
      "usd_oz": 5.989801,
      "usd_g": 0.19257657394751446,
      "brl_oz": 29.727382363,
      "brl_g": 0.9557575365015143,
      "chg_1h": 0,
      "chg_24h": -0.9791814624224251
    }
  }
}
