{
  "timestamp": 1782389104,
  "usdToBrl": 5.1996,
  "metals": {
    "XAU": {
      "name": "Ouro",
      "usd_oz": 3982.100098,
      "usd_g": 128.02749106170666,
      "brl_oz": 20705.3276695608,
      "brl_g": 665.69174252445,
      "chg_1h": 0,
      "chg_24h": -1.7468924896235996
    },
    "XAG": {
      "name": "Prata",
      "usd_oz": 57.353001,
      "usd_g": 1.843941800101267,
      "brl_oz": 298.2126639996,
      "brl_g": 9.587759783806549,
      "chg_1h": 0,
      "chg_24h": -5.3955528273364886
    },
    "XPT": {
      "name": "Platina",
      "usd_oz": 1593,
      "usd_g": 51.216139283824376,
      "brl_oz": 8282.962800000001,
      "brl_g": 266.30343782017326,
      "chg_1h": 0,
      "chg_24h": -2.029520295202952
    },
    "XPD": {
      "name": "Paládio",
      "usd_oz": 1214,
      "usd_g": 39.03100633431437,
      "brl_oz": 6312.3144,
      "brl_g": 202.945620535901,
      "chg_1h": 0,
      "chg_24h": -0.7358953393295176
    },
    "XCU": {
      "name": "Cobre",
      "usd_oz": 5.985529,
      "usd_g": 0.19243922595817325,
      "brl_oz": 31.1223565884,
      "brl_g": 1.0006069992921176,
      "chg_1h": 0,
      "chg_24h": -0.5688916944570261
    }
  }
}
