{
  "timestamp": 1777228720,
  "usdToBrl": 5.0006,
  "metals": {
    "XAU": {
      "name": "Ouro",
      "usd_oz": 4710.799805,
      "usd_g": 151.4557306660971,
      "brl_oz": 23556.825504883,
      "brl_g": 757.3695267688853,
      "chg_1h": 0,
      "chg_24h": 0
    },
    "XAG": {
      "name": "Prata",
      "usd_oz": 75.806999,
      "usd_g": 2.437251612977235,
      "brl_oz": 379.08047919940003,
      "brl_g": 12.187720415853962,
      "chg_1h": 0,
      "chg_24h": 0
    },
    "XPT": {
      "name": "Platina",
      "usd_oz": 2022,
      "usd_g": 65.00880956176577,
      "brl_oz": 10111.2132,
      "brl_g": 325.08305309456597,
      "chg_1h": 0,
      "chg_24h": 0
    },
    "XPD": {
      "name": "Paládio",
      "usd_oz": 1524,
      "usd_g": 48.99773777058904,
      "brl_oz": 7620.914400000001,
      "brl_g": 245.01808749560757,
      "chg_1h": 0,
      "chg_24h": 0
    },
    "XCU": {
      "name": "Cobre",
      "usd_oz": 6.018579,
      "usd_g": 0.19350180813226642,
      "brl_oz": 30.096506147400003,
      "brl_g": 0.9676251417462115,
      "chg_1h": 0,
      "chg_24h": 0.5405077625741649
    }
  }
}
