{
  "timestamp": 1771452155,
  "usdToBrl": 5.2229,
  "metals": {
    "XAU": {
      "name": "Ouro",
      "usd_oz": 4978,
      "usd_g": 160.0464164186301,
      "brl_oz": 25999.5962,
      "brl_g": 835.9064283128631,
      "chg_1h": -0.1023478938752775,
      "chg_24h": 2.0521146397234924
    },
    "XAG": {
      "name": "Prata",
      "usd_oz": 77.323997,
      "usd_g": 2.4860242312203504,
      "brl_oz": 403.85550393130006,
      "brl_g": 12.984255957240768,
      "chg_1h": -0.024572358854124687,
      "chg_24h": 5.05692800699417
    },
    "XPT": {
      "name": "Platina",
      "usd_oz": 2082,
      "usd_g": 66.93785435588346,
      "brl_oz": 10874.077800000001,
      "brl_g": 349.6097195153437,
      "chg_1h": -0.28735632183908044,
      "chg_24h": 3.325062034739454
    },
    "XPD": {
      "name": "Paládio",
      "usd_oz": 1732,
      "usd_g": 55.685093056863664,
      "brl_oz": 9046.0628,
      "brl_g": 290.8376725266932,
      "chg_1h": -0.45977011494252873,
      "chg_24h": 1.2865497076023393
    },
    "XCU": {
      "name": "Cobre",
      "usd_oz": 5.81135,
      "usd_g": 0.18683924107159622,
      "brl_oz": 30.352099915,
      "brl_g": 0.9758426721928399,
      "chg_1h": 0,
      "chg_24h": 1.7236846297085309
    }
  }
}
