{
  "timestamp": 1778275055,
  "usdToBrl": 4.914,
  "metals": {
    "XAU": {
      "name": "Ouro",
      "usd_oz": 4715.700195,
      "usd_g": 151.61328186307458,
      "brl_oz": 23172.95075823,
      "brl_g": 745.0276670751484,
      "chg_1h": -0.06145685033212874,
      "chg_24h": 0.5844419328895862
    },
    "XAG": {
      "name": "Prata",
      "usd_oz": 80.468002,
      "usd_g": 2.5871063391858495,
      "brl_oz": 395.419761828,
      "brl_g": 12.713040550759263,
      "chg_1h": -0.07450576197100055,
      "chg_24h": 2.2842013520662356
    },
    "XPT": {
      "name": "Platina",
      "usd_oz": 2067,
      "usd_g": 66.45559315735403,
      "brl_oz": 10157.238,
      "brl_g": 326.5627847752377,
      "chg_1h": 0.14534883720930233,
      "chg_24h": 1.7224409448818898
    },
    "XPD": {
      "name": "Paládio",
      "usd_oz": 1517,
      "usd_g": 48.77268254460865,
      "brl_oz": 7454.538,
      "brl_g": 239.66896202420688,
      "chg_1h": 0.2643754130865829,
      "chg_24h": 0.6635700066357001
    },
    "XCU": {
      "name": "Cobre",
      "usd_oz": 6.137861,
      "usd_g": 0.19733681348446552,
      "brl_oz": 30.161448953999997,
      "brl_g": 0.9697131014626635,
      "chg_1h": 0,
      "chg_24h": 1.5763893922589007
    }
  }
}
