{
  "timestamp": 1774000254,
  "usdToBrl": 5.2987,
  "metals": {
    "XAU": {
      "name": "Ouro",
      "usd_oz": 4674,
      "usd_g": 150.27258946176718,
      "brl_oz": 24766.1238,
      "brl_g": 796.2493697810658,
      "chg_1h": -0.313523884842894,
      "chg_24h": -0.8274984086569064
    },
    "XAG": {
      "name": "Prata",
      "usd_oz": 72.155998,
      "usd_g": 2.3198692051044274,
      "brl_oz": 382.3329866026,
      "brl_g": 12.29229095708683,
      "chg_1h": -1.1886557518444403,
      "chg_24h": 0.2556521980770335
    },
    "XPT": {
      "name": "Platina",
      "usd_oz": 1976,
      "usd_g": 63.52987521960889,
      "brl_oz": 10470.2312,
      "brl_g": 336.62574982614166,
      "chg_1h": -1.002004008016032,
      "chg_24h": 0.9708737864077669
    },
    "XPD": {
      "name": "Paládio",
      "usd_oz": 1473,
      "usd_g": 47.35804969558902,
      "brl_oz": 7804.9851,
      "brl_g": 250.93609792201752,
      "chg_1h": -1.2734584450402144,
      "chg_24h": -0.13559322033898305
    },
    "XCU": {
      "name": "Cobre",
      "usd_oz": 5.431466,
      "usd_g": 0.17462568686211954,
      "brl_oz": 28.779708894200002,
      "brl_g": 0.9252891269763128,
      "chg_1h": -0.4254882279879111,
      "chg_24h": -2.7320441316154795
    }
  }
}
