{
  "timestamp": 1784238307,
  "usdToBrl": 5.0857,
  "metals": {
    "XAU": {
      "name": "Ouro",
      "usd_oz": 3977.199951,
      "usd_g": 127.86994767736063,
      "brl_oz": 20226.8457908007,
      "brl_g": 650.3081929027529,
      "chg_1h": 0.007544796383963512,
      "chg_24h": -2.0731755806301306
    },
    "XAG": {
      "name": "Prata",
      "usd_oz": 55.643002,
      "usd_g": 1.78896405561966,
      "brl_oz": 282.9836152714,
      "brl_g": 9.098134497664905,
      "chg_1h": -0.0017953417835647621,
      "chg_24h": -3.914691763080632
    },
    "XPT": {
      "name": "Platina",
      "usd_oz": 1623,
      "usd_g": 52.18066168088321,
      "brl_oz": 8254.0911,
      "brl_g": 265.37519111046777,
      "chg_1h": -0.06157635467980296,
      "chg_24h": -3.622327790973872
    },
    "XPD": {
      "name": "Paládio",
      "usd_oz": 1271,
      "usd_g": 40.863598888726166,
      "brl_oz": 6463.9247000000005,
      "brl_g": 207.82000486839468,
      "chg_1h": -0.3918495297805642,
      "chg_24h": -5.149253731343284
    },
    "XCU": {
      "name": "Cobre",
      "usd_oz": 6.154719,
      "usd_g": 0.19787881077011943,
      "brl_oz": 31.3010544183,
      "brl_g": 1.0063522679335963,
      "chg_1h": 0,
      "chg_24h": 0.3688294813100032
    }
  }
}
