{
  "timestamp": 1778777572,
  "usdToBrl": 4.997,
  "metals": {
    "XAU": {
      "name": "Ouro",
      "usd_oz": 4676.799805,
      "usd_g": 150.36260528276375,
      "brl_oz": 23369.968625585,
      "brl_g": 751.3619385979705,
      "chg_1h": 0,
      "chg_24h": -0.48091453103155085
    },
    "XAG": {
      "name": "Prata",
      "usd_oz": 84.818001,
      "usd_g": 2.7269620546086344,
      "brl_oz": 423.835550997,
      "brl_g": 13.626629386879346,
      "chg_1h": 0,
      "chg_24h": -4.372235550331876
    },
    "XPT": {
      "name": "Platina",
      "usd_oz": 2070,
      "usd_g": 66.55204539705993,
      "brl_oz": 10343.789999999999,
      "brl_g": 332.56057084910844,
      "chg_1h": 0,
      "chg_24h": -5.089408528198074
    },
    "XPD": {
      "name": "Paládio",
      "usd_oz": 1461,
      "usd_g": 46.97224073676548,
      "brl_oz": 7300.617,
      "brl_g": 234.7202869616171,
      "chg_1h": 0,
      "chg_24h": -5.0682261208577
    },
    "XCU": {
      "name": "Cobre",
      "usd_oz": 6.323078,
      "usd_g": 0.20329167831166708,
      "brl_oz": 31.596420765999998,
      "brl_g": 1.0158485165234004,
      "chg_1h": 0,
      "chg_24h": 0.06700592703347961
    }
  }
}
