{
  "timestamp": 1784241691,
  "usdToBrl": 5.0857,
  "metals": {
    "XAU": {
      "name": "Ouro",
      "usd_oz": 3977.199951,
      "usd_g": 127.86994767736063,
      "brl_oz": 20226.8457908007,
      "brl_g": 650.3081929027529,
      "chg_1h": 0,
      "chg_24h": -2.1045118032641046
    },
    "XAG": {
      "name": "Prata",
      "usd_oz": 55.648998,
      "usd_g": 1.7891568314960853,
      "brl_oz": 283.0141091286,
      "brl_g": 9.099114897939641,
      "chg_1h": 0.010775838442354557,
      "chg_24h": -3.960724147452719
    },
    "XPT": {
      "name": "Platina",
      "usd_oz": 1624,
      "usd_g": 52.212812427451844,
      "brl_oz": 8259.1768,
      "brl_g": 265.53870016229183,
      "chg_1h": 0.06161429451632779,
      "chg_24h": -3.7914691943127963
    },
    "XPD": {
      "name": "Paládio",
      "usd_oz": 1276,
      "usd_g": 41.02435262156931,
      "brl_oz": 6489.3532000000005,
      "brl_g": 208.63755012751503,
      "chg_1h": 0.3933910306845004,
      "chg_24h": -4.7050037341299475
    },
    "XCU": {
      "name": "Cobre",
      "usd_oz": 6.154719,
      "usd_g": 0.19787881077011943,
      "brl_oz": 31.3010544183,
      "brl_g": 1.0063522679335963,
      "chg_1h": 0,
      "chg_24h": 0.3688294813100032
    }
  }
}
