{
  "timestamp": 1773126428,
  "usdToBrl": 5.2302,
  "metals": {
    "XAU": {
      "name": "Ouro",
      "usd_oz": 5179.700195,
      "usd_g": 166.53122827091795,
      "brl_oz": 27090.867959889,
      "brl_g": 870.9916301025551,
      "chg_1h": 0.052157523662359456,
      "chg_24h": 1.203573510101374
    },
    "XAG": {
      "name": "Prata",
      "usd_oz": 89.085999,
      "usd_g": 2.864181376662046,
      "brl_oz": 465.9375919698,
      "brl_g": 14.980241436217833,
      "chg_1h": -0.061700004057608344,
      "chg_24h": 5.520871583504708
    },
    "XPT": {
      "name": "Platina",
      "usd_oz": 2205,
      "usd_g": 70.8923961838247,
      "brl_oz": 11532.591,
      "brl_g": 370.78141052063995,
      "chg_1h": -0.04533091568449683,
      "chg_24h": 3.278688524590164
    },
    "XPD": {
      "name": "Paládio",
      "usd_oz": 1708,
      "usd_g": 54.913475139216594,
      "brl_oz": 8933.1816,
      "brl_g": 287.2084576731306,
      "chg_1h": 0.17595307917888564,
      "chg_24h": 4.400977995110025
    },
    "XCU": {
      "name": "Cobre",
      "usd_oz": 5.84726,
      "usd_g": 0.18799377438087567,
      "brl_oz": 30.582339252,
      "brl_g": 0.9832450387668559,
      "chg_1h": 0.14113672176781653,
      "chg_24h": 0.7240717243394164
    }
  }
}
