{
  "timestamp": 1773896037,
  "usdToBrl": 5.2243,
  "metals": {
    "XAU": {
      "name": "Ouro",
      "usd_oz": 4848.399902,
      "usd_g": 155.87967651256275,
      "brl_oz": 25329.495608018602,
      "brl_g": 814.3621940045816,
      "chg_1h": -0.2899763084832882,
      "chg_24h": -2.8610411808977787
    },
    "XAG": {
      "name": "Prata",
      "usd_oz": 75.787003,
      "usd_g": 2.4366087266488483,
      "brl_oz": 395.9340397729,
      "brl_g": 12.72957497063158,
      "chg_1h": -1.013545654504371,
      "chg_24h": -4.346783291384059
    },
    "XPT": {
      "name": "Platina",
      "usd_oz": 2035,
      "usd_g": 65.42676926715794,
      "brl_oz": 10631.4505,
      "brl_g": 341.8090706824132,
      "chg_1h": -0.09818360333824251,
      "chg_24h": -3.827977315689981
    },
    "XPD": {
      "name": "Paládio",
      "usd_oz": 1513,
      "usd_g": 48.644079558334134,
      "brl_oz": 7904.365900000001,
      "brl_g": 254.13126483660503,
      "chg_1h": -0.1978891820580475,
      "chg_24h": -5.673316708229426
    },
    "XCU": {
      "name": "Cobre",
      "usd_oz": 5.625679,
      "usd_g": 0.1808697798054525,
      "brl_oz": 29.3902347997,
      "brl_g": 0.9449179906376255,
      "chg_1h": 0.976980206772305,
      "chg_24h": -1.871199385168631
    }
  }
}
