{
  "timestamp": 1782461211,
  "usdToBrl": 5.2019,
  "metals": {
    "XAU": {
      "name": "Ouro",
      "usd_oz": 4028,
      "usd_g": 129.5032071784335,
      "brl_oz": 20953.2532,
      "brl_g": 673.6627334214933,
      "chg_1h": 0,
      "chg_24h": 0.9802225917074389
    },
    "XAG": {
      "name": "Prata",
      "usd_oz": 57.827999,
      "usd_g": 1.8592133404198723,
      "brl_oz": 300.8154679981,
      "brl_g": 9.671441875530133,
      "chg_1h": 0,
      "chg_24h": 0.42372707696581546
    },
    "XPT": {
      "name": "Platina",
      "usd_oz": 1605,
      "usd_g": 51.60194824264791,
      "brl_oz": 8349.049500000001,
      "brl_g": 268.42817456343016,
      "chg_1h": 0,
      "chg_24h": 1.4538558786346398
    },
    "XPD": {
      "name": "Paládio",
      "usd_oz": 1218,
      "usd_g": 39.15960932058888,
      "brl_oz": 6335.9142,
      "brl_g": 203.70437172477128,
      "chg_1h": 0,
      "chg_24h": 0.9113504556752278
    },
    "XCU": {
      "name": "Cobre",
      "usd_oz": 6.003144,
      "usd_g": 0.19300556135897964,
      "brl_oz": 31.2277547736,
      "brl_g": 1.0039956296332762,
      "chg_1h": 0,
      "chg_24h": 0.18041387219300828
    }
  }
}
