{
  "timestamp": 1782157162,
  "usdToBrl": 5.1519,
  "metals": {
    "XAU": {
      "name": "Ouro",
      "usd_oz": 4189.700195,
      "usd_g": 134.70198916797625,
      "brl_oz": 21584.916434620503,
      "brl_g": 693.9711779944969,
      "chg_1h": 0,
      "chg_24h": 0.7938989691798062
    },
    "XAG": {
      "name": "Prata",
      "usd_oz": 65.247002,
      "usd_g": 2.097739825664763,
      "brl_oz": 336.1460296038,
      "brl_g": 10.807345807842294,
      "chg_1h": 0,
      "chg_24h": 0.4402687834280285
    },
    "XPT": {
      "name": "Platina",
      "usd_oz": 1680,
      "usd_g": 54.01325423529501,
      "brl_oz": 8655.192000000001,
      "brl_g": 278.27088449481636,
      "chg_1h": 0,
      "chg_24h": 0.35842293906810035
    },
    "XPD": {
      "name": "Paládio",
      "usd_oz": 1284,
      "usd_g": 41.28155859411833,
      "brl_oz": 6615.0396,
      "brl_g": 212.67846172103825,
      "chg_1h": 0,
      "chg_24h": 0.3125
    },
    "XCU": {
      "name": "Cobre",
      "usd_oz": 6.158726,
      "usd_g": 0.19800763881161992,
      "brl_oz": 31.7291404794,
      "brl_g": 1.0201155543935847,
      "chg_1h": 0,
      "chg_24h": -0.3127040997597186
    }
  }
}
