{
  "timestamp": 1784885766,
  "usdToBrl": 5.0715,
  "metals": {
    "XAU": {
      "name": "Ouro",
      "usd_oz": 4054.899902,
      "usd_g": 130.36805911035646,
      "brl_oz": 20564.424852993,
      "brl_g": 661.1616117781728,
      "chg_1h": 0,
      "chg_24h": -0.9139150734838954
    },
    "XAG": {
      "name": "Prata",
      "usd_oz": 58.416,
      "usd_g": 1.878118011552972,
      "brl_oz": 296.256744,
      "brl_g": 9.524875495590898,
      "chg_1h": 0,
      "chg_24h": -0.9293823192222087
    },
    "XPT": {
      "name": "Platina",
      "usd_oz": 1607,
      "usd_g": 51.666249735785165,
      "brl_oz": 8149.900500000001,
      "brl_g": 262.0253855350345,
      "chg_1h": 0,
      "chg_24h": -1.471489883507051
    },
    "XPD": {
      "name": "Paládio",
      "usd_oz": 1270,
      "usd_g": 40.831448142157534,
      "brl_oz": 6440.805,
      "brl_g": 207.07668925295195,
      "chg_1h": 0,
      "chg_24h": -1.8547140649149922
    },
    "XCU": {
      "name": "Cobre",
      "usd_oz": 6.223288,
      "usd_g": 0.2000833553115837,
      "brl_oz": 31.561405092000005,
      "brl_g": 1.0147227364626967,
      "chg_1h": 0,
      "chg_24h": -0.44985051372409995
    }
  }
}
