{
  "timestamp": 1776801293,
  "usdToBrl": 4.9639,
  "metals": {
    "XAU": {
      "name": "Ouro",
      "usd_oz": 4679.100098,
      "usd_g": 150.43656142004033,
      "brl_oz": 23226.5849764622,
      "brl_g": 746.7520472329381,
      "chg_1h": -0.5547074708475919,
      "chg_24h": -2.850672842655502
    },
    "XAG": {
      "name": "Prata",
      "usd_oz": 75.759003,
      "usd_g": 2.4357085057449273,
      "brl_oz": 376.0601149917,
      "brl_g": 12.090613451667243,
      "chg_1h": -1.2590355492742957,
      "chg_24h": -5.269274630187678
    },
    "XPT": {
      "name": "Platina",
      "usd_oz": 2017,
      "usd_g": 64.84805582892264,
      "brl_oz": 10012.1863,
      "brl_g": 321.89926432918907,
      "chg_1h": -0.8845208845208846,
      "chg_24h": -3.8149737720553167
    },
    "XPD": {
      "name": "Paládio",
      "usd_oz": 1551,
      "usd_g": 49.865807927942,
      "brl_oz": 7699.0089,
      "brl_g": 247.52888397351128,
      "chg_1h": -0.7042253521126761,
      "chg_24h": -1.8975332068311195
    },
    "XCU": {
      "name": "Cobre",
      "usd_oz": 5.990292,
      "usd_g": 0.19259235996407964,
      "brl_oz": 29.7352104588,
      "brl_g": 0.9560092156256949,
      "chg_1h": 0.22334159787034663,
      "chg_24h": -0.06684684898100095
    }
  }
}
