{
  "timestamp": 1774985999,
  "usdToBrl": 5.224,
  "metals": {
    "XAU": {
      "name": "Ouro",
      "usd_oz": 4682.299805,
      "usd_g": 150.5394343888912,
      "brl_oz": 24460.33418132,
      "brl_g": 786.4180052475677,
      "chg_1h": 0.3579326699508262,
      "chg_24h": 4.037232881027231
    },
    "XAG": {
      "name": "Prata",
      "usd_oz": 75.359001,
      "usd_g": 2.4228481428159827,
      "brl_oz": 393.67542122400005,
      "brl_g": 12.656958698070694,
      "chg_1h": 0.26744193302545266,
      "chg_24h": 7.823614025033486
    },
    "XPT": {
      "name": "Platina",
      "usd_oz": 1975,
      "usd_g": 63.497724473040265,
      "brl_oz": 10317.4,
      "brl_g": 331.71211264716237,
      "chg_1h": 0.10136847440446022,
      "chg_24h": 4.386892177589852
    },
    "XPD": {
      "name": "Paládio",
      "usd_oz": 1512,
      "usd_g": 48.61192881176551,
      "brl_oz": 7898.688,
      "brl_g": 253.94871611266302,
      "chg_1h": 0.19880715705765406,
      "chg_24h": 5.439330543933055
    },
    "XCU": {
      "name": "Cobre",
      "usd_oz": 5.554513,
      "usd_g": 0.17858173977514952,
      "brl_oz": 29.016775912,
      "brl_g": 0.9329110085853811,
      "chg_1h": 0,
      "chg_24h": 0.8309342664446393
    }
  }
}
