{
  "timestamp": 1784572034,
  "usdToBrl": 5.1043,
  "metals": {
    "XAU": {
      "name": "Ouro",
      "usd_oz": 4007.600098,
      "usd_g": 128.84733509920665,
      "brl_oz": 20455.9931802214,
      "brl_g": 657.6754525468805,
      "chg_1h": 0,
      "chg_24h": -0.2910942417178085
    },
    "XAG": {
      "name": "Prata",
      "usd_oz": 56.800999,
      "usd_g": 1.8261945236938912,
      "brl_oz": 289.9293391957,
      "brl_g": 9.321444707290729,
      "chg_1h": 0,
      "chg_24h": 1.2856579427368726
    },
    "XPT": {
      "name": "Platina",
      "usd_oz": 1598,
      "usd_g": 51.376893016667516,
      "brl_oz": 8156.6714,
      "brl_g": 262.243075024976,
      "chg_1h": 0,
      "chg_24h": -0.125
    },
    "XPD": {
      "name": "Paládio",
      "usd_oz": 1286,
      "usd_g": 41.34586008725558,
      "brl_oz": 6564.129800000001,
      "brl_g": 211.04167364337866,
      "chg_1h": 0,
      "chg_24h": 1.2598425196850394
    },
    "XCU": {
      "name": "Cobre",
      "usd_oz": 6.132,
      "usd_g": 0.19714837795882678,
      "brl_oz": 31.2995676,
      "brl_g": 1.0063044656152396,
      "chg_1h": 0,
      "chg_24h": 0.31744286715496584
    }
  }
}
