{
  "timestamp": 1775107547,
  "usdToBrl": 5.1598,
  "metals": {
    "XAU": {
      "name": "Ouro",
      "usd_oz": 4675.100098,
      "usd_g": 150.30795843376583,
      "brl_oz": 24122.581485660397,
      "brl_g": 775.559003926545,
      "chg_1h": -0.17935095548201369,
      "chg_24h": -0.24324980262456228
    },
    "XAG": {
      "name": "Prata",
      "usd_oz": 72.014999,
      "usd_g": 2.315335981988998,
      "brl_oz": 371.5829918402,
      "brl_g": 11.946670599866831,
      "chg_1h": -0.2962757505309807,
      "chg_24h": -3.43148832427475
    },
    "XPT": {
      "name": "Platina",
      "usd_oz": 1919,
      "usd_g": 61.69728266519709,
      "brl_oz": 9901.6562,
      "brl_g": 318.34563909588394,
      "chg_1h": -0.6214396685655101,
      "chg_24h": -2.1417644059153496
    },
    "XPD": {
      "name": "Paládio",
      "usd_oz": 1464,
      "usd_g": 47.06869297647136,
      "brl_oz": 7553.9472,
      "brl_g": 242.8650420199969,
      "chg_1h": -0.40816326530612246,
      "chg_24h": -2.0080321285140563
    },
    "XCU": {
      "name": "Cobre",
      "usd_oz": 5.523092,
      "usd_g": 0.17757153116721666,
      "brl_oz": 28.4980501016,
      "brl_g": 0.9162335865166045,
      "chg_1h": -0.03694028722928808,
      "chg_24h": -1.1808362363103755
    }
  }
}
