{
  "timestamp": 1775980457,
  "usdToBrl": 5.0543,
  "metals": {
    "XAU": {
      "name": "Ouro",
      "usd_oz": 4749.200195,
      "usd_g": 152.6903318731236,
      "brl_oz": 24003.882545588498,
      "brl_g": 771.7427443863286,
      "chg_1h": 0,
      "chg_24h": 0
    },
    "XAG": {
      "name": "Prata",
      "usd_oz": 76.014,
      "usd_g": 2.4439068496676875,
      "brl_oz": 384.19756019999994,
      "brl_g": 12.352238390275392,
      "chg_1h": 0,
      "chg_24h": 0
    },
    "XPT": {
      "name": "Platina",
      "usd_oz": 2054,
      "usd_g": 66.03763345196187,
      "brl_oz": 10381.5322,
      "brl_g": 333.77401075625085,
      "chg_1h": 0,
      "chg_24h": 0
    },
    "XPD": {
      "name": "Paládio",
      "usd_oz": 1547,
      "usd_g": 49.737204941667486,
      "brl_oz": 7819.0021,
      "brl_g": 251.38675493666994,
      "chg_1h": 0,
      "chg_24h": 0
    },
    "XCU": {
      "name": "Cobre",
      "usd_oz": 5.756994,
      "usd_g": 0.18509165509111186,
      "brl_oz": 29.097574774199995,
      "brl_g": 0.9355087523270066,
      "chg_1h": 0,
      "chg_24h": 0
    }
  }
}
