{
  "timestamp": 1784633225,
  "usdToBrl": 5.1043,
  "metals": {
    "XAU": {
      "name": "Ouro",
      "usd_oz": 4058.800049,
      "usd_g": 130.49345174813382,
      "brl_oz": 20717.3330901107,
      "brl_g": 666.0777257579995,
      "chg_1h": -0.13286506729747535,
      "chg_24h": 0.8447624623848735
    },
    "XAG": {
      "name": "Prata",
      "usd_oz": 58.941002,
      "usd_g": 1.8949972178029948,
      "brl_oz": 300.8525565086,
      "brl_g": 9.672634298831827,
      "chg_1h": -0.5450155237581085,
      "chg_24h": 3.2476744881435518
    },
    "XPT": {
      "name": "Platina",
      "usd_oz": 1637,
      "usd_g": 52.63077213284401,
      "brl_oz": 8355.7391,
      "brl_g": 268.6432501976757,
      "chg_1h": 0.061124694376528114,
      "chg_24h": 1.9302615193026154
    },
    "XPD": {
      "name": "Paládio",
      "usd_oz": 1303,
      "usd_g": 41.89242277892226,
      "brl_oz": 6650.9029,
      "brl_g": 213.8314935904529,
      "chg_1h": -0.15325670498084293,
      "chg_24h": 1.1645962732919255
    },
    "XCU": {
      "name": "Cobre",
      "usd_oz": 6.217013,
      "usd_g": 0.19988160937686555,
      "brl_oz": 31.7334994559,
      "brl_g": 1.020255698742335,
      "chg_1h": -0.026742026759404028,
      "chg_24h": 2.1336642170190414
    }
  }
}
