{
  "timestamp": 1774597632,
  "usdToBrl": 5.2366,
  "metals": {
    "XAU": {
      "name": "Ouro",
      "usd_oz": 4449.299805,
      "usd_g": 143.04831043840088,
      "brl_oz": 23299.203358863,
      "brl_g": 749.0867824417301,
      "chg_1h": -0.44527855391809534,
      "chg_24h": -0.23320827735597816
    },
    "XAG": {
      "name": "Prata",
      "usd_oz": 69.776001,
      "usd_g": 2.2433505247233323,
      "brl_oz": 365.3890068366,
      "brl_g": 11.747529357766203,
      "chg_1h": -0.6294696337272666,
      "chg_24h": -0.21308829976025898
    },
    "XPT": {
      "name": "Platina",
      "usd_oz": 1885,
      "usd_g": 60.60415728186374,
      "brl_oz": 9870.991,
      "brl_g": 317.35973002220766,
      "chg_1h": -0.5277044854881267,
      "chg_24h": -0.8416622830089426
    },
    "XPD": {
      "name": "Paládio",
      "usd_oz": 1419,
      "usd_g": 45.6219093808831,
      "brl_oz": 7430.7354000000005,
      "brl_g": 238.90369066393245,
      "chg_1h": -0.28109627547434995,
      "chg_24h": -0.07042253521126761
    },
    "XCU": {
      "name": "Cobre",
      "usd_oz": 5.495876,
      "usd_g": 0.17669651644860487,
      "brl_oz": 28.7797042616,
      "brl_g": 0.9252889780347643,
      "chg_1h": -0.3222189616228248,
      "chg_24h": 0.649308908598802
    }
  }
}
