{
  "timestamp": 1779353703,
  "usdToBrl": 5.0299,
  "metals": {
    "XAU": {
      "name": "Ouro",
      "usd_oz": 4531.799805,
      "usd_g": 145.7007470303127,
      "brl_oz": 22794.499839169497,
      "brl_g": 732.8601874877697,
      "chg_1h": 0,
      "chg_24h": 1.0569954516959923
    },
    "XAG": {
      "name": "Prata",
      "usd_oz": 75.478996,
      "usd_g": 2.426706071650485,
      "brl_oz": 379.65180198039997,
      "brl_g": 12.206088869794772,
      "chg_1h": 0,
      "chg_24h": -0.052968129330430234
    },
    "XPT": {
      "name": "Platina",
      "usd_oz": 1945,
      "usd_g": 62.53320207598142,
      "brl_oz": 9783.155499999999,
      "brl_g": 314.5357531219789,
      "chg_1h": 0,
      "chg_24h": 0.15447991761071062
    },
    "XPD": {
      "name": "Paládio",
      "usd_oz": 1388,
      "usd_g": 44.625236237255635,
      "brl_oz": 6981.5012,
      "brl_g": 224.4604757497721,
      "chg_1h": 0,
      "chg_24h": -0.2156721782890007
    },
    "XCU": {
      "name": "Cobre",
      "usd_oz": 6.093409,
      "usd_g": 0.19590764849799686,
      "brl_oz": 30.6492379291,
      "brl_g": 0.9853958811800743,
      "chg_1h": 0,
      "chg_24h": 0.003725475457661422
    }
  }
}
