{
  "timestamp": 1776887740,
  "usdToBrl": 4.9717,
  "metals": {
    "XAU": {
      "name": "Ouro",
      "usd_oz": 4741.799805,
      "usd_g": 152.45240380972456,
      "brl_oz": 23574.8060905185,
      "brl_g": 757.9476160208076,
      "chg_1h": -0.012653867501713269,
      "chg_24h": 1.3399949923447814
    },
    "XAG": {
      "name": "Prata",
      "usd_oz": 77.900002,
      "usd_g": 2.5045432219976127,
      "brl_oz": 387.2954399434,
      "brl_g": 12.451837536805531,
      "chg_1h": -0.14228762245613022,
      "chg_24h": 2.8260654380575647
    },
    "XPT": {
      "name": "Platina",
      "usd_oz": 2086,
      "usd_g": 67.06645734215797,
      "brl_oz": 10370.9662,
      "brl_g": 333.4343059680068,
      "chg_1h": -0.09578544061302681,
      "chg_24h": 3.4209221616261773
    },
    "XPD": {
      "name": "Paládio",
      "usd_oz": 1574,
      "usd_g": 50.605275099020446,
      "brl_oz": 7825.455800000001,
      "brl_g": 251.59424620979996,
      "chg_1h": -0.25348542458808615,
      "chg_24h": 1.4829142488716958
    },
    "XCU": {
      "name": "Cobre",
      "usd_oz": 6.049032,
      "usd_g": 0.19448089481752087,
      "brl_oz": 30.073972394400002,
      "brl_g": 0.9669006647642686,
      "chg_1h": 0,
      "chg_24h": 0.9805865891011696
    }
  }
}
