{
  "timestamp": 1771860414,
  "usdToBrl": 5.1815,
  "metals": {
    "XAU": {
      "name": "Ouro",
      "usd_oz": 5196.299805,
      "usd_g": 167.06491812516597,
      "brl_oz": 26924.6274396075,
      "brl_g": 865.6468732655475,
      "chg_1h": 0.613788219774761,
      "chg_24h": 1.7306506528326155
    },
    "XAG": {
      "name": "Prata",
      "usd_oz": 87.275002,
      "usd_g": 2.8059564710785003,
      "brl_oz": 452.21542286299996,
      "brl_g": 14.539063454893249,
      "chg_1h": 0.7922542398776076,
      "chg_24h": 2.959916746807888
    },
    "XPT": {
      "name": "Platina",
      "usd_oz": 2151,
      "usd_g": 69.1562558691188,
      "brl_oz": 11145.4065,
      "brl_g": 358.333139785839,
      "chg_1h": -0.5547850208044383,
      "chg_24h": -0.7383479464697739
    },
    "XPD": {
      "name": "Paládio",
      "usd_oz": 1787,
      "usd_g": 57.4533841181382,
      "brl_oz": 9259.3405,
      "brl_g": 297.6947098081331,
      "chg_1h": 0.28058361391694725,
      "chg_24h": 0.2243409983174425
    },
    "XCU": {
      "name": "Cobre",
      "usd_oz": 5.779825,
      "usd_g": 0.1858256887860202,
      "brl_oz": 29.948163237499998,
      "brl_g": 0.9628558064447637,
      "chg_1h": 0.03662351288374002,
      "chg_24h": 0.18210121506540825
    }
  }
}
