{
  "timestamp": 1784306190,
  "usdToBrl": 5.1158,
  "metals": {
    "XAU": {
      "name": "Ouro",
      "usd_oz": 4017.199951,
      "usd_g": 129.15597754010574,
      "brl_oz": 20551.1915093258,
      "brl_g": 660.7361498996729,
      "chg_1h": 0.2620610509499068,
      "chg_24h": 0.4074095678287716
    },
    "XAG": {
      "name": "Prata",
      "usd_oz": 56.098,
      "usd_g": 1.8035925810068925,
      "brl_oz": 286.9861484,
      "brl_g": 9.22681892591506,
      "chg_1h": 0.2483961471791772,
      "chg_24h": -0.2790880760983384
    },
    "XPT": {
      "name": "Platina",
      "usd_oz": 1611,
      "usd_g": 51.79485272205968,
      "brl_oz": 8241.5538,
      "brl_g": 264.97210755551293,
      "chg_1h": 1.0031347962382446,
      "chg_24h": -2.12636695018226
    },
    "XPD": {
      "name": "Paládio",
      "usd_oz": 1272,
      "usd_g": 40.89574963529479,
      "brl_oz": 6507.2976,
      "brl_g": 209.2144759842411,
      "chg_1h": 0.31545741324921134,
      "chg_24h": -1.8518518518518516
    },
    "XCU": {
      "name": "Cobre",
      "usd_oz": 6.108226,
      "usd_g": 0.19638402610990421,
      "brl_oz": 31.2484625708,
      "brl_g": 1.004661400773048,
      "chg_1h": 0.11026800303793995,
      "chg_24h": -0.353952243772061
    }
  }
}
