{
  "timestamp": 1770700295,
  "usdToBrl": 5.1931,
  "metals": {
    "XAU": {
      "name": "Ouro",
      "usd_oz": 5032,
      "usd_g": 161.782556733336,
      "brl_oz": 26131.679200000002,
      "brl_g": 840.1529953718873,
      "chg_1h": 0.11141369785901069,
      "chg_24h": 0.13930348258706468
    },
    "XAG": {
      "name": "Prata",
      "usd_oz": 81.426003,
      "usd_g": 2.6179067865493417,
      "brl_oz": 422.85337617929997,
      "brl_g": 13.595051733229388,
      "chg_1h": -0.28899609528314435,
      "chg_24h": 0.1377376538700164
    },
    "XPT": {
      "name": "Platina",
      "usd_oz": 2096,
      "usd_g": 67.38796480784426,
      "brl_oz": 10884.7376,
      "brl_g": 349.95244004361604,
      "chg_1h": 0.09551098376313276,
      "chg_24h": 0.43124101581217056
    },
    "XPD": {
      "name": "Paládio",
      "usd_oz": 1747,
      "usd_g": 56.167354255393086,
      "brl_oz": 9072.3457,
      "brl_g": 291.68268738368187,
      "chg_1h": 0.28702640642939153,
      "chg_24h": 1.2166859791425262
    },
    "XCU": {
      "name": "Cobre",
      "usd_oz": 5.872963,
      "usd_g": 0.1888201450199291,
      "brl_oz": 30.498884155300004,
      "brl_g": 0.9805618951029939,
      "chg_1h": 0.2620007866681637,
      "chg_24h": 0.12243893865114029
    }
  }
}
