{
  "timestamp": 1773050807,
  "usdToBrl": 5.2765,
  "metals": {
    "XAU": {
      "name": "Ouro",
      "usd_oz": 5109.100098,
      "usd_g": 164.26138244455038,
      "brl_oz": 26958.166667097,
      "brl_g": 866.7251844686701,
      "chg_1h": -0.015652048285469955,
      "chg_24h": -1.2543467723231565
    },
    "XAG": {
      "name": "Prata",
      "usd_oz": 83.906998,
      "usd_g": 2.697672628032375,
      "brl_oz": 442.73527494700005,
      "brl_g": 14.234269621812826,
      "chg_1h": -0.14043915167059337,
      "chg_24h": -0.8109465130460755
    },
    "XPT": {
      "name": "Platina",
      "usd_oz": 2122,
      "usd_g": 68.22388421862857,
      "brl_oz": 11196.733,
      "brl_g": 359.98332507959367,
      "chg_1h": 0.3784295175023652,
      "chg_24h": -1.531322505800464
    },
    "XPD": {
      "name": "Paládio",
      "usd_oz": 1624,
      "usd_g": 52.212812427451844,
      "brl_oz": 8569.036,
      "brl_g": 275.5009047734497,
      "chg_1h": 0.5572755417956656,
      "chg_24h": -1.6353725015142337
    },
    "XCU": {
      "name": "Cobre",
      "usd_oz": 5.799027,
      "usd_g": 0.186443047421631,
      "brl_oz": 30.5985659655,
      "brl_g": 0.9837667397202361,
      "chg_1h": 0.11091733904729043,
      "chg_24h": 0.05112089859600209
    }
  }
}
