{
  "timestamp": 1770952599,
  "usdToBrl": 5.1761,
  "metals": {
    "XAU": {
      "name": "Ouro",
      "usd_oz": 4984.700195,
      "usd_g": 160.2618326900355,
      "brl_oz": 25801.3066793395,
      "brl_g": 829.5312721868928,
      "chg_1h": 0,
      "chg_24h": -1.7308980778708656
    },
    "XAG": {
      "name": "Prata",
      "usd_oz": 77.223,
      "usd_g": 2.4827771022691585,
      "brl_oz": 399.71397029999997,
      "brl_g": 12.851102559055391,
      "chg_1h": 0,
      "chg_24h": -7.671062542593762
    },
    "XPT": {
      "name": "Platina",
      "usd_oz": 2044,
      "usd_g": 65.7161259862756,
      "brl_oz": 10579.9484,
      "brl_g": 340.1532397175611,
      "chg_1h": 0,
      "chg_24h": -4.2622950819672125
    },
    "XPD": {
      "name": "Paládio",
      "usd_oz": 1684,
      "usd_g": 54.14185722156952,
      "brl_oz": 8716.5524,
      "brl_g": 280.24366716456603,
      "chg_1h": 0,
      "chg_24h": -2.995391705069124
    },
    "XCU": {
      "name": "Cobre",
      "usd_oz": 5.935408,
      "usd_g": 0.19082779838940706,
      "brl_oz": 30.722265348799997,
      "brl_g": 0.9877437672434098,
      "chg_1h": 0,
      "chg_24h": -0.8824446403465752
    }
  }
}
