{
  "timestamp": 1780436303,
  "usdToBrl": 5.0056,
  "metals": {
    "XAU": {
      "name": "Ouro",
      "usd_oz": 4489.100098,
      "usd_g": 144.32791957200104,
      "brl_oz": 22470.639450548802,
      "brl_g": 722.4478342096085,
      "chg_1h": 0,
      "chg_24h": 0.06687322918490973
    },
    "XAG": {
      "name": "Prata",
      "usd_oz": 75.253998,
      "usd_g": 2.419472217974037,
      "brl_oz": 376.6914123888,
      "brl_g": 12.11091013429084,
      "chg_1h": 0,
      "chg_24h": 0.35071009924031643
    },
    "XPT": {
      "name": "Platina",
      "usd_oz": 1940,
      "usd_g": 62.37244834313828,
      "brl_oz": 9710.864000000001,
      "brl_g": 312.211527426413,
      "chg_1h": 0,
      "chg_24h": 0.4140786749482402
    },
    "XPD": {
      "name": "Paládio",
      "usd_oz": 1392,
      "usd_g": 44.75383922353015,
      "brl_oz": 6967.7952000000005,
      "brl_g": 224.01981761730252,
      "chg_1h": 0,
      "chg_24h": 0.3604902667627974
    },
    "XCU": {
      "name": "Cobre",
      "usd_oz": 6.335423,
      "usd_g": 0.20368857927805678,
      "brl_oz": 31.7125933688,
      "brl_g": 1.0195835524342411,
      "chg_1h": 0,
      "chg_24h": 1.446334388987971
    }
  }
}
