{
  "timestamp": 1783885468,
  "usdToBrl": 5.1185,
  "metals": {
    "XAU": {
      "name": "Ouro",
      "usd_oz": 4121.399902,
      "usd_g": 132.5060837571702,
      "brl_oz": 21095.385398387,
      "brl_g": 678.2323897110756,
      "chg_1h": 0,
      "chg_24h": 0
    },
    "XAG": {
      "name": "Prata",
      "usd_oz": 60.014,
      "usd_g": 1.9294949045696397,
      "brl_oz": 307.181659,
      "brl_g": 9.876119669039701,
      "chg_1h": 0,
      "chg_24h": 0
    },
    "XPT": {
      "name": "Platina",
      "usd_oz": 1635,
      "usd_g": 52.56647063970675,
      "brl_oz": 8368.7475,
      "brl_g": 269.061479969339,
      "chg_1h": 0,
      "chg_24h": 0
    },
    "XPD": {
      "name": "Paládio",
      "usd_oz": 1300,
      "usd_g": 41.79597053921638,
      "brl_oz": 6654.05,
      "brl_g": 213.93267520497903,
      "chg_1h": 0,
      "chg_24h": 0
    },
    "XCU": {
      "name": "Cobre",
      "usd_oz": 6.050922,
      "usd_g": 0.19454165972853557,
      "brl_oz": 30.971644257,
      "brl_g": 0.9957614853205093,
      "chg_1h": 0,
      "chg_24h": 0
    }
  }
}
