{
  "timestamp": 1782825563,
  "usdToBrl": 5.1639,
  "metals": {
    "XAU": {
      "name": "Ouro",
      "usd_oz": 4029.199951,
      "usd_g": 129.54178649892927,
      "brl_oz": 20806.3856269689,
      "brl_g": 668.9408313018208,
      "chg_1h": 0,
      "chg_24h": -0.42506799665299255
    },
    "XAG": {
      "name": "Prata",
      "usd_oz": 59.231998,
      "usd_g": 1.9043529564514794,
      "brl_oz": 305.8681144722,
      "brl_g": 9.833888231819794,
      "chg_1h": 0,
      "chg_24h": 1.145808624412004
    },
    "XPT": {
      "name": "Platina",
      "usd_oz": 1575,
      "usd_g": 50.63742584558907,
      "brl_oz": 8133.1425,
      "brl_g": 261.4866033240374,
      "chg_1h": 0,
      "chg_24h": -1.1299435028248588
    },
    "XPD": {
      "name": "Paládio",
      "usd_oz": 1237,
      "usd_g": 39.770473505392815,
      "brl_oz": 6387.7443,
      "brl_g": 205.37074813449794,
      "chg_1h": 0,
      "chg_24h": 0.7328990228013029
    },
    "XCU": {
      "name": "Cobre",
      "usd_oz": 6.048579,
      "usd_g": 0.19446633052932527,
      "brl_oz": 31.2342570981,
      "brl_g": 1.0042046842203827,
      "chg_1h": 0,
      "chg_24h": 0.307161275589931
    }
  }
}
