{
  "timestamp": 1784029781,
  "usdToBrl": 5.1155,
  "metals": {
    "XAU": {
      "name": "Ouro",
      "usd_oz": 4030.800049,
      "usd_g": 129.59323084421226,
      "brl_oz": 20619.5576506595,
      "brl_g": 662.9341723835678,
      "chg_1h": 0.2661613079068176,
      "chg_24h": -0.6702797190734365
    },
    "XAG": {
      "name": "Prata",
      "usd_oz": 58.210999,
      "usd_g": 1.8715270763556568,
      "brl_oz": 297.7783653845,
      "brl_g": 9.573796759097362,
      "chg_1h": 0.20657072524143147,
      "chg_24h": -0.6027593846519967
    },
    "XPT": {
      "name": "Platina",
      "usd_oz": 1611,
      "usd_g": 51.79485272205968,
      "brl_oz": 8241.0705,
      "brl_g": 264.9565690996963,
      "chg_1h": 0.24891101431238333,
      "chg_24h": -0.9834050399508296
    },
    "XPD": {
      "name": "Paládio",
      "usd_oz": 1280,
      "usd_g": 41.152955607843815,
      "brl_oz": 6547.84,
      "brl_g": 210.51794441192504,
      "chg_1h": -0.15600624024961,
      "chg_24h": -0.46656298600311047
    },
    "XCU": {
      "name": "Cobre",
      "usd_oz": 6.153434,
      "usd_g": 0.19783749706077874,
      "brl_oz": 31.477891626999998,
      "brl_g": 1.0120377162144136,
      "chg_1h": 0.040562912426861844,
      "chg_24h": 1.0452594346593744
    }
  }
}
