{
  "timestamp": 1778666818,
  "usdToBrl": 4.9038,
  "metals": {
    "XAU": {
      "name": "Ouro",
      "usd_oz": 4700.600098,
      "usd_g": 151.12780247126585,
      "brl_oz": 23050.802760572402,
      "brl_g": 741.1005177585936,
      "chg_1h": 0,
      "chg_24h": -0.00637758740348141
    },
    "XAG": {
      "name": "Prata",
      "usd_oz": 87.164001,
      "usd_g": 2.802387706058636,
      "brl_oz": 427.43482810380004,
      "brl_g": 13.74234883297034,
      "chg_1h": 0,
      "chg_24h": 3.5349418665395516
    },
    "XPT": {
      "name": "Platina",
      "usd_oz": 2139,
      "usd_g": 68.77044691029525,
      "brl_oz": 10489.228200000001,
      "brl_g": 337.2365175587059,
      "chg_1h": 0,
      "chg_24h": 2.688430148823812
    },
    "XPD": {
      "name": "Paládio",
      "usd_oz": 1519,
      "usd_g": 48.83698403774591,
      "brl_oz": 7448.872200000001,
      "brl_g": 239.4868023242984,
      "chg_1h": 0,
      "chg_24h": 0.6626905235255135
    },
    "XCU": {
      "name": "Cobre",
      "usd_oz": 6.296013,
      "usd_g": 0.20242151835578717,
      "brl_oz": 30.874388549400003,
      "brl_g": 0.9926346417131092,
      "chg_1h": 0,
      "chg_24h": 1.1378953562284235
    }
  }
}
