{
  "timestamp": 1784094878,
  "usdToBrl": 5.1233,
  "metals": {
    "XAU": {
      "name": "Ouro",
      "usd_oz": 4030.800049,
      "usd_g": 129.59323084421226,
      "brl_oz": 20650.9978910417,
      "brl_g": 663.9449995841527,
      "chg_1h": 0,
      "chg_24h": -0.00247718877738995
    },
    "XAG": {
      "name": "Prata",
      "usd_oz": 58.533001,
      "usd_g": 1.8818796810522482,
      "brl_oz": 299.88212402330004,
      "brl_g": 9.641434169934984,
      "chg_1h": 0,
      "chg_24h": 0.4634176063711114
    },
    "XPT": {
      "name": "Platina",
      "usd_oz": 1641,
      "usd_g": 52.759375119118516,
      "brl_oz": 8407.3353,
      "brl_g": 270.30210654777994,
      "chg_1h": 0,
      "chg_24h": 1.4215080346106306
    },
    "XPD": {
      "name": "Paládio",
      "usd_oz": 1330,
      "usd_g": 42.76049293627521,
      "brl_oz": 6813.9890000000005,
      "brl_g": 219.07483346041883,
      "chg_1h": 0,
      "chg_24h": 2.7027027027027026
    },
    "XCU": {
      "name": "Cobre",
      "usd_oz": 6.142397,
      "usd_g": 0.1974826492709008,
      "brl_oz": 31.469342550100002,
      "brl_g": 1.0117628570096062,
      "chg_1h": 0,
      "chg_24h": 0.10350313540673509
    }
  }
}
