{
  "timestamp": 1773662370,
  "usdToBrl": 5.2433,
  "metals": {
    "XAU": {
      "name": "Ouro",
      "usd_oz": 4998.200195,
      "usd_g": 160.69586776871196,
      "brl_oz": 26207.0630824435,
      "brl_g": 842.5766434716874,
      "chg_1h": -0.15181609924568892,
      "chg_24h": -0.4283124323125038
    },
    "XAG": {
      "name": "Prata",
      "usd_oz": 79.087997,
      "usd_g": 2.5427381481674103,
      "brl_oz": 414.68209467009996,
      "brl_g": 13.33233893228618,
      "chg_1h": -0.050552271017906616,
      "chg_24h": -1.991453002044726
    },
    "XPT": {
      "name": "Platina",
      "usd_oz": 2068,
      "usd_g": 66.48774390392266,
      "brl_oz": 10843.1444,
      "brl_g": 348.61518761143765,
      "chg_1h": -0.6246996636232581,
      "chg_24h": 1.5218458517427589
    },
    "XPD": {
      "name": "Paládio",
      "usd_oz": 1563,
      "usd_g": 50.25161688676553,
      "brl_oz": 8195.2779,
      "brl_g": 263.4843028223777,
      "chg_1h": -0.8877615726062142,
      "chg_24h": -0.8248730964467006
    },
    "XCU": {
      "name": "Cobre",
      "usd_oz": 5.811275,
      "usd_g": 0.1868368297656036,
      "brl_oz": 30.4702582075,
      "brl_g": 0.9796415495099893,
      "chg_1h": 0.17334287845365792,
      "chg_24h": -1.0406839602560278
    }
  }
}
