{
  "timestamp": 1773401941,
  "usdToBrl": 5.1621,
  "metals": {
    "XAU": {
      "name": "Ouro",
      "usd_oz": 5094.600098,
      "usd_g": 163.79519661930527,
      "brl_oz": 26298.835165885797,
      "brl_g": 845.5271844685157,
      "chg_1h": -0.0529634728832624,
      "chg_24h": -1.5916535058914452
    },
    "XAG": {
      "name": "Prata",
      "usd_oz": 83.331001,
      "usd_g": 2.679153894461085,
      "brl_oz": 430.1629602621,
      "brl_g": 13.830060318597566,
      "chg_1h": 0.036011571193213826,
      "chg_24h": -4.2645566474565
    },
    "XPT": {
      "name": "Platina",
      "usd_oz": 2079,
      "usd_g": 66.84140211617758,
      "brl_oz": 10732.0059,
      "brl_g": 345.04200186392023,
      "chg_1h": -0.1440922190201729,
      "chg_24h": -5.714285714285714
    },
    "XPD": {
      "name": "Paládio",
      "usd_oz": 1622,
      "usd_g": 52.14851093431459,
      "brl_oz": 8372.9262,
      "brl_g": 269.1958282940253,
      "chg_1h": -0.42971147943523635,
      "chg_24h": -4.193738924985233
    },
    "XCU": {
      "name": "Cobre",
      "usd_oz": 5.825109,
      "usd_g": 0.187281603193634,
      "brl_oz": 30.0697951689,
      "brl_g": 0.9667663638458579,
      "chg_1h": -0.009080550490767458,
      "chg_24h": -0.22272611419581248
    }
  }
}
