{
  "timestamp": 1770939556,
  "usdToBrl": 5.1761,
  "metals": {
    "XAU": {
      "name": "Ouro",
      "usd_oz": 4919.299805,
      "usd_g": 158.15916132565604,
      "brl_oz": 25462.787720660497,
      "brl_g": 818.6476349377282,
      "chg_1h": -0.07109775206469117,
      "chg_24h": -2.985788632293625
    },
    "XAG": {
      "name": "Prata",
      "usd_oz": 75.139999,
      "usd_g": 2.41580706501596,
      "brl_oz": 388.93214882390004,
      "brl_g": 12.504458949229111,
      "chg_1h": -0.4016303646245359,
      "chg_24h": -10.361937125089453
    },
    "XPT": {
      "name": "Platina",
      "usd_oz": 2010,
      "usd_g": 64.62300060294224,
      "brl_oz": 10403.961,
      "brl_g": 334.4951134208893,
      "chg_1h": 0.049776007964161276,
      "chg_24h": -5.456255879586077
    },
    "XPD": {
      "name": "Paládio",
      "usd_oz": 1642,
      "usd_g": 52.79152586568715,
      "brl_oz": 8499.1562,
      "brl_g": 273.25421703338327,
      "chg_1h": 0.12195121951219512,
      "chg_24h": -4.200700116686114
    },
    "XCU": {
      "name": "Cobre",
      "usd_oz": 6.055821,
      "usd_g": 0.19469916623597527,
      "brl_oz": 31.3455350781,
      "brl_g": 1.0077823543540316,
      "chg_1h": 0,
      "chg_24h": 0.2576047624432089
    }
  }
}
