{
  "timestamp": 1776166263,
  "usdToBrl": 5.0274,
  "metals": {
    "XAU": {
      "name": "Ouro",
      "usd_oz": 4779.299805,
      "usd_g": 153.6580568060481,
      "brl_oz": 24027.451839657,
      "brl_g": 772.5005147867263,
      "chg_1h": -0.11286788680394422,
      "chg_24h": 1.5058173578222018
    },
    "XAG": {
      "name": "Prata",
      "usd_oz": 77.712997,
      "usd_g": 2.4985308716355465,
      "brl_oz": 390.69432111780003,
      "brl_g": 12.561114104060547,
      "chg_1h": -0.27462239597001337,
      "chg_24h": 4.6456472267481725
    },
    "XPT": {
      "name": "Platina",
      "usd_oz": 2089,
      "usd_g": 67.16290958186386,
      "brl_oz": 10502.2386,
      "brl_g": 337.65481163186234,
      "chg_1h": -0.04784688995215311,
      "chg_24h": 2.8051181102362204
    },
    "XPD": {
      "name": "Paládio",
      "usd_oz": 1593,
      "usd_g": 51.216139283824376,
      "brl_oz": 8008.6482000000005,
      "brl_g": 257.48401863549867,
      "chg_1h": -0.31289111389236546,
      "chg_24h": 3.240440699935191
    },
    "XCU": {
      "name": "Cobre",
      "usd_oz": 5.857541,
      "usd_g": 0.18832431620634774,
      "brl_oz": 29.448201623400003,
      "brl_g": 0.9467816672957926,
      "chg_1h": -0.21377866438163506,
      "chg_24h": 1.372442602744995
    }
  }
}
