{
  "timestamp": 1774507739,
  "usdToBrl": 5.233,
  "metals": {
    "XAU": {
      "name": "Ouro",
      "usd_oz": 4455.600098,
      "usd_g": 143.250869561952,
      "brl_oz": 23316.155312834,
      "brl_g": 749.6318004176946,
      "chg_1h": -0.8721124121344435,
      "chg_24h": -2.0273475296479058
    },
    "XAG": {
      "name": "Prata",
      "usd_oz": 70.046997,
      "usd_g": 2.252063248440445,
      "brl_oz": 366.555935301,
      "brl_g": 11.785046979088847,
      "chg_1h": -1.3561540246119066,
      "chg_24h": -4.299536847282561
    },
    "XPT": {
      "name": "Platina",
      "usd_oz": 1901,
      "usd_g": 61.118569226961796,
      "brl_oz": 9947.932999999999,
      "brl_g": 319.83347276469107,
      "chg_1h": -0.5232862375719518,
      "chg_24h": -3.1584309730005096
    },
    "XPD": {
      "name": "Paládio",
      "usd_oz": 1423,
      "usd_g": 45.75051236715762,
      "brl_oz": 7446.558999999999,
      "brl_g": 239.4124312173358,
      "chg_1h": -0.5590496156533892,
      "chg_24h": -3.3944331296673456
    },
    "XCU": {
      "name": "Cobre",
      "usd_oz": 5.453919,
      "usd_g": 0.17534756757482495,
      "brl_oz": 28.540358126999998,
      "brl_g": 0.9175938211190589,
      "chg_1h": 0.11101584453816604,
      "chg_24h": 0.49450146505985265
    }
  }
}
