{
  "timestamp": 1780518438,
  "usdToBrl": 5.0184,
  "metals": {
    "XAU": {
      "name": "Ouro",
      "usd_oz": 4440.899902,
      "usd_g": 142.77824728584685,
      "brl_oz": 22286.2120681968,
      "brl_g": 716.5183561792937,
      "chg_1h": 0,
      "chg_24h": -1.073716222578198
    },
    "XAG": {
      "name": "Prata",
      "usd_oz": 73.096001,
      "usd_g": 2.3500910033311775,
      "brl_oz": 366.82497141839997,
      "brl_g": 11.79369669111718,
      "chg_1h": 0,
      "chg_24h": -2.8676177443755146
    },
    "XPT": {
      "name": "Platina",
      "usd_oz": 1867,
      "usd_g": 60.025443843628445,
      "brl_oz": 9369.352799999999,
      "brl_g": 301.231687384865,
      "chg_1h": 0,
      "chg_24h": -3.7628865979381443
    },
    "XPD": {
      "name": "Paládio",
      "usd_oz": 1328,
      "usd_g": 42.69619144313796,
      "brl_oz": 6664.4352,
      "brl_g": 214.26656713824354,
      "chg_1h": 0,
      "chg_24h": -4.597701149425287
    },
    "XCU": {
      "name": "Cobre",
      "usd_oz": 6.353406,
      "usd_g": 0.2042667461536004,
      "brl_oz": 31.883932670399997,
      "brl_g": 1.0250922388972283,
      "chg_1h": 0,
      "chg_24h": 0.2838484502139807
    }
  }
}
