{
  "timestamp": 1773151896,
  "usdToBrl": 5.2302,
  "metals": {
    "XAU": {
      "name": "Ouro",
      "usd_oz": 5192.100098,
      "usd_g": 166.9298944097465,
      "brl_oz": 27155.721932559598,
      "brl_g": 873.0767337418562,
      "chg_1h": -0.5039821495842159,
      "chg_24h": 1.9998879614125251
    },
    "XAG": {
      "name": "Prata",
      "usd_oz": 88.679001,
      "usd_g": 2.851096087110107,
      "brl_oz": 463.8089110302,
      "brl_g": 14.911802754803283,
      "chg_1h": -1.1525598682206568,
      "chg_24h": 5.357019255245786
    },
    "XPT": {
      "name": "Platina",
      "usd_oz": 2232,
      "usd_g": 71.76046634117766,
      "brl_oz": 11673.8064,
      "brl_g": 375.3215910576274,
      "chg_1h": 0.224517287831163,
      "chg_24h": 3.19001386962552
    },
    "XPD": {
      "name": "Paládio",
      "usd_oz": 1696,
      "usd_g": 54.527666180393055,
      "brl_oz": 8870.4192,
      "brl_g": 285.19059965669175,
      "chg_1h": -1.1078717201166182,
      "chg_24h": 1.0727056019070322
    },
    "XCU": {
      "name": "Cobre",
      "usd_oz": 5.873946,
      "usd_g": 0.18885174920380607,
      "brl_oz": 30.721912369200002,
      "brl_g": 0.9877324186857465,
      "chg_1h": 0.1120945350462883,
      "chg_24h": 1.286631386729153
    }
  }
}
