{
  "timestamp": 1782427335,
  "usdToBrl": 5.2019,
  "metals": {
    "XAU": {
      "name": "Ouro",
      "usd_oz": 4035.399902,
      "usd_g": 129.7411195522682,
      "brl_oz": 20991.746750213802,
      "brl_g": 674.900329798944,
      "chg_1h": 0.18371156901688457,
      "chg_24h": 0.741442228906477
    },
    "XAG": {
      "name": "Prata",
      "usd_oz": 58.009998,
      "usd_g": 1.8650647441446162,
      "brl_oz": 301.7622085962,
      "brl_g": 9.70188029256588,
      "chg_1h": 0.015515250004578138,
      "chg_24h": 0.2817743357477514
    },
    "XPT": {
      "name": "Platina",
      "usd_oz": 1605,
      "usd_g": 51.60194824264791,
      "brl_oz": 8349.049500000001,
      "brl_g": 268.42817456343016,
      "chg_1h": 0,
      "chg_24h": 0.24984384759525297
    },
    "XPD": {
      "name": "Paládio",
      "usd_oz": 1205,
      "usd_g": 38.74164961519672,
      "brl_oz": 6268.2895,
      "brl_g": 201.53018713329183,
      "chg_1h": -0.08291873963515754,
      "chg_24h": 0.5843071786310517
    },
    "XCU": {
      "name": "Cobre",
      "usd_oz": 6.011686,
      "usd_g": 0.1932801930361689,
      "brl_oz": 31.272189403400002,
      "brl_g": 1.0054242361548469,
      "chg_1h": 0,
      "chg_24h": -0.8999421226751964
    }
  }
}
