{
  "timestamp": 1784929498,
  "usdToBrl": 5.0827,
  "metals": {
    "XAU": {
      "name": "Ouro",
      "usd_oz": 4053.699951,
      "usd_g": 130.32947978986067,
      "brl_oz": 20603.740740947702,
      "brl_g": 662.4256469279248,
      "chg_1h": -0.034528050261703636,
      "chg_24h": 0.07652824087795611
    },
    "XAG": {
      "name": "Prata",
      "usd_oz": 58.282001,
      "usd_g": 1.8738098436635227,
      "brl_oz": 296.2299264827,
      "brl_g": 9.524013292388586,
      "chg_1h": -0.12680444387559198,
      "chg_24h": 0.8723060680535886
    },
    "XPT": {
      "name": "Platina",
      "usd_oz": 1595,
      "usd_g": 51.28044077696163,
      "brl_oz": 8106.9065,
      "brl_g": 260.6430963370629,
      "chg_1h": 0,
      "chg_24h": -0.3747657713928795
    },
    "XPD": {
      "name": "Paládio",
      "usd_oz": 1267,
      "usd_g": 40.73499590245165,
      "brl_oz": 6439.7809,
      "brl_g": 207.043763673391,
      "chg_1h": 0.23734177215189875,
      "chg_24h": -0.7053291536050157
    },
    "XCU": {
      "name": "Cobre",
      "usd_oz": 6.202496,
      "usd_g": 0.1994148769889288,
      "brl_oz": 31.5254264192,
      "brl_g": 1.0135659952716283,
      "chg_1h": 0,
      "chg_24h": -0.3314573727692699
    }
  }
}
