{
  "timestamp": 1773054087,
  "usdToBrl": 5.2765,
  "metals": {
    "XAU": {
      "name": "Ouro",
      "usd_oz": 5088.399902,
      "usd_g": 163.59585568903347,
      "brl_oz": 26848.942082903002,
      "brl_g": 863.2135325431851,
      "chg_1h": -0.4051632499449961,
      "chg_24h": -1.6544278701198278
    },
    "XAG": {
      "name": "Prata",
      "usd_oz": 83.343002,
      "usd_g": 2.6795397355706547,
      "brl_oz": 439.75935005300005,
      "brl_g": 14.138591414738562,
      "chg_1h": -0.6721680115405905,
      "chg_24h": -1.4776636015352664
    },
    "XPT": {
      "name": "Platina",
      "usd_oz": 2107,
      "usd_g": 67.74162302009915,
      "brl_oz": 11117.585500000001,
      "brl_g": 357.4386738655532,
      "chg_1h": -0.706880301602262,
      "chg_24h": -2.2273781902552203
    },
    "XPD": {
      "name": "Paládio",
      "usd_oz": 1615,
      "usd_g": 51.92345570833419,
      "brl_oz": 8521.5475,
      "brl_g": 273.9741140450254,
      "chg_1h": -0.5541871921182266,
      "chg_24h": -2.1804966686856453
    },
    "XCU": {
      "name": "Cobre",
      "usd_oz": 5.796003,
      "usd_g": 0.18634582356400747,
      "brl_oz": 30.5826098295,
      "brl_g": 0.9832537380354855,
      "chg_1h": -0.0521466790894389,
      "chg_24h": -0.001052438344375301
    }
  }
}
