{
  "timestamp": 1777492500,
  "usdToBrl": 4.9854,
  "metals": {
    "XAU": {
      "name": "Ouro",
      "usd_oz": 4550.200195,
      "usd_g": 146.29233330596662,
      "brl_oz": 22684.568052153,
      "brl_g": 729.325798463566,
      "chg_1h": 0.3794439664681304,
      "chg_24h": -1.0632493739648008
    },
    "XAG": {
      "name": "Prata",
      "usd_oz": 71.828003,
      "usd_g": 2.3093239209836502,
      "brl_oz": 358.0913261562,
      "brl_g": 11.51290347567189,
      "chg_1h": 0.8579411857586733,
      "chg_24h": -1.996148231024275
    },
    "XPT": {
      "name": "Platina",
      "usd_oz": 1884,
      "usd_g": 60.57200653529512,
      "brl_oz": 9392.4936,
      "brl_g": 301.97568138106027,
      "chg_1h": -0.211864406779661,
      "chg_24h": -3.285420944558522
    },
    "XPD": {
      "name": "Paládio",
      "usd_oz": 1485,
      "usd_g": 47.743858654412556,
      "brl_oz": 7403.319,
      "brl_g": 238.02223293570836,
      "chg_1h": 0.6779661016949152,
      "chg_24h": -0.06729475100942127
    },
    "XCU": {
      "name": "Cobre",
      "usd_oz": 5.865518,
      "usd_g": 0.18858078271172565,
      "brl_oz": 29.2419534372,
      "brl_g": 0.9401506341310372,
      "chg_1h": 0.10388380714782637,
      "chg_24h": 0.1379955560753139
    }
  }
}
