{
  "timestamp": 1771607146,
  "usdToBrl": 5.2144,
  "metals": {
    "XAU": {
      "name": "Ouro",
      "usd_oz": 5068.100098,
      "usd_g": 162.94320183523664,
      "brl_oz": 26427.1011510112,
      "brl_g": 849.651031649658,
      "chg_1h": 0.2928837308515923,
      "chg_24h": 1.506142672114795
    },
    "XAG": {
      "name": "Prata",
      "usd_oz": 82.508003,
      "usd_g": 2.6526938943365974,
      "brl_oz": 430.22973084320006,
      "brl_g": 13.832207042628754,
      "chg_1h": -0.13918400276939824,
      "chg_24h": 5.715794548763993
    },
    "XPT": {
      "name": "Platina",
      "usd_oz": 2169,
      "usd_g": 69.73496930735409,
      "brl_oz": 11310.0336,
      "brl_g": 363.6260239562672,
      "chg_1h": 0.8837209302325582,
      "chg_24h": 4.479768786127168
    },
    "XPD": {
      "name": "Paládio",
      "usd_oz": 1771,
      "usd_g": 56.938972173040156,
      "brl_oz": 9234.7024,
      "brl_g": 296.90257649910063,
      "chg_1h": 0.5678591709256104,
      "chg_24h": 4.054054054054054
    },
    "XCU": {
      "name": "Cobre",
      "usd_oz": 5.778842,
      "usd_g": 0.18579408460214325,
      "brl_oz": 30.1331937248,
      "brl_g": 0.9688046747494158,
      "chg_1h": 0.17034103742147447,
      "chg_24h": 0.8629348862123606
    }
  }
}
