{
  "timestamp": 1772100175,
  "usdToBrl": 5.1287,
  "metals": {
    "XAU": {
      "name": "Ouro",
      "usd_oz": 5187.899902,
      "usd_g": 166.79485497261194,
      "brl_oz": 26607.182227387402,
      "brl_g": 855.440772698035,
      "chg_1h": 0.14863724779269388,
      "chg_24h": 0.011568581392230904
    },
    "XAG": {
      "name": "Prata",
      "usd_oz": 87.727997,
      "usd_g": 2.820520598520356,
      "brl_oz": 449.93057821390005,
      "brl_g": 14.465603993631351,
      "chg_1h": 0.11525899683042225,
      "chg_24h": -3.520333408259921
    },
    "XPT": {
      "name": "Platina",
      "usd_oz": 2292,
      "usd_g": 73.68951113529533,
      "brl_oz": 11754.9804,
      "brl_g": 377.9313957595892,
      "chg_1h": -0.04361098996947231,
      "chg_24h": -0.5639913232104121
    },
    "XPD": {
      "name": "Paládio",
      "usd_oz": 1787,
      "usd_g": 57.4533841181382,
      "brl_oz": 9164.9869,
      "brl_g": 294.6611711266954,
      "chg_1h": -0.2233389168062535,
      "chg_24h": -3.2485110990795887
    },
    "XCU": {
      "name": "Cobre",
      "usd_oz": 5.960658,
      "usd_g": 0.19163960474026492,
      "brl_oz": 30.5704266846,
      "brl_g": 0.9828620408313967,
      "chg_1h": 0.16771198172711843,
      "chg_24h": 0.9125653594909411
    }
  }
}
