{
  "timestamp": 1780262129,
  "usdToBrl": 5.0453,
  "metals": {
    "XAU": {
      "name": "Ouro",
      "usd_oz": 4540.299805,
      "usd_g": 145.97402837614604,
      "brl_oz": 22907.1746061665,
      "brl_g": 736.4827653661696,
      "chg_1h": 0,
      "chg_24h": 0
    },
    "XAG": {
      "name": "Prata",
      "usd_oz": 75.400002,
      "usd_g": 2.424166355576043,
      "brl_oz": 380.4156300906,
      "brl_g": 12.230646513787809,
      "chg_1h": 0,
      "chg_24h": 0
    },
    "XPT": {
      "name": "Platina",
      "usd_oz": 1926,
      "usd_g": 61.92233789117749,
      "brl_oz": 9717.247800000001,
      "brl_g": 312.4167713623578,
      "chg_1h": 0,
      "chg_24h": 0
    },
    "XPD": {
      "name": "Paládio",
      "usd_oz": 1379,
      "usd_g": 44.335879518137986,
      "brl_oz": 6957.4687,
      "brl_g": 223.6878129328616,
      "chg_1h": 0,
      "chg_24h": 0
    },
    "XCU": {
      "name": "Cobre",
      "usd_oz": 6.192744,
      "usd_g": 0.19910134290839152,
      "brl_oz": 31.244251303200002,
      "brl_g": 1.0045260053757077,
      "chg_1h": 0,
      "chg_24h": -0.08781600167919494
    }
  }
}
