{
  "timestamp": 1772690408,
  "usdToBrl": 5.2198,
  "metals": {
    "XAU": {
      "name": "Ouro",
      "usd_oz": 5151.200195,
      "usd_g": 165.61493199371205,
      "brl_oz": 26888.234777861002,
      "brl_g": 864.4768220207782,
      "chg_1h": -0.4445131447025505,
      "chg_24h": -0.2497996312076819
    },
    "XAG": {
      "name": "Prata",
      "usd_oz": 83.200996,
      "usd_g": 2.6749741366534305,
      "brl_oz": 434.29255892080005,
      "brl_g": 13.962829998503578,
      "chg_1h": -1.755866155494706,
      "chg_24h": -1.9815592527988184
    },
    "XPT": {
      "name": "Platina",
      "usd_oz": 2156,
      "usd_g": 69.31700960196193,
      "brl_oz": 11253.8888,
      "brl_g": 361.82092672032087,
      "chg_1h": -1.4174668495656149,
      "chg_24h": 0.23245002324500233
    },
    "XPD": {
      "name": "Paládio",
      "usd_oz": 1689,
      "usd_g": 54.30261095441266,
      "brl_oz": 8816.2422,
      "brl_g": 283.4487686598432,
      "chg_1h": -0.8802816901408451,
      "chg_24h": -1.1702750146284377
    },
    "XCU": {
      "name": "Cobre",
      "usd_oz": 5.82526,
      "usd_g": 0.18728645795636584,
      "brl_oz": 30.406692148,
      "brl_g": 0.9775978532406384,
      "chg_1h": -0.4804571988540627,
      "chg_24h": -0.6113875668944991
    }
  }
}
