{
  "timestamp": 1771007979,
  "usdToBrl": 5.2197,
  "metals": {
    "XAU": {
      "name": "Ouro",
      "usd_oz": 5031,
      "usd_g": 161.75040598676736,
      "brl_oz": 26260.310699999998,
      "brl_g": 844.2885941291295,
      "chg_1h": 0.19318095665869825,
      "chg_24h": 2.0776670852551713
    },
    "XAG": {
      "name": "Prata",
      "usd_oz": 77.989998,
      "usd_g": 2.507436660585803,
      "brl_oz": 407.08439256059995,
      "brl_g": 13.088067137259715,
      "chg_1h": 0.4197530333262137,
      "chg_24h": 3.621914859693883
    },
    "XPT": {
      "name": "Platina",
      "usd_oz": 2090,
      "usd_g": 67.19506032843248,
      "brl_oz": 10909.172999999999,
      "brl_g": 350.73805639631894,
      "chg_1h": 0.19175455417066153,
      "chg_24h": 3.260869565217391
    },
    "XPD": {
      "name": "Paládio",
      "usd_oz": 1706,
      "usd_g": 54.849173646079336,
      "brl_oz": 8904.8082,
      "brl_g": 286.2962316804403,
      "chg_1h": 0.5303476723629935,
      "chg_24h": 3.143893591293833
    },
    "XCU": {
      "name": "Cobre",
      "usd_oz": 5.901539,
      "usd_g": 0.1897388847538742,
      "brl_oz": 30.804263118299996,
      "brl_g": 0.9903800567497971,
      "chg_1h": 0.06409214076058202,
      "chg_24h": 0.6446227151954161
    }
  }
}
