{
  "timestamp": 1784499927,
  "usdToBrl": 5.1158,
  "metals": {
    "XAU": {
      "name": "Ouro",
      "usd_oz": 3999.199951,
      "usd_g": 128.57726410187044,
      "brl_oz": 20459.1071093258,
      "brl_g": 657.7755676923488,
      "chg_1h": -0.500089511978604,
      "chg_24h": -0.500089511978604
    },
    "XAG": {
      "name": "Prata",
      "usd_oz": 55.737999,
      "usd_g": 1.79201828009144,
      "brl_oz": 285.14445528420003,
      "brl_g": 9.167607117291789,
      "chg_1h": -0.609848409063891,
      "chg_24h": -0.609848409063891
    },
    "XPT": {
      "name": "Platina",
      "usd_oz": 1590,
      "usd_g": 51.11968704411849,
      "brl_oz": 8134.122,
      "brl_g": 261.5180949803014,
      "chg_1h": -0.625,
      "chg_24h": -0.625
    },
    "XPD": {
      "name": "Paládio",
      "usd_oz": 1267,
      "usd_g": 40.73499590245165,
      "brl_oz": 6481.7186,
      "brl_g": 208.39209203776215,
      "chg_1h": -0.23622047244094488,
      "chg_24h": -0.23622047244094488
    },
    "XCU": {
      "name": "Cobre",
      "usd_oz": 6.112596,
      "usd_g": 0.19652452487240912,
      "brl_oz": 31.2708186168,
      "brl_g": 1.0053801643422706,
      "chg_1h": 0,
      "chg_24h": 0
    }
  }
}
