{
  "timestamp": 1773100565,
  "usdToBrl": 5.2302,
  "metals": {
    "XAU": {
      "name": "Ouro",
      "usd_oz": 5142.5,
      "usd_g": 165.3352142291694,
      "brl_oz": 26896.303499999998,
      "brl_g": 864.7362374614017,
      "chg_1h": -0.234743680789025,
      "chg_24h": 1.320066988474042
    },
    "XAG": {
      "name": "Prata",
      "usd_oz": 87.552002,
      "usd_g": 2.81486222787801,
      "brl_oz": 457.91448086040003,
      "brl_g": 14.722292424247568,
      "chg_1h": -0.08672570609225091,
      "chg_24h": 6.8515191070556165
    },
    "XPT": {
      "name": "Platina",
      "usd_oz": 2189,
      "usd_g": 70.37798423872665,
      "brl_oz": 11448.907799999999,
      "brl_g": 368.09093316538815,
      "chg_1h": 0.2748511223087494,
      "chg_24h": 6.624452021432051
    },
    "XPD": {
      "name": "Paládio",
      "usd_oz": 1710,
      "usd_g": 54.97777663235385,
      "brl_oz": 8943.642,
      "brl_g": 287.5447673425371,
      "chg_1h": -0.4076878276062901,
      "chg_24h": 5.425400739827373
    },
    "XCU": {
      "name": "Cobre",
      "usd_oz": 5.844008,
      "usd_g": 0.18788922015303447,
      "brl_oz": 30.5653306416,
      "brl_g": 0.9826981992444008,
      "chg_1h": 0,
      "chg_24h": 0.7969571917081636
    }
  }
}
