{
  "timestamp": 1773963586,
  "usdToBrl": 5.2987,
  "metals": {
    "XAU": {
      "name": "Ouro",
      "usd_oz": 4641.5,
      "usd_g": 149.22769019828678,
      "brl_oz": 24593.91605,
      "brl_g": 790.7127620536622,
      "chg_1h": -0.3221303554171588,
      "chg_24h": -4.067540519019152
    },
    "XAG": {
      "name": "Prata",
      "usd_oz": 72.408997,
      "usd_g": 2.328003311835544,
      "brl_oz": 383.67355240390003,
      "brl_g": 12.335391148422996,
      "chg_1h": -0.6844242340109759,
      "chg_24h": -4.986291645343731
    },
    "XPT": {
      "name": "Platina",
      "usd_oz": 1974,
      "usd_g": 63.46557372647163,
      "brl_oz": 10459.6338,
      "brl_g": 336.28503550445527,
      "chg_1h": -0.5541561712846348,
      "chg_24h": -3.3773861967694567
    },
    "XPD": {
      "name": "Paládio",
      "usd_oz": 1469,
      "usd_g": 47.2294467093145,
      "brl_oz": 7783.790300000001,
      "brl_g": 250.25466927864477,
      "chg_1h": -0.13596193065941536,
      "chg_24h": -3.227931488801054
    },
    "XCU": {
      "name": "Cobre",
      "usd_oz": 5.458984,
      "usd_g": 0.17551041110619506,
      "brl_oz": 28.9255185208,
      "brl_g": 0.9299770153283958,
      "chg_1h": 0,
      "chg_24h": -3.1132695986332517
    }
  }
}
