{
  "timestamp": 1776722558,
  "usdToBrl": 4.9831,
  "metals": {
    "XAU": {
      "name": "Ouro",
      "usd_oz": 4829.299805,
      "usd_g": 155.26559413447953,
      "brl_oz": 24064.8838582955,
      "brl_g": 773.703982131525,
      "chg_1h": 0.15969194548493562,
      "chg_24h": -0.043467670708258
    },
    "XAG": {
      "name": "Prata",
      "usd_oz": 80.026001,
      "usd_g": 2.5728956770517692,
      "brl_oz": 398.7775655831,
      "brl_g": 12.820996448316672,
      "chg_1h": 0.2141356127680533,
      "chg_24h": -1.1426604312564723
    },
    "XPT": {
      "name": "Platina",
      "usd_oz": 2101,
      "usd_g": 67.54871854068739,
      "brl_oz": 10469.493100000002,
      "brl_g": 336.60201936009935,
      "chg_1h": 0,
      "chg_24h": -0.42654028436018954
    },
    "XPD": {
      "name": "Paládio",
      "usd_oz": 1594,
      "usd_g": 51.248290030393,
      "brl_oz": 7943.0614000000005,
      "brl_g": 255.3753540504514,
      "chg_1h": 0.5678233438485805,
      "chg_24h": 0.7585335018963337
    },
    "XCU": {
      "name": "Cobre",
      "usd_oz": 5.994299,
      "usd_g": 0.19272118800558014,
      "brl_oz": 29.8701913469,
      "brl_g": 0.9603489519506064,
      "chg_1h": 0,
      "chg_24h": -0.0617538870854171
    }
  }
}
