{
  "timestamp": 1780550077,
  "usdToBrl": 5.0184,
  "metals": {
    "XAU": {
      "name": "Ouro",
      "usd_oz": 4478.799805,
      "usd_g": 143.99675746217542,
      "brl_oz": 22476.408941411995,
      "brl_g": 722.6333276481811,
      "chg_1h": 0,
      "chg_24h": 0.320300257587628
    },
    "XAG": {
      "name": "Prata",
      "usd_oz": 73.739998,
      "usd_g": 2.3707959876691342,
      "brl_oz": 370.05680596319996,
      "brl_g": 11.897602584518783,
      "chg_1h": 0,
      "chg_24h": -0.9283793043221205
    },
    "XPT": {
      "name": "Platina",
      "usd_oz": 1887,
      "usd_g": 60.668458775001,
      "brl_oz": 9469.7208,
      "brl_g": 304.458593516465,
      "chg_1h": 0,
      "chg_24h": -2.4301964839710446
    },
    "XPD": {
      "name": "Paládio",
      "usd_oz": 1335,
      "usd_g": 42.921246669118354,
      "brl_oz": 6699.563999999999,
      "brl_g": 215.39598428430352,
      "chg_1h": 0,
      "chg_24h": -3.749098774333093
    },
    "XCU": {
      "name": "Cobre",
      "usd_oz": 6.293443,
      "usd_g": 0.20233889093710578,
      "brl_oz": 31.5830143512,
      "brl_g": 1.0154174902787716,
      "chg_1h": 0,
      "chg_24h": -0.14155005962841813
    }
  }
}
