{
  "timestamp": 1770716050,
  "usdToBrl": 5.1931,
  "metals": {
    "XAU": {
      "name": "Ouro",
      "usd_oz": 5048.899902,
      "usd_g": 162.32590119957266,
      "brl_oz": 26219.442081076202,
      "brl_g": 842.9746375195008,
      "chg_1h": 0.2103903580624746,
      "chg_24h": 0.4756199402985097
    },
    "XAG": {
      "name": "Prata",
      "usd_oz": 82.319,
      "usd_g": 2.646617306782887,
      "brl_oz": 427.4907989,
      "brl_g": 13.744148335854211,
      "chg_1h": 0.5926631962265066,
      "chg_24h": 1.2359457939858194
    },
    "XPT": {
      "name": "Platina",
      "usd_oz": 2115,
      "usd_g": 67.99882899264819,
      "brl_oz": 10983.406500000001,
      "brl_g": 353.1247188417213,
      "chg_1h": 1.002865329512894,
      "chg_24h": 1.3416387158600862
    },
    "XPD": {
      "name": "Paládio",
      "usd_oz": 1756,
      "usd_g": 56.456710974510735,
      "brl_oz": 9119.0836,
      "brl_g": 293.1853457617317,
      "chg_1h": 0.4576659038901602,
      "chg_24h": 1.738122827346466
    },
    "XCU": {
      "name": "Cobre",
      "usd_oz": 5.877121,
      "usd_g": 0.18895382782416145,
      "brl_oz": 30.5204770651,
      "brl_g": 0.9812561232736529,
      "chg_1h": 0.20495814223116124,
      "chg_24h": 0.19332463997547272
    }
  }
}
