{
  "timestamp": 1772798366,
  "usdToBrl": 5.2484,
  "metals": {
    "XAU": {
      "name": "Ouro",
      "usd_oz": 5073.100098,
      "usd_g": 163.10395556807978,
      "brl_oz": 26625.6585543432,
      "brl_g": 856.03480040351,
      "chg_1h": -0.3065634917012528,
      "chg_24h": -1.7659646117311305
    },
    "XAG": {
      "name": "Prata",
      "usd_oz": 82.355003,
      "usd_g": 2.647774830111597,
      "brl_oz": 432.2319977452,
      "brl_g": 13.896581418357705,
      "chg_1h": -0.8332558972602082,
      "chg_24h": -2.425294424302747
    },
    "XPT": {
      "name": "Platina",
      "usd_oz": 2123,
      "usd_g": 68.2560349651972,
      "brl_oz": 11142.3532,
      "brl_g": 358.234973911341,
      "chg_1h": -0.9332711152589827,
      "chg_24h": -2.480477721635278
    },
    "XPD": {
      "name": "Paládio",
      "usd_oz": 1649,
      "usd_g": 53.01658109166754,
      "brl_oz": 8654.6116,
      "brl_g": 278.25222420150794,
      "chg_1h": -0.960960960960961,
      "chg_24h": -2.4837374334713185
    },
    "XCU": {
      "name": "Cobre",
      "usd_oz": 5.786478,
      "usd_g": 0.1860395877029413,
      "brl_oz": 30.3697511352,
      "brl_g": 0.9764101721001172,
      "chg_1h": -0.36966584411568215,
      "chg_24h": -0.5004657314666541
    }
  }
}
