{
  "timestamp": 1772831697,
  "usdToBrl": 5.2765,
  "metals": {
    "XAU": {
      "name": "Ouro",
      "usd_oz": 5166.5,
      "usd_g": 166.10683214681646,
      "brl_oz": 27261.03725,
      "brl_g": 876.4626998226771,
      "chg_1h": 0.120151836798179,
      "chg_24h": 1.76485847130259
    },
    "XAG": {
      "name": "Prata",
      "usd_oz": 84.382004,
      "usd_g": 2.7129444255569526,
      "brl_oz": 445.241644106,
      "brl_g": 14.314851261451262,
      "chg_1h": -0.15618240764843802,
      "chg_24h": 2.772027521544306
    },
    "XPT": {
      "name": "Platina",
      "usd_oz": 2151,
      "usd_g": 69.1562558691188,
      "brl_oz": 11349.7515,
      "brl_g": 364.90298409340534,
      "chg_1h": -0.1392757660167131,
      "chg_24h": 1.223529411764706
    },
    "XPD": {
      "name": "Paládio",
      "usd_oz": 1663,
      "usd_g": 53.466691543628336,
      "brl_oz": 8774.819500000001,
      "brl_g": 282.11699792995495,
      "chg_1h": -0.23995200959808036,
      "chg_24h": 0.5441354292623942
    },
    "XCU": {
      "name": "Cobre",
      "usd_oz": 5.796064,
      "usd_g": 0.1863477847595482,
      "brl_oz": 30.582931696000003,
      "brl_g": 0.9832640862837561,
      "chg_1h": 0,
      "chg_24h": -1.2250952291361537
    }
  }
}
