{
  "timestamp": 1779480918,
  "usdToBrl": 5.0164,
  "metals": {
    "XAU": {
      "name": "Ouro",
      "usd_oz": 4509.100098,
      "usd_g": 144.9709345033736,
      "brl_oz": 22619.4497316072,
      "brl_g": 727.2321958427233,
      "chg_1h": -0.152787909654564,
      "chg_24h": -0.7462007924279136
    },
    "XAG": {
      "name": "Prata",
      "usd_oz": 75.648003,
      "usd_g": 2.4321397728758094,
      "brl_oz": 379.4806422492,
      "brl_g": 12.20058595665421,
      "chg_1h": -0.6187679573259828,
      "chg_24h": -1.565360283284807
    },
    "XPT": {
      "name": "Platina",
      "usd_oz": 1931,
      "usd_g": 62.08309162402063,
      "brl_oz": 9686.6684,
      "brl_g": 311.4336208227371,
      "chg_1h": -0.20671834625322996,
      "chg_24h": -2.0294266869609334
    },
    "XPD": {
      "name": "Paládio",
      "usd_oz": 1376,
      "usd_g": 44.2394272784321,
      "brl_oz": 6902.5664,
      "brl_g": 221.9226629995268,
      "chg_1h": -0.21754894851341552,
      "chg_24h": -2.8934368383909668
    },
    "XCU": {
      "name": "Cobre",
      "usd_oz": 6.127126,
      "usd_g": 0.1969916752200513,
      "brl_oz": 30.736114866399998,
      "brl_g": 0.9881890395738653,
      "chg_1h": -0.024785250246996657,
      "chg_24h": 0.06294020582459149
    }
  }
}
