{
  "timestamp": 1774367140,
  "usdToBrl": 5.2595,
  "metals": {
    "XAU": {
      "name": "Ouro",
      "usd_oz": 4426,
      "usd_g": 142.29920431274743,
      "brl_oz": 23278.547,
      "brl_g": 748.4226650828952,
      "chg_1h": 0.4288512078175201,
      "chg_24h": 0.2968591695012775
    },
    "XAG": {
      "name": "Prata",
      "usd_oz": 70.319,
      "usd_g": 2.260808347959351,
      "brl_oz": 369.8427805,
      "brl_g": 11.890721506092207,
      "chg_1h": 1.5759563287668148,
      "chg_24h": 2.021003597147521
    },
    "XPT": {
      "name": "Platina",
      "usd_oz": 1923,
      "usd_g": 61.82588565147161,
      "brl_oz": 10114.0185,
      "brl_g": 325.17324558391493,
      "chg_1h": 1.2105263157894737,
      "chg_24h": 2.3961661341853033
    },
    "XPD": {
      "name": "Paládio",
      "usd_oz": 1447,
      "usd_g": 46.52213028480469,
      "brl_oz": 7610.4965,
      "brl_g": 244.68314423293026,
      "chg_1h": 1.7580872011251758,
      "chg_24h": -0.6181318681318682
    },
    "XCU": {
      "name": "Cobre",
      "usd_oz": 5.482495,
      "usd_g": 0.17626630730877008,
      "brl_oz": 28.8351824525,
      "brl_g": 0.9270726432904762,
      "chg_1h": 0.44737368124340915,
      "chg_24h": -0.9208361728824092
    }
  }
}
