{
  "timestamp": 1773909425,
  "usdToBrl": 5.2243,
  "metals": {
    "XAU": {
      "name": "Ouro",
      "usd_oz": 4716.100098,
      "usd_g": 151.62613904307958,
      "brl_oz": 24638.321741981403,
      "brl_g": 792.1404382027607,
      "chg_1h": -0.7032298557742944,
      "chg_24h": -5.523052160942976
    },
    "XAG": {
      "name": "Prata",
      "usd_oz": 71.165001,
      "usd_g": 2.288007911707157,
      "brl_oz": 371.7873147243001,
      "brl_g": 11.9532397331317,
      "chg_1h": -1.200885758723945,
      "chg_24h": -10.704424446702772
    },
    "XPT": {
      "name": "Platina",
      "usd_oz": 1932,
      "usd_g": 62.11524237058926,
      "brl_oz": 10093.347600000001,
      "brl_g": 324.50866071666945,
      "chg_1h": -1.1764705882352942,
      "chg_24h": -7.8244274809160315
    },
    "XPD": {
      "name": "Paládio",
      "usd_oz": 1467,
      "usd_g": 47.16514521617725,
      "brl_oz": 7664.048100000001,
      "brl_g": 246.40486815287483,
      "chg_1h": -1.1455525606469004,
      "chg_24h": -8.484092326887087
    },
    "XCU": {
      "name": "Cobre",
      "usd_oz": 5.570039,
      "usd_g": 0.17908091226637404,
      "brl_oz": 29.099554747700004,
      "brl_g": 0.935572409953218,
      "chg_1h": -0.22614651356413148,
      "chg_24h": -2.708305822858387
    }
  }
}
