{
  "timestamp": 1776876052,
  "usdToBrl": 4.9717,
  "metals": {
    "XAU": {
      "name": "Ouro",
      "usd_oz": 4732,
      "usd_g": 152.1373327627476,
      "brl_oz": 23526.0844,
      "brl_g": 756.3811772965523,
      "chg_1h": 0.035942647825476445,
      "chg_24h": 0.1545030308531492
    },
    "XAG": {
      "name": "Prata",
      "usd_oz": 77.927002,
      "usd_g": 2.505411292154966,
      "brl_oz": 387.42967584340005,
      "brl_g": 12.456153321206845,
      "chg_1h": -0.0012819525551452152,
      "chg_24h": 1.4621647119659849
    },
    "XPT": {
      "name": "Platina",
      "usd_oz": 2081,
      "usd_g": 66.90570360931483,
      "brl_oz": 10346.1077,
      "brl_g": 332.63508663443054,
      "chg_1h": 0.2891566265060241,
      "chg_24h": 2.0098039215686274
    },
    "XPD": {
      "name": "Paládio",
      "usd_oz": 1573,
      "usd_g": 50.57312435245181,
      "brl_oz": 7820.484100000001,
      "brl_g": 251.43440234308468,
      "chg_1h": -0.44303797468354433,
      "chg_24h": 0.6397952655150352
    },
    "XCU": {
      "name": "Cobre",
      "usd_oz": 6.038222,
      "usd_g": 0.19413334524711398,
      "brl_oz": 30.0202283174,
      "brl_g": 0.9651727525650766,
      "chg_1h": 0.03256985787217037,
      "chg_24h": 1.3990131172383402
    }
  }
}
