{
  "timestamp": 1773790652,
  "usdToBrl": 5.2089,
  "metals": {
    "XAU": {
      "name": "Ouro",
      "usd_oz": 5003.200195,
      "usd_g": 160.8566215015551,
      "brl_oz": 26061.1694957355,
      "brl_g": 837.8860557394504,
      "chg_1h": 0.004001499100546651,
      "chg_24h": -0.0978395579983781
    },
    "XAG": {
      "name": "Prata",
      "usd_oz": 79.282997,
      "usd_g": 2.549007543748292,
      "brl_oz": 412.97720307329996,
      "brl_g": 13.277525394630478,
      "chg_1h": 0.027750090769720237,
      "chg_24h": -2.2127186916369
    },
    "XPT": {
      "name": "Platina",
      "usd_oz": 2133,
      "usd_g": 68.57754243088348,
      "brl_oz": 11110.5837,
      "brl_g": 357.21356076822894,
      "chg_1h": 0,
      "chg_24h": 0.18788163457022078
    },
    "XPD": {
      "name": "Paládio",
      "usd_oz": 1617,
      "usd_g": 51.987757201471446,
      "brl_oz": 8422.791299999999,
      "brl_g": 270.7990284867446,
      "chg_1h": -0.3082614056720099,
      "chg_24h": -1.342281879194631
    },
    "XCU": {
      "name": "Cobre",
      "usd_oz": 5.763089,
      "usd_g": 0.18528761389144766,
      "brl_oz": 30.019354292099997,
      "brl_g": 0.9651446519991617,
      "chg_1h": 0,
      "chg_24h": -1.1993388704051202
    }
  }
}
