{
  "timestamp": 1783278182,
  "usdToBrl": 5.1962,
  "metals": {
    "XAU": {
      "name": "Ouro",
      "usd_oz": 4176.100098,
      "usd_g": 134.26473589602048,
      "brl_oz": 21699.8513292276,
      "brl_g": 697.6664206629016,
      "chg_1h": 0,
      "chg_24h": 0
    },
    "XAG": {
      "name": "Prata",
      "usd_oz": 62.516998,
      "usd_g": 2.0099681589294223,
      "brl_oz": 324.8508250076,
      "brl_g": 10.444196547429064,
      "chg_1h": 0,
      "chg_24h": 0
    },
    "XPT": {
      "name": "Platina",
      "usd_oz": 1648,
      "usd_g": 52.984430345098914,
      "brl_oz": 8563.3376,
      "brl_g": 275.317696959203,
      "chg_1h": 0,
      "chg_24h": 0
    },
    "XPD": {
      "name": "Paládio",
      "usd_oz": 1291,
      "usd_g": 41.50661382009872,
      "brl_oz": 6708.2942,
      "brl_g": 215.676666731997,
      "chg_1h": 0,
      "chg_24h": 0
    },
    "XCU": {
      "name": "Cobre",
      "usd_oz": 6.013198,
      "usd_g": 0.19332880496498064,
      "brl_oz": 31.2457794476,
      "brl_g": 1.0045751363590325,
      "chg_1h": 0,
      "chg_24h": 0.2091273793884615
    }
  }
}
