{
  "timestamp": 1782988268,
  "usdToBrl": 5.1874,
  "metals": {
    "XAU": {
      "name": "Ouro",
      "usd_oz": 4067.300049,
      "usd_g": 130.76673309396716,
      "brl_oz": 21098.712274182602,
      "brl_g": 678.3393512516453,
      "chg_1h": 0,
      "chg_24h": 1.9169088669117633
    },
    "XAG": {
      "name": "Prata",
      "usd_oz": 60.033001,
      "usd_g": 1.9301058009051901,
      "brl_oz": 311.4151893874,
      "brl_g": 10.012230831615584,
      "chg_1h": 0,
      "chg_24h": 3.1849449982811944
    },
    "XPT": {
      "name": "Platina",
      "usd_oz": 1623,
      "usd_g": 52.18066168088321,
      "brl_oz": 8419.1502,
      "brl_g": 270.6819644034136,
      "chg_1h": 0,
      "chg_24h": 4.440154440154441
    },
    "XPD": {
      "name": "Paládio",
      "usd_oz": 1267,
      "usd_g": 40.73499590245165,
      "brl_oz": 6572.4358,
      "brl_g": 211.3087177443777,
      "chg_1h": 0,
      "chg_24h": 4.8841059602649
    },
    "XCU": {
      "name": "Cobre",
      "usd_oz": 5.991275,
      "usd_g": 0.1926239641479566,
      "brl_oz": 31.079139935,
      "brl_g": 0.9992175516211101,
      "chg_1h": 0,
      "chg_24h": -0.06053474751222212
    }
  }
}
