{
  "timestamp": 1770828231,
  "usdToBrl": 5.1893,
  "metals": {
    "XAU": {
      "name": "Ouro",
      "usd_oz": 5078,
      "usd_g": 163.2614910754929,
      "brl_oz": 26351.2654,
      "brl_g": 847.2128556380553,
      "chg_1h": 0.6162218114862047,
      "chg_24h": 1.2723824841221691
    },
    "XAG": {
      "name": "Prata",
      "usd_oz": 84.015999,
      "usd_g": 2.7011770915591016,
      "brl_oz": 435.9842236107,
      "brl_g": 14.017218281227647,
      "chg_1h": 1.0451320777009794,
      "chg_24h": 4.195547572499553
    },
    "XPT": {
      "name": "Platina",
      "usd_oz": 2144,
      "usd_g": 68.9312006431384,
      "brl_oz": 11125.8592,
      "brl_g": 357.7046794974381,
      "chg_1h": 1.7560512577123872,
      "chg_24h": 1.9980970504281639
    },
    "XPD": {
      "name": "Paládio",
      "usd_oz": 1758,
      "usd_g": 56.52101246764799,
      "brl_oz": 9122.7894,
      "brl_g": 293.30448999836574,
      "chg_1h": 1.1507479861910241,
      "chg_24h": 1.2089810017271159
    },
    "XCU": {
      "name": "Cobre",
      "usd_oz": 5.963757,
      "usd_g": 0.19173923990388111,
      "brl_oz": 30.9477242001,
      "brl_g": 0.9949924376332103,
      "chg_1h": 0.20069518324839344,
      "chg_24h": 1.663746243495966
    }
  }
}
