{
  "timestamp": 1772605725,
  "usdToBrl": 5.2434,
  "metals": {
    "XAU": {
      "name": "Ouro",
      "usd_oz": 5141.200195,
      "usd_g": 165.29342452802578,
      "brl_oz": 26957.369102463002,
      "brl_g": 866.6995421702504,
      "chg_1h": -0.443444212262044,
      "chg_24h": -3.280907137194494
    },
    "XAG": {
      "name": "Prata",
      "usd_oz": 84.304001,
      "usd_g": 2.7104365708723597,
      "brl_oz": 442.03959884340003,
      "brl_g": 14.211903115712131,
      "chg_1h": -0.6821177144262941,
      "chg_24h": -2.6928448273503816
    },
    "XPT": {
      "name": "Platina",
      "usd_oz": 2129,
      "usd_g": 68.44893944460897,
      "brl_oz": 11163.1986,
      "brl_g": 358.9051690838627,
      "chg_1h": -1.0227801022780103,
      "chg_24h": -4.35759209344115
    },
    "XPD": {
      "name": "Paládio",
      "usd_oz": 1699,
      "usd_g": 54.62411842009894,
      "brl_oz": 8908.536600000001,
      "brl_g": 286.4161025239468,
      "chg_1h": -0.5851375073142189,
      "chg_24h": -4.335585585585585
    },
    "XCU": {
      "name": "Cobre",
      "usd_oz": 5.851342,
      "usd_g": 0.1881250137283688,
      "brl_oz": 30.6809266428,
      "brl_g": 0.986414696983329,
      "chg_1h": -0.16638531987372598,
      "chg_24h": -2.384882702714696
    }
  }
}
