{
  "timestamp": 1773819062,
  "usdToBrl": 5.2089,
  "metals": {
    "XAU": {
      "name": "Ouro",
      "usd_oz": 5010.200195,
      "usd_g": 161.0816767275355,
      "brl_oz": 26097.631795735502,
      "brl_g": 839.0583459060596,
      "chg_1h": 0.06990632280109993,
      "chg_24h": -0.19720529086548785
    },
    "XAG": {
      "name": "Prata",
      "usd_oz": 80.014999,
      "usd_g": 2.5725419545380213,
      "brl_oz": 416.7901282911,
      "brl_g": 13.4001137869931,
      "chg_1h": 0.30461313601465556,
      "chg_24h": -1.763019570687632
    },
    "XPT": {
      "name": "Platina",
      "usd_oz": 2116,
      "usd_g": 68.0309797392168,
      "brl_oz": 11022.0324,
      "brl_g": 354.3665703636064,
      "chg_1h": -0.2827521206409048,
      "chg_24h": -1.7641597028783658
    },
    "XPD": {
      "name": "Paládio",
      "usd_oz": 1614,
      "usd_g": 51.89130496176556,
      "brl_oz": 8407.1646,
      "brl_g": 270.2966184153406,
      "chg_1h": -0.061919504643962855,
      "chg_24h": -1.465201465201465
    },
    "XCU": {
      "name": "Cobre",
      "usd_oz": 5.733483,
      "usd_g": 0.18433575888853684,
      "brl_oz": 29.865139598699997,
      "brl_g": 0.9601865344744995,
      "chg_1h": 0.19155893005895916,
      "chg_24h": -0.9572462595206088
    }
  }
}
