{
  "timestamp": 1784825728,
  "usdToBrl": 5.0715,
  "metals": {
    "XAU": {
      "name": "Ouro",
      "usd_oz": 4050.100098,
      "usd_g": 130.21374182837334,
      "brl_oz": 20540.082647007002,
      "brl_g": 660.3789916825955,
      "chg_1h": 0.06671433674407837,
      "chg_24h": -2.355458594752496
    },
    "XAG": {
      "name": "Prata",
      "usd_oz": 57.823002,
      "usd_g": 1.859052683139269,
      "brl_oz": 293.249354643,
      "brl_g": 9.428185682540803,
      "chg_1h": 0.6615270675012261,
      "chg_24h": -3.8382846811414217
    },
    "XPT": {
      "name": "Platina",
      "usd_oz": 1601,
      "usd_g": 51.4733452563734,
      "brl_oz": 8119.471500000001,
      "brl_g": 261.0470704676977,
      "chg_1h": 0.3761755485893417,
      "chg_24h": -2.792956891317547
    },
    "XPD": {
      "name": "Paládio",
      "usd_oz": 1280,
      "usd_g": 41.152955607843815,
      "brl_oz": 6491.52,
      "brl_g": 208.7072143651799,
      "chg_1h": 0.1564945226917058,
      "chg_24h": -3.541823662396383
    },
    "XCU": {
      "name": "Cobre",
      "usd_oz": 6.189041,
      "usd_g": 0.19898228869384788,
      "brl_oz": 31.3877214315,
      "brl_g": 1.0091386771108495,
      "chg_1h": 0.05988356010351465,
      "chg_24h": -1.201994528392319
    }
  }
}
