{
  "timestamp": 1782480184,
  "usdToBrl": 5.2019,
  "metals": {
    "XAU": {
      "name": "Ouro",
      "usd_oz": 4057.899902,
      "usd_g": 130.46451135006234,
      "brl_oz": 21108.789500213803,
      "brl_g": 678.6633415918893,
      "chg_1h": 0,
      "chg_24h": 1.903513275270767
    },
    "XAG": {
      "name": "Prata",
      "usd_oz": 58.477001,
      "usd_g": 1.880079239244405,
      "brl_oz": 304.19151150190004,
      "brl_g": 9.77998419462547,
      "chg_1h": 0,
      "chg_24h": 1.9597928275802035
    },
    "XPT": {
      "name": "Platina",
      "usd_oz": 1621,
      "usd_g": 52.116360187745954,
      "brl_oz": 8432.2799,
      "brl_g": 271.1040940606357,
      "chg_1h": 0,
      "chg_24h": 1.7576898932831135
    },
    "XPD": {
      "name": "Paládio",
      "usd_oz": 1221,
      "usd_g": 39.25606156029477,
      "brl_oz": 6351.5199,
      "brl_g": 204.20610663049737,
      "chg_1h": 0,
      "chg_24h": 0.5766062602965404
    },
    "XCU": {
      "name": "Cobre",
      "usd_oz": 6.040187,
      "usd_g": 0.19419652146412136,
      "brl_oz": 31.420448755300004,
      "brl_g": 1.010190885004213,
      "chg_1h": 0,
      "chg_24h": 0.9131690782886652
    }
  }
}
