{
  "timestamp": 1780987339,
  "usdToBrl": 5.1432,
  "metals": {
    "XAU": {
      "name": "Ouro",
      "usd_oz": 4338.399902,
      "usd_g": 139.48279576256246,
      "brl_oz": 22313.2583759664,
      "brl_g": 717.3879151660112,
      "chg_1h": 0,
      "chg_24h": 0.789889433465562
    },
    "XAG": {
      "name": "Prata",
      "usd_oz": 68.551003,
      "usd_g": 2.2039659244782563,
      "brl_oz": 352.5715186296,
      "brl_g": 11.33543754277657,
      "chg_1h": 0,
      "chg_24h": 2.03319943538586
    },
    "XPT": {
      "name": "Platina",
      "usd_oz": 1768,
      "usd_g": 56.84251993333427,
      "brl_oz": 9093.1776,
      "brl_g": 292.35244852112487,
      "chg_1h": 0,
      "chg_24h": 0.22675736961451248
    },
    "XPD": {
      "name": "Paládio",
      "usd_oz": 1246,
      "usd_g": 40.05983022451046,
      "brl_oz": 6408.4272,
      "brl_g": 206.03571881070224,
      "chg_1h": 0,
      "chg_24h": 0.7275666936135812
    },
    "XCU": {
      "name": "Cobre",
      "usd_oz": 6.237122,
      "usd_g": 0.2005281287396141,
      "brl_oz": 32.078765870400005,
      "brl_g": 1.0313562717335834,
      "chg_1h": 0,
      "chg_24h": 0.1809228543278791
    }
  }
}
