{
  "timestamp": 1782431966,
  "usdToBrl": 5.2019,
  "metals": {
    "XAU": {
      "name": "Ouro",
      "usd_oz": 4013.899902,
      "usd_g": 129.04987850104268,
      "brl_oz": 20879.905900213802,
      "brl_g": 671.304562974574,
      "chg_1h": -0.5327848669804522,
      "chg_24h": 0.04236954839641927
    },
    "XAG": {
      "name": "Prata",
      "usd_oz": 57.723,
      "usd_g": 1.855837544180913,
      "brl_oz": 300.2692737,
      "brl_g": 9.653881321074692,
      "chg_1h": -0.49473885518838334,
      "chg_24h": -0.2712525868822999
    },
    "XPT": {
      "name": "Platina",
      "usd_oz": 1601,
      "usd_g": 51.4733452563734,
      "brl_oz": 8328.2419,
      "brl_g": 267.7591946891288,
      "chg_1h": -0.24922118380062305,
      "chg_24h": 0.18773466833541927
    },
    "XPD": {
      "name": "Paládio",
      "usd_oz": 1205,
      "usd_g": 38.74164961519672,
      "brl_oz": 6268.2895,
      "brl_g": 201.53018713329183,
      "chg_1h": 0,
      "chg_24h": 0.5004170141784821
    },
    "XCU": {
      "name": "Cobre",
      "usd_oz": 6.011686,
      "usd_g": 0.1932801930361689,
      "brl_oz": 31.272189403400002,
      "brl_g": 1.0054242361548469,
      "chg_1h": 0,
      "chg_24h": -0.8999421226751964
    }
  }
}
