{
  "timestamp": 1783621787,
  "usdToBrl": 5.1453,
  "metals": {
    "XAU": {
      "name": "Ouro",
      "usd_oz": 4125.200195,
      "usd_g": 132.62826601429975,
      "brl_oz": 21225.392563333502,
      "brl_g": 682.4122171233765,
      "chg_1h": -0.23458142228081827,
      "chg_24h": 1.2170010748684712
    },
    "XAG": {
      "name": "Prata",
      "usd_oz": 60.25,
      "usd_g": 1.937082480759836,
      "brl_oz": 310.004325,
      "brl_g": 9.966870488253583,
      "chg_1h": -0.633306406196304,
      "chg_24h": 2.965053455781477
    },
    "XPT": {
      "name": "Platina",
      "usd_oz": 1621,
      "usd_g": 52.116360187745954,
      "brl_oz": 8340.531299999999,
      "brl_g": 268.15430807400924,
      "chg_1h": -0.6131207847946045,
      "chg_24h": 2.0138451856513533
    },
    "XPD": {
      "name": "Paládio",
      "usd_oz": 1272,
      "usd_g": 40.89574963529479,
      "brl_oz": 6544.821599999999,
      "brl_g": 210.4209005984823,
      "chg_1h": -0.2352941176470588,
      "chg_24h": 2.4154589371980677
    },
    "XCU": {
      "name": "Cobre",
      "usd_oz": 6.056805,
      "usd_g": 0.1947308025705988,
      "brl_oz": 31.164078766499998,
      "brl_g": 1.0019483984665019,
      "chg_1h": -0.2293628985909315,
      "chg_24h": 1.5563930273431428
    }
  }
}
