{
  "timestamp": 1774550593,
  "usdToBrl": 5.2366,
  "metals": {
    "XAU": {
      "name": "Ouro",
      "usd_oz": 4394.700195,
      "usd_g": 141.292892214545,
      "brl_oz": 23013.287041137002,
      "brl_g": 739.8943593706863,
      "chg_1h": 0.16867755405196658,
      "chg_24h": -2.7097009219298362
    },
    "XAG": {
      "name": "Prata",
      "usd_oz": 67.706001,
      "usd_g": 2.1767984793262727,
      "brl_oz": 354.5492448366,
      "brl_g": 11.399022916839959,
      "chg_1h": 0.1983099538020109,
      "chg_24h": -5.376434176394635
    },
    "XPT": {
      "name": "Platina",
      "usd_oz": 1837,
      "usd_g": 59.0609214465696,
      "brl_oz": 9619.6342,
      "brl_g": 309.2784212471064,
      "chg_1h": -0.7027027027027027,
      "chg_24h": -5.406797116374872
    },
    "XPD": {
      "name": "Paládio",
      "usd_oz": 1371,
      "usd_g": 44.07867354558896,
      "brl_oz": 7179.3786,
      "brl_g": 230.82238188883116,
      "chg_1h": -0.14566642388929352,
      "chg_24h": -4.857737682165164
    },
    "XCU": {
      "name": "Cobre",
      "usd_oz": 5.434339,
      "usd_g": 0.1747180559570112,
      "brl_oz": 28.457459607399997,
      "brl_g": 0.914928571824485,
      "chg_1h": 0.004177315447303169,
      "chg_24h": -1.0911329928221942
    }
  }
}
