{
  "timestamp": 1773392139,
  "usdToBrl": 5.1621,
  "metals": {
    "XAU": {
      "name": "Ouro",
      "usd_oz": 5084.5,
      "usd_g": 163.47047092818897,
      "brl_oz": 26246.69745,
      "brl_g": 843.8509179784043,
      "chg_1h": 0.10238015473867758,
      "chg_24h": -1.890979257115292
    },
    "XAG": {
      "name": "Prata",
      "usd_oz": 82.897003,
      "usd_g": 2.6652005347517935,
      "brl_oz": 427.9226191863,
      "brl_g": 13.758031680442233,
      "chg_1h": 0.8430258663075738,
      "chg_24h": -4.543830716492274
    },
    "XPT": {
      "name": "Platina",
      "usd_oz": 2080,
      "usd_g": 66.8735528627462,
      "brl_oz": 10737.168,
      "brl_g": 345.2079672327821,
      "chg_1h": -0.09606147934678194,
      "chg_24h": -5.0228310502283104
    },
    "XPD": {
      "name": "Paládio",
      "usd_oz": 1625,
      "usd_g": 52.24496317402047,
      "brl_oz": 8388.4125,
      "brl_g": 269.6937244006111,
      "chg_1h": 0.4326328800988875,
      "chg_24h": -3.5608308605341246
    },
    "XCU": {
      "name": "Cobre",
      "usd_oz": 5.821178,
      "usd_g": 0.1871552186088727,
      "brl_oz": 30.049502953799998,
      "brl_g": 0.9661139539808616,
      "chg_1h": 0.18346040748862097,
      "chg_24h": -0.3713411633827614
    }
  }
}
