{
  "timestamp": 1775583692,
  "usdToBrl": 5.1489,
  "metals": {
    "XAU": {
      "name": "Ouro",
      "usd_oz": 4678.200195,
      "usd_g": 150.40762886675103,
      "brl_oz": 24087.584984035504,
      "brl_g": 774.4338402720144,
      "chg_1h": 0.42504493853134717,
      "chg_24h": 0.3733348508411358
    },
    "XAG": {
      "name": "Prata",
      "usd_oz": 72.258003,
      "usd_g": 2.3231487420081605,
      "brl_oz": 372.04923164670004,
      "brl_g": 11.961660557725818,
      "chg_1h": 0.7698128361669502,
      "chg_24h": -0.9716720858056938
    },
    "XPT": {
      "name": "Platina",
      "usd_oz": 1956,
      "usd_g": 62.886860288236335,
      "brl_oz": 10071.2484,
      "brl_g": 323.7981549381001,
      "chg_1h": 0.46224961479198773,
      "chg_24h": -1.4609571788413098
    },
    "XPD": {
      "name": "Paládio",
      "usd_oz": 1486,
      "usd_g": 47.77600940098118,
      "brl_oz": 7651.2654,
      "brl_g": 245.99389480471203,
      "chg_1h": 0.40540540540540543,
      "chg_24h": -1.3280212483399734
    },
    "XCU": {
      "name": "Cobre",
      "usd_oz": 5.502907,
      "usd_g": 0.1769225683477289,
      "brl_oz": 28.333917852300004,
      "brl_g": 0.9109566121656214,
      "chg_1h": -0.14815629336724284,
      "chg_24h": -0.37668496232787535
    }
  }
}
