{
  "timestamp": 1772433384,
  "usdToBrl": 5.1556,
  "metals": {
    "XAU": {
      "name": "Ouro",
      "usd_oz": 5380.5,
      "usd_g": 172.98709191250285,
      "brl_oz": 27739.7058,
      "brl_g": 891.8522510640996,
      "chg_1h": 0.4274283556278991,
      "chg_24h": 1.8995454963047977
    },
    "XAG": {
      "name": "Prata",
      "usd_oz": 95.242996,
      "usd_g": 3.062133426832849,
      "brl_oz": 491.0347901776,
      "brl_g": 15.787135095379435,
      "chg_1h": 0.9850000746972911,
      "chg_24h": 1.415119136495959
    },
    "XPT": {
      "name": "Platina",
      "usd_oz": 2409,
      "usd_g": 77.45114848382481,
      "brl_oz": 12419.8404,
      "brl_g": 399.30714112320715,
      "chg_1h": 1.0486577181208054,
      "chg_24h": 1.6026992830029525
    },
    "XPD": {
      "name": "Paládio",
      "usd_oz": 1854,
      "usd_g": 59.60748413823628,
      "brl_oz": 9558.482399999999,
      "brl_g": 307.312345223091,
      "chg_1h": 0.6514657980456027,
      "chg_24h": 2.374378796245168
    },
    "XCU": {
      "name": "Cobre",
      "usd_oz": 6.12826,
      "usd_g": 0.19702813416666012,
      "brl_oz": 31.594857255999997,
      "brl_g": 1.0157982485096329,
      "chg_1h": 0.29074572366816737,
      "chg_24h": 0.6656000420517284
    }
  }
}
