{
  "timestamp": 1784138027,
  "usdToBrl": 5.081,
  "metals": {
    "XAU": {
      "name": "Ouro",
      "usd_oz": 4064.199951,
      "usd_g": 130.66706262883127,
      "brl_oz": 20650.199951031,
      "brl_g": 663.9193452170917,
      "chg_1h": 0.8111112737194606,
      "chg_24h": 0.012304058026650305
    },
    "XAG": {
      "name": "Prata",
      "usd_oz": 57.785,
      "usd_g": 1.8578308904681677,
      "brl_oz": 293.605585,
      "brl_g": 9.439638754468762,
      "chg_1h": 1.6500430981406147,
      "chg_24h": -1.934661042590774
    },
    "XPT": {
      "name": "Platina",
      "usd_oz": 1662,
      "usd_g": 53.434540797059704,
      "brl_oz": 8444.622000000001,
      "brl_g": 271.5009017898604,
      "chg_1h": 2.15119852489244,
      "chg_24h": 1.5892420537897312
    },
    "XPD": {
      "name": "Paládio",
      "usd_oz": 1322,
      "usd_g": 42.50328696372619,
      "brl_oz": 6717.082,
      "brl_g": 215.95920106269278,
      "chg_1h": 1.3026819923371646,
      "chg_24h": -0.5267118133935289
    },
    "XCU": {
      "name": "Cobre",
      "usd_oz": 6.127882,
      "usd_g": 0.19701598118445715,
      "brl_oz": 31.135768442,
      "brl_g": 1.0010382003982268,
      "chg_1h": 0.23992285564959384,
      "chg_24h": -0.4763842867894495
    }
  }
}
