{
  "timestamp": 1772524907,
  "usdToBrl": 5.2067,
  "metals": {
    "XAU": {
      "name": "Ouro",
      "usd_oz": 5327.5,
      "usd_g": 171.28310234436557,
      "brl_oz": 27738.694249999997,
      "brl_g": 891.8197289764082,
      "chg_1h": 0.21067651206326857,
      "chg_24h": -1.4612041061685008
    },
    "XAG": {
      "name": "Prata",
      "usd_oz": 87.182999,
      "usd_g": 2.8029985059419467,
      "brl_oz": 453.93572089329996,
      "brl_g": 14.594372320887933,
      "chg_1h": 1.0184904405532669,
      "chg_24h": -9.096311199314158
    },
    "XPT": {
      "name": "Platina",
      "usd_oz": 2218,
      "usd_g": 71.31035588921686,
      "brl_oz": 11548.460599999999,
      "brl_g": 371.2916300083854,
      "chg_1h": 0.31659882406151063,
      "chg_24h": -8.004977187888842
    },
    "XPD": {
      "name": "Paládio",
      "usd_oz": 1752,
      "usd_g": 56.328107988236226,
      "brl_oz": 9122.1384,
      "brl_g": 293.28355986234953,
      "chg_1h": 0.05711022272986865,
      "chg_24h": -5.194805194805195
    },
    "XCU": {
      "name": "Cobre",
      "usd_oz": 5.974039,
      "usd_g": 0.19206981388009975,
      "brl_oz": 31.1050288613,
      "brl_g": 1.0000498999295153,
      "chg_1h": -0.27888012611449997,
      "chg_24h": -2.365999271100092
    }
  }
}
