{
  "timestamp": 1773784243,
  "usdToBrl": 5.2089,
  "metals": {
    "XAU": {
      "name": "Ouro",
      "usd_oz": 5007,
      "usd_g": 160.9787880691203,
      "brl_oz": 26080.9623,
      "brl_g": 838.5224091732407,
      "chg_1h": 0,
      "chg_24h": -0.08979347500748279
    },
    "XAG": {
      "name": "Prata",
      "usd_oz": 79.417999,
      "usd_g": 2.55334795883655,
      "brl_oz": 413.68041499109995,
      "brl_g": 13.300134182783706,
      "chg_1h": 0,
      "chg_24h": -1.8755535932917535
    },
    "XPT": {
      "name": "Platina",
      "usd_oz": 2138,
      "usd_g": 68.73829616372663,
      "brl_oz": 11136.6282,
      "brl_g": 358.05091088723566,
      "chg_1h": 0,
      "chg_24h": 0.6591337099811676
    },
    "XPD": {
      "name": "Paládio",
      "usd_oz": 1628,
      "usd_g": 52.34141541372635,
      "brl_oz": 8480.0892,
      "brl_g": 272.6411987485592,
      "chg_1h": 0,
      "chg_24h": 0.3080714725816389
    },
    "XCU": {
      "name": "Cobre",
      "usd_oz": 5.763089,
      "usd_g": 0.18528761389144766,
      "brl_oz": 30.019354292099997,
      "brl_g": 0.9651446519991617,
      "chg_1h": 0,
      "chg_24h": -1.1993388704051202
    }
  }
}
