{
  "timestamp": 1782507407,
  "usdToBrl": 5.1759,
  "metals": {
    "XAU": {
      "name": "Ouro",
      "usd_oz": 4086.300049,
      "usd_g": 131.3775972787711,
      "brl_oz": 21150.2804236191,
      "brl_g": 679.9973057551914,
      "chg_1h": 0.4498537118977371,
      "chg_24h": 1.447369637537238
    },
    "XAG": {
      "name": "Prata",
      "usd_oz": 59.115002,
      "usd_g": 1.9005914477059362,
      "brl_oz": 305.9733388518,
      "brl_g": 9.837271274181155,
      "chg_1h": 0.027078292815074193,
      "chg_24h": 1.9206617458433721
    },
    "XPT": {
      "name": "Platina",
      "usd_oz": 1626,
      "usd_g": 52.277113920589095,
      "brl_oz": 8416.0134,
      "brl_g": 270.58111394157714,
      "chg_1h": -0.4895960832313341,
      "chg_24h": 1.3084112149532712
    },
    "XPD": {
      "name": "Paládio",
      "usd_oz": 1228,
      "usd_g": 39.48111678627516,
      "brl_oz": 6356.0052000000005,
      "brl_g": 204.3503123740816,
      "chg_1h": -0.3246753246753247,
      "chg_24h": 1.8242122719734661
    },
    "XCU": {
      "name": "Cobre",
      "usd_oz": 6.036817,
      "usd_g": 0.19408817344818508,
      "brl_oz": 31.2459611103,
      "brl_g": 1.0045809769504612,
      "chg_1h": 0,
      "chg_24h": 0.4180358055959678
    }
  }
}
