{
  "timestamp": 1779301294,
  "usdToBrl": 5.0299,
  "metals": {
    "XAU": {
      "name": "Ouro",
      "usd_oz": 4536.100098,
      "usd_g": 145.83900466072654,
      "brl_oz": 22816.129882930196,
      "brl_g": 733.5556095429883,
      "chg_1h": 0,
      "chg_24h": 0.7127019982237986
    },
    "XAG": {
      "name": "Prata",
      "usd_oz": 76.206001,
      "usd_g": 2.4500798251596105,
      "brl_oz": 383.30856442989995,
      "brl_g": 12.323656512570324,
      "chg_1h": 0,
      "chg_24h": 2.1144919363909445
    },
    "XPT": {
      "name": "Platina",
      "usd_oz": 1963,
      "usd_g": 63.111915514216726,
      "brl_oz": 9873.6937,
      "brl_g": 317.4466238449587,
      "chg_1h": 0,
      "chg_24h": 1.029336078229542
    },
    "XPD": {
      "name": "Paládio",
      "usd_oz": 1397,
      "usd_g": 44.91459295637329,
      "brl_oz": 7026.770299999999,
      "brl_g": 225.915911111262,
      "chg_1h": 0,
      "chg_24h": 1.1585807385952207
    },
    "XCU": {
      "name": "Cobre",
      "usd_oz": 6.060182,
      "usd_g": 0.19483937564176107,
      "brl_oz": 30.4821094418,
      "brl_g": 0.9800225755404939,
      "chg_1h": 0,
      "chg_24h": -0.4687354751949517
    }
  }
}
