{
  "timestamp": 1781128714,
  "usdToBrl": 5.1907,
  "metals": {
    "XAU": {
      "name": "Ouro",
      "usd_oz": 4072.300049,
      "usd_g": 130.9274868268103,
      "brl_oz": 21138.0878643443,
      "brl_g": 679.6053058719242,
      "chg_1h": 0,
      "chg_24h": -4.260020007053016
    },
    "XAG": {
      "name": "Prata",
      "usd_oz": 63.539001,
      "usd_g": 2.0428263183747997,
      "brl_oz": 329.81189249069996,
      "brl_g": 10.603698570788072,
      "chg_1h": 0,
      "chg_24h": -2.8054395116418216
    },
    "XPT": {
      "name": "Platina",
      "usd_oz": 1672,
      "usd_g": 53.756048262745985,
      "brl_oz": 8678.8504,
      "brl_g": 279.0315197174356,
      "chg_1h": 0,
      "chg_24h": -3.575547866205306
    },
    "XPD": {
      "name": "Paládio",
      "usd_oz": 1240,
      "usd_g": 39.8669257450987,
      "brl_oz": 6436.468,
      "brl_g": 206.9372514650838,
      "chg_1h": 0,
      "chg_24h": -1.1952191235059761
    },
    "XCU": {
      "name": "Cobre",
      "usd_oz": 6.17529,
      "usd_g": 0.1985401837777827,
      "brl_oz": 32.054077803,
      "brl_g": 1.0305625319353366,
      "chg_1h": 0,
      "chg_24h": -2.061139526584983
    }
  }
}
