{
  "timestamp": 1771812627,
  "usdToBrl": 5.2144,
  "metals": {
    "XAU": {
      "name": "Ouro",
      "usd_oz": 5166.899902,
      "usd_g": 166.11968929467076,
      "brl_oz": 26942.2828489888,
      "brl_g": 866.2145078581312,
      "chg_1h": 0,
      "chg_24h": 1.1550735357382107
    },
    "XAG": {
      "name": "Prata",
      "usd_oz": 87.329002,
      "usd_g": 2.807692611393206,
      "brl_oz": 455.3683480288,
      "brl_g": 14.640432352848736,
      "chg_1h": 0,
      "chg_24h": 3.0236215348562214
    },
    "XPT": {
      "name": "Platina",
      "usd_oz": 2194,
      "usd_g": 70.53873797156979,
      "brl_oz": 11440.393600000001,
      "brl_g": 367.81719527895353,
      "chg_1h": 0,
      "chg_24h": 1.2459621596677435
    },
    "XPD": {
      "name": "Paládio",
      "usd_oz": 1784,
      "usd_g": 57.35693187843232,
      "brl_oz": 9302.4896,
      "brl_g": 299.08198558689753,
      "chg_1h": 0,
      "chg_24h": 0.056085249579360626
    },
    "XCU": {
      "name": "Cobre",
      "usd_oz": 5.794416,
      "usd_g": 0.18629480032920306,
      "brl_oz": 30.2144027904,
      "brl_g": 0.9714156068365966,
      "chg_1h": 0,
      "chg_24h": 0.4350080139441016
    }
  }
}
