{
  "timestamp": 1783971732,
  "usdToBrl": 5.1155,
  "metals": {
    "XAU": {
      "name": "Ouro",
      "usd_oz": 3997.399902,
      "usd_g": 128.51939118266034,
      "brl_oz": 20448.699198681,
      "brl_g": 657.440945594899,
      "chg_1h": 0.06007264080100404,
      "chg_24h": -3.0086864402511937
    },
    "XAG": {
      "name": "Prata",
      "usd_oz": 57.612,
      "usd_g": 1.8522688113117953,
      "brl_oz": 294.714186,
      "brl_g": 9.47528110426549,
      "chg_1h": 0.23836799437557615,
      "chg_24h": -4.002399440130637
    },
    "XPT": {
      "name": "Platina",
      "usd_oz": 1606,
      "usd_g": 51.63409898921654,
      "brl_oz": 8215.493,
      "brl_g": 264.1342333793372,
      "chg_1h": 0.24968789013732834,
      "chg_24h": -1.7737003058103975
    },
    "XPD": {
      "name": "Paládio",
      "usd_oz": 1271,
      "usd_g": 40.863598888726166,
      "brl_oz": 6501.8005,
      "brl_g": 209.0377401152787,
      "chg_1h": 0.23659305993690852,
      "chg_24h": -2.230769230769231
    },
    "XCU": {
      "name": "Cobre",
      "usd_oz": 6.123633,
      "usd_g": 0.19687937266228706,
      "brl_oz": 31.3254446115,
      "brl_g": 1.0071364308539295,
      "chg_1h": 0.2658744030801926,
      "chg_24h": 1.2016515830149517
    }
  }
}
