{
  "timestamp": 1777004809,
  "usdToBrl": 4.963,
  "metals": {
    "XAU": {
      "name": "Ouro",
      "usd_oz": 4663.700195,
      "usd_g": 149.94144304150592,
      "brl_oz": 23145.944067785003,
      "brl_g": 744.1593818149939,
      "chg_1h": 0,
      "chg_24h": -0.9283194100724982
    },
    "XAG": {
      "name": "Prata",
      "usd_oz": 74.833,
      "usd_g": 2.4059368179701375,
      "brl_oz": 371.396179,
      "brl_g": 11.940664427585792,
      "chg_1h": 0,
      "chg_24h": -1.9098190862522144
    },
    "XPT": {
      "name": "Platina",
      "usd_oz": 1980,
      "usd_g": 63.658478205883405,
      "brl_oz": 9826.74,
      "brl_g": 315.93702733579937,
      "chg_1h": 0,
      "chg_24h": -2.941176470588235
    },
    "XPD": {
      "name": "Paládio",
      "usd_oz": 1486,
      "usd_g": 47.77600940098118,
      "brl_oz": 7375.018,
      "brl_g": 237.1123346570696,
      "chg_1h": 0,
      "chg_24h": -4.129032258064516
    },
    "XCU": {
      "name": "Cobre",
      "usd_oz": 5.94395,
      "usd_g": 0.1911024300665963,
      "brl_oz": 29.499823850000002,
      "brl_g": 0.9484413604205174,
      "chg_1h": 0,
      "chg_24h": -1.737170509264959
    }
  }
}
