{
  "timestamp": 1774828813,
  "usdToBrl": 5.2561,
  "metals": {
    "XAU": {
      "name": "Ouro",
      "usd_oz": 4448.799805,
      "usd_g": 143.03223506511657,
      "brl_oz": 23383.3366550605,
      "brl_g": 751.7917307257592,
      "chg_1h": -0.9153900509383885,
      "chg_24h": -1.0278130144605193
    },
    "XAG": {
      "name": "Prata",
      "usd_oz": 68.233002,
      "usd_g": 2.193741954918686,
      "brl_oz": 358.6394818122,
      "brl_g": 11.530527089248105,
      "chg_1h": -0.8673543260974979,
      "chg_24h": -2.3485115729955233
    },
    "XPT": {
      "name": "Platina",
      "usd_oz": 1840,
      "usd_g": 59.157373686275484,
      "brl_oz": 9671.224,
      "brl_g": 310.9370718324326,
      "chg_1h": -0.7551240560949299,
      "chg_24h": -1.7618793379604911
    },
    "XPD": {
      "name": "Paládio",
      "usd_oz": 1385,
      "usd_g": 44.52878399754975,
      "brl_oz": 7279.6985,
      "brl_g": 234.04774156952126,
      "chg_1h": -0.574300071787509,
      "chg_24h": -1.2829650748396295
    },
    "XCU": {
      "name": "Cobre",
      "usd_oz": 5.446647,
      "usd_g": 0.17511376734577788,
      "brl_oz": 28.628121296699998,
      "brl_g": 0.9204154725461431,
      "chg_1h": 0,
      "chg_24h": -0.7318832602732057
    }
  }
}
