{
  "timestamp": 1783975348,
  "usdToBrl": 5.1155,
  "metals": {
    "XAU": {
      "name": "Ouro",
      "usd_oz": 4000.199951,
      "usd_g": 128.60941484843906,
      "brl_oz": 20463.0228493405,
      "brl_g": 657.90146165719,
      "chg_1h": 0.07004675710826454,
      "chg_24h": -2.9407471704258814
    },
    "XAG": {
      "name": "Prata",
      "usd_oz": 57.688999,
      "usd_g": 1.8547443866468332,
      "brl_oz": 295.1080743845,
      "brl_g": 9.487944909891874,
      "chg_1h": 0.13365097549121835,
      "chg_24h": -3.874097710534209
    },
    "XPT": {
      "name": "Platina",
      "usd_oz": 1607,
      "usd_g": 51.666249735785165,
      "brl_oz": 8220.6085,
      "brl_g": 264.298700523409,
      "chg_1h": 0.062266500622665005,
      "chg_24h": -1.7125382262996942
    },
    "XPD": {
      "name": "Paládio",
      "usd_oz": 1271,
      "usd_g": 40.863598888726166,
      "brl_oz": 6501.8005,
      "brl_g": 209.0377401152787,
      "chg_1h": 0,
      "chg_24h": -2.230769230769231
    },
    "XCU": {
      "name": "Cobre",
      "usd_oz": 6.123633,
      "usd_g": 0.19687937266228706,
      "brl_oz": 31.3254446115,
      "brl_g": 1.0071364308539295,
      "chg_1h": 0,
      "chg_24h": 1.2016515830149517
    }
  }
}
