{
  "timestamp": 1771414968,
  "usdToBrl": 5.2248,
  "metals": {
    "XAU": {
      "name": "Ouro",
      "usd_oz": 4915,
      "usd_g": 158.02091938480652,
      "brl_oz": 25679.892,
      "brl_g": 825.6276996017372,
      "chg_1h": -0.004072977540243382,
      "chg_24h": -0.29212281994320755
    },
    "XAG": {
      "name": "Prata",
      "usd_oz": 75.93,
      "usd_g": 2.441206186955923,
      "brl_oz": 396.71906400000006,
      "brl_g": 12.754814085607306,
      "chg_1h": 0.17679297527029,
      "chg_24h": 1.816966885027177
    },
    "XPT": {
      "name": "Platina",
      "usd_oz": 2046,
      "usd_g": 65.78042747941285,
      "brl_oz": 10689.9408,
      "brl_g": 343.68957749443626,
      "chg_1h": 0.1958863858961802,
      "chg_24h": 2.095808383233533
    },
    "XPD": {
      "name": "Paládio",
      "usd_oz": 1736,
      "usd_g": 55.81369604313817,
      "brl_oz": 9070.2528,
      "brl_g": 291.61539908618835,
      "chg_1h": -0.17251293847038526,
      "chg_24h": 2.782711663706335
    },
    "XCU": {
      "name": "Cobre",
      "usd_oz": 5.74263,
      "usd_g": 0.1846298417674001,
      "brl_oz": 30.004093224000002,
      "brl_g": 0.9646539972663121,
      "chg_1h": 0.06584941828947562,
      "chg_24h": -0.3254255621787715
    }
  }
}
