{
  "timestamp": 1774377632,
  "usdToBrl": 5.2669,
  "metals": {
    "XAU": {
      "name": "Ouro",
      "usd_oz": 4421.600098,
      "usd_g": 142.15774417861863,
      "brl_oz": 23288.1255561562,
      "brl_g": 748.7306228143664,
      "chg_1h": 0.8323641236068314,
      "chg_24h": -0.10843584190916651
    },
    "XAG": {
      "name": "Prata",
      "usd_oz": 70.087997,
      "usd_g": 2.2533814290497585,
      "brl_oz": 369.14647139929997,
      "brl_g": 11.868334648662172,
      "chg_1h": 1.17211731087077,
      "chg_24h": 0.1758036261447112
    },
    "XPT": {
      "name": "Platina",
      "usd_oz": 1925,
      "usd_g": 61.890187144608866,
      "brl_oz": 10138.7825,
      "brl_g": 325.9694266719404,
      "chg_1h": 0.9438909281594127,
      "chg_24h": 2.122015915119363
    },
    "XPD": {
      "name": "Paládio",
      "usd_oz": 1446,
      "usd_g": 46.489979538236064,
      "brl_oz": 7615.9374,
      "brl_g": 244.8580732299355,
      "chg_1h": 1.118881118881119,
      "chg_24h": -0.8910212474297465
    },
    "XCU": {
      "name": "Cobre",
      "usd_oz": 5.483176,
      "usd_g": 0.1762882019671833,
      "brl_oz": 28.8793396744,
      "brl_g": 0.9284923309409577,
      "chg_1h": 0.4445393759082637,
      "chg_24h": -1.0248106932373013
    }
  }
}
