{
  "timestamp": 1781803853,
  "usdToBrl": 5.1469,
  "metals": {
    "XAU": {
      "name": "Ouro",
      "usd_oz": 4227.399902,
      "usd_g": 135.91406289344476,
      "brl_oz": 21758.0045556038,
      "brl_g": 699.5360903062708,
      "chg_1h": 0,
      "chg_24h": -3.3074130375114335
    },
    "XAG": {
      "name": "Prata",
      "usd_oz": 66.143997,
      "usd_g": 2.1265788845830893,
      "brl_oz": 340.43653815929997,
      "brl_g": 10.945288861060702,
      "chg_1h": 0,
      "chg_24h": -7.000553871454332
    },
    "XPT": {
      "name": "Platina",
      "usd_oz": 1714,
      "usd_g": 55.10637961862836,
      "brl_oz": 8821.7866,
      "brl_g": 283.6270252591183,
      "chg_1h": 0,
      "chg_24h": -5.146651909241838
    },
    "XPD": {
      "name": "Paládio",
      "usd_oz": 1309,
      "usd_g": 42.085327258334026,
      "brl_oz": 6737.2921,
      "brl_g": 216.6089708659194,
      "chg_1h": 0,
      "chg_24h": -5.350686912509038
    },
    "XCU": {
      "name": "Cobre",
      "usd_oz": 6.180499,
      "usd_g": 0.19870765701665868,
      "brl_oz": 31.8104103031,
      "brl_g": 1.0227284398990406,
      "chg_1h": 0,
      "chg_24h": -0.8862110013517184
    }
  }
}
