{
  "timestamp": 1783628650,
  "usdToBrl": 5.1453,
  "metals": {
    "XAU": {
      "name": "Ouro",
      "usd_oz": 4123.100098,
      "usd_g": 132.56074632788318,
      "brl_oz": 21214.5869342394,
      "brl_g": 682.0648080808573,
      "chg_1h": -0.05090897170386805,
      "chg_24h": 1.0390410348501469
    },
    "XAG": {
      "name": "Prata",
      "usd_oz": 60.051998,
      "usd_g": 1.9307165686377543,
      "brl_oz": 308.9855453094,
      "brl_g": 9.934115960611837,
      "chg_1h": -0.32863402489626964,
      "chg_24h": 2.6722974464359868
    },
    "XPT": {
      "name": "Platina",
      "usd_oz": 1618,
      "usd_g": 52.01990794804007,
      "brl_oz": 8325.0954,
      "brl_g": 267.6580323650506,
      "chg_1h": -0.1850709438618137,
      "chg_24h": 1.6331658291457287
    },
    "XPD": {
      "name": "Paládio",
      "usd_oz": 1271,
      "usd_g": 40.863598888726166,
      "brl_oz": 6539.6763,
      "brl_g": 210.25547536216274,
      "chg_1h": -0.07861635220125787,
      "chg_24h": 2.0883534136546187
    },
    "XCU": {
      "name": "Cobre",
      "usd_oz": 6.057953,
      "usd_g": 0.1947677116276596,
      "brl_oz": 31.1699855709,
      "brl_g": 1.002138306637797,
      "chg_1h": 0.018953887404342604,
      "chg_24h": 1.8765064865634906
    }
  }
}
