{
  "timestamp": 1780935618,
  "usdToBrl": 5.1432,
  "metals": {
    "XAU": {
      "name": "Ouro",
      "usd_oz": 4343.700195,
      "usd_g": 139.65320413954495,
      "brl_oz": 22340.518842924004,
      "brl_g": 718.2643595305076,
      "chg_1h": 0,
      "chg_24h": 0.3164017321016247
    },
    "XAG": {
      "name": "Prata",
      "usd_oz": 68.870003,
      "usd_g": 2.2142220126336487,
      "brl_oz": 354.2121994296,
      "brl_g": 11.388186655377382,
      "chg_1h": 0,
      "chg_24h": 1.3315780964660069
    },
    "XPT": {
      "name": "Platina",
      "usd_oz": 1759,
      "usd_g": 56.55316321421662,
      "brl_oz": 9046.8888,
      "brl_g": 290.86422904335893,
      "chg_1h": 0,
      "chg_24h": -1.4565826330532212
    },
    "XPD": {
      "name": "Paládio",
      "usd_oz": 1225,
      "usd_g": 39.384664546569276,
      "brl_oz": 6300.42,
      "brl_g": 202.5632066959151,
      "chg_1h": 0,
      "chg_24h": -1.7642341619887731
    },
    "XCU": {
      "name": "Cobre",
      "usd_oz": 6.237878,
      "usd_g": 0.20055243470401998,
      "brl_oz": 32.0826541296,
      "brl_g": 1.0314812821697157,
      "chg_1h": 0,
      "chg_24h": -1.0816688441916977
    }
  }
}
