{
  "timestamp": 1772478255,
  "usdToBrl": 5.2067,
  "metals": {
    "XAU": {
      "name": "Ouro",
      "usd_oz": 5321.600098,
      "usd_g": 171.0934160903838,
      "brl_oz": 27707.975230256598,
      "brl_g": 890.8320895578013,
      "chg_1h": 0.3942857024759451,
      "chg_24h": 0.7840593437953831
    },
    "XAG": {
      "name": "Prata",
      "usd_oz": 89.138,
      "usd_g": 2.865853247634361,
      "brl_oz": 464.1148246,
      "brl_g": 14.921638104457827,
      "chg_1h": 1.364593174072951,
      "chg_24h": -5.085504769411319
    },
    "XPT": {
      "name": "Platina",
      "usd_oz": 2310,
      "usd_g": 74.26822457353063,
      "brl_oz": 12027.476999999999,
      "brl_g": 386.69236488700193,
      "chg_1h": -0.08650519031141869,
      "chg_24h": -2.57275411218895
    },
    "XPD": {
      "name": "Paládio",
      "usd_oz": 1795,
      "usd_g": 57.71059009068723,
      "brl_oz": 9346.0265,
      "brl_g": 300.4817294251812,
      "chg_1h": -0.16685205784204674,
      "chg_24h": -0.8834897846493651
    },
    "XCU": {
      "name": "Cobre",
      "usd_oz": 6.006924,
      "usd_g": 0.19312709118100907,
      "brl_oz": 31.276251190799996,
      "brl_g": 1.0055548256521598,
      "chg_1h": 0.07431949184859696,
      "chg_24h": -1.327520557711079
    }
  }
}
