{
  "timestamp": 1773980920,
  "usdToBrl": 5.2987,
  "metals": {
    "XAU": {
      "name": "Ouro",
      "usd_oz": 4724.700195,
      "usd_g": 151.90263858219222,
      "brl_oz": 25034.7689232465,
      "brl_g": 804.8865110554619,
      "chg_1h": 0.6711838125626771,
      "chg_24h": -2.5513511570894294
    },
    "XAG": {
      "name": "Prata",
      "usd_oz": 74.017998,
      "usd_g": 2.379733895215213,
      "brl_oz": 392.19916600260007,
      "brl_g": 12.60949599057685,
      "chg_1h": -0.06076718141219435,
      "chg_24h": -2.334179912088611
    },
    "XPT": {
      "name": "Platina",
      "usd_oz": 2022,
      "usd_g": 65.00880956176577,
      "brl_oz": 10713.9714,
      "brl_g": 344.4621792249283,
      "chg_1h": 0.2976190476190476,
      "chg_24h": -0.6388206388206389
    },
    "XPD": {
      "name": "Paládio",
      "usd_oz": 1498,
      "usd_g": 48.16181835980471,
      "brl_oz": 7937.4526000000005,
      "brl_g": 255.19502694309725,
      "chg_1h": 0.4694835680751174,
      "chg_24h": -0.991407799074686
    },
    "XCU": {
      "name": "Cobre",
      "usd_oz": 5.546981,
      "usd_g": 0.1783395803519946,
      "brl_oz": 29.3917882247,
      "brl_g": 0.9449679344111138,
      "chg_1h": 0.15560554625977654,
      "chg_24h": -1.3989066919744295
    }
  }
}
