{
  "timestamp": 1770724587,
  "usdToBrl": 5.1931,
  "metals": {
    "XAU": {
      "name": "Ouro",
      "usd_oz": 5056.200195,
      "usd_g": 162.56061106969238,
      "brl_oz": 26257.353232654503,
      "brl_g": 844.1935093460196,
      "chg_1h": 0.003959553006336016,
      "chg_24h": 0.6208994029850816
    },
    "XAG": {
      "name": "Prata",
      "usd_oz": 82.313004,
      "usd_g": 2.6464245309064616,
      "brl_oz": 427.4596610724001,
      "brl_g": 13.743147231450346,
      "chg_1h": -0.3136595978498701,
      "chg_24h": 1.228571910301854
    },
    "XPT": {
      "name": "Platina",
      "usd_oz": 2110,
      "usd_g": 67.83807525980504,
      "brl_oz": 10957.441,
      "brl_g": 352.28990863169355,
      "chg_1h": 0.09487666034155598,
      "chg_24h": 1.1020603737422137
    },
    "XPD": {
      "name": "Paládio",
      "usd_oz": 1745,
      "usd_g": 56.10305276225583,
      "brl_oz": 9061.9595,
      "brl_g": 291.34876329967074,
      "chg_1h": -0.7959067652075044,
      "chg_24h": 1.100811123986095
    },
    "XCU": {
      "name": "Cobre",
      "usd_oz": 5.877574,
      "usd_g": 0.18896839211235705,
      "brl_oz": 30.522829539400004,
      "brl_g": 0.9813317570786815,
      "chg_1h": 0.06433660010265517,
      "chg_24h": 0.20104739675756633
    }
  }
}
