{
  "timestamp": 1777255798,
  "usdToBrl": 5.0006,
  "metals": {
    "XAU": {
      "name": "Ouro",
      "usd_oz": 4699.899902,
      "usd_g": 151.10529064712148,
      "brl_oz": 23502.319449941202,
      "brl_g": 755.6171164099957,
      "chg_1h": 0,
      "chg_24h": -0.23138115503083964
    },
    "XAG": {
      "name": "Prata",
      "usd_oz": 75.281998,
      "usd_g": 2.4203724388779584,
      "brl_oz": 376.45515919880006,
      "brl_g": 12.10331441785312,
      "chg_1h": 0,
      "chg_24h": -0.692549509841437
    },
    "XPT": {
      "name": "Platina",
      "usd_oz": 2014,
      "usd_g": 64.75160358921676,
      "brl_oz": 10071.208400000001,
      "brl_g": 323.79686890823734,
      "chg_1h": 0,
      "chg_24h": -0.3956478733926805
    },
    "XPD": {
      "name": "Paládio",
      "usd_oz": 1513,
      "usd_g": 48.644079558334134,
      "brl_oz": 7565.907800000001,
      "brl_g": 243.2495842394057,
      "chg_1h": 0,
      "chg_24h": -0.7217847769028871
    },
    "XCU": {
      "name": "Cobre",
      "usd_oz": 6.019473,
      "usd_g": 0.19353055089969876,
      "brl_oz": 30.1009766838,
      "brl_g": 0.9677688728290337,
      "chg_1h": 0,
      "chg_24h": 0.5554420541967745
    }
  }
}
