{
  "timestamp": 1778257406,
  "usdToBrl": 4.914,
  "metals": {
    "XAU": {
      "name": "Ouro",
      "usd_oz": 4713.700195,
      "usd_g": 151.5489803699373,
      "brl_oz": 23163.12275823,
      "brl_g": 744.7116895378718,
      "chg_1h": -0.09537535106646741,
      "chg_24h": -0.15674107403768797
    },
    "XAG": {
      "name": "Prata",
      "usd_oz": 80.373001,
      "usd_g": 2.5840519861110836,
      "brl_oz": 394.952926914,
      "brl_g": 12.698031459749863,
      "chg_1h": -0.4594793250465972,
      "chg_24h": 0.2457069355278384
    },
    "XPT": {
      "name": "Platina",
      "usd_oz": 2048,
      "usd_g": 65.8447289725501,
      "brl_oz": 10063.872,
      "brl_g": 323.5609981711112,
      "chg_1h": -0.24354603019970775,
      "chg_24h": -0.0975609756097561
    },
    "XPD": {
      "name": "Paládio",
      "usd_oz": 1502,
      "usd_g": 48.29042134607923,
      "brl_oz": 7380.8279999999995,
      "brl_g": 237.29913049463332,
      "chg_1h": -0.13297872340425532,
      "chg_24h": -1.95822454308094
    },
    "XCU": {
      "name": "Cobre",
      "usd_oz": 6.13083,
      "usd_g": 0.19711076158534147,
      "brl_oz": 30.126898619999995,
      "brl_g": 0.968602282430368,
      "chg_1h": 0.31791401022449184,
      "chg_24h": 2.1231238249310262
    }
  }
}
