{
  "timestamp": 1778014800,
  "usdToBrl": 4.9525,
  "metals": {
    "XAU": {
      "name": "Ouro",
      "usd_oz": 4558.600098,
      "usd_g": 146.56239645852068,
      "brl_oz": 22576.466985345,
      "brl_g": 725.8502684608236,
      "chg_1h": 0.05048598859706156,
      "chg_24h": 0.7759499944733036
    },
    "XAG": {
      "name": "Prata",
      "usd_oz": 72.936996,
      "usd_g": 2.3449788738730324,
      "brl_oz": 361.22047268999995,
      "brl_g": 11.613507872856193,
      "chg_1h": -0.10546470539896773,
      "chg_24h": 0.118046426762732
    },
    "XPT": {
      "name": "Platina",
      "usd_oz": 1967,
      "usd_g": 63.24051850049124,
      "brl_oz": 9741.5675,
      "brl_g": 313.19866787368284,
      "chg_1h": 0.10178117048346055,
      "chg_24h": 0.7684426229508197
    },
    "XPD": {
      "name": "Paládio",
      "usd_oz": 1514,
      "usd_g": 48.67623030490277,
      "brl_oz": 7498.084999999999,
      "brl_g": 241.06903058503093,
      "chg_1h": -0.2635046113306983,
      "chg_24h": 0.7989347536617843
    },
    "XCU": {
      "name": "Cobre",
      "usd_oz": 5.911896,
      "usd_g": 0.19007187003608547,
      "brl_oz": 29.278664939999995,
      "brl_g": 0.9413309363537132,
      "chg_1h": 0,
      "chg_24h": 0.6236152733403696
    }
  }
}
