{
  "timestamp": 1782501188,
  "usdToBrl": 5.1759,
  "metals": {
    "XAU": {
      "name": "Ouro",
      "usd_oz": 4068,
      "usd_g": 130.78923704117864,
      "brl_oz": 21055.5612,
      "brl_g": 676.9520120014365,
      "chg_1h": -0.35273129398581177,
      "chg_24h": 0.6656578987814054
    },
    "XAG": {
      "name": "Prata",
      "usd_oz": 59.098999,
      "usd_g": 1.9000769393085986,
      "brl_oz": 305.8905089241,
      "brl_g": 9.834608230167376,
      "chg_1h": -0.16049092813461405,
      "chg_24h": 1.3739733781604813
    },
    "XPT": {
      "name": "Platina",
      "usd_oz": 1634,
      "usd_g": 52.53431989313812,
      "brl_oz": 8457.420600000001,
      "brl_g": 271.9123863348936,
      "chg_1h": -0.2442002442002442,
      "chg_24h": 1.4906832298136645
    },
    "XPD": {
      "name": "Paládio",
      "usd_oz": 1232,
      "usd_g": 39.609719772549674,
      "brl_oz": 6376.7088,
      "brl_g": 205.01594857073988,
      "chg_1h": -0.3236245954692557,
      "chg_24h": 1.902398676592225
    },
    "XCU": {
      "name": "Cobre",
      "usd_oz": 6.036817,
      "usd_g": 0.19408817344818508,
      "brl_oz": 31.2459611103,
      "brl_g": 1.0045809769504612,
      "chg_1h": -0.4184958332694071,
      "chg_24h": 0.4180358055959678
    }
  }
}
