{
  "timestamp": 1779910235,
  "usdToBrl": 5.0458,
  "metals": {
    "XAU": {
      "name": "Ouro",
      "usd_oz": 4452.200195,
      "usd_g": 143.1415601422411,
      "brl_oz": 22464.911743931,
      "brl_g": 722.2636841657202,
      "chg_1h": 0,
      "chg_24h": -1.0358231532820852
    },
    "XAG": {
      "name": "Prata",
      "usd_oz": 74.731003,
      "usd_g": 2.4026575382723774,
      "brl_oz": 377.0776949374,
      "brl_g": 12.123329406614761,
      "chg_1h": 0,
      "chg_24h": -2.4208343986529206
    },
    "XPT": {
      "name": "Platina",
      "usd_oz": 1931,
      "usd_g": 62.08309162402063,
      "brl_oz": 9743.4398,
      "brl_g": 313.2588637164833,
      "chg_1h": 0,
      "chg_24h": -1.0758196721311475
    },
    "XPD": {
      "name": "Paládio",
      "usd_oz": 1412,
      "usd_g": 45.39685415490271,
      "brl_oz": 7124.6696,
      "brl_g": 229.0634466948081,
      "chg_1h": 0,
      "chg_24h": 0.6414825374198148
    },
    "XCU": {
      "name": "Cobre",
      "usd_oz": 6.161136,
      "usd_g": 0.19808512211085033,
      "brl_oz": 31.087860028799998,
      "brl_g": 0.9994979091469286,
      "chg_1h": 0,
      "chg_24h": 0.30016126464299125
    }
  }
}
