{
  "timestamp": 1783895054,
  "usdToBrl": 5.1185,
  "metals": {
    "XAU": {
      "name": "Ouro",
      "usd_oz": 4085.600098,
      "usd_g": 131.35509333155963,
      "brl_oz": 20912.144101613,
      "brl_g": 672.341045217588,
      "chg_1h": -0.8686321359552509,
      "chg_24h": -0.8686321359552509
    },
    "XAG": {
      "name": "Prata",
      "usd_oz": 58.889,
      "usd_g": 1.8933253146799334,
      "brl_oz": 301.42334650000004,
      "brl_g": 9.690985623189238,
      "chg_1h": -1.8745626020595194,
      "chg_24h": -1.8745626020595194
    },
    "XPT": {
      "name": "Platina",
      "usd_oz": 1616,
      "usd_g": 51.95560645490282,
      "brl_oz": 8271.496,
      "brl_g": 265.9347716394201,
      "chg_1h": -1.162079510703364,
      "chg_24h": -1.162079510703364
    },
    "XPD": {
      "name": "Paládio",
      "usd_oz": 1285,
      "usd_g": 41.313709340686955,
      "brl_oz": 6577.2725,
      "brl_g": 211.46422126030618,
      "chg_1h": -1.153846153846154,
      "chg_24h": -1.153846153846154
    },
    "XCU": {
      "name": "Cobre",
      "usd_oz": 6.050922,
      "usd_g": 0.19454165972853557,
      "brl_oz": 30.971644257,
      "brl_g": 0.9957614853205093,
      "chg_1h": 0,
      "chg_24h": 0
    }
  }
}
