{
  "timestamp": 1770933223,
  "usdToBrl": 5.1761,
  "metals": {
    "XAU": {
      "name": "Ouro",
      "usd_oz": 4924.200195,
      "usd_g": 158.3167125226335,
      "brl_oz": 25488.1526293395,
      "brl_g": 819.4631356884033,
      "chg_1h": 0.03453925850686336,
      "chg_24h": -3.0783746010942097
    },
    "XAG": {
      "name": "Prata",
      "usd_oz": 75.339996,
      "usd_g": 2.422237117877446,
      "brl_oz": 389.9673532956,
      "brl_g": 12.537741545845448,
      "chg_1h": -0.17358322834488682,
      "chg_24h": -10.556564950219272
    },
    "XPT": {
      "name": "Platina",
      "usd_oz": 2014,
      "usd_g": 64.75160358921676,
      "brl_oz": 10424.6654,
      "brl_g": 335.16077533814484,
      "chg_1h": -0.1487357461576599,
      "chg_24h": -5.9318075665576835
    },
    "XPD": {
      "name": "Paládio",
      "usd_oz": 1644,
      "usd_g": 52.8558273588244,
      "brl_oz": 8509.5084,
      "brl_g": 273.587047992011,
      "chg_1h": -0.48426150121065376,
      "chg_24h": -5.244956772334294
    },
    "XCU": {
      "name": "Cobre",
      "usd_oz": 6.055821,
      "usd_g": 0.19469916623597527,
      "brl_oz": 31.3455350781,
      "brl_g": 1.0077823543540316,
      "chg_1h": 0,
      "chg_24h": 0.2576047624432089
    }
  }
}
