{
  "timestamp": 1772032205,
  "usdToBrl": 5.1287,
  "metals": {
    "XAU": {
      "name": "Ouro",
      "usd_oz": 5197.200195,
      "usd_g": 167.09386633586894,
      "brl_oz": 26654.880640096504,
      "brl_g": 856.9743122767711,
      "chg_1h": 0.11558020832598614,
      "chg_24h": 1.020467627074234
    },
    "XAG": {
      "name": "Prata",
      "usd_oz": 90.603996,
      "usd_g": 2.9129861135009834,
      "brl_oz": 464.6807142852,
      "brl_g": 14.939831880312495,
      "chg_1h": -0.32454261709056037,
      "chg_24h": 3.1078886221263717
    },
    "XPT": {
      "name": "Platina",
      "usd_oz": 2310,
      "usd_g": 74.26822457353063,
      "brl_oz": 11847.297,
      "brl_g": 380.89944337026657,
      "chg_1h": -0.47393364928909953,
      "chg_24h": 6.7467652495378925
    },
    "XPD": {
      "name": "Paládio",
      "usd_oz": 1840,
      "usd_g": 59.157373686275484,
      "brl_oz": 9436.808,
      "brl_g": 303.4004224248011,
      "chg_1h": -0.16277807921866522,
      "chg_24h": 3.4288926363125354
    },
    "XCU": {
      "name": "Cobre",
      "usd_oz": 5.936163,
      "usd_g": 0.19085207220306638,
      "brl_oz": 30.4447991781,
      "brl_g": 0.9788230227078666,
      "chg_1h": 0.10963525408360884,
      "chg_24h": 1.1750884320302972
    }
  }
}
