{
  "timestamp": 1777402477,
  "usdToBrl": 5.0017,
  "metals": {
    "XAU": {
      "name": "Ouro",
      "usd_oz": 4598.799805,
      "usd_g": 147.85484705041077,
      "brl_oz": 23001.816984668498,
      "brl_g": 739.5255884920394,
      "chg_1h": 0.08487460191030599,
      "chg_24h": -1.844113088106808
    },
    "XAG": {
      "name": "Prata",
      "usd_oz": 73.434998,
      "usd_g": 2.3609900099657026,
      "brl_oz": 367.29982949659995,
      "brl_g": 11.808963732845454,
      "chg_1h": 0.19647432836227682,
      "chg_24h": -3.171147319153348
    },
    "XPT": {
      "name": "Platina",
      "usd_oz": 1956,
      "usd_g": 62.886860288236335,
      "brl_oz": 9783.3252,
      "brl_g": 314.54120910367163,
      "chg_1h": 0,
      "chg_24h": -2.3464802795806294
    },
    "XPD": {
      "name": "Paládio",
      "usd_oz": 1484,
      "usd_g": 47.71170790784392,
      "brl_oz": 7422.5228,
      "brl_g": 238.63964944266294,
      "chg_1h": -0.06734006734006734,
      "chg_24h": -0.9345794392523363
    },
    "XCU": {
      "name": "Cobre",
      "usd_oz": 5.857435,
      "usd_g": 0.18832090822721143,
      "brl_oz": 29.297132639499996,
      "brl_g": 0.9419246866800433,
      "chg_1h": -0.16544682231997412,
      "chg_24h": -1.7504300720320376
    }
  }
}
