{
  "timestamp": 1773369532,
  "usdToBrl": 5.1621,
  "metals": {
    "XAU": {
      "name": "Ouro",
      "usd_oz": 5120.899902,
      "usd_g": 164.64075495251387,
      "brl_oz": 26434.5973841142,
      "brl_g": 849.8920411403718,
      "chg_1h": 0,
      "chg_24h": -0.6402918300216534
    },
    "XAG": {
      "name": "Prata",
      "usd_oz": 85.130997,
      "usd_g": 2.7370251096816287,
      "brl_oz": 439.4547196136999,
      "brl_g": 14.128797318687536,
      "chg_1h": 0,
      "chg_24h": 0.11877925577770491
    },
    "XPT": {
      "name": "Platina",
      "usd_oz": 2163,
      "usd_g": 69.54206482794233,
      "brl_oz": 11165.622299999999,
      "brl_g": 358.98309284832106,
      "chg_1h": 0,
      "chg_24h": 0.04625346901017577
    },
    "XPD": {
      "name": "Paládio",
      "usd_oz": 1669,
      "usd_g": 53.6595960230401,
      "brl_oz": 8615.544899999999,
      "brl_g": 276.99620063053527,
      "chg_1h": 0,
      "chg_24h": 0.481637567730283
    },
    "XCU": {
      "name": "Cobre",
      "usd_oz": 5.818985,
      "usd_g": 0.18708471202164767,
      "brl_oz": 30.038182468499997,
      "brl_g": 0.9657499919269473,
      "chg_1h": 0,
      "chg_24h": 0.6551510004134095
    }
  }
}
