{
  "timestamp": 1776399693,
  "usdToBrl": 4.9882,
  "metals": {
    "XAU": {
      "name": "Ouro",
      "usd_oz": 4796.600098,
      "usd_g": 154.21427414185413,
      "brl_oz": 23926.4006088436,
      "brl_g": 769.2516422743968,
      "chg_1h": 0,
      "chg_24h": -0.6585992180728079
    },
    "XAG": {
      "name": "Prata",
      "usd_oz": 79.181,
      "usd_g": 2.545728264050532,
      "brl_oz": 394.9706642,
      "brl_g": 12.698601726736864,
      "chg_1h": 0,
      "chg_24h": -1.7312798714892785
    },
    "XPT": {
      "name": "Platina",
      "usd_oz": 2095,
      "usd_g": 67.35581406127562,
      "brl_oz": 10450.279,
      "brl_g": 335.98427170045505,
      "chg_1h": 0,
      "chg_24h": -2.467411545623836
    },
    "XPD": {
      "name": "Paládio",
      "usd_oz": 1582,
      "usd_g": 50.86248107156947,
      "brl_oz": 7891.3324,
      "brl_g": 253.71222808120282,
      "chg_1h": 0,
      "chg_24h": -1.616915422885572
    },
    "XCU": {
      "name": "Cobre",
      "usd_oz": 5.963832,
      "usd_g": 0.19174165120987374,
      "brl_oz": 29.7487867824,
      "brl_g": 0.9564457045650921,
      "chg_1h": 0,
      "chg_24h": 0.08500080637487752
    }
  }
}
