{
  "timestamp": 1773057777,
  "usdToBrl": 5.2765,
  "metals": {
    "XAU": {
      "name": "Ouro",
      "usd_oz": 5097.399902,
      "usd_g": 163.88521240815112,
      "brl_oz": 26896.430582903,
      "brl_g": 864.7403232716094,
      "chg_1h": 0.17687289075810536,
      "chg_24h": -1.480481213761111
    },
    "XAG": {
      "name": "Prata",
      "usd_oz": 83.532997,
      "usd_g": 2.685648216664961,
      "brl_oz": 440.76185867050003,
      "brl_g": 14.170822815232668,
      "chg_1h": 0.2279675502929402,
      "chg_24h": -1.2530646447563167
    },
    "XPT": {
      "name": "Platina",
      "usd_oz": 2125,
      "usd_g": 68.32033645833447,
      "brl_oz": 11212.5625,
      "brl_g": 360.49225532240183,
      "chg_1h": 0.8542952064546749,
      "chg_24h": -1.3921113689095126
    },
    "XPD": {
      "name": "Paládio",
      "usd_oz": 1630,
      "usd_g": 52.40571690686361,
      "brl_oz": 8600.695000000002,
      "brl_g": 276.51876525906584,
      "chg_1h": 0.9287925696594427,
      "chg_24h": -1.2719563900666264
    },
    "XCU": {
      "name": "Cobre",
      "usd_oz": 5.789426,
      "usd_g": 0.1861343681038256,
      "brl_oz": 30.547906289,
      "brl_g": 0.9821379932998359,
      "chg_1h": -0.11347475147959818,
      "chg_24h": -0.11452599557217774
    }
  }
}
