{
  "timestamp": 1774482545,
  "usdToBrl": 5.233,
  "metals": {
    "XAU": {
      "name": "Ouro",
      "usd_oz": 4498.200195,
      "usd_g": 144.62049448439797,
      "brl_oz": 23539.081620435,
      "brl_g": 756.7990476368545,
      "chg_1h": -0.19524750388284115,
      "chg_24h": -1.0667076763349248
    },
    "XAG": {
      "name": "Prata",
      "usd_oz": 70.688004,
      "usd_g": 2.2726721020461613,
      "brl_oz": 369.91032493200004,
      "brl_g": 11.892893110007561,
      "chg_1h": -0.19625142122701184,
      "chg_24h": -3.374925253220471
    },
    "XPT": {
      "name": "Platina",
      "usd_oz": 1927,
      "usd_g": 61.95448863774612,
      "brl_oz": 10083.991,
      "brl_g": 324.2078390413254,
      "chg_1h": -0.4134366925064599,
      "chg_24h": -2.133062468257999
    },
    "XPD": {
      "name": "Paládio",
      "usd_oz": 1432,
      "usd_g": 46.03986908627527,
      "brl_oz": 7493.656,
      "brl_g": 240.92663492847845,
      "chg_1h": -0.2785515320334262,
      "chg_24h": -2.518720217835262
    },
    "XCU": {
      "name": "Cobre",
      "usd_oz": 5.496103,
      "usd_g": 0.17670381466807594,
      "brl_oz": 28.761106998999995,
      "brl_g": 0.9246910621580413,
      "chg_1h": 0,
      "chg_24h": 0.8316251658251016
    }
  }
}
