{
  "timestamp": 1777411918,
  "usdToBrl": 5.0017,
  "metals": {
    "XAU": {
      "name": "Ouro",
      "usd_oz": 4596.899902,
      "usd_g": 147.7937637505528,
      "brl_oz": 22992.3142398334,
      "brl_g": 739.2200681511399,
      "chg_1h": -0.04783970674951328,
      "chg_24h": -1.8427632688463413
    },
    "XAG": {
      "name": "Prata",
      "usd_oz": 73.207001,
      "usd_g": 2.3536597362002953,
      "brl_oz": 366.15945690169997,
      "brl_g": 11.772299902553016,
      "chg_1h": -0.11461025228198754,
      "chg_24h": -3.2127133120997122
    },
    "XPT": {
      "name": "Platina",
      "usd_oz": 1948,
      "usd_g": 62.629654315687304,
      "brl_oz": 9743.311599999999,
      "brl_g": 313.25474199077314,
      "chg_1h": 0,
      "chg_24h": -2.2579026593075766
    },
    "XPD": {
      "name": "Paládio",
      "usd_oz": 1485,
      "usd_g": 47.743858654412556,
      "brl_oz": 7427.5244999999995,
      "brl_g": 238.80045783177525,
      "chg_1h": -0.06729475100942127,
      "chg_24h": -0.6688963210702341
    },
    "XCU": {
      "name": "Cobre",
      "usd_oz": 5.857435,
      "usd_g": 0.18832090822721143,
      "brl_oz": 29.297132639499996,
      "brl_g": 0.9419246866800433,
      "chg_1h": 0,
      "chg_24h": -1.7504300720320376
    }
  }
}
