{
  "timestamp": 1772557560,
  "usdToBrl": 5.2434,
  "metals": {
    "XAU": {
      "name": "Ouro",
      "usd_oz": 5087.899902,
      "usd_g": 163.57978031574913,
      "brl_oz": 26677.8943461468,
      "brl_g": 857.7142201075991,
      "chg_1h": -0.5550867635286971,
      "chg_24h": -4.1592157192821135
    },
    "XAG": {
      "name": "Prata",
      "usd_oz": 82.219002,
      "usd_g": 2.6434022964275172,
      "brl_oz": 431.10711508680004,
      "brl_g": 13.860415601088045,
      "chg_1h": -1.3344361481989124,
      "chg_24h": -6.325553710197962
    },
    "XPT": {
      "name": "Platina",
      "usd_oz": 2082,
      "usd_g": 66.93785435588346,
      "brl_oz": 10916.758800000001,
      "brl_g": 350.98194552963935,
      "chg_1h": -0.04800768122899664,
      "chg_24h": -9.909130246646473
    },
    "XPD": {
      "name": "Paládio",
      "usd_oz": 1676,
      "usd_g": 53.8846512490205,
      "brl_oz": 8787.938400000001,
      "brl_g": 282.5387803591141,
      "chg_1h": -0.41592394533571003,
      "chg_24h": -6.629526462395543
    },
    "XCU": {
      "name": "Cobre",
      "usd_oz": 5.867369,
      "usd_g": 0.1886402937436242,
      "brl_oz": 30.7649626146,
      "brl_g": 0.9891165162153192,
      "chg_1h": -0.17362605728145694,
      "chg_24h": -2.2161718313957444
    }
  }
}
