{
  "timestamp": 1771018181,
  "usdToBrl": 5.2197,
  "metals": {
    "XAU": {
      "name": "Ouro",
      "usd_oz": 5033.100098,
      "usd_g": 161.81792570533466,
      "brl_oz": 26271.272581530597,
      "brl_g": 844.6410268041352,
      "chg_1h": 0.06958803745434475,
      "chg_24h": 2.4028504170905367
    },
    "XAG": {
      "name": "Prata",
      "usd_oz": 77.376999,
      "usd_g": 2.4877282850899807,
      "brl_oz": 403.88472168029995,
      "brl_g": 12.98519532968417,
      "chg_1h": 0.5771255583056143,
      "chg_24h": 2.9771094354153433
    },
    "XPT": {
      "name": "Platina",
      "usd_oz": 2068,
      "usd_g": 66.48774390392266,
      "brl_oz": 10794.3396,
      "brl_g": 347.0460768553051,
      "chg_1h": -0.3373493975903614,
      "chg_24h": 3.14214463840399
    },
    "XPD": {
      "name": "Paládio",
      "usd_oz": 1712,
      "usd_g": 55.0420781254911,
      "brl_oz": 8936.1264,
      "brl_g": 287.30313519162587,
      "chg_1h": -0.1749271137026239,
      "chg_24h": 3.9465695203400117
    },
    "XCU": {
      "name": "Cobre",
      "usd_oz": 5.877408,
      "usd_g": 0.18896305508842665,
      "brl_oz": 30.678306537599997,
      "brl_g": 0.9863304586450605,
      "chg_1h": 0,
      "chg_24h": -2.946140581103701
    }
  }
}
