{
  "timestamp": 1772120353,
  "usdToBrl": 5.1258,
  "metals": {
    "XAU": {
      "name": "Ouro",
      "usd_oz": 5164.299805,
      "usd_g": 166.03609423496988,
      "brl_oz": 26471.167940468997,
      "brl_g": 851.0678118296086,
      "chg_1h": -0.058057401606485655,
      "chg_24h": -0.6330406519966795
    },
    "XAG": {
      "name": "Prata",
      "usd_oz": 86.348999,
      "usd_g": 2.776184783303711,
      "brl_oz": 442.6076990742,
      "brl_g": 14.230167962258161,
      "chg_1h": -0.6546400130541298,
      "chg_24h": -4.6962575469629275
    },
    "XPT": {
      "name": "Platina",
      "usd_oz": 2235,
      "usd_g": 71.85691858088354,
      "brl_oz": 11456.163,
      "brl_g": 368.32419326189284,
      "chg_1h": -0.8429458740017746,
      "chg_24h": -3.2467532467532463
    },
    "XPD": {
      "name": "Paládio",
      "usd_oz": 1779,
      "usd_g": 57.19617814558918,
      "brl_oz": 9118.7982,
      "brl_g": 293.176169938661,
      "chg_1h": -0.44767767207610526,
      "chg_24h": -3.315217391304348
    },
    "XCU": {
      "name": "Cobre",
      "usd_oz": 5.948637,
      "usd_g": 0.19125312061576344,
      "brl_oz": 30.4915235346,
      "brl_g": 0.9803252456522802,
      "chg_1h": -0.14213282158579818,
      "chg_24h": 0.21013573919719009
    }
  }
}
