{
  "timestamp": 1774528697,
  "usdToBrl": 5.233,
  "metals": {
    "XAU": {
      "name": "Ouro",
      "usd_oz": 4444,
      "usd_g": 142.87791775098276,
      "brl_oz": 23255.451999999997,
      "brl_g": 747.6801435908927,
      "chg_1h": -0.1258562090224021,
      "chg_24h": -3.0244859912714097
    },
    "XAG": {
      "name": "Prata",
      "usd_oz": 67.871002,
      "usd_g": 2.182103384660843,
      "brl_oz": 355.168953466,
      "brl_g": 11.41894701193019,
      "chg_1h": -0.4999061895240041,
      "chg_24h": -7.579277888763301
    },
    "XPT": {
      "name": "Platina",
      "usd_oz": 1851,
      "usd_g": 59.51103189853039,
      "brl_oz": 9686.283,
      "brl_g": 311.4212299250095,
      "chg_1h": -2.1152829190904283,
      "chg_24h": -6.515151515151516
    },
    "XPD": {
      "name": "Paládio",
      "usd_oz": 1373,
      "usd_g": 44.14297503872622,
      "brl_oz": 7184.909,
      "brl_g": 231.0001883776543,
      "chg_1h": -2.3470839260312943,
      "chg_24h": -7.3549257759784075
    },
    "XCU": {
      "name": "Cobre",
      "usd_oz": 5.454448,
      "usd_g": 0.17536457531975977,
      "brl_oz": 28.543126384,
      "brl_g": 0.9176828226483028,
      "chg_1h": -0.41683105790302166,
      "chg_24h": 0.17215560339492567
    }
  }
}
