{
  "timestamp": 1782367197,
  "usdToBrl": 5.1996,
  "metals": {
    "XAU": {
      "name": "Ouro",
      "usd_oz": 3991.199951,
      "usd_g": 128.3200581293214,
      "brl_oz": 20752.6432652196,
      "brl_g": 667.2129742492197,
      "chg_1h": 0,
      "chg_24h": -1.8468902219468235
    },
    "XAG": {
      "name": "Prata",
      "usd_oz": 57.365002,
      "usd_g": 1.8443276412108371,
      "brl_oz": 298.2750643992,
      "brl_g": 9.58976600323987,
      "chg_1h": 0,
      "chg_24h": -6.329091518278743
    },
    "XPT": {
      "name": "Platina",
      "usd_oz": 1569,
      "usd_g": 50.444521366177305,
      "brl_oz": 8158.1724,
      "brl_g": 262.29133329557555,
      "chg_1h": 0,
      "chg_24h": -4.735883424408015
    },
    "XPD": {
      "name": "Paládio",
      "usd_oz": 1193,
      "usd_g": 38.35584065637318,
      "brl_oz": 6203.1228,
      "brl_g": 199.435029076878,
      "chg_1h": 0,
      "chg_24h": -4.5600000000000005
    },
    "XCU": {
      "name": "Cobre",
      "usd_oz": 5.955366,
      "usd_g": 0.19146946298942374,
      "brl_oz": 30.9655210536,
      "brl_g": 0.9955646197598077,
      "chg_1h": 0,
      "chg_24h": -1.9186368335385673
    }
  }
}
