{
  "timestamp": 1782275987,
  "usdToBrl": 5.1725,
  "metals": {
    "XAU": {
      "name": "Ouro",
      "usd_oz": 4066.300049,
      "usd_g": 130.73458234739854,
      "brl_oz": 21032.9370034525,
      "brl_g": 676.224627191919,
      "chg_1h": 0,
      "chg_24h": -1.7232223344751076
    },
    "XAG": {
      "name": "Prata",
      "usd_oz": 61.241001,
      "usd_g": 1.9689439027600926,
      "brl_oz": 316.76907767250003,
      "brl_g": 10.18436233702658,
      "chg_1h": 0,
      "chg_24h": -2.946112613188993
    },
    "XPT": {
      "name": "Platina",
      "usd_oz": 1647,
      "usd_g": 52.95227959853028,
      "brl_oz": 8519.1075,
      "brl_g": 273.8956662233979,
      "chg_1h": 0,
      "chg_24h": 0
    },
    "XPD": {
      "name": "Paládio",
      "usd_oz": 1250,
      "usd_g": 40.18843321078498,
      "brl_oz": 6465.625,
      "brl_g": 207.8746707827853,
      "chg_1h": 0,
      "chg_24h": -1.1075949367088607
    },
    "XCU": {
      "name": "Cobre",
      "usd_oz": 6.071863,
      "usd_g": 0.1952149285124292,
      "brl_oz": 31.406711367499998,
      "brl_g": 1.00974921773054,
      "chg_1h": 0,
      "chg_24h": -1.3292574940348525
    }
  }
}
