{
  "timestamp": 1772106570,
  "usdToBrl": 5.1287,
  "metals": {
    "XAU": {
      "name": "Ouro",
      "usd_oz": 5172.200195,
      "usd_g": 166.29009767165323,
      "brl_oz": 26526.6631400965,
      "brl_g": 852.852023928608,
      "chg_1h": -0.007731179531047908,
      "chg_24h": -0.08306394281849996
    },
    "XAG": {
      "name": "Prata",
      "usd_oz": 87.528,
      "usd_g": 2.8140905456588703,
      "brl_oz": 448.9048536,
      "brl_g": 14.432626181520648,
      "chg_1h": 0.4429574818791793,
      "chg_24h": -3.114833528762916
    },
    "XPT": {
      "name": "Platina",
      "usd_oz": 2280,
      "usd_g": 73.3037021764718,
      "brl_oz": 11693.436,
      "brl_g": 375.952697352471,
      "chg_1h": 0.3963011889035667,
      "chg_24h": -0.998697351280938
    },
    "XPD": {
      "name": "Paládio",
      "usd_oz": 1776,
      "usd_g": 57.0997259058833,
      "brl_oz": 9108.5712,
      "brl_g": 292.84736425350366,
      "chg_1h": 0,
      "chg_24h": -3.4257748776508974
    },
    "XCU": {
      "name": "Cobre",
      "usd_oz": 5.955592,
      "usd_g": 0.19147672905814828,
      "brl_oz": 30.544444690400002,
      "brl_g": 0.9820267003205251,
      "chg_1h": -0.019037303377719982,
      "chg_24h": 0.9107326153428025
    }
  }
}
