{
  "timestamp": 1774636213,
  "usdToBrl": 5.2561,
  "metals": {
    "XAU": {
      "name": "Ouro",
      "usd_oz": 4509.5,
      "usd_g": 144.98379165122788,
      "brl_oz": 23702.38295,
      "brl_g": 762.0493072980188,
      "chg_1h": 0.4387766906235222,
      "chg_24h": 2.6122329147870262
    },
    "XAG": {
      "name": "Prata",
      "usd_oz": 70.287003,
      "usd_g": 2.2597796205213947,
      "brl_oz": 369.43551646829997,
      "brl_g": 11.877627663422503,
      "chg_1h": 0.8175910831967248,
      "chg_24h": 3.812072728974198
    },
    "XPT": {
      "name": "Platina",
      "usd_oz": 1883,
      "usd_g": 60.53985578872649,
      "brl_oz": 9897.2363,
      "brl_g": 318.2035360111253,
      "chg_1h": 0.21287919105907396,
      "chg_24h": 2.5040827436037016
    },
    "XPD": {
      "name": "Paládio",
      "usd_oz": 1413,
      "usd_g": 45.42900490147134,
      "brl_oz": 7426.8693,
      "brl_g": 238.7793926626235,
      "chg_1h": 0.35511363636363635,
      "chg_24h": 3.063457330415755
    },
    "XCU": {
      "name": "Cobre",
      "usd_oz": 5.486804,
      "usd_g": 0.1764048448757343,
      "brl_oz": 28.8391905044,
      "brl_g": 0.927201505151347,
      "chg_1h": 0,
      "chg_24h": 0.9654348026503435
    }
  }
}
