{
  "timestamp": 1784704602,
  "usdToBrl": 5.0794,
  "metals": {
    "XAU": {
      "name": "Ouro",
      "usd_oz": 4117.899902,
      "usd_g": 132.39355614418,
      "brl_oz": 20916.460762218798,
      "brl_g": 672.4798290787478,
      "chg_1h": 0,
      "chg_24h": 0.9908007847946073
    },
    "XAG": {
      "name": "Prata",
      "usd_oz": 59.460999,
      "usd_g": 1.9117155095664418,
      "brl_oz": 302.0261983206,
      "brl_g": 9.710367759291783,
      "chg_1h": 0,
      "chg_24h": 0.8121138927847169
    },
    "XPT": {
      "name": "Platina",
      "usd_oz": 1664,
      "usd_g": 53.49884229019696,
      "brl_oz": 8452.121599999999,
      "brl_g": 271.7420195288264,
      "chg_1h": 0,
      "chg_24h": 1.278149726110773
    },
    "XPD": {
      "name": "Paládio",
      "usd_oz": 1328,
      "usd_g": 42.69619144313796,
      "brl_oz": 6745.4432,
      "brl_g": 216.87103481627494,
      "chg_1h": 0,
      "chg_24h": 1.06544901065449
    },
    "XCU": {
      "name": "Cobre",
      "usd_oz": 6.278399,
      "usd_g": 0.20185521510572735,
      "brl_oz": 31.8904998806,
      "brl_g": 1.0253033796080315,
      "chg_1h": 0,
      "chg_24h": 1.4500062452907885
    }
  }
}
