{
  "timestamp": 1778058491,
  "usdToBrl": 4.9525,
  "metals": {
    "XAU": {
      "name": "Ouro",
      "usd_oz": 4691.899902,
      "usd_g": 150.84808467457248,
      "brl_oz": 23236.634264655,
      "brl_g": 747.0751393508201,
      "chg_1h": 0,
      "chg_24h": 3.0394180740090064
    },
    "XAG": {
      "name": "Prata",
      "usd_oz": 76.862999,
      "usd_g": 2.471202801353706,
      "brl_oz": 380.6640025475,
      "brl_g": 12.238631873704229,
      "chg_1h": 0,
      "chg_24h": 4.409310529197495
    },
    "XPT": {
      "name": "Platina",
      "usd_oz": 2031,
      "usd_g": 65.29816628088344,
      "brl_oz": 10058.5275,
      "brl_g": 323.3891685060752,
      "chg_1h": 0,
      "chg_24h": 2.1116138763197587
    },
    "XPD": {
      "name": "Paládio",
      "usd_oz": 1561,
      "usd_g": 50.18731539362828,
      "brl_oz": 7730.852499999999,
      "brl_g": 248.55267948694404,
      "chg_1h": 0,
      "chg_24h": 2.360655737704918
    },
    "XCU": {
      "name": "Cobre",
      "usd_oz": 5.941002,
      "usd_g": 0.191007649665712,
      "brl_oz": 29.422812405,
      "brl_g": 0.9459653849694386,
      "chg_1h": 0,
      "chg_24h": 1.077845737667266
    }
  }
}
