{
  "timestamp": 1777299727,
  "usdToBrl": 5.0006,
  "metals": {
    "XAU": {
      "name": "Ouro",
      "usd_oz": 4696.399902,
      "usd_g": 150.9927630341313,
      "brl_oz": 23484.8173499412,
      "brl_g": 755.054410828477,
      "chg_1h": 0,
      "chg_24h": -0.30567851736589646
    },
    "XAG": {
      "name": "Prata",
      "usd_oz": 75.461998,
      "usd_g": 2.4261595732603114,
      "brl_oz": 377.3552671988,
      "brl_g": 12.132253562045515,
      "chg_1h": 0,
      "chg_24h": -0.4551044158864679
    },
    "XPT": {
      "name": "Platina",
      "usd_oz": 2012,
      "usd_g": 64.68730209607949,
      "brl_oz": 10061.2072,
      "brl_g": 323.4753228616551,
      "chg_1h": 0,
      "chg_24h": -0.4945598417408506
    },
    "XPD": {
      "name": "Paládio",
      "usd_oz": 1503,
      "usd_g": 48.32257209264785,
      "brl_oz": 7515.901800000001,
      "brl_g": 241.64185400649487,
      "chg_1h": 0,
      "chg_24h": -1.3779527559055118
    },
    "XCU": {
      "name": "Cobre",
      "usd_oz": 5.977213,
      "usd_g": 0.19217186034970857,
      "brl_oz": 29.889651327800003,
      "brl_g": 0.9609746048647527,
      "chg_1h": 0,
      "chg_24h": -0.15051226791918648
    }
  }
}
