{
  "timestamp": 1777475821,
  "usdToBrl": 4.9854,
  "metals": {
    "XAU": {
      "name": "Ouro",
      "usd_oz": 4539,
      "usd_g": 145.9322386750024,
      "brl_oz": 22628.730600000003,
      "brl_g": 727.5305826903569,
      "chg_1h": 0,
      "chg_24h": -1.2165640861005225
    },
    "XAG": {
      "name": "Prata",
      "usd_oz": 71.699997,
      "usd_g": 2.3052084325183864,
      "brl_oz": 357.4531650438,
      "brl_g": 11.492386119477164,
      "chg_1h": 0,
      "chg_24h": -2.1708026906441455
    },
    "XPT": {
      "name": "Platina",
      "usd_oz": 1891,
      "usd_g": 60.797061761275515,
      "brl_oz": 9427.3914,
      "brl_g": 303.09767170466296,
      "chg_1h": 0,
      "chg_24h": -3.3231083844580773
    },
    "XPD": {
      "name": "Paládio",
      "usd_oz": 1478,
      "usd_g": 47.51880342843216,
      "brl_oz": 7368.421200000001,
      "brl_g": 236.9002426121057,
      "chg_1h": 0,
      "chg_24h": -0.47138047138047134
    },
    "XCU": {
      "name": "Cobre",
      "usd_oz": 5.863438,
      "usd_g": 0.18851390915886293,
      "brl_oz": 29.231583805200003,
      "brl_g": 0.9398172427205953,
      "chg_1h": 0,
      "chg_24h": -0.06313124857042712
    }
  }
}
