{
  "timestamp": 1771264203,
  "usdToBrl": 5.2244,
  "metals": {
    "XAU": {
      "name": "Ouro",
      "usd_oz": 4992.399902,
      "usd_g": 160.50938401844516,
      "brl_oz": 26082.2940480088,
      "brl_g": 838.565225865965,
      "chg_1h": 0.06413266405317619,
      "chg_24h": -1.007302725169732
    },
    "XAG": {
      "name": "Prata",
      "usd_oz": 76.752998,
      "usd_g": 2.4676661870804106,
      "brl_oz": 400.98836275120004,
      "brl_g": 12.892075227782898,
      "chg_1h": 0.32416313930448504,
      "chg_24h": -1.0532448111383113
    },
    "XPT": {
      "name": "Platina",
      "usd_oz": 2046,
      "usd_g": 65.78042747941285,
      "brl_oz": 10689.1224,
      "brl_g": 343.6632653234445,
      "chg_1h": 0.29411764705882354,
      "chg_24h": -1.3024602026049203
    },
    "XPD": {
      "name": "Paládio",
      "usd_oz": 1743,
      "usd_g": 56.03875126911857,
      "brl_oz": 9106.1292,
      "brl_g": 292.7688521303831,
      "chg_1h": -0.796812749003984,
      "chg_24h": 1.4551804423748544
    },
    "XCU": {
      "name": "Cobre",
      "usd_oz": 5.768788,
      "usd_g": 0.18547084099614228,
      "brl_oz": 30.1384560272,
      "brl_g": 0.9689738617002458,
      "chg_1h": 0.01574235247612483,
      "chg_24h": -1.848093581388261
    }
  }
}
