{
  "timestamp": 1783550157,
  "usdToBrl": 5.1563,
  "metals": {
    "XAU": {
      "name": "Ouro",
      "usd_oz": 4077.600098,
      "usd_g": 131.09788735901063,
      "brl_oz": 21025.3293853174,
      "brl_g": 675.9800365892664,
      "chg_1h": 0.022080285790447504,
      "chg_24h": -0.5657361515603117
    },
    "XAG": {
      "name": "Prata",
      "usd_oz": 58.516998,
      "usd_g": 1.8813651726549105,
      "brl_oz": 301.7311967874,
      "brl_g": 9.700883239760515,
      "chg_1h": 0.22780042867566863,
      "chg_24h": -2.1356674939904896
    },
    "XPT": {
      "name": "Platina",
      "usd_oz": 1593,
      "usd_g": 51.216139283824376,
      "brl_oz": 8213.9859,
      "brl_g": 264.0857789891836,
      "chg_1h": 0.25173064820641916,
      "chg_24h": -2.9250457038391224
    },
    "XPD": {
      "name": "Paládio",
      "usd_oz": 1243,
      "usd_g": 39.96337798480458,
      "brl_oz": 6409.2809,
      "brl_g": 206.06316590304786,
      "chg_1h": 0.3228410008071025,
      "chg_24h": -3.268482490272374
    },
    "XCU": {
      "name": "Cobre",
      "usd_oz": 5.946369,
      "usd_g": 0.1911802027225458,
      "brl_oz": 30.6612624747,
      "brl_g": 0.9857824792982629,
      "chg_1h": 0,
      "chg_24h": -1.5017483762711115
    }
  }
}
