{
  "timestamp": 1773835127,
  "usdToBrl": 5.2089,
  "metals": {
    "XAU": {
      "name": "Ouro",
      "usd_oz": 4934.399902,
      "usd_g": 158.64464071746474,
      "brl_oz": 25702.7956495278,
      "brl_g": 826.3640690332021,
      "chg_1h": -0.40368158395785464,
      "chg_24h": -1.469650519169327
    },
    "XAG": {
      "name": "Prata",
      "usd_oz": 78.759003,
      "usd_g": 2.532160745450811,
      "brl_oz": 410.2477707267,
      "brl_g": 13.18977210697873,
      "chg_1h": -0.39583671079315735,
      "chg_24h": -2.4051971154348237
    },
    "XPT": {
      "name": "Platina",
      "usd_oz": 2093,
      "usd_g": 67.29151256813836,
      "brl_oz": 10902.2277,
      "brl_g": 350.5147598161759,
      "chg_1h": -0.19074868860276584,
      "chg_24h": -2.6058631921824107
    },
    "XPD": {
      "name": "Paládio",
      "usd_oz": 1609,
      "usd_g": 51.73055122892242,
      "brl_oz": 8381.1201,
      "brl_g": 269.459268296334,
      "chg_1h": -0.12414649286157665,
      "chg_24h": -2.1289537712895377
    },
    "XCU": {
      "name": "Cobre",
      "usd_oz": 5.72048,
      "usd_g": 0.183917702730905,
      "brl_oz": 29.797408272000002,
      "brl_g": 0.958008921755011,
      "chg_1h": -0.1530567095268512,
      "chg_24h": -0.8568919995798902
    }
  }
}
