{
  "timestamp": 1773877098,
  "usdToBrl": 5.2243,
  "metals": {
    "XAU": {
      "name": "Ouro",
      "usd_oz": 4838.299805,
      "usd_g": 155.55495085359718,
      "brl_oz": 25276.7296712615,
      "brl_g": 812.6657297444478,
      "chg_1h": 0.43384197752241205,
      "chg_24h": -3.2958982965501877
    },
    "XAG": {
      "name": "Prata",
      "usd_oz": 76.209,
      "usd_g": 2.45017624524857,
      "brl_oz": 398.13867870000007,
      "brl_g": 12.800455758052104,
      "chg_1h": 1.1292735707085282,
      "chg_24h": -3.8772462145950306
    },
    "XPT": {
      "name": "Platina",
      "usd_oz": 2043,
      "usd_g": 65.68397523970697,
      "brl_oz": 10673.244900000002,
      "brl_g": 343.15279184480113,
      "chg_1h": 0.5908419497784343,
      "chg_24h": -4.219409282700422
    },
    "XPD": {
      "name": "Paládio",
      "usd_oz": 1518,
      "usd_g": 48.804833291177275,
      "brl_oz": 7930.487400000001,
      "brl_g": 254.97109056309745,
      "chg_1h": 0.998003992015968,
      "chg_24h": -6.122448979591836
    },
    "XCU": {
      "name": "Cobre",
      "usd_oz": 5.634398,
      "usd_g": 0.18115010216478436,
      "brl_oz": 29.435785471400003,
      "brl_g": 0.946382478739483,
      "chg_1h": 0,
      "chg_24h": -2.2330212148380824
    }
  }
}
