{
  "timestamp": 1773394822,
  "usdToBrl": 5.1621,
  "metals": {
    "XAU": {
      "name": "Ouro",
      "usd_oz": 5090.799805,
      "usd_g": 163.67301436217573,
      "brl_oz": 26279.217673390496,
      "brl_g": 844.8964674389873,
      "chg_1h": 0.123902153604084,
      "chg_24h": -1.7485640698188376
    },
    "XAG": {
      "name": "Prata",
      "usd_oz": 82.898003,
      "usd_g": 2.665232685498362,
      "brl_oz": 427.9277812863,
      "brl_g": 13.758197645811094,
      "chg_1h": 0.001206316228349986,
      "chg_24h": -4.709465898863173
    },
    "XPT": {
      "name": "Platina",
      "usd_oz": 2080,
      "usd_g": 66.8735528627462,
      "brl_oz": 10737.168,
      "brl_g": 345.2079672327821,
      "chg_1h": 0,
      "chg_24h": -5.152758777929776
    },
    "XPD": {
      "name": "Paládio",
      "usd_oz": 1629,
      "usd_g": 52.373566160294985,
      "brl_oz": 8409.0609,
      "brl_g": 270.35758587605875,
      "chg_1h": 0.24615384615384617,
      "chg_24h": -3.5523978685612785
    },
    "XCU": {
      "name": "Cobre",
      "usd_oz": 5.820724,
      "usd_g": 0.18714062216993055,
      "brl_oz": 30.0471593604,
      "brl_g": 0.9660386057033984,
      "chg_1h": -0.007799108702731825,
      "chg_24h": -0.3674989224938418
    }
  }
}
