{
  "timestamp": 1773285917,
  "usdToBrl": 5.1711,
  "metals": {
    "XAU": {
      "name": "Ouro",
      "usd_oz": 5153.899902,
      "usd_g": 165.70172958927859,
      "brl_oz": 26651.3317832322,
      "brl_g": 856.8602138791185,
      "chg_1h": 0,
      "chg_24h": -1.0672828102505016
    },
    "XAG": {
      "name": "Prata",
      "usd_oz": 85.029999,
      "usd_g": 2.7337779485796907,
      "brl_oz": 439.69862782890004,
      "brl_g": 14.13663914990044,
      "chg_1h": 0,
      "chg_24h": -3.8665891644970807
    },
    "XPT": {
      "name": "Platina",
      "usd_oz": 2162,
      "usd_g": 69.5099140813737,
      "brl_oz": 11179.9182,
      "brl_g": 359.4427167061915,
      "chg_1h": 0,
      "chg_24h": -1.323596531264263
    },
    "XPD": {
      "name": "Paládio",
      "usd_oz": 1661,
      "usd_g": 53.40239005049108,
      "brl_oz": 8589.1971,
      "brl_g": 276.14909919009443,
      "chg_1h": 0,
      "chg_24h": -1.8901358535144714
    },
    "XCU": {
      "name": "Cobre",
      "usd_oz": 5.78111,
      "usd_g": 0.1858670024953609,
      "brl_oz": 29.894697921,
      "brl_g": 0.9611368566037607,
      "chg_1h": 0,
      "chg_24h": -1.693071236392291
    }
  }
}
