{
  "timestamp": 1777481749,
  "usdToBrl": 4.9854,
  "metals": {
    "XAU": {
      "name": "Ouro",
      "usd_oz": 4545.899902,
      "usd_g": 146.15407567555278,
      "brl_oz": 22663.1293714308,
      "brl_g": 728.6365288729008,
      "chg_1h": 0.1520137034589141,
      "chg_24h": -1.066399726763841
    },
    "XAG": {
      "name": "Prata",
      "usd_oz": 71.695,
      "usd_g": 2.305047775237783,
      "brl_oz": 357.428253,
      "brl_g": 11.491585178670444,
      "chg_1h": -0.006969316888539098,
      "chg_24h": -2.1776207174141486
    },
    "XPT": {
      "name": "Platina",
      "usd_oz": 1901,
      "usd_g": 61.118569226961796,
      "brl_oz": 9477.2454,
      "brl_g": 304.70051502409535,
      "chg_1h": 0.5288207297726071,
      "chg_24h": -2.8118609406952966
    },
    "XPD": {
      "name": "Paládio",
      "usd_oz": 1489,
      "usd_g": 47.872461640687064,
      "brl_oz": 7423.2606000000005,
      "brl_g": 238.6633702634813,
      "chg_1h": 0.7442489851150204,
      "chg_24h": 0.26936026936026936
    },
    "XCU": {
      "name": "Cobre",
      "usd_oz": 5.852854,
      "usd_g": 0.18817362565718054,
      "brl_oz": 29.178818331600002,
      "brl_g": 0.9381207933513079,
      "chg_1h": -0.18050843208371253,
      "chg_24h": -0.2435257234271903
    }
  }
}
