{
  "timestamp": 1775426508,
  "usdToBrl": 5.1818,
  "metals": {
    "XAU": {
      "name": "Ouro",
      "usd_oz": 4637.600098,
      "usd_g": 149.10230543744228,
      "brl_oz": 24031.1161878164,
      "brl_g": 772.6183263157384,
      "chg_1h": -0.8636148353997458,
      "chg_24h": -0.8636148353997458
    },
    "XAG": {
      "name": "Prata",
      "usd_oz": 72.688004,
      "usd_g": 2.336973595183417,
      "brl_oz": 376.65469912720005,
      "brl_g": 12.109729775521432,
      "chg_1h": -0.6329332390133489,
      "chg_24h": -0.6329332390133489
    },
    "XPT": {
      "name": "Platina",
      "usd_oz": 1965,
      "usd_g": 63.17621700735398,
      "brl_oz": 10182.237,
      "brl_g": 327.36652128870685,
      "chg_1h": -1.256281407035176,
      "chg_24h": -1.256281407035176
    },
    "XPD": {
      "name": "Paládio",
      "usd_oz": 1506,
      "usd_g": 48.41902433235374,
      "brl_oz": 7803.7908,
      "brl_g": 250.8977002853906,
      "chg_1h": -1.5686274509803921,
      "chg_24h": -1.5686274509803921
    },
    "XCU": {
      "name": "Cobre",
      "usd_oz": 5.523714,
      "usd_g": 0.17759152893158234,
      "brl_oz": 28.6227812052,
      "brl_g": 0.9202437846176733,
      "chg_1h": 0,
      "chg_24h": 0.2428346889380345
    }
  }
}
