{
  "timestamp": 1781202596,
  "usdToBrl": 5.1604,
  "metals": {
    "XAU": {
      "name": "Ouro",
      "usd_oz": 4153.399902,
      "usd_g": 133.5349076473663,
      "brl_oz": 21433.2048542808,
      "brl_g": 689.0935374234691,
      "chg_1h": 0,
      "chg_24h": 0.9650607754121897
    },
    "XAG": {
      "name": "Prata",
      "usd_oz": 66.033997,
      "usd_g": 2.1230423024605405,
      "brl_oz": 340.76183811880003,
      "brl_g": 10.955747497617374,
      "chg_1h": 0,
      "chg_24h": 2.011362169827538
    },
    "XPT": {
      "name": "Platina",
      "usd_oz": 1711,
      "usd_g": 55.00992737892248,
      "brl_oz": 8829.4444,
      "brl_g": 283.87322924619156,
      "chg_1h": 0,
      "chg_24h": 1.242603550295858
    },
    "XPD": {
      "name": "Paládio",
      "usd_oz": 1291,
      "usd_g": 41.50661382009872,
      "brl_oz": 6662.0764,
      "brl_g": 214.19072995723744,
      "chg_1h": 0,
      "chg_24h": 2.786624203821656
    },
    "XCU": {
      "name": "Cobre",
      "usd_oz": 6.0887,
      "usd_g": 0.1957562506324052,
      "brl_oz": 31.42012748,
      "brl_g": 1.0101805557634638,
      "chg_1h": 0,
      "chg_24h": -0.7214639226459887
    }
  }
}
