{
  "timestamp": 1773175999,
  "usdToBrl": 5.1779,
  "metals": {
    "XAU": {
      "name": "Ouro",
      "usd_oz": 5195,
      "usd_g": 167.02312842402236,
      "brl_oz": 26899.1905,
      "brl_g": 864.8290566667454,
      "chg_1h": 0.08669685001444948,
      "chg_24h": 1.1034816408498833
    },
    "XAG": {
      "name": "Prata",
      "usd_oz": 88.640999,
      "usd_g": 2.8498742944390063,
      "brl_oz": 458.9742287221,
      "brl_g": 14.756364109175731,
      "chg_1h": 0.3884595479555425,
      "chg_24h": 1.7517087011813897
    },
    "XPT": {
      "name": "Platina",
      "usd_oz": 2203,
      "usd_g": 70.82809469068744,
      "brl_oz": 11406.913700000001,
      "brl_g": 366.7407914989105,
      "chg_1h": 0.09086778736937755,
      "chg_24h": 0.6395614435815441
    },
    "XPD": {
      "name": "Paládio",
      "usd_oz": 1684,
      "usd_g": 54.14185722156952,
      "brl_oz": 8719.5836,
      "brl_g": 280.3411225075648,
      "chg_1h": 0.47732696897374705,
      "chg_24h": -1.6355140186915886
    },
    "XCU": {
      "name": "Cobre",
      "usd_oz": 5.886419,
      "usd_g": 0.18925276546575656,
      "brl_oz": 30.479288940100002,
      "brl_g": 0.9799318943051409,
      "chg_1h": 0,
      "chg_24h": 0.7257176923782517
    }
  }
}
