{
  "timestamp": 1784743075,
  "usdToBrl": 5.0797,
  "metals": {
    "XAU": {
      "name": "Ouro",
      "usd_oz": 4143.799805,
      "usd_g": 133.22625736168504,
      "brl_oz": 21049.2598694585,
      "brl_g": 676.7494195201515,
      "chg_1h": -0.09643666975388174,
      "chg_24h": 1.8508001720535738
    },
    "XAG": {
      "name": "Prata",
      "usd_oz": 60.118999,
      "usd_g": 1.932870700808599,
      "brl_oz": 305.38647922030003,
      "brl_g": 9.81840329889744,
      "chg_1h": -0.019959754203984405,
      "chg_24h": 2.163270194010297
    },
    "XPT": {
      "name": "Platina",
      "usd_oz": 1647,
      "usd_g": 52.95227959853028,
      "brl_oz": 8366.2659,
      "brl_g": 268.9816946766543,
      "chg_1h": 0,
      "chg_24h": 1.167076167076167
    },
    "XPD": {
      "name": "Paládio",
      "usd_oz": 1322,
      "usd_g": 42.50328696372619,
      "brl_oz": 6715.3634,
      "brl_g": 215.90394678963992,
      "chg_1h": -0.37678975131876413,
      "chg_24h": 1.2251148545176112
    },
    "XCU": {
      "name": "Cobre",
      "usd_oz": 6.261616,
      "usd_g": 0.20131562912606607,
      "brl_oz": 31.8071307952,
      "brl_g": 1.0226230012716777,
      "chg_1h": -0.043452316908831154,
      "chg_24h": -0.11697335550185578
    }
  }
}
