{
  "timestamp": 1779108963,
  "usdToBrl": 5.0324,
  "metals": {
    "XAU": {
      "name": "Ouro",
      "usd_oz": 4564.899902,
      "usd_g": 146.76493986035672,
      "brl_oz": 22972.4022668248,
      "brl_g": 738.5798833532591,
      "chg_1h": 0,
      "chg_24h": 0.5218820131755887
    },
    "XAG": {
      "name": "Prata",
      "usd_oz": 77.166,
      "usd_g": 2.480944509714747,
      "brl_oz": 388.33017839999997,
      "brl_g": 12.485105150688492,
      "chg_1h": 0,
      "chg_24h": 1.411445299974547
    },
    "XPT": {
      "name": "Platina",
      "usd_oz": 1977,
      "usd_g": 63.56202596617752,
      "brl_oz": 9949.0548,
      "brl_g": 319.8695394721918,
      "chg_1h": 0,
      "chg_24h": -0.603318250377074
    },
    "XPD": {
      "name": "Paládio",
      "usd_oz": 1430,
      "usd_g": 45.97556759313802,
      "brl_oz": 7196.332,
      "brl_g": 231.36744635570776,
      "chg_1h": 0,
      "chg_24h": -0.2789400278940028
    },
    "XCU": {
      "name": "Cobre",
      "usd_oz": 6.140204,
      "usd_g": 0.1974121426836758,
      "brl_oz": 30.8999626096,
      "brl_g": 0.99345686684133,
      "chg_1h": 0,
      "chg_24h": -1.4545404355179419
    }
  }
}
