{
  "timestamp": 1782329277,
  "usdToBrl": 5.1996,
  "metals": {
    "XAU": {
      "name": "Ouro",
      "usd_oz": 3982.100098,
      "usd_g": 128.02749106170666,
      "brl_oz": 20705.3276695608,
      "brl_g": 665.69174252445,
      "chg_1h": 0.050249992481470496,
      "chg_24h": -3.443175398891591
    },
    "XAG": {
      "name": "Prata",
      "usd_oz": 56.813999,
      "usd_g": 1.8266124833992836,
      "brl_oz": 295.4100692004,
      "brl_g": 9.497654268682915,
      "chg_1h": -0.9570629318038262,
      "chg_24h": -8.192747853932323
    },
    "XPT": {
      "name": "Platina",
      "usd_oz": 1578,
      "usd_g": 50.733878085294954,
      "brl_oz": 8204.9688,
      "brl_g": 263.7958724922997,
      "chg_1h": 0.19047619047619047,
      "chg_24h": -5.282112845138055
    },
    "XPD": {
      "name": "Paládio",
      "usd_oz": 1180,
      "usd_g": 37.93788095098102,
      "brl_oz": 6135.528,
      "brl_g": 197.2618057927209,
      "chg_1h": 0.2548853016142736,
      "chg_24h": -5.9760956175298805
    },
    "XCU": {
      "name": "Cobre",
      "usd_oz": 6.066279,
      "usd_g": 0.19503539874358997,
      "brl_oz": 31.5422242884,
      "brl_g": 1.0141060593071705,
      "chg_1h": 2.16459060004369,
      "chg_24h": -0.20734072361650166
    }
  }
}
