{
  "timestamp": 1771395183,
  "usdToBrl": 5.2248,
  "metals": {
    "XAU": {
      "name": "Ouro",
      "usd_oz": 4929.100098,
      "usd_g": 158.47424806219735,
      "brl_oz": 25753.5621920304,
      "brl_g": 827.9962512753688,
      "chg_1h": -0.1539509530616829,
      "chg_24h": 0.7583830335241187
    },
    "XAG": {
      "name": "Prata",
      "usd_oz": 75.538002,
      "usd_g": 2.4286031586025136,
      "brl_oz": 394.67095284960004,
      "brl_g": 12.688965783066413,
      "chg_1h": -0.6862950482854171,
      "chg_24h": 1.2166756485331265
    },
    "XPT": {
      "name": "Platina",
      "usd_oz": 2052,
      "usd_g": 65.97333195882462,
      "brl_oz": 10721.2896,
      "brl_g": 344.69746481846687,
      "chg_1h": -0.6295399515738499,
      "chg_24h": 2.293120638085743
    },
    "XPD": {
      "name": "Paládio",
      "usd_oz": 1739,
      "usd_g": 55.91014828284406,
      "brl_oz": 9085.9272,
      "brl_g": 292.1193427482037,
      "chg_1h": -0.5717552887364208,
      "chg_24h": 1.5178050204319906
    },
    "XCU": {
      "name": "Cobre",
      "usd_oz": 5.73114,
      "usd_g": 0.18426042968932657,
      "brl_oz": 29.944060272,
      "brl_g": 0.9627238930407935,
      "chg_1h": -0.26836915707165515,
      "chg_24h": -0.626569631833121
    }
  }
}
