{
  "timestamp": 1772052757,
  "usdToBrl": 5.1287,
  "metals": {
    "XAU": {
      "name": "Ouro",
      "usd_oz": 5177.700195,
      "usd_g": 166.46692677778069,
      "brl_oz": 26554.870990096504,
      "brl_g": 853.7589273652038,
      "chg_1h": -0.3981938171404606,
      "chg_24h": 0.20708718792336653
    },
    "XAG": {
      "name": "Prata",
      "usd_oz": 89.390999,
      "usd_g": 2.873987354365477,
      "brl_oz": 458.4596165713,
      "brl_g": 14.739818944334223,
      "chg_1h": -1.7454545222723734,
      "chg_24h": 2.148297879162655
    },
    "XPT": {
      "name": "Platina",
      "usd_oz": 2300,
      "usd_g": 73.94671710784435,
      "brl_oz": 11796.01,
      "brl_g": 379.25052803100135,
      "chg_1h": -1.0327022375215147,
      "chg_24h": 5.40788267644363
    },
    "XPD": {
      "name": "Paládio",
      "usd_oz": 1817,
      "usd_g": 58.41790651519704,
      "brl_oz": 9318.8479,
      "brl_g": 299.60791714449107,
      "chg_1h": -0.21965952773201539,
      "chg_24h": 0.6648199445983379
    },
    "XCU": {
      "name": "Cobre",
      "usd_oz": 5.905218,
      "usd_g": 0.18985716735050018,
      "brl_oz": 30.2860915566,
      "brl_g": 0.9737204541905103,
      "chg_1h": 0,
      "chg_24h": 0.7361570941565884
    }
  }
}
