{
  "timestamp": 1783473095,
  "usdToBrl": 5.1413,
  "metals": {
    "XAU": {
      "name": "Ouro",
      "usd_oz": 4106.100098,
      "usd_g": 132.0141836362165,
      "brl_oz": 21110.692433847402,
      "brl_g": 678.72452232888,
      "chg_1h": 0.07311544754811877,
      "chg_24h": -0.8762988812952184
    },
    "XAG": {
      "name": "Prata",
      "usd_oz": 60.091999,
      "usd_g": 1.9320026306512461,
      "brl_oz": 308.9509944587,
      "brl_g": 9.933005124967252,
      "chg_1h": 0.2134580712851333,
      "chg_24h": -2.0249796197867447
    },
    "XPT": {
      "name": "Platina",
      "usd_oz": 1631,
      "usd_g": 52.437867653432235,
      "brl_oz": 8385.4603,
      "brl_g": 269.59880896659115,
      "chg_1h": -0.6093845216331505,
      "chg_24h": 0.12277470841006752
    },
    "XPD": {
      "name": "Paládio",
      "usd_oz": 1278,
      "usd_g": 41.08865411470656,
      "brl_oz": 6570.5814,
      "brl_g": 211.24909739994084,
      "chg_1h": -0.6220839813374806,
      "chg_24h": -0.8533747090768037
    },
    "XCU": {
      "name": "Cobre",
      "usd_oz": 6.024387,
      "usd_g": 0.19368853966833702,
      "brl_oz": 30.9731808831,
      "brl_g": 0.9958108889968211,
      "chg_1h": -0.20942417049442755,
      "chg_24h": -0.11657291867352673
    }
  }
}
