{
  "timestamp": 1773315526,
  "usdToBrl": 5.1711,
  "metals": {
    "XAU": {
      "name": "Ouro",
      "usd_oz": 5177,
      "usd_g": 166.44441498578706,
      "brl_oz": 26770.7847,
      "brl_g": 860.7007143330035,
      "chg_1h": -0.1215404324851638,
      "chg_24h": -0.1947156948811187
    },
    "XAG": {
      "name": "Prata",
      "usd_oz": 87.042999,
      "usd_g": 2.7984974014223387,
      "brl_oz": 450.1080521289,
      "brl_g": 14.471309912495055,
      "chg_1h": -0.3115192049128192,
      "chg_24h": 0.4338433313717944
    },
    "XPT": {
      "name": "Platina",
      "usd_oz": 2205,
      "usd_g": 70.8923961838247,
      "brl_oz": 11402.2755,
      "brl_g": 366.5916699061759,
      "chg_1h": 0.36413290851160673,
      "chg_24h": 1.1932078935291417
    },
    "XPD": {
      "name": "Paládio",
      "usd_oz": 1693,
      "usd_g": 54.43121394068717,
      "brl_oz": 8754.6723,
      "brl_g": 281.46925040868746,
      "chg_1h": 0.35566093657379966,
      "chg_24h": 1.865222623345367
    },
    "XCU": {
      "name": "Cobre",
      "usd_oz": 5.838112,
      "usd_g": 0.18769965935126584,
      "brl_oz": 30.1894609632,
      "brl_g": 0.9706137084713308,
      "chg_1h": -0.010361865457774178,
      "chg_24h": 0.655610968527009
    }
  }
}
