{
  "timestamp": 1781121264,
  "usdToBrl": 5.1907,
  "metals": {
    "XAU": {
      "name": "Ouro",
      "usd_oz": 4089.5,
      "usd_g": 131.48047809240413,
      "brl_oz": 21227.36765,
      "brl_g": 682.4757176342421,
      "chg_1h": 0,
      "chg_24h": -3.9888225080773387
    },
    "XAG": {
      "name": "Prata",
      "usd_oz": 64.139999,
      "usd_g": 2.062148852761052,
      "brl_oz": 332.9314928093,
      "brl_g": 10.703996050026792,
      "chg_1h": 0,
      "chg_24h": -1.9356007686022827
    },
    "XPT": {
      "name": "Platina",
      "usd_oz": 1680,
      "usd_g": 54.01325423529501,
      "brl_oz": 8720.376,
      "brl_g": 280.3665987591458,
      "chg_1h": 0,
      "chg_24h": -3.0023094688221708
    },
    "XPD": {
      "name": "Paládio",
      "usd_oz": 1247,
      "usd_g": 40.091980971079096,
      "brl_oz": 6472.8029,
      "brl_g": 208.10544562658023,
      "chg_1h": 0,
      "chg_24h": -0.4788507581803671
    },
    "XCU": {
      "name": "Cobre",
      "usd_oz": 6.17529,
      "usd_g": 0.1985401837777827,
      "brl_oz": 32.054077803,
      "brl_g": 1.0305625319353366,
      "chg_1h": 0,
      "chg_24h": -2.061139526584983
    }
  }
}
