{
  "timestamp": 1775663459,
  "usdToBrl": 5.0818,
  "metals": {
    "XAU": {
      "name": "Ouro",
      "usd_oz": 4759.899902,
      "usd_g": 153.03433544123916,
      "brl_oz": 24188.859321983604,
      "brl_g": 777.6898858452893,
      "chg_1h": -0.49960081889337216,
      "chg_24h": 2.3480272307684147
    },
    "XAG": {
      "name": "Prata",
      "usd_oz": 75.68,
      "usd_g": 2.4331685003137657,
      "brl_oz": 384.59062400000005,
      "brl_g": 12.364875684894496,
      "chg_1h": -1.1106742599068855,
      "chg_24h": 6.162409436682319
    },
    "XPT": {
      "name": "Platina",
      "usd_oz": 2055,
      "usd_g": 66.0697841985305,
      "brl_oz": 10443.099,
      "brl_g": 335.75342934009234,
      "chg_1h": -0.5805515239477503,
      "chg_24h": 6.476683937823833
    },
    "XPD": {
      "name": "Paládio",
      "usd_oz": 1603,
      "usd_g": 51.53764674951066,
      "brl_oz": 8146.125400000001,
      "brl_g": 261.9040132516633,
      "chg_1h": -1.596071209330878,
      "chg_24h": 9.869773817683344
    },
    "XCU": {
      "name": "Cobre",
      "usd_oz": 5.657355,
      "usd_g": 0.18188818685376035,
      "brl_oz": 28.749546639000002,
      "brl_g": 0.9243193879534394,
      "chg_1h": -0.1561010906780557,
      "chg_24h": 2.7149393562354343
    }
  }
}
