{
  "timestamp": 1775561536,
  "usdToBrl": 5.1818,
  "metals": {
    "XAU": {
      "name": "Ouro",
      "usd_oz": 4652.100098,
      "usd_g": 149.5684912626874,
      "brl_oz": 24106.252287816398,
      "brl_g": 775.0340080249935,
      "chg_1h": -0.3555614262354762,
      "chg_24h": -0.8165573256060549
    },
    "XAG": {
      "name": "Prata",
      "usd_oz": 72.149002,
      "usd_g": 2.3196442784814333,
      "brl_oz": 373.8616985636,
      "brl_g": 12.01993272223509,
      "chg_1h": -0.5568329282478597,
      "chg_24h": -1.6722048309011743
    },
    "XPT": {
      "name": "Platina",
      "usd_oz": 1954,
      "usd_g": 62.82255879509908,
      "brl_oz": 10125.2372,
      "brl_g": 325.5339351644444,
      "chg_1h": -0.8121827411167513,
      "chg_24h": -2.73768043802887
    },
    "XPD": {
      "name": "Paládio",
      "usd_oz": 1488,
      "usd_g": 47.84031089411844,
      "brl_oz": 7710.5184,
      "brl_g": 247.8989229911429,
      "chg_1h": -1.0638297872340425,
      "chg_24h": -2.6178010471204187
    },
    "XCU": {
      "name": "Cobre",
      "usd_oz": 5.495196,
      "usd_g": 0.1766746539409382,
      "brl_oz": 28.4750066328,
      "brl_g": 0.9154927217911536,
      "chg_1h": -0.36597652999855634,
      "chg_24h": -0.5162830660675054
    }
  }
}
