{
  "timestamp": 1772061402,
  "usdToBrl": 5.1287,
  "metals": {
    "XAU": {
      "name": "Ouro",
      "usd_oz": 5172.100098,
      "usd_g": 166.28687947837395,
      "brl_oz": 26526.1497726126,
      "brl_g": 852.8355187807365,
      "chg_1h": 0.03868397056323299,
      "chg_24h": 0.6754427660282183
    },
    "XAG": {
      "name": "Prata",
      "usd_oz": 89.259003,
      "usd_g": 2.8697435844214048,
      "brl_oz": 457.78264868610006,
      "brl_g": 14.71805392142206,
      "chg_1h": -0.1610650649307057,
      "chg_24h": 2.536444066014969
    },
    "XPT": {
      "name": "Platina",
      "usd_oz": 2297,
      "usd_g": 73.85026486813847,
      "brl_oz": 11780.6239,
      "brl_g": 378.75585342922176,
      "chg_1h": 0,
      "chg_24h": 5.803777061262092
    },
    "XPD": {
      "name": "Paládio",
      "usd_oz": 1804,
      "usd_g": 57.999946809804875,
      "brl_oz": 9252.1748,
      "brl_g": 297.46432720344626,
      "chg_1h": 0,
      "chg_24h": -0.11074197120708748
    },
    "XCU": {
      "name": "Cobre",
      "usd_oz": 5.905218,
      "usd_g": 0.18985716735050018,
      "brl_oz": 30.2860915566,
      "brl_g": 0.9737204541905103,
      "chg_1h": 0,
      "chg_24h": 0.7361570941565884
    }
  }
}
