{
  "timestamp": 1775576840,
  "usdToBrl": 5.1489,
  "metals": {
    "XAU": {
      "name": "Ouro",
      "usd_oz": 4650.700195,
      "usd_g": 149.52348333611374,
      "brl_oz": 23945.990234035504,
      "brl_g": 769.881463349316,
      "chg_1h": 0.5600326736737677,
      "chg_24h": -0.38980717903597845
    },
    "XAG": {
      "name": "Prata",
      "usd_oz": 71.287003,
      "usd_g": 2.2919303670900226,
      "brl_oz": 367.0496497467,
      "brl_g": 11.800920267109818,
      "chg_1h": 1.0274751865012508,
      "chg_24h": -1.7544033008380109
    },
    "XPT": {
      "name": "Platina",
      "usd_oz": 1930,
      "usd_g": 62.05094087745201,
      "brl_oz": 9937.377,
      "brl_g": 319.49408948391266,
      "chg_1h": 0.2597402597402597,
      "chg_24h": -2.3773394031360646
    },
    "XPD": {
      "name": "Paládio",
      "usd_oz": 1459,
      "usd_g": 46.90793924362823,
      "brl_oz": 7512.2451,
      "brl_g": 241.5242883715174,
      "chg_1h": -0.6130790190735695,
      "chg_24h": -3.0564784053156147
    },
    "XCU": {
      "name": "Cobre",
      "usd_oz": 5.507821,
      "usd_g": 0.17708055711636714,
      "brl_oz": 28.3592195469,
      "brl_g": 0.9117700805364628,
      "chg_1h": 0.08655187715629434,
      "chg_24h": -0.28772307907324957
    }
  }
}
