{
  "timestamp": 1777025378,
  "usdToBrl": 4.963,
  "metals": {
    "XAU": {
      "name": "Ouro",
      "usd_oz": 4684.399902,
      "usd_g": 150.60695407530775,
      "brl_oz": 23248.676713626002,
      "brl_g": 747.4623130757524,
      "chg_1h": -0.08745010131171779,
      "chg_24h": -0.29584963873967896
    },
    "XAG": {
      "name": "Prata",
      "usd_oz": 74.846001,
      "usd_g": 2.4063548098262766,
      "brl_oz": 371.460702963,
      "brl_g": 11.94273892116781,
      "chg_1h": 0.03207880078156674,
      "chg_24h": -0.9095309696237706
    },
    "XPT": {
      "name": "Platina",
      "usd_oz": 1977,
      "usd_g": 63.56202596617752,
      "brl_oz": 9811.851,
      "brl_g": 315.458334870139,
      "chg_1h": -0.20191822311963653,
      "chg_24h": -2.225519287833828
    },
    "XPD": {
      "name": "Paládio",
      "usd_oz": 1496,
      "usd_g": 48.09751686666746,
      "brl_oz": 7424.648,
      "brl_g": 238.7079762092706,
      "chg_1h": -0.20013342228152103,
      "chg_24h": -1.7082785808147174
    },
    "XCU": {
      "name": "Cobre",
      "usd_oz": 5.95083,
      "usd_g": 0.19132362720298846,
      "brl_oz": 29.533969289999998,
      "brl_g": 0.9495391618084317,
      "chg_1h": -0.13319869697875555,
      "chg_24h": -1.623433303047505
    }
  }
}
