{
  "timestamp": 1780596176,
  "usdToBrl": 5.0645,
  "metals": {
    "XAU": {
      "name": "Ouro",
      "usd_oz": 4479.299805,
      "usd_g": 144.01283283545973,
      "brl_oz": 22685.413862422498,
      "brl_g": 729.3529918951858,
      "chg_1h": 0,
      "chg_24h": 0.6991504122264286
    },
    "XAG": {
      "name": "Prata",
      "usd_oz": 74.093002,
      "usd_g": 2.382145329810846,
      "brl_oz": 375.24400862899995,
      "brl_g": 12.06437502282703,
      "chg_1h": 0,
      "chg_24h": 0.4773531879423945
    },
    "XPT": {
      "name": "Platina",
      "usd_oz": 1902,
      "usd_g": 61.15071997353042,
      "brl_oz": 9632.679,
      "brl_g": 309.6978213059448,
      "chg_1h": 0,
      "chg_24h": 1.1702127659574468
    },
    "XPD": {
      "name": "Paládio",
      "usd_oz": 1342,
      "usd_g": 43.14630189509875,
      "brl_oz": 6796.558999999999,
      "brl_g": 218.5144459477276,
      "chg_1h": 0,
      "chg_24h": -0.1488095238095238
    },
    "XCU": {
      "name": "Cobre",
      "usd_oz": 6.317105,
      "usd_g": 0.20309964190241264,
      "brl_oz": 31.992978272499997,
      "brl_g": 1.0285981364147687,
      "chg_1h": 0,
      "chg_24h": 0.771816009706594
    }
  }
}
