{
  "timestamp": 1774849169,
  "usdToBrl": 5.2561,
  "metals": {
    "XAU": {
      "name": "Ouro",
      "usd_oz": 4508.899902,
      "usd_g": 144.96449805251353,
      "brl_oz": 23699.2287749022,
      "brl_g": 761.9478982138164,
      "chg_1h": 0,
      "chg_24h": 0.3092303003337066
    },
    "XAG": {
      "name": "Prata",
      "usd_oz": 70.339996,
      "usd_g": 2.261483385034306,
      "brl_oz": 369.7140529756,
      "brl_g": 11.886582820078814,
      "chg_1h": 0,
      "chg_24h": 0.6669075669503917
    },
    "XPT": {
      "name": "Platina",
      "usd_oz": 1925,
      "usd_g": 61.890187144608866,
      "brl_oz": 10117.9925,
      "brl_g": 325.30101265077866,
      "chg_1h": 0,
      "chg_24h": 2.776294714361986
    },
    "XPD": {
      "name": "Paládio",
      "usd_oz": 1445,
      "usd_g": 46.45782879166743,
      "brl_oz": 7595.0645,
      "brl_g": 244.18699391188318,
      "chg_1h": 0,
      "chg_24h": 2.993585174625802
    },
    "XCU": {
      "name": "Cobre",
      "usd_oz": 5.48688,
      "usd_g": 0.17640728833247352,
      "brl_oz": 28.839589968000002,
      "brl_g": 0.927214348204314,
      "chg_1h": 0,
      "chg_24h": 0.0013851415140756801
    }
  }
}
