{
  "timestamp": 1777970287,
  "usdToBrl": 4.9661,
  "metals": {
    "XAU": {
      "name": "Ouro",
      "usd_oz": 4553.5,
      "usd_g": 146.3984245002475,
      "brl_oz": 22613.13635,
      "brl_g": 727.0292159106791,
      "chg_1h": 0,
      "chg_24h": -0.6436831769583242
    },
    "XAG": {
      "name": "Prata",
      "usd_oz": 73.616997,
      "usd_g": 2.3668414136904463,
      "brl_oz": 365.5893688017,
      "brl_g": 11.753971144528125,
      "chg_1h": 0,
      "chg_24h": -1.3719028599818124
    },
    "XPT": {
      "name": "Platina",
      "usd_oz": 1989,
      "usd_g": 63.947834925001054,
      "brl_oz": 9877.5729,
      "brl_g": 317.5713430210477,
      "chg_1h": 0,
      "chg_24h": 0.8109477952356817
    },
    "XPD": {
      "name": "Paládio",
      "usd_oz": 1525,
      "usd_g": 49.02988851715767,
      "brl_oz": 7573.3025,
      "brl_g": 243.48732936505672,
      "chg_1h": 0,
      "chg_24h": 0.9265387160820648
    },
    "XCU": {
      "name": "Cobre",
      "usd_oz": 5.87765,
      "usd_g": 0.18897083556909625,
      "brl_oz": 29.188997665,
      "brl_g": 0.9384480665196888,
      "chg_1h": 0,
      "chg_24h": 0.04073013316693457
    }
  }
}
