{
  "timestamp": 1778535890,
  "usdToBrl": 4.9019,
  "metals": {
    "XAU": {
      "name": "Ouro",
      "usd_oz": 4736.5,
      "usd_g": 152.28201112230644,
      "brl_oz": 23217.84935,
      "brl_g": 746.4711903204341,
      "chg_1h": 0.012671255989732044,
      "chg_24h": 0.4410756439108116
    },
    "XAG": {
      "name": "Prata",
      "usd_oz": 86.226997,
      "usd_g": 2.772262327920845,
      "brl_oz": 422.6761165943,
      "brl_g": 13.589352705235191,
      "chg_1h": 0.3001023554978502,
      "chg_24h": 7.156875847370982
    },
    "XPT": {
      "name": "Platina",
      "usd_oz": 2139,
      "usd_g": 68.77044691029525,
      "brl_oz": 10485.1641,
      "brl_g": 337.1058537095763,
      "chg_1h": 0.18735362997658078,
      "chg_24h": 3.483309143686502
    },
    "XPD": {
      "name": "Paládio",
      "usd_oz": 1533,
      "usd_g": 49.287094489706696,
      "brl_oz": 7514.612700000001,
      "brl_g": 241.60040847909326,
      "chg_1h": 0,
      "chg_24h": 1.054713249835201
    },
    "XCU": {
      "name": "Cobre",
      "usd_oz": 6.253536,
      "usd_g": 0.20105585109379157,
      "brl_oz": 30.654208118400003,
      "brl_g": 0.985555676476657,
      "chg_1h": 0,
      "chg_24h": 1.884614200289
    }
  }
}
