{
  "timestamp": 1771951473,
  "usdToBrl": 5.1769,
  "metals": {
    "XAU": {
      "name": "Ouro",
      "usd_oz": 5146.899902,
      "usd_g": 165.4766743632982,
      "brl_oz": 26644.9861026638,
      "brl_g": 856.6561955113584,
      "chg_1h": 0.04275675776282551,
      "chg_24h": -1.390939706868472
    },
    "XAG": {
      "name": "Prata",
      "usd_oz": 87.973999,
      "usd_g": 2.8284297464777315,
      "brl_oz": 455.4325954231,
      "brl_g": 14.642497954540568,
      "chg_1h": 0.11493632725711067,
      "chg_24h": 0.49232948942040655
    },
    "XPT": {
      "name": "Platina",
      "usd_oz": 2158,
      "usd_g": 69.38131109509918,
      "brl_oz": 11171.7502,
      "brl_g": 359.1801094082189,
      "chg_1h": -0.27726432532347506,
      "chg_24h": 0.18570102135561745
    },
    "XPD": {
      "name": "Paládio",
      "usd_oz": 1789,
      "usd_g": 57.51768561127546,
      "brl_oz": 9261.4741,
      "brl_g": 297.7633066410119,
      "chg_1h": 0.5621135469364812,
      "chg_24h": 0.8455467869222096
    },
    "XCU": {
      "name": "Cobre",
      "usd_oz": 5.873114,
      "usd_g": 0.18882499978266096,
      "brl_oz": 30.404523866599998,
      "brl_g": 0.9775281413748574,
      "chg_1h": 0.10049055617159446,
      "chg_24h": 1.8885711450505673
    }
  }
}
