{
  "timestamp": 1772826166,
  "usdToBrl": 5.2765,
  "metals": {
    "XAU": {
      "name": "Ouro",
      "usd_oz": 5162.600098,
      "usd_g": 165.981447385972,
      "brl_oz": 27240.459417097,
      "brl_g": 875.8011071320813,
      "chg_1h": -0.021304432063381246,
      "chg_24h": 2.013553442677304
    },
    "XAG": {
      "name": "Prata",
      "usd_oz": 84.482002,
      "usd_g": 2.716159435912322,
      "brl_oz": 445.769283553,
      "brl_g": 14.331815263591368,
      "chg_1h": -0.11586663239851777,
      "chg_24h": 4.4354403701921115
    },
    "XPT": {
      "name": "Platina",
      "usd_oz": 2154,
      "usd_g": 69.25270810882468,
      "brl_oz": 11365.581,
      "brl_g": 365.41191433621344,
      "chg_1h": 0.046446818392940084,
      "chg_24h": 1.9403691433980124
    },
    "XPD": {
      "name": "Paládio",
      "usd_oz": 1663,
      "usd_g": 53.466691543628336,
      "brl_oz": 8774.819500000001,
      "brl_g": 282.11699792995495,
      "chg_1h": -0.5382775119617225,
      "chg_24h": 1.094224924012158
    },
    "XCU": {
      "name": "Cobre",
      "usd_oz": 5.796064,
      "usd_g": 0.1863477847595482,
      "brl_oz": 30.582931696000003,
      "brl_g": 0.9832640862837561,
      "chg_1h": -0.06803436545799067,
      "chg_24h": -0.3086853464845438
    }
  }
}
