{
  "timestamp": 1773295344,
  "usdToBrl": 5.1711,
  "metals": {
    "XAU": {
      "name": "Ouro",
      "usd_oz": 5156.899902,
      "usd_g": 165.79818182898447,
      "brl_oz": 26666.8450832322,
      "brl_g": 857.3589780558616,
      "chg_1h": 0.21960128624049596,
      "chg_24h": -0.9069809402424714
    },
    "XAG": {
      "name": "Prata",
      "usd_oz": 85.470001,
      "usd_g": 2.74792434137138,
      "brl_oz": 441.97392217109996,
      "brl_g": 14.209791561665542,
      "chg_1h": 0.984203114663761,
      "chg_24h": -2.8849343969957375
    },
    "XPT": {
      "name": "Platina",
      "usd_oz": 2163,
      "usd_g": 69.54206482794233,
      "brl_oz": 11185.0893,
      "brl_g": 359.60897143177255,
      "chg_1h": 0.46446818392940087,
      "chg_24h": -1.2779552715654952
    },
    "XPD": {
      "name": "Paládio",
      "usd_oz": 1660,
      "usd_g": 53.370239303922446,
      "brl_oz": 8584.026,
      "brl_g": 275.98284446451333,
      "chg_1h": 0.3021148036253776,
      "chg_24h": -1.8912529550827424
    },
    "XCU": {
      "name": "Cobre",
      "usd_oz": 5.816113,
      "usd_g": 0.18699237507750258,
      "brl_oz": 30.0757019343,
      "brl_g": 0.9669562707632736,
      "chg_1h": 0.14841169013690736,
      "chg_24h": -0.5133656909491355
    }
  }
}
