{
  "timestamp": 1775738813,
  "usdToBrl": 5.0818,
  "metals": {
    "XAU": {
      "name": "Ouro",
      "usd_oz": 4745.200195,
      "usd_g": 152.5617288868491,
      "brl_oz": 24114.158350951002,
      "brl_g": 775.2881938571898,
      "chg_1h": -0.03580667456846159,
      "chg_24h": -1.0757090580727147
    },
    "XAG": {
      "name": "Prata",
      "usd_oz": 74.417,
      "usd_g": 2.3925621073975885,
      "brl_oz": 378.17231060000006,
      "brl_g": 12.158522117373066,
      "chg_1h": -0.010753106721409474,
      "chg_24h": -3.885053772616583
    },
    "XPT": {
      "name": "Platina",
      "usd_oz": 2051,
      "usd_g": 65.94118121225598,
      "brl_oz": 10422.7718,
      "brl_g": 335.09989468444246,
      "chg_1h": 0.04878048780487805,
      "chg_24h": -1.5362457993278924
    },
    "XPD": {
      "name": "Paládio",
      "usd_oz": 1587,
      "usd_g": 51.02323480441261,
      "brl_oz": 8064.8166,
      "brl_g": 259.289874629064,
      "chg_1h": -0.6261740763932373,
      "chg_24h": -2.3985239852398523
    },
    "XCU": {
      "name": "Cobre",
      "usd_oz": 5.645713,
      "usd_g": 0.18151388786220837,
      "brl_oz": 28.6903843234,
      "brl_g": 0.9224172753381705,
      "chg_1h": 0.06029444318116213,
      "chg_24h": -0.24577608791257105
    }
  }
}
