{
  "timestamp": 1779838840,
  "usdToBrl": 5.0201,
  "metals": {
    "XAU": {
      "name": "Ouro",
      "usd_oz": 4516.700195,
      "usd_g": 145.2152832959176,
      "brl_oz": 22674.286648919504,
      "brl_g": 728.995243673836,
      "chg_1h": 0.2263440585820559,
      "chg_24h": -0.9408698587145162
    },
    "XAG": {
      "name": "Prata",
      "usd_oz": 77.407997,
      "usd_g": 2.488724893932115,
      "brl_oz": 388.5958857397,
      "brl_g": 12.493647840028611,
      "chg_1h": 0.28371139863018446,
      "chg_24h": -0.41169207023308135
    },
    "XPT": {
      "name": "Platina",
      "usd_oz": 1972,
      "usd_g": 63.40127223333438,
      "brl_oz": 9899.637200000001,
      "brl_g": 318.28072673856195,
      "chg_1h": 0.3051881993896236,
      "chg_24h": 0.20325203252032523
    },
    "XPD": {
      "name": "Paládio",
      "usd_oz": 1413,
      "usd_g": 45.42900490147134,
      "brl_oz": 7093.4013,
      "brl_g": 228.05814750587626,
      "chg_1h": 0.35511363636363635,
      "chg_24h": 0.2127659574468085
    },
    "XCU": {
      "name": "Cobre",
      "usd_oz": 6.142698,
      "usd_g": 0.19749232664561797,
      "brl_oz": 30.836958229800004,
      "brl_g": 0.9914312289936669,
      "chg_1h": 0,
      "chg_24h": 0.25414851922419396
    }
  }
}
