{
  "timestamp": 1773728057,
  "usdToBrl": 5.2703,
  "metals": {
    "XAU": {
      "name": "Ouro",
      "usd_oz": 5013,
      "usd_g": 161.17169254853206,
      "brl_oz": 26420.013899999998,
      "brl_g": 849.4231712385285,
      "chg_1h": -0.44682752457551383,
      "chg_24h": 0.12582748626113113
    },
    "XAG": {
      "name": "Prata",
      "usd_oz": 80.983002,
      "usd_g": 2.603663973668693,
      "brl_oz": 426.8047154406,
      "brl_g": 13.72209024042611,
      "chg_1h": -1.6599830397081496,
      "chg_24h": 1.4544900084499184
    },
    "XPT": {
      "name": "Platina",
      "usd_oz": 2138,
      "usd_g": 68.73829616372663,
      "brl_oz": 11267.901399999999,
      "brl_g": 362.27144227168844,
      "chg_1h": -1.6559337626494939,
      "chg_24h": 3.988326848249027
    },
    "XPD": {
      "name": "Paládio",
      "usd_oz": 1630,
      "usd_g": 52.40571690686361,
      "brl_oz": 8590.589,
      "brl_g": 276.19384981424326,
      "chg_1h": -1.0922330097087378,
      "chg_24h": 2.644836272040302
    },
    "XCU": {
      "name": "Cobre",
      "usd_oz": 5.796381,
      "usd_g": 0.18635797654621045,
      "brl_oz": 30.5486667843,
      "brl_g": 0.9821624437914929,
      "chg_1h": -0.3651661975462388,
      "chg_24h": -0.1445706834703051
    }
  }
}
