{
  "timestamp": 1774600487,
  "usdToBrl": 5.2366,
  "metals": {
    "XAU": {
      "name": "Ouro",
      "usd_oz": 4436.200195,
      "usd_g": 142.62714819714304,
      "brl_oz": 23230.605941137004,
      "brl_g": 746.8813242491593,
      "chg_1h": -0.2944195845215538,
      "chg_24h": 0
    },
    "XAG": {
      "name": "Prata",
      "usd_oz": 69.196999,
      "usd_g": 2.224735178158604,
      "brl_oz": 362.3570049634,
      "brl_g": 11.650048233945347,
      "chg_1h": -0.8298010658420917,
      "chg_24h": 1.0750646510431496
    },
    "XPT": {
      "name": "Platina",
      "usd_oz": 1871,
      "usd_g": 60.15404682990295,
      "brl_oz": 9797.678600000001,
      "brl_g": 315.0026816294698,
      "chg_1h": -0.7427055702917772,
      "chg_24h": -0.5844845908607864
    },
    "XPD": {
      "name": "Paládio",
      "usd_oz": 1404,
      "usd_g": 45.13964818235369,
      "brl_oz": 7352.1864000000005,
      "brl_g": 236.37828167171332,
      "chg_1h": -1.0570824524312896,
      "chg_24h": -0.425531914893617
    },
    "XCU": {
      "name": "Cobre",
      "usd_oz": 5.493684,
      "usd_g": 0.17662604201212645,
      "brl_oz": 28.7682256344,
      "brl_g": 0.9249199316007014,
      "chg_1h": -0.03988445154148259,
      "chg_24h": 0.4825782378870775
    }
  }
}
