{
  "timestamp": 1778129213,
  "usdToBrl": 4.9092,
  "metals": {
    "XAU": {
      "name": "Ouro",
      "usd_oz": 4700,
      "usd_g": 151.1085088725515,
      "brl_oz": 23073.24,
      "brl_g": 741.82189175713,
      "chg_1h": 0,
      "chg_24h": 1.1840688912809472
    },
    "XAG": {
      "name": "Prata",
      "usd_oz": 77.845001,
      "usd_g": 2.502774898785592,
      "brl_oz": 382.1566789092,
      "brl_g": 12.286622533118228,
      "chg_1h": 0,
      "chg_24h": 2.867522846348605
    },
    "XPT": {
      "name": "Platina",
      "usd_oz": 2065,
      "usd_g": 66.39129166421678,
      "brl_oz": 10137.498,
      "brl_g": 325.928129037973,
      "chg_1h": 0,
      "chg_24h": 2.838645418326693
    },
    "XPD": {
      "name": "Paládio",
      "usd_oz": 1565,
      "usd_g": 50.31591837990279,
      "brl_oz": 7682.898,
      "brl_g": 247.01090651061878,
      "chg_1h": 0,
      "chg_24h": 1.2289780077619665
    },
    "XCU": {
      "name": "Cobre",
      "usd_oz": 6.013728,
      "usd_g": 0.19334584486066203,
      "brl_oz": 29.522593497600003,
      "brl_g": 0.9491734215899621,
      "chg_1h": 0,
      "chg_24h": 0.724279518330594
    }
  }
}
