{
  "timestamp": 1783317094,
  "usdToBrl": 5.1962,
  "metals": {
    "XAU": {
      "name": "Ouro",
      "usd_oz": 4154.899902,
      "usd_g": 133.58313376721924,
      "brl_oz": 21589.6908707724,
      "brl_g": 694.1246796812246,
      "chg_1h": 0,
      "chg_24h": -0.5076553603241667
    },
    "XAG": {
      "name": "Prata",
      "usd_oz": 61.828999,
      "usd_g": 1.987848477440953,
      "brl_oz": 321.2758446038,
      "brl_g": 10.329258258478681,
      "chg_1h": 0,
      "chg_24h": -1.1004990994609143
    },
    "XPT": {
      "name": "Platina",
      "usd_oz": 1639,
      "usd_g": 52.69507362598126,
      "brl_oz": 8516.5718,
      "brl_g": 273.81414157532384,
      "chg_1h": 0,
      "chg_24h": -0.5461165048543689
    },
    "XPD": {
      "name": "Paládio",
      "usd_oz": 1290,
      "usd_g": 41.474463073530096,
      "brl_oz": 6703.098,
      "brl_g": 215.50960502267708,
      "chg_1h": 0,
      "chg_24h": -0.0774593338497289
    },
    "XCU": {
      "name": "Cobre",
      "usd_oz": 6.038675,
      "usd_g": 0.19414790953530955,
      "brl_oz": 31.378163035,
      "brl_g": 1.0088313675273755,
      "chg_1h": 0,
      "chg_24h": 0.6336981216531653
    }
  }
}
