{
  "timestamp": 1773302145,
  "usdToBrl": 5.1711,
  "metals": {
    "XAU": {
      "name": "Ouro",
      "usd_oz": 5177.700195,
      "usd_g": 166.46692677778069,
      "brl_oz": 26774.4054783645,
      "brl_g": 860.8171250605817,
      "chg_1h": 0.21290184421083871,
      "chg_24h": -0.36561662761074476
    },
    "XAG": {
      "name": "Prata",
      "usd_oz": 86.995003,
      "usd_g": 2.796954294190031,
      "brl_oz": 449.85986001329996,
      "brl_g": 14.46333035068607,
      "chg_1h": 1.1322804369965178,
      "chg_24h": 0.1946502289475533
    },
    "XPT": {
      "name": "Platina",
      "usd_oz": 2198,
      "usd_g": 70.6673409578443,
      "brl_oz": 11366.077800000001,
      "brl_g": 365.4278868271087,
      "chg_1h": 1.150483202945237,
      "chg_24h": 1.430549146285187
    },
    "XPD": {
      "name": "Paládio",
      "usd_oz": 1680,
      "usd_g": 54.01325423529501,
      "brl_oz": 8687.448,
      "brl_g": 279.30793897613404,
      "chg_1h": 0.8403361344537815,
      "chg_24h": 0.2985074626865672
    },
    "XCU": {
      "name": "Cobre",
      "usd_oz": 5.837658,
      "usd_g": 0.1876850629123237,
      "brl_oz": 30.187113283800002,
      "brl_g": 0.9705382288259171,
      "chg_1h": 0.16214246300063725,
      "chg_24h": 0.37958361182361366
    }
  }
}
