{
  "timestamp": 1783092202,
  "usdToBrl": 5.1962,
  "metals": {
    "XAU": {
      "name": "Ouro",
      "usd_oz": 4171.100098,
      "usd_g": 134.10398216317733,
      "brl_oz": 21673.8703292276,
      "brl_g": 696.831112116302,
      "chg_1h": 0,
      "chg_24h": 1.1249278930925921
    },
    "XAG": {
      "name": "Prata",
      "usd_oz": 62.497002,
      "usd_g": 2.009325272601036,
      "brl_oz": 324.74692179240003,
      "brl_g": 10.440855981489504,
      "chg_1h": 0,
      "chg_24h": 1.867940151979915
    },
    "XPT": {
      "name": "Platina",
      "usd_oz": 1655,
      "usd_g": 53.209485571079306,
      "brl_oz": 8599.711000000001,
      "brl_g": 276.4871289244423,
      "chg_1h": 0,
      "chg_24h": 1.9088669950738917
    },
    "XPD": {
      "name": "Paládio",
      "usd_oz": 1300,
      "usd_g": 41.79597053921638,
      "brl_oz": 6755.06,
      "brl_g": 217.18022211587615,
      "chg_1h": 0,
      "chg_24h": 0.69713400464756
    },
    "XCU": {
      "name": "Cobre",
      "usd_oz": 6.00269,
      "usd_g": 0.1929909649200375,
      "brl_oz": 31.191177778000004,
      "brl_g": 1.002819651917499,
      "chg_1h": 0,
      "chg_24h": -0.1973378264308307
    }
  }
}
