{
  "timestamp": 1784607931,
  "usdToBrl": 5.1043,
  "metals": {
    "XAU": {
      "name": "Ouro",
      "usd_oz": 4046.399902,
      "usd_g": 130.09477776452312,
      "brl_oz": 20654.0390197786,
      "brl_g": 664.0427741434554,
      "chg_1h": 0,
      "chg_24h": 0.6241725982681121
    },
    "XAG": {
      "name": "Prata",
      "usd_oz": 57.894001,
      "usd_g": 1.861335353994895,
      "brl_oz": 295.50834930430005,
      "brl_g": 9.500814047396142,
      "chg_1h": 0,
      "chg_24h": 1.4438426493779615
    },
    "XPT": {
      "name": "Platina",
      "usd_oz": 1619,
      "usd_g": 52.052058694608704,
      "brl_oz": 8263.861700000001,
      "brl_g": 265.68932319489124,
      "chg_1h": 0,
      "chg_24h": 1.1242973141786383
    },
    "XPD": {
      "name": "Paládio",
      "usd_oz": 1290,
      "usd_g": 41.474463073530096,
      "brl_oz": 6584.5470000000005,
      "brl_g": 211.69810186621967,
      "chg_1h": 0,
      "chg_24h": 1.335428122545169
    },
    "XCU": {
      "name": "Cobre",
      "usd_oz": 6.162279,
      "usd_g": 0.19812187041417825,
      "brl_oz": 31.454120699700002,
      "brl_g": 1.0112734631550901,
      "chg_1h": 0,
      "chg_24h": 1.4815102702971514
    }
  }
}
