{
  "timestamp": 1772408493,
  "usdToBrl": 5.1556,
  "metals": {
    "XAU": {
      "name": "Ouro",
      "usd_oz": 5378.399902,
      "usd_g": 172.91957219393558,
      "brl_oz": 27728.8785347512,
      "brl_g": 891.5041464030543,
      "chg_1h": 1.8597724209962414,
      "chg_24h": 1.8597724209962414
    },
    "XAG": {
      "name": "Prata",
      "usd_oz": 96.037003,
      "usd_g": 3.087661344663565,
      "brl_oz": 495.1283726668,
      "brl_g": 15.918746828547475,
      "chg_1h": 2.260580932975052,
      "chg_24h": 2.260580932975052
    },
    "XPT": {
      "name": "Platina",
      "usd_oz": 2406,
      "usd_g": 77.35469624411893,
      "brl_oz": 12404.373599999999,
      "brl_g": 398.8098719561795,
      "chg_1h": 1.4761703922395615,
      "chg_24h": 1.4761703922395615
    },
    "XPD": {
      "name": "Paládio",
      "usd_oz": 1815,
      "usd_g": 58.35360502205979,
      "brl_oz": 9357.413999999999,
      "brl_g": 300.84784605173144,
      "chg_1h": 0.22087244616234128,
      "chg_24h": 0.22087244616234128
    },
    "XCU": {
      "name": "Cobre",
      "usd_oz": 6.08774,
      "usd_g": 0.19572538591569932,
      "brl_oz": 31.385952344,
      "brl_g": 1.0090817996269794,
      "chg_1h": 0,
      "chg_24h": 0
    }
  }
}
