{
  "timestamp": 1781000648,
  "usdToBrl": 5.1432,
  "metals": {
    "XAU": {
      "name": "Ouro",
      "usd_oz": 4332.799805,
      "usd_g": 139.30274846315572,
      "brl_oz": 22284.455957076,
      "brl_g": 716.4618958957026,
      "chg_1h": 0,
      "chg_24h": 0.03693225729547008
    },
    "XAG": {
      "name": "Prata",
      "usd_oz": 68.594002,
      "usd_g": 2.205348374429961,
      "brl_oz": 352.79267108640005,
      "brl_g": 11.342547759368177,
      "chg_1h": 0,
      "chg_24h": -0.05973628441068132
    },
    "XPT": {
      "name": "Platina",
      "usd_oz": 1772,
      "usd_g": 56.97112291960878,
      "brl_oz": 9113.7504,
      "brl_g": 293.0138794001319,
      "chg_1h": 0,
      "chg_24h": -0.9502515371716043
    },
    "XPD": {
      "name": "Paládio",
      "usd_oz": 1261,
      "usd_g": 40.542091423039885,
      "brl_oz": 6485.5752,
      "brl_g": 208.51608460697875,
      "chg_1h": 0,
      "chg_24h": 1.285140562248996
    },
    "XCU": {
      "name": "Cobre",
      "usd_oz": 6.267513,
      "usd_g": 0.20150522207858126,
      "brl_oz": 32.2350728616,
      "brl_g": 1.0363816581945593,
      "chg_1h": 0,
      "chg_24h": 0.17157393150277
    }
  }
}
