{
  "timestamp": 1770924076,
  "usdToBrl": 5.1761,
  "metals": {
    "XAU": {
      "name": "Ouro",
      "usd_oz": 4942.5,
      "usd_g": 158.9050649154438,
      "brl_oz": 25582.87425,
      "brl_g": 822.5085065088286,
      "chg_1h": 0.2820253565640397,
      "chg_24h": -2.8424858016230035
    },
    "XAG": {
      "name": "Prata",
      "usd_oz": 76.470001,
      "usd_g": 2.458567622253728,
      "brl_oz": 395.8163721761,
      "brl_g": 12.725791869547521,
      "chg_1h": 1.6023610225340144,
      "chg_24h": -9.513667979797235
    },
    "XPT": {
      "name": "Platina",
      "usd_oz": 2041,
      "usd_g": 65.61967374656972,
      "brl_oz": 10564.4201,
      "brl_g": 339.6539932796195,
      "chg_1h": 0.8399209486166008,
      "chg_24h": -5.069767441860465
    },
    "XPD": {
      "name": "Paládio",
      "usd_oz": 1674,
      "usd_g": 53.82034975588324,
      "brl_oz": 8664.7914,
      "brl_g": 278.57951237142726,
      "chg_1h": 1.2091898428053205,
      "chg_24h": -3.848363009764503
    },
    "XCU": {
      "name": "Cobre",
      "usd_oz": 6.013886,
      "usd_g": 0.19335092467861986,
      "brl_oz": 31.1284753246,
      "brl_g": 1.0008037212290042,
      "chg_1h": 2.5605842005273143,
      "chg_24h": -0.4366533168020358
    }
  }
}
