{
  "timestamp": 1774305786,
  "usdToBrl": 5.2552,
  "metals": {
    "XAU": {
      "name": "Ouro",
      "usd_oz": 4408.5,
      "usd_g": 141.73656624779645,
      "brl_oz": 23167.5492,
      "brl_g": 744.8540029454199,
      "chg_1h": 0.009071980923971093,
      "chg_24h": -2.313366222763611
    },
    "XAG": {
      "name": "Prata",
      "usd_oz": 69.411003,
      "usd_g": 2.2316155665272763,
      "brl_oz": 364.76870296559997,
      "brl_g": 11.727586125214144,
      "chg_1h": 0.20645175857397818,
      "chg_24h": -0.06191003939558284
    },
    "XPT": {
      "name": "Platina",
      "usd_oz": 1885,
      "usd_g": 60.60415728186374,
      "brl_oz": 9906.052000000001,
      "brl_g": 318.48696734765036,
      "chg_1h": -0.15889830508474578,
      "chg_24h": -2.9850746268656714
    },
    "XPD": {
      "name": "Paládio",
      "usd_oz": 1451,
      "usd_g": 46.650733271079204,
      "brl_oz": 7625.2952000000005,
      "brl_g": 245.15893348617544,
      "chg_1h": -0.48010973936899864,
      "chg_24h": 0.13802622498274672
    },
    "XCU": {
      "name": "Cobre",
      "usd_oz": 5.485744,
      "usd_g": 0.17637076508437155,
      "brl_oz": 28.828681868800004,
      "brl_g": 0.9268636446713894,
      "chg_1h": 0,
      "chg_24h": 1.5363503585866352
    }
  }
}
