{
  "timestamp": 1775539561,
  "usdToBrl": 5.1818,
  "metals": {
    "XAU": {
      "name": "Ouro",
      "usd_oz": 4648.600098,
      "usd_g": 149.4559636496972,
      "brl_oz": 24088.1159878164,
      "brl_g": 774.4509124400009,
      "chg_1h": 0.1357149099507639,
      "chg_24h": -0.12675694489204234
    },
    "XAG": {
      "name": "Prata",
      "usd_oz": 72.767998,
      "usd_g": 2.339545462004428,
      "brl_oz": 377.0692120364,
      "brl_g": 12.123056675014544,
      "chg_1h": 0.6598304076579504,
      "chg_24h": 0.41258467999877035
    },
    "XPT": {
      "name": "Platina",
      "usd_oz": 1970,
      "usd_g": 63.336970740197124,
      "brl_oz": 10208.146,
      "brl_g": 328.1995149815535,
      "chg_1h": 0.5102040816326531,
      "chg_24h": -0.5552751135790005
    },
    "XPD": {
      "name": "Paládio",
      "usd_oz": 1505,
      "usd_g": 48.38687358578511,
      "brl_oz": 7798.609,
      "brl_g": 250.7311015468213,
      "chg_1h": 0.40026684456304207,
      "chg_24h": -1.5696533682145193
    },
    "XCU": {
      "name": "Cobre",
      "usd_oz": 5.51591,
      "usd_g": 0.17734062450536076,
      "brl_oz": 28.582342437999998,
      "brl_g": 0.9189436480618783,
      "chg_1h": -0.1915138241351516,
      "chg_24h": -0.1412817535448096
    }
  }
}
