{
  "timestamp": 1784313723,
  "usdToBrl": 5.1158,
  "metals": {
    "XAU": {
      "name": "Ouro",
      "usd_oz": 4011.399902,
      "usd_g": 128.9695016346211,
      "brl_oz": 20521.5196186516,
      "brl_g": 659.7821764623947,
      "chg_1h": -0.004990427637579991,
      "chg_24h": 0.6826954303127557
    },
    "XAG": {
      "name": "Prata",
      "usd_oz": 56.202,
      "usd_g": 1.8069362586500297,
      "brl_oz": 287.5181916,
      "brl_g": 9.243924512001822,
      "chg_1h": 0.24614904834026485,
      "chg_24h": 0.9175593572548771
    },
    "XPT": {
      "name": "Platina",
      "usd_oz": 1606,
      "usd_g": 51.63409898921654,
      "brl_oz": 8215.9748,
      "brl_g": 264.14972360903397,
      "chg_1h": -0.18645121193287756,
      "chg_24h": -1.3513513513513513
    },
    "XPD": {
      "name": "Paládio",
      "usd_oz": 1272,
      "usd_g": 40.89574963529479,
      "brl_oz": 6507.2976,
      "brl_g": 209.2144759842411,
      "chg_1h": -0.15698587127158556,
      "chg_24h": -0.702576112412178
    },
    "XCU": {
      "name": "Cobre",
      "usd_oz": 6.10679,
      "usd_g": 0.19633785763783168,
      "brl_oz": 31.241116282,
      "brl_g": 1.0044252121036192,
      "chg_1h": -0.039595960786408306,
      "chg_24h": -0.7787357960615243
    }
  }
}
