{
  "timestamp": 1773197079,
  "usdToBrl": 5.1779,
  "metals": {
    "XAU": {
      "name": "Ouro",
      "usd_oz": 5209.5,
      "usd_g": 167.48931424926747,
      "brl_oz": 26974.27005,
      "brl_g": 867.242920251282,
      "chg_1h": 0,
      "chg_24h": 0.6919574704888684
    },
    "XAG": {
      "name": "Prata",
      "usd_oz": 88.449997,
      "usd_g": 2.8437334375429053,
      "brl_oz": 457.9852394663,
      "brl_g": 14.72456736625341,
      "chg_1h": 0,
      "chg_24h": -0.9762455047608248
    },
    "XPT": {
      "name": "Platina",
      "usd_oz": 2191,
      "usd_g": 70.4422857318639,
      "brl_oz": 11344.778900000001,
      "brl_g": 364.7431112910181,
      "chg_1h": 0,
      "chg_24h": -0.6349206349206349
    },
    "XPD": {
      "name": "Paládio",
      "usd_oz": 1693,
      "usd_g": 54.43121394068717,
      "brl_oz": 8766.1847,
      "brl_g": 281.8393826634841,
      "chg_1h": 0,
      "chg_24h": -1.0520163646990064
    },
    "XCU": {
      "name": "Cobre",
      "usd_oz": 5.880674,
      "usd_g": 0.18906805942671978,
      "brl_oz": 30.4495419046,
      "brl_g": 0.9789755049056124,
      "chg_1h": 0,
      "chg_24h": 0.005135729508262069
    }
  }
}
