{
  "timestamp": 1774363107,
  "usdToBrl": 5.2595,
  "metals": {
    "XAU": {
      "name": "Ouro",
      "usd_oz": 4407.100098,
      "usd_g": 141.69155835337352,
      "brl_oz": 23179.142965431,
      "brl_g": 745.226751159568,
      "chg_1h": 0.6026411720695152,
      "chg_24h": -1.6535770279283508
    },
    "XAG": {
      "name": "Prata",
      "usd_oz": 69.227997,
      "usd_g": 2.225731787000738,
      "brl_oz": 364.10465022150004,
      "brl_g": 11.706236333730383,
      "chg_1h": 0.48041857495601664,
      "chg_24h": -1.4211275431073291
    },
    "XPT": {
      "name": "Platina",
      "usd_oz": 1900,
      "usd_g": 61.086418480393164,
      "brl_oz": 9993.05,
      "brl_g": 321.28401799762787,
      "chg_1h": -0.26246719160104987,
      "chg_24h": -0.7832898172323759
    },
    "XPD": {
      "name": "Paládio",
      "usd_oz": 1422,
      "usd_g": 45.718361620588986,
      "brl_oz": 7479.009,
      "brl_g": 240.45572294348779,
      "chg_1h": -0.35038542396636296,
      "chg_24h": -4.242424242424243
    },
    "XCU": {
      "name": "Cobre",
      "usd_oz": 5.458077,
      "usd_g": 0.17548125037905732,
      "brl_oz": 28.706755981500002,
      "brl_g": 0.922943636368652,
      "chg_1h": 0.3265622130793616,
      "chg_24h": -1.5692077911796203
    }
  }
}
