{
  "timestamp": 1770838994,
  "usdToBrl": 5.1893,
  "metals": {
    "XAU": {
      "name": "Ouro",
      "usd_oz": 5087.100098,
      "usd_g": 163.55406602004055,
      "brl_oz": 26398.4885385514,
      "brl_g": 848.7311147977965,
      "chg_1h": 0.09838452418455296,
      "chg_24h": 1.1351908151093417
    },
    "XAG": {
      "name": "Prata",
      "usd_oz": 84.510002,
      "usd_g": 2.717059656816244,
      "brl_oz": 438.5477533786,
      "brl_g": 14.099637677116535,
      "chg_1h": 0.11254042394668257,
      "chg_24h": 3.7620055467672504
    },
    "XPT": {
      "name": "Platina",
      "usd_oz": 2150,
      "usd_g": 69.12410512255016,
      "brl_oz": 11156.995,
      "brl_g": 358.7057187124496,
      "chg_1h": 0.0931098696461825,
      "chg_24h": 2.283539486203616
    },
    "XPD": {
      "name": "Paládio",
      "usd_oz": 1741,
      "usd_g": 55.97444977598131,
      "brl_oz": 9034.5713,
      "brl_g": 290.46821222249986,
      "chg_1h": -0.45740423098913663,
      "chg_24h": 0.345821325648415
    },
    "XCU": {
      "name": "Cobre",
      "usd_oz": 6.040261,
      "usd_g": 0.19419890061936743,
      "brl_oz": 31.3447264073,
      "brl_g": 1.0077563549840833,
      "chg_1h": 0.9309643653897286,
      "chg_24h": 2.5138570173388666
    }
  }
}
