{
  "timestamp": 1773410943,
  "usdToBrl": 5.1621,
  "metals": {
    "XAU": {
      "name": "Ouro",
      "usd_oz": 5104.5,
      "usd_g": 164.11348585956154,
      "brl_oz": 26349.939449999998,
      "brl_g": 847.1702253556425,
      "chg_1h": -0.18576456785295267,
      "chg_24h": -1.0257087486949759
    },
    "XAG": {
      "name": "Prata",
      "usd_oz": 83.412003,
      "usd_g": 2.681758169234637,
      "brl_oz": 430.5811006863,
      "brl_g": 13.843503845406119,
      "chg_1h": -1.0756733357843475,
      "chg_24h": -3.364380801603854
    },
    "XPT": {
      "name": "Platina",
      "usd_oz": 2083,
      "usd_g": 66.97000510245209,
      "brl_oz": 10752.6543,
      "brl_g": 345.7058633393679,
      "chg_1h": -1.2328117591275487,
      "chg_24h": -4.405690683799908
    },
    "XPD": {
      "name": "Paládio",
      "usd_oz": 1633,
      "usd_g": 52.50216914656949,
      "brl_oz": 8429.709299999999,
      "brl_g": 271.02144735150637,
      "chg_1h": -0.5481120584652862,
      "chg_24h": -1.7448856799037304
    },
    "XCU": {
      "name": "Cobre",
      "usd_oz": 5.805907,
      "usd_g": 0.1866642445580232,
      "brl_oz": 29.9706725247,
      "brl_g": 0.9635794968329715,
      "chg_1h": -0.01301952601692192,
      "chg_24h": -0.46527998145736316
    }
  }
}
