{
  "timestamp": 1779083525,
  "usdToBrl": 5.0324,
  "metals": {
    "XAU": {
      "name": "Ouro",
      "usd_oz": 4539.899902,
      "usd_g": 145.961171196141,
      "brl_oz": 22846.592266824802,
      "brl_g": 734.53499792746,
      "chg_1h": 0,
      "chg_24h": -0.0286332454894171
    },
    "XAG": {
      "name": "Prata",
      "usd_oz": 75.333,
      "usd_g": 2.422012191254452,
      "brl_oz": 379.1057892,
      "brl_g": 12.188534151268904,
      "chg_1h": 0,
      "chg_24h": -0.9974806419539344
    },
    "XPT": {
      "name": "Platina",
      "usd_oz": 1980,
      "usd_g": 63.658478205883405,
      "brl_oz": 9964.152,
      "brl_g": 320.35492572328764,
      "chg_1h": 0,
      "chg_24h": -0.4524886877828055
    },
    "XPD": {
      "name": "Paládio",
      "usd_oz": 1417,
      "usd_g": 45.55760788774585,
      "brl_oz": 7130.9108,
      "brl_g": 229.26410593429222,
      "chg_1h": 0,
      "chg_24h": -1.1854951185495117
    },
    "XCU": {
      "name": "Cobre",
      "usd_oz": 6.143757,
      "usd_g": 0.19752637428623412,
      "brl_oz": 30.9178427268,
      "brl_g": 0.9940317259580446,
      "chg_1h": 0,
      "chg_24h": -1.3975175714840078
    }
  }
}
