{
  "timestamp": 1778517706,
  "usdToBrl": 4.9019,
  "metals": {
    "XAU": {
      "name": "Ouro",
      "usd_oz": 4721.600098,
      "usd_g": 151.80296814920703,
      "brl_oz": 23144.8115203862,
      "brl_g": 744.122969570598,
      "chg_1h": 0,
      "chg_24h": 0.12511191882501638
    },
    "XAG": {
      "name": "Prata",
      "usd_oz": 85.588997,
      "usd_g": 2.751750151610061,
      "brl_oz": 419.54870439430005,
      "brl_g": 13.488804068177359,
      "chg_1h": 0,
      "chg_24h": 6.364014108365717
    },
    "XPT": {
      "name": "Platina",
      "usd_oz": 2120,
      "usd_g": 68.15958272549132,
      "brl_oz": 10392.028,
      "brl_g": 334.11145856208594,
      "chg_1h": 0,
      "chg_24h": 2.564102564102564
    },
    "XPD": {
      "name": "Paládio",
      "usd_oz": 1531,
      "usd_g": 49.22279299656944,
      "brl_oz": 7504.808900000001,
      "brl_g": 241.28520898988376,
      "chg_1h": 0,
      "chg_24h": 0.922874093605801
    },
    "XCU": {
      "name": "Cobre",
      "usd_oz": 6.229713,
      "usd_g": 0.20028992385828714,
      "brl_oz": 30.537430154700004,
      "brl_g": 0.9818011777609378,
      "chg_1h": 0,
      "chg_24h": 1.4964822435698732
    }
  }
}
