{
  "timestamp": 1772145206,
  "usdToBrl": 5.1258,
  "metals": {
    "XAU": {
      "name": "Ouro",
      "usd_oz": 5185.899902,
      "usd_g": 166.73055347947468,
      "brl_oz": 26581.8857176716,
      "brl_g": 854.6274710250913,
      "chg_1h": -0.12518296207301638,
      "chg_24h": 0.38326404104453
    },
    "XAG": {
      "name": "Prata",
      "usd_oz": 88.417999,
      "usd_g": 2.842704677954202,
      "brl_oz": 453.21297927419994,
      "brl_g": 14.571135638257648,
      "chg_1h": -0.5433032188242729,
      "chg_24h": -1.0286880246412573
    },
    "XPT": {
      "name": "Platina",
      "usd_oz": 2291,
      "usd_g": 73.6573603887267,
      "brl_oz": 11743.2078,
      "brl_g": 377.55289788053534,
      "chg_1h": 0.13111888111888112,
      "chg_24h": 0.043668122270742356
    },
    "XPD": {
      "name": "Paládio",
      "usd_oz": 1808,
      "usd_g": 58.12854979607939,
      "brl_oz": 9267.4464,
      "brl_g": 297.95532054474376,
      "chg_1h": -0.27578599007170435,
      "chg_24h": 0.4444444444444444
    },
    "XCU": {
      "name": "Cobre",
      "usd_oz": 5.958994,
      "usd_g": 0.19158610589797473,
      "brl_oz": 30.544611445199997,
      "brl_g": 0.9820320616118389,
      "chg_1h": 0,
      "chg_24h": 0.9106522401035839
    }
  }
}
