{
  "timestamp": 1774568498,
  "usdToBrl": 5.2366,
  "metals": {
    "XAU": {
      "name": "Ouro",
      "usd_oz": 4407.100098,
      "usd_g": 141.69155835337352,
      "brl_oz": 23078.2203731868,
      "brl_g": 741.9820144732759,
      "chg_1h": 0.10676440361232267,
      "chg_24h": -2.025256614884844
    },
    "XAG": {
      "name": "Prata",
      "usd_oz": 69.008003,
      "usd_g": 2.2186588156601195,
      "brl_oz": 361.3673085098,
      "brl_g": 11.618228754085782,
      "chg_1h": 0.293583408423691,
      "chg_24h": -2.3766422942144527
    },
    "XPT": {
      "name": "Platina",
      "usd_oz": 1850,
      "usd_g": 59.478881151961765,
      "brl_oz": 9687.710000000001,
      "brl_g": 311.46710904036297,
      "chg_1h": 0.05408328826392645,
      "chg_24h": -3.995848469122989
    },
    "XPD": {
      "name": "Paládio",
      "usd_oz": 1411,
      "usd_g": 45.36470340833408,
      "brl_oz": 7388.8426,
      "brl_g": 237.55680586808225,
      "chg_1h": 0.7857142857142858,
      "chg_24h": -1.4664804469273742
    },
    "XCU": {
      "name": "Cobre",
      "usd_oz": 5.448024,
      "usd_g": 0.17515803892380288,
      "brl_oz": 28.5291224784,
      "brl_g": 0.9172325866283862,
      "chg_1h": 0,
      "chg_24h": -0.8747834602080701
    }
  }
}
