{
  "timestamp": 1771020100,
  "usdToBrl": 5.2197,
  "metals": {
    "XAU": {
      "name": "Ouro",
      "usd_oz": 5043.100098,
      "usd_g": 162.13943317102093,
      "brl_oz": 26323.469581530597,
      "brl_g": 846.3191993227779,
      "chg_1h": 0.26841100160961545,
      "chg_24h": 2.414603352656736
    },
    "XAG": {
      "name": "Prata",
      "usd_oz": 77.511002,
      "usd_g": 2.4920365815824166,
      "brl_oz": 404.58417713939997,
      "brl_g": 13.00768334488574,
      "chg_1h": 0.7513069911651431,
      "chg_24h": 2.8816115148187764
    },
    "XPT": {
      "name": "Platina",
      "usd_oz": 2072,
      "usd_g": 66.61634689019718,
      "brl_oz": 10815.2184,
      "brl_g": 347.71734586276216,
      "chg_1h": -0.14457831325301204,
      "chg_24h": 2.8798411122144985
    },
    "XPD": {
      "name": "Paládio",
      "usd_oz": 1717,
      "usd_g": 55.20283185833424,
      "brl_oz": 8962.2249,
      "brl_g": 288.1422214509472,
      "chg_1h": 0.11661807580174927,
      "chg_24h": 4.440389294403893
    },
    "XCU": {
      "name": "Cobre",
      "usd_oz": 5.877408,
      "usd_g": 0.18896305508842665,
      "brl_oz": 30.678306537599997,
      "brl_g": 0.9863304586450605,
      "chg_1h": 0,
      "chg_24h": -2.946140581103701
    }
  }
}
