{
  "timestamp": 1784146621,
  "usdToBrl": 5.081,
  "metals": {
    "XAU": {
      "name": "Ouro",
      "usd_oz": 4058.699951,
      "usd_g": 130.49023352270382,
      "brl_oz": 20622.254451031004,
      "brl_g": 663.0208765288581,
      "chg_1h": -0.07140405086724108,
      "chg_24h": 0.03204143124662461
    },
    "XAG": {
      "name": "Prata",
      "usd_oz": 57.848,
      "usd_g": 1.8598563875019913,
      "brl_oz": 293.92568800000004,
      "brl_g": 9.449930304897618,
      "chg_1h": -0.3668572644829159,
      "chg_24h": -1.8960078689414275
    },
    "XPT": {
      "name": "Platina",
      "usd_oz": 1685,
      "usd_g": 54.17400796813815,
      "brl_oz": 8561.485,
      "brl_g": 275.25813448610995,
      "chg_1h": -0.05931198102016608,
      "chg_24h": 2.8693528693528694
    },
    "XPD": {
      "name": "Paládio",
      "usd_oz": 1338,
      "usd_g": 43.01769890882424,
      "brl_oz": 6798.378000000001,
      "brl_g": 218.57292815573595,
      "chg_1h": 0,
      "chg_24h": 0.6772009029345373
    },
    "XCU": {
      "name": "Cobre",
      "usd_oz": 6.132102,
      "usd_g": 0.19715165733497678,
      "brl_oz": 31.157210262,
      "brl_g": 1.001727570919017,
      "chg_1h": 0,
      "chg_24h": -0.6411230671763081
    }
  }
}
