{
  "timestamp": 1776275327,
  "usdToBrl": 4.9981,
  "metals": {
    "XAU": {
      "name": "Ouro",
      "usd_oz": 4796,
      "usd_g": 154.1949805431398,
      "brl_oz": 23970.8876,
      "brl_g": 770.681932252667,
      "chg_1h": -0.29521006245770914,
      "chg_24h": -0.820981313958409
    },
    "XAG": {
      "name": "Prata",
      "usd_oz": 79.363998,
      "usd_g": 2.551611786371098,
      "brl_oz": 396.66919840379995,
      "brl_g": 12.753210869461384,
      "chg_1h": -0.006305988245828476,
      "chg_24h": -0.10070238155179428
    },
    "XPT": {
      "name": "Platina",
      "usd_oz": 2125,
      "usd_g": 68.32033645833447,
      "brl_oz": 10620.9625,
      "brl_g": 341.4718736524015,
      "chg_1h": 0.09420631182289213,
      "chg_24h": 0.8542952064546749
    },
    "XPD": {
      "name": "Paládio",
      "usd_oz": 1592,
      "usd_g": 51.18398853725574,
      "brl_oz": 7956.9752,
      "brl_g": 255.82269310805793,
      "chg_1h": -0.12547051442910914,
      "chg_24h": -0.809968847352025
    },
    "XCU": {
      "name": "Cobre",
      "usd_oz": 5.93193,
      "usd_g": 0.19071597809284138,
      "brl_oz": 29.648379333,
      "brl_g": 0.9532175301058305,
      "chg_1h": -0.029307330759429165,
      "chg_24h": -0.1971516482806389
    }
  }
}
