{
  "timestamp": 1782703825,
  "usdToBrl": 5.1759,
  "metals": {
    "XAU": {
      "name": "Ouro",
      "usd_oz": 4074.100098,
      "usd_g": 130.9853597460204,
      "brl_oz": 21087.1346972382,
      "brl_g": 677.9671235094271,
      "chg_1h": 0,
      "chg_24h": -0.40336380004653294
    },
    "XAG": {
      "name": "Prata",
      "usd_oz": 59.049,
      "usd_g": 1.8984694341309136,
      "brl_oz": 305.6317191,
      "brl_g": 9.826287944118196,
      "chg_1h": 0,
      "chg_24h": -0.4199129818880946
    },
    "XPT": {
      "name": "Platina",
      "usd_oz": 1633,
      "usd_g": 52.50216914656949,
      "brl_oz": 8452.244700000001,
      "brl_g": 271.74597728572905,
      "chg_1h": 0,
      "chg_24h": 0.49230769230769234
    },
    "XPD": {
      "name": "Paládio",
      "usd_oz": 1240,
      "usd_g": 39.8669257450987,
      "brl_oz": 6418.116000000001,
      "brl_g": 206.34722096405636,
      "chg_1h": 0,
      "chg_24h": 0.9771986970684038
    },
    "XCU": {
      "name": "Cobre",
      "usd_oz": 6.060221,
      "usd_g": 0.19484062952087725,
      "brl_oz": 31.367097873900004,
      "brl_g": 1.0084756143371085,
      "chg_1h": 0,
      "chg_24h": 0.387687750017935
    }
  }
}
