{
  "timestamp": 1773131715,
  "usdToBrl": 5.2302,
  "metals": {
    "XAU": {
      "name": "Ouro",
      "usd_oz": 5186.299805,
      "usd_g": 166.7434106594797,
      "brl_oz": 27125.385240110998,
      "brl_g": 872.1013864312108,
      "chg_1h": 0.11774853809485449,
      "chg_24h": 1.7340454834218817
    },
    "XAG": {
      "name": "Prata",
      "usd_oz": 89.238998,
      "usd_g": 2.869100408736299,
      "brl_oz": 466.73780733959995,
      "brl_g": 15.005968957772591,
      "chg_1h": 0.059427490618280294,
      "chg_24h": 6.560385459655424
    },
    "XPT": {
      "name": "Platina",
      "usd_oz": 2229,
      "usd_g": 71.66401410147176,
      "brl_oz": 11658.1158,
      "brl_g": 374.8171265535176,
      "chg_1h": 0.36019810895992793,
      "chg_24h": 5.390070921985815
    },
    "XPD": {
      "name": "Paládio",
      "usd_oz": 1720,
      "usd_g": 55.299284098040125,
      "brl_oz": 8995.944,
      "brl_g": 289.22631568956945,
      "chg_1h": -0.17411491584445735,
      "chg_24h": 6.435643564356436
    },
    "XCU": {
      "name": "Cobre",
      "usd_oz": 5.851795,
      "usd_g": 0.1881395780165644,
      "brl_oz": 30.606058209,
      "brl_g": 0.984007620942235,
      "chg_1h": 0.002580471402562941,
      "chg_24h": 1.0087070415304937
    }
  }
}
