{
  "timestamp": 1772535976,
  "usdToBrl": 5.2067,
  "metals": {
    "XAU": {
      "name": "Ouro",
      "usd_oz": 5253.600098,
      "usd_g": 168.90716532371712,
      "brl_oz": 27353.919630256598,
      "brl_g": 879.4489376909979,
      "chg_1h": -0.30362835324207177,
      "chg_24h": -2.4292364308121965
    },
    "XAG": {
      "name": "Prata",
      "usd_oz": 82.301003,
      "usd_g": 2.646038689796891,
      "brl_oz": 428.5166323200999,
      "brl_g": 13.777129646165472,
      "chg_1h": -2.338855052489975,
      "chg_24h": -13.674499580686602
    },
    "XPT": {
      "name": "Platina",
      "usd_oz": 2107,
      "usd_g": 67.74162302009915,
      "brl_oz": 10970.516899999999,
      "brl_g": 352.71030857875024,
      "chg_1h": -1.1262318160488034,
      "chg_24h": -10.833685992382565
    },
    "XPD": {
      "name": "Paládio",
      "usd_oz": 1701,
      "usd_g": 54.688419913236196,
      "brl_oz": 8856.5967,
      "brl_g": 284.7461959622469,
      "chg_1h": -1.1621150493898895,
      "chg_24h": -6.794520547945206
    },
    "XCU": {
      "name": "Cobre",
      "usd_oz": 5.903051,
      "usd_g": 0.18978749668268596,
      "brl_oz": 30.735415641699994,
      "brl_g": 0.988166558977741,
      "chg_1h": 0.1513369825000465,
      "chg_24h": -3.4247357495864135
    }
  }
}
