{
  "timestamp": 1773920822,
  "usdToBrl": 5.2243,
  "metals": {
    "XAU": {
      "name": "Ouro",
      "usd_oz": 4666.600098,
      "usd_g": 150.0346770879325,
      "brl_oz": 24379.7188919814,
      "brl_g": 783.8261635104858,
      "chg_1h": -0.2905879328523138,
      "chg_24h": -5.4272010643372495
    },
    "XAG": {
      "name": "Prata",
      "usd_oz": 70.712997,
      "usd_g": 2.2734756456551506,
      "brl_oz": 369.4259102271,
      "brl_g": 11.877318815596205,
      "chg_1h": -0.266569349242616,
      "chg_24h": -10.215982546147778
    },
    "XPT": {
      "name": "Platina",
      "usd_oz": 1946,
      "usd_g": 62.565352822550054,
      "brl_oz": 10166.4878,
      "brl_g": 326.8601727508483,
      "chg_1h": 0.20597322348094746,
      "chg_24h": -7.023411371237458
    },
    "XPD": {
      "name": "Paládio",
      "usd_oz": 1469,
      "usd_g": 47.2294467093145,
      "brl_oz": 7674.496700000001,
      "brl_g": 246.74079844347176,
      "chg_1h": -0.4067796610169492,
      "chg_24h": -8.70105655686762
    },
    "XCU": {
      "name": "Cobre",
      "usd_oz": 5.564823,
      "usd_g": 0.17891321397227206,
      "brl_oz": 29.0723047989,
      "brl_g": 0.934696303755341,
      "chg_1h": -0.1857697868050888,
      "chg_24h": -2.721047884093653
    }
  }
}
