{
  "timestamp": 1771358661,
  "usdToBrl": 5.2248,
  "metals": {
    "XAU": {
      "name": "Ouro",
      "usd_oz": 4877.5,
      "usd_g": 156.81526638848297,
      "brl_oz": 25483.962,
      "brl_g": 819.3284038265458,
      "chg_1h": -0.11263567479008806,
      "chg_24h": -2.33084171257384
    },
    "XAG": {
      "name": "Prata",
      "usd_oz": 73.526001,
      "usd_g": 2.3639158243556873,
      "brl_oz": 384.15865002479995,
      "brl_g": 12.350987399093595,
      "chg_1h": -0.14259755303870172,
      "chg_24h": -4.180676047375677
    },
    "XPT": {
      "name": "Platina",
      "usd_oz": 2031,
      "usd_g": 65.29816628088344,
      "brl_oz": 10611.568800000001,
      "brl_g": 341.1698591843598,
      "chg_1h": 0.5445544554455445,
      "chg_24h": -0.7816316560820713
    },
    "XPD": {
      "name": "Paládio",
      "usd_oz": 1712,
      "usd_g": 55.0420781254911,
      "brl_oz": 8944.8576,
      "brl_g": 287.5838497900659,
      "chg_1h": 0.8839127872716559,
      "chg_24h": -2.1714285714285713
    },
    "XCU": {
      "name": "Cobre",
      "usd_oz": 5.712878,
      "usd_g": 0.18367329275549027,
      "brl_oz": 29.8486449744,
      "brl_g": 0.9596562199888856,
      "chg_1h": 0.004551328305164584,
      "chg_24h": -1.2914287234772246
    }
  }
}
