{
  "timestamp": 1771250120,
  "usdToBrl": 5.2197,
  "metals": {
    "XAU": {
      "name": "Ouro",
      "usd_oz": 4997.5,
      "usd_g": 160.67335597671834,
      "brl_oz": 26085.450749999996,
      "brl_g": 838.6667161916766,
      "chg_1h": -0.11393097972967178,
      "chg_24h": -0.906174516833757
    },
    "XAG": {
      "name": "Prata",
      "usd_oz": 77.031998,
      "usd_g": 2.4766362453730575,
      "brl_oz": 402.0839199606,
      "brl_g": 12.927298209973747,
      "chg_1h": -0.051900820685867675,
      "chg_24h": -0.6935696789996026
    },
    "XPT": {
      "name": "Platina",
      "usd_oz": 2035,
      "usd_g": 65.42676926715794,
      "brl_oz": 10622.089499999998,
      "brl_g": 341.50810754378426,
      "chg_1h": -0.3428011753183154,
      "chg_24h": -1.8330921369995177
    },
    "XPD": {
      "name": "Paládio",
      "usd_oz": 1714,
      "usd_g": 55.10637961862836,
      "brl_oz": 8946.565799999998,
      "brl_g": 287.6387696953544,
      "chg_1h": 0.05837711617046118,
      "chg_24h": -0.23282887077997672
    },
    "XCU": {
      "name": "Cobre",
      "usd_oz": 5.766898,
      "usd_g": 0.18541007608512758,
      "brl_oz": 30.1014774906,
      "brl_g": 0.9677849741415403,
      "chg_1h": 0.12469364808959753,
      "chg_24h": -1.880250613876043
    }
  }
}
