{
  "timestamp": 1773213121,
  "usdToBrl": 5.1779,
  "metals": {
    "XAU": {
      "name": "Ouro",
      "usd_oz": 5199.100098,
      "usd_g": 167.1549496357269,
      "brl_oz": 26920.4203974342,
      "brl_g": 865.5116137188303,
      "chg_1h": -0.0960780904641239,
      "chg_24h": 0.3745371791735436
    },
    "XAG": {
      "name": "Prata",
      "usd_oz": 87.551003,
      "usd_g": 2.814830109282188,
      "brl_oz": 453.3303384337,
      "brl_g": 14.574908822852242,
      "chg_1h": -0.5204013048528826,
      "chg_24h": -1.7230496567704277
    },
    "XPT": {
      "name": "Platina",
      "usd_oz": 2193,
      "usd_g": 70.50658722500117,
      "brl_oz": 11355.1347,
      "brl_g": 365.0760579923336,
      "chg_1h": 0.09128251939753537,
      "chg_24h": -0.5442176870748299
    },
    "XPD": {
      "name": "Paládio",
      "usd_oz": 1687,
      "usd_g": 54.238309461275406,
      "brl_oz": 8735.1173,
      "brl_g": 280.84054255953794,
      "chg_1h": -0.29550827423167847,
      "chg_24h": -1.2295081967213115
    },
    "XCU": {
      "name": "Cobre",
      "usd_oz": 5.827226,
      "usd_g": 0.18734966632411976,
      "brl_oz": 30.172793505399998,
      "brl_g": 0.9700778372596597,
      "chg_1h": -0.32327396352285015,
      "chg_24h": -0.3426220144136018
    }
  }
}
