{
  "timestamp": 1771912182,
  "usdToBrl": 5.1815,
  "metals": {
    "XAU": {
      "name": "Ouro",
      "usd_oz": 5176.200195,
      "usd_g": 166.41870065792776,
      "brl_oz": 26820.4813103925,
      "brl_g": 862.2984974590527,
      "chg_1h": 0.10636857277701824,
      "chg_24h": 0.3197860219861088
    },
    "XAG": {
      "name": "Prata",
      "usd_oz": 88.066002,
      "usd_g": 2.8313877116142847,
      "brl_oz": 456.31398936299996,
      "brl_g": 14.670835427729415,
      "chg_1h": 1.2322677001080073,
      "chg_24h": 1.0441094369661177
    },
    "XPT": {
      "name": "Platina",
      "usd_oz": 2142,
      "usd_g": 68.86689915000113,
      "brl_oz": 11098.773,
      "brl_g": 356.83383794573086,
      "chg_1h": 0.18709073900841908,
      "chg_24h": -1.2448132780082988
    },
    "XPD": {
      "name": "Paládio",
      "usd_oz": 1761,
      "usd_g": 56.617464707353875,
      "brl_oz": 9124.6215,
      "brl_g": 293.3633933811541,
      "chg_1h": 0.056818181818181816,
      "chg_24h": -0.5084745762711864
    },
    "XCU": {
      "name": "Cobre",
      "usd_oz": 5.833652,
      "usd_g": 0.18755626702156974,
      "brl_oz": 30.227067837999996,
      "brl_g": 0.9718227975722636,
      "chg_1h": -0.06862341027858086,
      "chg_24h": 0.951097748607766
    }
  }
}
