{
  "timestamp": 1781218483,
  "usdToBrl": 5.1604,
  "metals": {
    "XAU": {
      "name": "Ouro",
      "usd_oz": 4233.200195,
      "usd_g": 136.10054664371157,
      "brl_oz": 21845.006286278003,
      "brl_g": 702.3332609002092,
      "chg_1h": 0.4866237579481964,
      "chg_24h": 4.155700710176588
    },
    "XAG": {
      "name": "Prata",
      "usd_oz": 67.865997,
      "usd_g": 2.1819424701742665,
      "brl_oz": 350.21569091879996,
      "brl_g": 11.259695923087286,
      "chg_1h": 0.5705220475160866,
      "chg_24h": 7.953418255441437
    },
    "XPT": {
      "name": "Platina",
      "usd_oz": 1733,
      "usd_g": 55.71724380343229,
      "brl_oz": 8942.9732,
      "brl_g": 287.523264923232,
      "chg_1h": 0.23134759976865238,
      "chg_24h": 4.334738109572546
    },
    "XPD": {
      "name": "Paládio",
      "usd_oz": 1305,
      "usd_g": 41.95672427205952,
      "brl_oz": 6734.322,
      "brl_g": 216.51347993353593,
      "chg_1h": 0.7722007722007722,
      "chg_24h": 4.903536977491962
    },
    "XCU": {
      "name": "Cobre",
      "usd_oz": 6.156685,
      "usd_g": 0.19794201913787338,
      "brl_oz": 31.770957274000004,
      "brl_g": 1.0214599955590817,
      "chg_1h": 0,
      "chg_24h": -0.30128139731089526
    }
  }
}
