{
  "timestamp": 1772704899,
  "usdToBrl": 5.2198,
  "metals": {
    "XAU": {
      "name": "Ouro",
      "usd_oz": 5161.899902,
      "usd_g": 165.95893556182762,
      "brl_oz": 26944.085108459603,
      "brl_g": 866.2724518456279,
      "chg_1h": -0.255071317463042,
      "chg_24h": -0.4435958347262998
    },
    "XAG": {
      "name": "Prata",
      "usd_oz": 84.292,
      "usd_g": 2.71005072976279,
      "brl_oz": 439.98738160000005,
      "brl_g": 14.145922799215812,
      "chg_1h": 0.01068186979635641,
      "chg_24h": -2.5863850986523205
    },
    "XPT": {
      "name": "Platina",
      "usd_oz": 2181,
      "usd_g": 70.12077826617762,
      "brl_oz": 11384.3838,
      "brl_g": 366.016438393794,
      "chg_1h": -0.8636363636363636,
      "chg_24h": -0.1830663615560641
    },
    "XPD": {
      "name": "Paládio",
      "usd_oz": 1689,
      "usd_g": 54.30261095441266,
      "brl_oz": 8816.2422,
      "brl_g": 283.4487686598432,
      "chg_1h": -0.41273584905660377,
      "chg_24h": -1.6307513104251603
    },
    "XCU": {
      "name": "Cobre",
      "usd_oz": 5.832442,
      "usd_g": 0.18751736461822174,
      "brl_oz": 30.444180751600005,
      "brl_g": 0.9788031398341939,
      "chg_1h": 0.06095501218156906,
      "chg_24h": -0.8061441106750771
    }
  }
}
