{
  "timestamp": 1776033040,
  "usdToBrl": 5.0543,
  "metals": {
    "XAU": {
      "name": "Ouro",
      "usd_oz": 4648.700195,
      "usd_g": 149.45918184297648,
      "brl_oz": 23495.9253955885,
      "brl_g": 755.4115427889559,
      "chg_1h": -2.116145790312383,
      "chg_24h": -2.116145790312383
    },
    "XAG": {
      "name": "Prata",
      "usd_oz": 73.047997,
      "usd_g": 2.3485476388928967,
      "brl_oz": 369.20649123709995,
      "brl_g": 11.870264331256367,
      "chg_1h": -3.9019167521772316,
      "chg_24h": -3.9019167521772316
    },
    "XPT": {
      "name": "Platina",
      "usd_oz": 2000,
      "usd_g": 64.30149313725596,
      "brl_oz": 10108.599999999999,
      "brl_g": 324.9990367636328,
      "chg_1h": -2.6290165530671863,
      "chg_24h": -2.6290165530671863
    },
    "XPD": {
      "name": "Paládio",
      "usd_oz": 1520,
      "usd_g": 48.86913478431453,
      "brl_oz": 7682.535999999999,
      "brl_g": 246.9992679403609,
      "chg_1h": -1.7453135100193924,
      "chg_24h": -1.7453135100193924
    },
    "XCU": {
      "name": "Cobre",
      "usd_oz": 5.756994,
      "usd_g": 0.18509165509111186,
      "brl_oz": 29.097574774199995,
      "brl_g": 0.9355087523270066,
      "chg_1h": 0,
      "chg_24h": 0
    }
  }
}
