{
  "timestamp": 1775136317,
  "usdToBrl": 5.1598,
  "metals": {
    "XAU": {
      "name": "Ouro",
      "usd_oz": 4586.700195,
      "usd_g": 147.46583555572155,
      "brl_oz": 23666.455666161,
      "brl_g": 760.894218300412,
      "chg_1h": -0.34112000987087976,
      "chg_24h": -3.2239646587192667
    },
    "XAG": {
      "name": "Prata",
      "usd_oz": 70.043999,
      "usd_g": 2.2519668605022316,
      "brl_oz": 361.41302604019995,
      "brl_g": 11.619698606819414,
      "chg_1h": -1.0789741424552837,
      "chg_24h": -6.445844539367786
    },
    "XPT": {
      "name": "Platina",
      "usd_oz": 1919,
      "usd_g": 61.69728266519709,
      "brl_oz": 9901.6562,
      "brl_g": 318.34563909588394,
      "chg_1h": -0.15608740894901144,
      "chg_24h": -2.0918367346938775
    },
    "XPD": {
      "name": "Paládio",
      "usd_oz": 1486,
      "usd_g": 47.77600940098118,
      "brl_oz": 7667.462799999999,
      "brl_g": 246.51465330718267,
      "chg_1h": 0.6775067750677507,
      "chg_24h": -0.06724949562878278
    },
    "XCU": {
      "name": "Cobre",
      "usd_oz": 5.492323,
      "usd_g": 0.17658228484604654,
      "brl_oz": 28.339288215399996,
      "brl_g": 0.9111292733486309,
      "chg_1h": 0.0895504599711707,
      "chg_24h": -0.9853648317886771
    }
  }
}
