{
  "timestamp": 1778183598,
  "usdToBrl": 4.9167,
  "metals": {
    "XAU": {
      "name": "Ouro",
      "usd_oz": 4711.200195,
      "usd_g": 151.46860350351574,
      "brl_oz": 23163.5579987565,
      "brl_g": 744.7256828457357,
      "chg_1h": -0.021221509244473004,
      "chg_24h": 0.2895115956292383
    },
    "XAG": {
      "name": "Prata",
      "usd_oz": 79.424004,
      "usd_g": 2.5535410240696947,
      "brl_oz": 390.50400046679994,
      "brl_g": 12.554995153043468,
      "chg_1h": -0.6032012765800138,
      "chg_24h": 2.214844901168107
    },
    "XPT": {
      "name": "Platina",
      "usd_oz": 2041,
      "usd_g": 65.61967374656972,
      "brl_oz": 10034.984699999999,
      "brl_g": 322.6322499097593,
      "chg_1h": -0.5360623781676412,
      "chg_24h": -1.4961389961389961
    },
    "XPD": {
      "name": "Paládio",
      "usd_oz": 1513,
      "usd_g": 48.644079558334134,
      "brl_oz": 7438.9671,
      "brl_g": 239.16834596446142,
      "chg_1h": -0.6565988181221274,
      "chg_24h": -3.3844189016602813
    },
    "XCU": {
      "name": "Cobre",
      "usd_oz": 6.042606,
      "usd_g": 0.19427429412007086,
      "brl_oz": 29.709680920199997,
      "brl_g": 0.9551884219001523,
      "chg_1h": 0.7982648823504301,
      "chg_24h": 0.11707320306053835
    }
  }
}
