{
  "timestamp": 1772600084,
  "usdToBrl": 5.2434,
  "metals": {
    "XAU": {
      "name": "Ouro",
      "usd_oz": 5158.200195,
      "usd_g": 165.83998721969243,
      "brl_oz": 27046.506902463003,
      "brl_g": 869.5653889877353,
      "chg_1h": -0.09490234368877695,
      "chg_24h": -4.01741499158804
    },
    "XAG": {
      "name": "Prata",
      "usd_oz": 84.720001,
      "usd_g": 2.723811281444909,
      "brl_oz": 444.22085324340003,
      "brl_g": 14.282032073128237,
      "chg_1h": 0.42793299555549497,
      "chg_24h": -6.284222450147424
    },
    "XPT": {
      "name": "Platina",
      "usd_oz": 2138,
      "usd_g": 68.73829616372663,
      "brl_oz": 11210.389200000001,
      "brl_g": 360.4223821048842,
      "chg_1h": 0.1405152224824356,
      "chg_24h": -7.204861111111111
    },
    "XPD": {
      "name": "Paládio",
      "usd_oz": 1698,
      "usd_g": 54.59196767353031,
      "brl_oz": 8903.2932,
      "brl_g": 286.24752329938883,
      "chg_1h": 0.05892751915144372,
      "chg_24h": -6.084070796460177
    },
    "XCU": {
      "name": "Cobre",
      "usd_oz": 5.906453,
      "usd_g": 0.18989687352251244,
      "brl_oz": 30.969895660200002,
      "brl_g": 0.9957052666279418,
      "chg_1h": -0.255337559800419,
      "chg_24h": -2.281339003647209
    }
  }
}
