{
  "timestamp": 1784850036,
  "usdToBrl": 5.0715,
  "metals": {
    "XAU": {
      "name": "Ouro",
      "usd_oz": 4049.600098,
      "usd_g": 130.19766645508903,
      "brl_oz": 20537.546897007,
      "brl_g": 660.2974654269841,
      "chg_1h": -0.02468769999027438,
      "chg_24h": -1.8254940917109368
    },
    "XAG": {
      "name": "Prata",
      "usd_oz": 57.729,
      "usd_g": 1.8560304486603247,
      "brl_oz": 292.7726235,
      "brl_g": 9.412858420380838,
      "chg_1h": -0.07615841441777924,
      "chg_24h": -3.3209437526479166
    },
    "XPT": {
      "name": "Platina",
      "usd_oz": 1603,
      "usd_g": 51.53764674951066,
      "brl_oz": 8129.614500000001,
      "brl_g": 261.3731754901433,
      "chg_1h": 0.12492192379762648,
      "chg_24h": -2.1964612568639414
    },
    "XPD": {
      "name": "Paládio",
      "usd_oz": 1277,
      "usd_g": 41.05650336813793,
      "brl_oz": 6476.3055,
      "brl_g": 208.21805683151155,
      "chg_1h": -0.0782472613458529,
      "chg_24h": -2.667682926829268
    },
    "XCU": {
      "name": "Cobre",
      "usd_oz": 6.223123,
      "usd_g": 0.20007805043839988,
      "brl_oz": 31.560568294500005,
      "brl_g": 1.014695832798345,
      "chg_1h": 0,
      "chg_24h": -0.7690525473530228
    }
  }
}
