{
  "timestamp": 1784050448,
  "usdToBrl": 5.1233,
  "metals": {
    "XAU": {
      "name": "Ouro",
      "usd_oz": 4063.699951,
      "usd_g": 130.65098725554694,
      "brl_oz": 20819.553958958302,
      "brl_g": 669.3642030063437,
      "chg_1h": 0.05416597316262601,
      "chg_24h": 1.7196483354192753
    },
    "XAG": {
      "name": "Prata",
      "usd_oz": 58.924999,
      "usd_g": 1.8944827094056573,
      "brl_oz": 301.8904473767,
      "brl_g": 9.706003265098005,
      "chg_1h": 0.12063581065008408,
      "chg_24h": 2.5228378433349405
    },
    "XPT": {
      "name": "Platina",
      "usd_oz": 1636,
      "usd_g": 52.598621386275376,
      "brl_oz": 8381.7188,
      "brl_g": 269.4785169483047,
      "chg_1h": 0.06116207951070336,
      "chg_24h": 2.1223470661672907
    },
    "XPD": {
      "name": "Paládio",
      "usd_oz": 1329,
      "usd_g": 42.72834218970659,
      "brl_oz": 6808.8657,
      "brl_g": 218.91011554052378,
      "chg_1h": 0.6056018168054504,
      "chg_24h": 4.8107255520504735
    },
    "XCU": {
      "name": "Cobre",
      "usd_oz": 6.157214,
      "usd_g": 0.19795902688280817,
      "brl_oz": 31.5452544862,
      "brl_g": 1.0142034824286912,
      "chg_1h": -0.158132864685822,
      "chg_24h": 0.8157160295019299
    }
  }
}
