{
  "timestamp": 1773386969,
  "usdToBrl": 5.1621,
  "metals": {
    "XAU": {
      "name": "Ouro",
      "usd_oz": 5083.100098,
      "usd_g": 163.42546303376605,
      "brl_oz": 26239.471015885796,
      "brl_g": 843.6185827266037,
      "chg_1h": -0.2218083428347283,
      "chg_24h": -1.6180558934095548
    },
    "XAG": {
      "name": "Prata",
      "usd_oz": 82.468002,
      "usd_g": 2.6514078323231054,
      "brl_oz": 425.7080731242,
      "brl_g": 13.686832371235102,
      "chg_1h": -0.5990405881535881,
      "chg_24h": -4.130388898971705
    },
    "XPT": {
      "name": "Platina",
      "usd_oz": 2100,
      "usd_g": 67.51656779411876,
      "brl_oz": 10840.41,
      "brl_g": 348.5272746100204,
      "chg_1h": -0.7092198581560284,
      "chg_24h": -3.359410952600092
    },
    "XPD": {
      "name": "Paládio",
      "usd_oz": 1631,
      "usd_g": 52.437867653432235,
      "brl_oz": 8419.3851,
      "brl_g": 270.68951661378253,
      "chg_1h": -0.548780487804878,
      "chg_24h": -2.100840336134454
    },
    "XCU": {
      "name": "Cobre",
      "usd_oz": 5.820875,
      "usd_g": 0.1871454769326624,
      "brl_oz": 30.0479388375,
      "brl_g": 0.9660636664740965,
      "chg_1h": -0.08434908988293785,
      "chg_24h": -0.12581911970197415
    }
  }
}
