{
  "timestamp": 1771925474,
  "usdToBrl": 5.1815,
  "metals": {
    "XAU": {
      "name": "Ouro",
      "usd_oz": 5169.700195,
      "usd_g": 166.20972080523165,
      "brl_oz": 26786.8015603925,
      "brl_g": 861.2156683523078,
      "chg_1h": -0.08310407808271456,
      "chg_24h": 0.41567878349308174
    },
    "XAG": {
      "name": "Prata",
      "usd_oz": 88.130997,
      "usd_g": 2.8334773493875125,
      "brl_oz": 456.65076095549995,
      "brl_g": 14.681662885851395,
      "chg_1h": 0.02042604406188867,
      "chg_24h": 1.4317400597127246
    },
    "XPT": {
      "name": "Platina",
      "usd_oz": 2165,
      "usd_g": 69.60636632107958,
      "brl_oz": 11217.9475,
      "brl_g": 360.6653870926738,
      "chg_1h": 0.7445323406235459,
      "chg_24h": -0.45977011494252873
    },
    "XPD": {
      "name": "Paládio",
      "usd_oz": 1772,
      "usd_g": 56.97112291960878,
      "brl_oz": 9181.618,
      "brl_g": 295.1958734079529,
      "chg_1h": 0.5104934770277936,
      "chg_24h": -0.7838745800671892
    },
    "XCU": {
      "name": "Cobre",
      "usd_oz": 5.814903,
      "usd_g": 0.18695347267415455,
      "brl_oz": 30.1299198945,
      "brl_g": 0.9686994186611317,
      "chg_1h": -0.020804272544214485,
      "chg_24h": 0.6411197225270205
    }
  }
}
