{
  "timestamp": 1780398114,
  "usdToBrl": 5.0245,
  "metals": {
    "XAU": {
      "name": "Ouro",
      "usd_oz": 4535.299805,
      "usd_g": 145.8132746433029,
      "brl_oz": 22787.613870222496,
      "brl_g": 732.6387984452754,
      "chg_1h": 0,
      "chg_24h": 0.5944284129976632
    },
    "XAG": {
      "name": "Prata",
      "usd_oz": 76.483002,
      "usd_g": 2.458985614109867,
      "brl_oz": 384.288843549,
      "brl_g": 12.355173218095027,
      "chg_1h": 0,
      "chg_24h": 0.7548385849116782
    },
    "XPT": {
      "name": "Platina",
      "usd_oz": 1963,
      "usd_g": 63.111915514216726,
      "brl_oz": 9863.093499999999,
      "brl_g": 317.10581950118194,
      "chg_1h": 0,
      "chg_24h": 0.35787321063394684
    },
    "XPD": {
      "name": "Paládio",
      "usd_oz": 1406,
      "usd_g": 45.20394967549094,
      "brl_oz": 7064.446999999999,
      "brl_g": 227.1272451445042,
      "chg_1h": 0,
      "chg_24h": 1.6630513376717282
    },
    "XCU": {
      "name": "Cobre",
      "usd_oz": 6.288529,
      "usd_g": 0.20218090216846754,
      "brl_oz": 31.596713960499997,
      "brl_g": 1.015857942945465,
      "chg_1h": 0,
      "chg_24h": 0.31958224109897726
    }
  }
}
