{
  "timestamp": 1782847365,
  "usdToBrl": 5.1784,
  "metals": {
    "XAU": {
      "name": "Ouro",
      "usd_oz": 4024.100098,
      "usd_g": 129.37782241758902,
      "brl_oz": 20838.399947483198,
      "brl_g": 669.970115607243,
      "chg_1h": -0.059602682230227515,
      "chg_24h": 0.04724148533509426
    },
    "XAG": {
      "name": "Prata",
      "usd_oz": 59.68,
      "usd_g": 1.918756555215718,
      "brl_oz": 309.046912,
      "brl_g": 9.936088945529074,
      "chg_1h": 0.08888758597426957,
      "chg_24h": 2.184783613875483
    },
    "XPT": {
      "name": "Platina",
      "usd_oz": 1562,
      "usd_g": 50.21946614019691,
      "brl_oz": 8088.6608,
      "brl_g": 260.05648346039567,
      "chg_1h": 0.19243104554201412,
      "chg_24h": -1.6991818753933292
    },
    "XPD": {
      "name": "Paládio",
      "usd_oz": 1238,
      "usd_g": 39.80262425196144,
      "brl_oz": 6410.8592,
      "brl_g": 206.1139094263571,
      "chg_1h": 0.5686433793663688,
      "chg_24h": -0.24174053182917005
    },
    "XCU": {
      "name": "Cobre",
      "usd_oz": 6.051028,
      "usd_g": 0.19454506770767183,
      "brl_oz": 31.334643395199997,
      "brl_g": 1.0074321786174079,
      "chg_1h": 0.05550897196622283,
      "chg_24h": 0.37533999480127406
    }
  }
}
