{
  "timestamp": 1774479916,
  "usdToBrl": 5.233,
  "metals": {
    "XAU": {
      "name": "Ouro",
      "usd_oz": 4507,
      "usd_g": 144.9034147848063,
      "brl_oz": 23585.130999999998,
      "brl_g": 758.2795695688914,
      "chg_1h": -0.006651543340140674,
      "chg_24h": 0.7263381383394792
    },
    "XAG": {
      "name": "Prata",
      "usd_oz": 70.827003,
      "usd_g": 2.2771410236684537,
      "brl_oz": 370.637706699,
      "brl_g": 11.916278976857017,
      "chg_1h": -0.7761085208714426,
      "chg_24h": -1.2809062169066918
    },
    "XPT": {
      "name": "Platina",
      "usd_oz": 1935,
      "usd_g": 62.21169461029514,
      "brl_oz": 10125.855,
      "brl_g": 325.55379789567445,
      "chg_1h": 0.3110419906687403,
      "chg_24h": -0.5652620760534429
    },
    "XPD": {
      "name": "Paládio",
      "usd_oz": 1436,
      "usd_g": 46.16847207254978,
      "brl_oz": 7514.588,
      "brl_g": 241.599614355653,
      "chg_1h": 0.1394700139470014,
      "chg_24h": -1.7111567419575633
    },
    "XCU": {
      "name": "Cobre",
      "usd_oz": 5.496103,
      "usd_g": 0.17670381466807594,
      "brl_oz": 28.761106998999995,
      "brl_g": 0.9246910621580413,
      "chg_1h": 0,
      "chg_24h": 0.8316251658251016
    }
  }
}
