{
  "timestamp": 1773009294,
  "usdToBrl": 5.2765,
  "metals": {
    "XAU": {
      "name": "Ouro",
      "usd_oz": 5156.399902,
      "usd_g": 165.78210645570016,
      "brl_oz": 27207.744082903002,
      "brl_g": 874.749284713502,
      "chg_1h": -0.340164244298413,
      "chg_24h": -0.340164244298413
    },
    "XAG": {
      "name": "Prata",
      "usd_oz": 83.737999,
      "usd_g": 2.6922391840130233,
      "brl_oz": 441.84355172350007,
      "brl_g": 14.20560005444472,
      "chg_1h": -1.0107254498427616,
      "chg_24h": -1.0107254498427616
    },
    "XPT": {
      "name": "Platina",
      "usd_oz": 2097,
      "usd_g": 67.42011555441287,
      "brl_oz": 11064.820500000002,
      "brl_g": 355.74223972285955,
      "chg_1h": -2.691415313225058,
      "chg_24h": -2.691415313225058
    },
    "XPD": {
      "name": "Paládio",
      "usd_oz": 1623,
      "usd_g": 52.18066168088321,
      "brl_oz": 8563.7595,
      "brl_g": 275.3312613591803,
      "chg_1h": -1.6959418534221684,
      "chg_24h": -1.6959418534221684
    },
    "XCU": {
      "name": "Cobre",
      "usd_oz": 5.796064,
      "usd_g": 0.1863477847595482,
      "brl_oz": 30.582931696000003,
      "brl_g": 0.9832640862837561,
      "chg_1h": 0,
      "chg_24h": 0
    }
  }
}
