{
  "timestamp": 1776150636,
  "usdToBrl": 5.0274,
  "metals": {
    "XAU": {
      "name": "Ouro",
      "usd_oz": 4794.899902,
      "usd_g": 154.15961157114114,
      "brl_oz": 24105.8797673148,
      "brl_g": 775.022031212755,
      "chg_1h": 0.6697439009027947,
      "chg_24h": 1.3485194284299884
    },
    "XAG": {
      "name": "Prata",
      "usd_oz": 78.032997,
      "usd_g": 2.5088191105375075,
      "brl_oz": 392.30308911779997,
      "brl_g": 12.612837196316265,
      "chg_1h": 1.7021388182310817,
      "chg_24h": 4.530409444878041
    },
    "XPT": {
      "name": "Platina",
      "usd_oz": 2109,
      "usd_g": 67.8059245132364,
      "brl_oz": 10602.7866,
      "brl_g": 340.88750489784474,
      "chg_1h": 1.2968299711815563,
      "chg_24h": 2.7277155382367266
    },
    "XPD": {
      "name": "Paládio",
      "usd_oz": 1623,
      "usd_g": 52.18066168088321,
      "brl_oz": 8159.4702,
      "brl_g": 262.3330585344723,
      "chg_1h": 1.9472361809045227,
      "chg_24h": 4.305912596401028
    },
    "XCU": {
      "name": "Cobre",
      "usd_oz": 5.873416,
      "usd_g": 0.18883470930812468,
      "brl_oz": 29.5280115984,
      "brl_g": 0.949347617575666,
      "chg_1h": 0.6229684739884955,
      "chg_24h": 1.9606726671008854
    }
  }
}
