{
  "timestamp": 1784763913,
  "usdToBrl": 5.0797,
  "metals": {
    "XAU": {
      "name": "Ouro",
      "usd_oz": 4124.899902,
      "usd_g": 132.6186113701604,
      "brl_oz": 20953.2540321894,
      "brl_g": 673.6627601770039,
      "chg_1h": 0.03394936340487719,
      "chg_24h": 1.0187802145519032
    },
    "XAG": {
      "name": "Prata",
      "usd_oz": 59.712002,
      "usd_g": 1.919785443407407,
      "brl_oz": 303.3190565594,
      "brl_g": 9.751934116876605,
      "chg_1h": 0.35124952863719605,
      "chg_24h": 1.2651392327782063
    },
    "XPT": {
      "name": "Platina",
      "usd_oz": 1639,
      "usd_g": 52.69507362598126,
      "brl_oz": 8325.6283,
      "brl_g": 267.675165497897,
      "chg_1h": 0.24464831804281345,
      "chg_24h": 0.12217470983506415
    },
    "XPD": {
      "name": "Paládio",
      "usd_oz": 1312,
      "usd_g": 42.18177949803991,
      "brl_oz": 6664.5664,
      "brl_g": 214.27078531619333,
      "chg_1h": 0.2291825821237586,
      "chg_24h": 0.5363984674329502
    },
    "XCU": {
      "name": "Cobre",
      "usd_oz": 6.271353,
      "usd_g": 0.20162868094540481,
      "brl_oz": 31.8565918341,
      "brl_g": 1.0242132105983728,
      "chg_1h": 0,
      "chg_24h": -0.11222606272713609
    }
  }
}
