{
  "timestamp": 1777907881,
  "usdToBrl": 4.9661,
  "metals": {
    "XAU": {
      "name": "Ouro",
      "usd_oz": 4552.600098,
      "usd_g": 146.36949197910891,
      "brl_oz": 22608.667346677797,
      "brl_g": 726.8855341174527,
      "chg_1h": 0,
      "chg_24h": -1.36065791336493
    },
    "XAG": {
      "name": "Prata",
      "usd_oz": 74.082001,
      "usd_g": 2.3817916394478447,
      "brl_oz": 367.89862516610003,
      "brl_g": 11.82821546066194,
      "chg_1h": 0,
      "chg_24h": -1.841741308034753
    },
    "XPT": {
      "name": "Platina",
      "usd_oz": 1973,
      "usd_g": 63.43342297990301,
      "brl_oz": 9798.1153,
      "brl_g": 315.0167218604963,
      "chg_1h": 0,
      "chg_24h": -1.1027568922305764
    },
    "XPD": {
      "name": "Paládio",
      "usd_oz": 1503,
      "usd_g": 48.32257209264785,
      "brl_oz": 7464.0483,
      "brl_g": 239.9747252692985,
      "chg_1h": 0,
      "chg_24h": -3.032258064516129
    },
    "XCU": {
      "name": "Cobre",
      "usd_oz": 5.875257,
      "usd_g": 0.18889389883255753,
      "brl_oz": 29.1771137877,
      "brl_g": 0.9380659909923639,
      "chg_1h": 0,
      "chg_24h": -0.03986320947325034
    }
  }
}
