{
  "timestamp": 1784694765,
  "usdToBrl": 5.0794,
  "metals": {
    "XAU": {
      "name": "Ouro",
      "usd_oz": 4129.700195,
      "usd_g": 132.77294437385856,
      "brl_oz": 20976.399170483,
      "brl_g": 674.4068936525772,
      "chg_1h": 0,
      "chg_24h": 2.0586272987706353
    },
    "XAG": {
      "name": "Prata",
      "usd_oz": 59.805,
      "usd_g": 1.9227753985367964,
      "brl_oz": 303.77351699999997,
      "brl_g": 9.766545359327802,
      "chg_1h": 0,
      "chg_24h": 3.30085840845582
    },
    "XPT": {
      "name": "Platina",
      "usd_oz": 1667,
      "usd_g": 53.595294529902844,
      "brl_oz": 8467.3598,
      "brl_g": 272.2319390351885,
      "chg_1h": 0,
      "chg_24h": 2.964793082149475
    },
    "XPD": {
      "name": "Paládio",
      "usd_oz": 1335,
      "usd_g": 42.921246669118354,
      "brl_oz": 6780.999,
      "brl_g": 218.01418033111975,
      "chg_1h": 0,
      "chg_24h": 3.488372093023256
    },
    "XCU": {
      "name": "Cobre",
      "usd_oz": 6.278399,
      "usd_g": 0.20185521510572735,
      "brl_oz": 31.8904998806,
      "brl_g": 1.0253033796080315,
      "chg_1h": 0,
      "chg_24h": 1.8843677801670524
    }
  }
}
