{
  "timestamp": 1774569806,
  "usdToBrl": 5.2366,
  "metals": {
    "XAU": {
      "name": "Ouro",
      "usd_oz": 4410.299805,
      "usd_g": 141.7944313222244,
      "brl_oz": 23094.975958863,
      "brl_g": 742.5207190619603,
      "chg_1h": 0.04082579108539528,
      "chg_24h": -1.9541235647472264
    },
    "XAG": {
      "name": "Prata",
      "usd_oz": 68.910004,
      "usd_g": 2.2155080746471403,
      "brl_oz": 360.8541269464,
      "brl_g": 11.601729583697216,
      "chg_1h": -0.08119797808204124,
      "chg_24h": -2.5152782641875215
    },
    "XPT": {
      "name": "Platina",
      "usd_oz": 1847,
      "usd_g": 59.38242891225588,
      "brl_oz": 9672.0002,
      "brl_g": 310.96202724191915,
      "chg_1h": -0.16216216216216214,
      "chg_24h": -4.151530877010898
    },
    "XPD": {
      "name": "Paládio",
      "usd_oz": 1408,
      "usd_g": 45.2682511686282,
      "brl_oz": 7373.1328,
      "brl_g": 237.05172406963842,
      "chg_1h": 0.1422475106685633,
      "chg_24h": -1.675977653631285
    },
    "XCU": {
      "name": "Cobre",
      "usd_oz": 5.448024,
      "usd_g": 0.17515803892380288,
      "brl_oz": 28.5291224784,
      "brl_g": 0.9172325866283862,
      "chg_1h": 0,
      "chg_24h": -0.8747834602080701
    }
  }
}
