{
  "timestamp": 1775144451,
  "usdToBrl": 5.1818,
  "metals": {
    "XAU": {
      "name": "Ouro",
      "usd_oz": 4671.399902,
      "usd_g": 150.1889943699156,
      "brl_oz": 24206.2600121836,
      "brl_g": 778.2493310260287,
      "chg_1h": -0.35409765358361533,
      "chg_24h": -2.038338170583156
    },
    "XAG": {
      "name": "Prata",
      "usd_oz": 72.357002,
      "usd_g": 2.326331633767708,
      "brl_oz": 374.93951296359995,
      "brl_g": 12.054585259857507,
      "chg_1h": -0.9513770751963887,
      "chg_24h": -4.346612638506694
    },
    "XPT": {
      "name": "Platina",
      "usd_oz": 1992,
      "usd_g": 64.04428716470694,
      "brl_oz": 10322.1456,
      "brl_g": 331.86468723007846,
      "chg_1h": 0.45385779122541603,
      "chg_24h": 0.1508295625942685
    },
    "XPD": {
      "name": "Paládio",
      "usd_oz": 1524,
      "usd_g": 48.99773777058904,
      "brl_oz": 7897.0632,
      "brl_g": 253.8964775796383,
      "chg_1h": -0.45721750489875895,
      "chg_24h": -0.3270111183780248
    },
    "XCU": {
      "name": "Cobre",
      "usd_oz": 5.528384,
      "usd_g": 0.17774167291805784,
      "brl_oz": 28.6469802112,
      "brl_g": 0.9210218007267921,
      "chg_1h": -0.18699195358656326,
      "chg_24h": -0.6007948147712593
    }
  }
}
