{
  "timestamp": 1771222547,
  "usdToBrl": 5.2197,
  "metals": {
    "XAU": {
      "name": "Ouro",
      "usd_oz": 4991.399902,
      "usd_g": 160.47723327187654,
      "brl_oz": 26053.6100684694,
      "brl_g": 837.6430145092139,
      "chg_1h": 0.16857118201886637,
      "chg_24h": -1.0271314046060833
    },
    "XAG": {
      "name": "Prata",
      "usd_oz": 76.206001,
      "usd_g": 2.4500798251596105,
      "brl_oz": 397.7724634197,
      "brl_g": 12.788681663385619,
      "chg_1h": 0.7189844022500991,
      "chg_24h": -1.7584104679644097
    },
    "XPT": {
      "name": "Platina",
      "usd_oz": 2061,
      "usd_g": 66.26268867794226,
      "brl_oz": 10757.8017,
      "brl_g": 345.8713560922552,
      "chg_1h": 0.34079844206426485,
      "chg_24h": -0.5788712011577424
    },
    "XPD": {
      "name": "Paládio",
      "usd_oz": 1704,
      "usd_g": 54.78487215294208,
      "brl_oz": 8894.368799999998,
      "brl_g": 285.96059717671176,
      "chg_1h": 0.41249263406010606,
      "chg_24h": -0.8149010477299184
    },
    "XCU": {
      "name": "Cobre",
      "usd_oz": 5.765991,
      "usd_g": 0.1853809153579898,
      "brl_oz": 30.096743222699995,
      "brl_g": 0.9676327638940994,
      "chg_1h": 0.17864002506032248,
      "chg_24h": -1.895682586609613
    }
  }
}
