{
  "timestamp": 1771515122,
  "usdToBrl": 5.2343,
  "metals": {
    "XAU": {
      "name": "Ouro",
      "usd_oz": 5020.200195,
      "usd_g": 161.4031841932218,
      "brl_oz": 26277.2338806885,
      "brl_g": 844.8326870225809,
      "chg_1h": 0.6960223648580954,
      "chg_24h": 0.3077124080890324
    },
    "XAG": {
      "name": "Prata",
      "usd_oz": 78.804001,
      "usd_g": 2.533607464744906,
      "brl_oz": 412.4837824343,
      "brl_g": 13.261661552714262,
      "chg_1h": 1.112443440853181,
      "chg_24h": 0.9634589513796171
    },
    "XPT": {
      "name": "Platina",
      "usd_oz": 2083,
      "usd_g": 66.97000510245209,
      "brl_oz": 10903.046900000001,
      "brl_g": 350.541097707765,
      "chg_1h": 0.9694619486185166,
      "chg_24h": -1.1390602752728998
    },
    "XPD": {
      "name": "Paládio",
      "usd_oz": 1707,
      "usd_g": 54.88132439264796,
      "brl_oz": 8934.9501,
      "brl_g": 287.26531626843723,
      "chg_1h": 0.7674144037780402,
      "chg_24h": -3.231292517006803
    },
    "XCU": {
      "name": "Cobre",
      "usd_oz": 5.736583,
      "usd_g": 0.18443542620289963,
      "brl_oz": 30.026996396900003,
      "brl_g": 0.9653903513738376,
      "chg_1h": 0.7006904212586189,
      "chg_24h": -0.9373387006392561
    }
  }
}
