{
  "timestamp": 1770804515,
  "usdToBrl": 5.2067,
  "metals": {
    "XAU": {
      "name": "Ouro",
      "usd_oz": 5059.600098,
      "usd_g": 162.6699204894033,
      "brl_oz": 26343.819830256598,
      "brl_g": 846.9734750121761,
      "chg_1h": 0.1583656632512798,
      "chg_24h": 0.07120446993670666
    },
    "XAG": {
      "name": "Prata",
      "usd_oz": 83.856003,
      "usd_g": 2.696033100711108,
      "brl_oz": 436.6130508201,
      "brl_g": 14.037435545472524,
      "chg_1h": 0.07638318693908677,
      "chg_24h": 1.5550114028364457
    },
    "XPT": {
      "name": "Platina",
      "usd_oz": 2179,
      "usd_g": 70.05647677304037,
      "brl_oz": 11345.3993,
      "brl_g": 364.7630576141893,
      "chg_1h": 0.9263547938860583,
      "chg_24h": 3.3681214421252372
    },
    "XPD": {
      "name": "Paládio",
      "usd_oz": 1775,
      "usd_g": 57.067575159314664,
      "brl_oz": 9241.8925,
      "brl_g": 297.13374358200366,
      "chg_1h": 0.16930022573363432,
      "chg_24h": 0.9096077316657191
    },
    "XCU": {
      "name": "Cobre",
      "usd_oz": 5.942136,
      "usd_g": 0.1910441086123208,
      "brl_oz": 30.938919511199995,
      "brl_g": 0.9947093603117706,
      "chg_1h": 0.2448705813006498,
      "chg_24h": 1.1634897029943898
    }
  }
}
