{
  "timestamp": 1771832875,
  "usdToBrl": 5.2144,
  "metals": {
    "XAU": {
      "name": "Ouro",
      "usd_oz": 5136.700195,
      "usd_g": 165.14874616846694,
      "brl_oz": 26784.809496808004,
      "brl_g": 861.1516220208541,
      "chg_1h": -0.32598826040554285,
      "chg_24h": 0.5638382417933342
    },
    "XAG": {
      "name": "Prata",
      "usd_oz": 85.843002,
      "usd_g": 2.759916601992225,
      "brl_oz": 447.61974962880004,
      "brl_g": 14.39130912942826,
      "chg_1h": -1.0021635068309644,
      "chg_24h": 1.2705601452299347
    },
    "XPT": {
      "name": "Platina",
      "usd_oz": 2154,
      "usd_g": 69.25270810882468,
      "brl_oz": 11231.8176,
      "brl_g": 361.11132116265543,
      "chg_1h": -0.6915629322268326,
      "chg_24h": -0.5999077065066913
    },
    "XPD": {
      "name": "Paládio",
      "usd_oz": 1765,
      "usd_g": 56.74606769362839,
      "brl_oz": 9203.416000000001,
      "brl_g": 295.8966953816559,
      "chg_1h": 0,
      "chg_24h": -1.0095344924284912
    },
    "XCU": {
      "name": "Cobre",
      "usd_oz": 5.770593,
      "usd_g": 0.18552887309369864,
      "brl_oz": 30.0901801392,
      "brl_g": 0.9674217558597823,
      "chg_1h": -0.036828399234407845,
      "chg_24h": 0.022082328954241448
    }
  }
}
