{
  "timestamp": 1779829103,
  "usdToBrl": 5.0201,
  "metals": {
    "XAU": {
      "name": "Ouro",
      "usd_oz": 4508.100098,
      "usd_g": 144.93878375680495,
      "brl_oz": 22631.1133019698,
      "brl_g": 727.6071883375366,
      "chg_1h": 0.20672831428648641,
      "chg_24h": -1.382532533326148
    },
    "XAG": {
      "name": "Prata",
      "usd_oz": 77.069,
      "usd_g": 2.47782588729759,
      "brl_oz": 386.89408690000005,
      "brl_g": 12.438933736822632,
      "chg_1h": 0.6319788552847097,
      "chg_24h": -1.4399897691668146
    },
    "XPT": {
      "name": "Platina",
      "usd_oz": 1966,
      "usd_g": 63.20836775392261,
      "brl_oz": 9869.5166,
      "brl_g": 317.3123269614669,
      "chg_1h": 0.7172131147540983,
      "chg_24h": -0.4556962025316456
    },
    "XPD": {
      "name": "Paládio",
      "usd_oz": 1407,
      "usd_g": 45.23610042205957,
      "brl_oz": 7063.2807,
      "brl_g": 227.08974772878128,
      "chg_1h": 0.2851033499643621,
      "chg_24h": -1.1243851018973998
    },
    "XCU": {
      "name": "Cobre",
      "usd_oz": 6.142698,
      "usd_g": 0.19749232664561797,
      "brl_oz": 30.836958229800004,
      "brl_g": 0.9914312289936669,
      "chg_1h": 0,
      "chg_24h": 0.25414851922419396
    }
  }
}
