{
  "timestamp": 1775675574,
  "usdToBrl": 5.0818,
  "metals": {
    "XAU": {
      "name": "Ouro",
      "usd_oz": 4715.399902,
      "usd_g": 151.60362721893523,
      "brl_oz": 23962.719221983603,
      "brl_g": 770.4193128011851,
      "chg_1h": -0.537872566962288,
      "chg_24h": 0.5737421776687663
    },
    "XAG": {
      "name": "Prata",
      "usd_oz": 74.225998,
      "usd_g": 2.3864212505014875,
      "brl_oz": 377.20167663640007,
      "brl_g": 12.127315510798459,
      "chg_1h": -1.6431306160470651,
      "chg_24h": 2.352455971557749
    },
    "XPT": {
      "name": "Platina",
      "usd_oz": 2049,
      "usd_g": 65.87687971911873,
      "brl_oz": 10412.6082,
      "brl_g": 334.7731273566176,
      "chg_1h": -1.0622887493964268,
      "chg_24h": 4.647599591419816
    },
    "XPD": {
      "name": "Paládio",
      "usd_oz": 1592,
      "usd_g": 51.18398853725574,
      "brl_oz": 8090.225600000001,
      "brl_g": 260.10679294862626,
      "chg_1h": -0.9334163036714374,
      "chg_24h": 7.277628032345014
    },
    "XCU": {
      "name": "Cobre",
      "usd_oz": 5.658565,
      "usd_g": 0.1819270892571084,
      "brl_oz": 28.755695617000004,
      "brl_g": 0.9245170821867735,
      "chg_1h": -0.06942168259367751,
      "chg_24h": 2.2876856694040804
    }
  }
}
