{
  "timestamp": 1771412239,
  "usdToBrl": 5.2248,
  "metals": {
    "XAU": {
      "name": "Ouro",
      "usd_oz": 4915.200195,
      "usd_g": 158.02735580351583,
      "brl_oz": 25680.937978836002,
      "brl_g": 825.6613286022096,
      "chg_1h": -0.09755701219511485,
      "chg_24h": 0.0529271047537332
    },
    "XAG": {
      "name": "Prata",
      "usd_oz": 75.795998,
      "usd_g": 2.436897922614233,
      "brl_oz": 396.0189303504,
      "brl_g": 12.732304266074845,
      "chg_1h": -0.15281509565753554,
      "chg_24h": 2.2474046505087464
    },
    "XPT": {
      "name": "Platina",
      "usd_oz": 2042,
      "usd_g": 65.65182449313834,
      "brl_oz": 10669.0416,
      "brl_g": 343.01765261174916,
      "chg_1h": -0.048947626040137054,
      "chg_24h": 2.561526870919136
    },
    "XPD": {
      "name": "Paládio",
      "usd_oz": 1739,
      "usd_g": 55.91014828284406,
      "brl_oz": 9085.9272,
      "brl_g": 292.1193427482037,
      "chg_1h": 0.5202312138728323,
      "chg_24h": 3.635280095351609
    },
    "XCU": {
      "name": "Cobre",
      "usd_oz": 5.738851,
      "usd_g": 0.18450834409611727,
      "brl_oz": 29.984348704800002,
      "brl_g": 0.9640191962333935,
      "chg_1h": 0.0698711246548387,
      "chg_24h": -0.3387078427780073
    }
  }
}
