{
  "timestamp": 1771365493,
  "usdToBrl": 5.2248,
  "metals": {
    "XAU": {
      "name": "Ouro",
      "usd_oz": 4877.899902,
      "usd_g": 156.82812353633727,
      "brl_oz": 25486.0514079696,
      "brl_g": 819.395579852655,
      "chg_1h": -0.07988658191196639,
      "chg_24h": -2.3228339028890694
    },
    "XAG": {
      "name": "Prata",
      "usd_oz": 73.601997,
      "usd_g": 2.366359152491917,
      "brl_oz": 384.5557139256,
      "brl_g": 12.363753299939768,
      "chg_1h": 0.2069435074313223,
      "chg_24h": -4.081637812682293
    },
    "XPT": {
      "name": "Platina",
      "usd_oz": 2015,
      "usd_g": 64.78375433578539,
      "brl_oz": 10527.972,
      "brl_g": 338.4821596536115,
      "chg_1h": -0.24752475247524752,
      "chg_24h": -1.5632633121641426
    },
    "XPD": {
      "name": "Paládio",
      "usd_oz": 1710,
      "usd_g": 54.97777663235385,
      "brl_oz": 8934.408,
      "brl_g": 287.24788734872243,
      "chg_1h": 0.17574692442882248,
      "chg_24h": -2.2857142857142856
    },
    "XCU": {
      "name": "Cobre",
      "usd_oz": 5.712878,
      "usd_g": 0.18367329275549027,
      "brl_oz": 29.8486449744,
      "brl_g": 0.9596562199888856,
      "chg_1h": 0,
      "chg_24h": -1.2914287234772246
    }
  }
}
