{
  "timestamp": 1779749003,
  "usdToBrl": 5.0026,
  "metals": {
    "XAU": {
      "name": "Ouro",
      "usd_oz": 4574.100098,
      "usd_g": 147.0607330303344,
      "brl_oz": 22882.3931502548,
      "brl_g": 735.6860230575509,
      "chg_1h": 0.061258134873090835,
      "chg_24h": -0.03496944580741833
    },
    "XAG": {
      "name": "Prata",
      "usd_oz": 78.216003,
      "usd_g": 2.514702890064046,
      "brl_oz": 391.2833766078,
      "brl_g": 12.580052677834395,
      "chg_1h": 0.026859773642825543,
      "chg_24h": -0.06770752409156107
    },
    "XPT": {
      "name": "Platina",
      "usd_oz": 1973,
      "usd_g": 63.43342297990301,
      "brl_oz": 9870.1298,
      "brl_g": 317.3320417992628,
      "chg_1h": -0.10126582278481014,
      "chg_24h": -0.20232675771370764
    },
    "XPD": {
      "name": "Paládio",
      "usd_oz": 1418,
      "usd_g": 45.58975863431448,
      "brl_oz": 7093.6868,
      "brl_g": 228.06732654402163,
      "chg_1h": -0.35137034434293746,
      "chg_24h": 0.9971509971509971
    },
    "XCU": {
      "name": "Cobre",
      "usd_oz": 6.127126,
      "usd_g": 0.1969916752200513,
      "brl_oz": 30.651560527599997,
      "brl_g": 0.9854705544558287,
      "chg_1h": 0,
      "chg_24h": 0
    }
  }
}
