{
  "timestamp": 1771835573,
  "usdToBrl": 5.2144,
  "metals": {
    "XAU": {
      "name": "Ouro",
      "usd_oz": 5127.399902,
      "usd_g": 164.84973480520995,
      "brl_oz": 26736.314048988803,
      "brl_g": 859.5924571682868,
      "chg_1h": -0.18105578770302824,
      "chg_24h": 0.3817615923202561
    },
    "XAG": {
      "name": "Prata",
      "usd_oz": 86.125999,
      "usd_g": 2.7690151668189067,
      "brl_oz": 449.0954091856,
      "brl_g": 14.438752685860509,
      "chg_1h": 0.3296681073665092,
      "chg_24h": 1.6044168841801765
    },
    "XPT": {
      "name": "Platina",
      "usd_oz": 2152,
      "usd_g": 69.18840661568741,
      "brl_oz": 11221.3888,
      "brl_g": 360.7760274568405,
      "chg_1h": -0.09285051067780872,
      "chg_24h": -0.6922011998154131
    },
    "XPD": {
      "name": "Paládio",
      "usd_oz": 1763,
      "usd_g": 56.68176620049113,
      "brl_oz": 9192.987200000001,
      "brl_g": 295.56140167584095,
      "chg_1h": -0.11331444759206798,
      "chg_24h": -1.1217049915872126
    },
    "XCU": {
      "name": "Cobre",
      "usd_oz": 5.769695,
      "usd_g": 0.18550000172328002,
      "brl_oz": 30.085497608,
      "brl_g": 0.9672712089858714,
      "chg_1h": -0.01556165891443544,
      "chg_24h": 0.006517233663093786
    }
  }
}
