{
  "timestamp": 1784586525,
  "usdToBrl": 5.1043,
  "metals": {
    "XAU": {
      "name": "Ouro",
      "usd_oz": 4010.199951,
      "usd_g": 128.93092231412535,
      "brl_oz": 20469.2636098893,
      "brl_g": 658.1021067679901,
      "chg_1h": 0.02993142928411214,
      "chg_24h": 0.27505501437229835
    },
    "XAG": {
      "name": "Prata",
      "usd_oz": 56.455002,
      "usd_g": 1.815070461833386,
      "brl_oz": 288.1632667086,
      "brl_g": 9.264664158336153,
      "chg_1h": -0.14503245918659605,
      "chg_24h": 1.2863809481212238
    },
    "XPT": {
      "name": "Platina",
      "usd_oz": 1599,
      "usd_g": 51.40904376323614,
      "brl_oz": 8161.7757,
      "brl_g": 262.40718208068625,
      "chg_1h": -0.18726591760299627,
      "chg_24h": 0.5660377358490566
    },
    "XPD": {
      "name": "Paládio",
      "usd_oz": 1278,
      "usd_g": 41.08865411470656,
      "brl_oz": 6523.2954,
      "brl_g": 209.72881719769669,
      "chg_1h": 0.07830853563038372,
      "chg_24h": 0.8681925808997633
    },
    "XCU": {
      "name": "Cobre",
      "usd_oz": 6.126027,
      "usd_g": 0.19695634154957237,
      "brl_oz": 31.2690796161,
      "brl_g": 1.0053242541714822,
      "chg_1h": 0,
      "chg_24h": 0.21972661042869102
    }
  }
}
