{
  "timestamp": 1776781415,
  "usdToBrl": 4.9831,
  "metals": {
    "XAU": {
      "name": "Ouro",
      "usd_oz": 4776.799805,
      "usd_g": 153.57767993962656,
      "brl_oz": 23803.2711082955,
      "brl_g": 765.2929369071531,
      "chg_1h": -0.08785180924493513,
      "chg_24h": -0.7294436234097802
    },
    "XAG": {
      "name": "Prata",
      "usd_oz": 78.663002,
      "usd_g": 2.529074241629476,
      "brl_oz": 391.9856052662,
      "brl_g": 12.602629853463842,
      "chg_1h": -0.10413486173845357,
      "chg_24h": -1.6933640354261297
    },
    "XPT": {
      "name": "Platina",
      "usd_oz": 2087,
      "usd_g": 67.09860808872659,
      "brl_oz": 10399.7297,
      "brl_g": 334.3590739669335,
      "chg_1h": 0,
      "chg_24h": 0.19203072491598655
    },
    "XPD": {
      "name": "Paládio",
      "usd_oz": 1595,
      "usd_g": 51.28044077696163,
      "brl_oz": 7948.044500000001,
      "brl_g": 255.53556443567754,
      "chg_1h": 0.18844221105527637,
      "chg_24h": 1.2698412698412698
    },
    "XCU": {
      "name": "Cobre",
      "usd_oz": 5.985227,
      "usd_g": 0.19242951643270956,
      "brl_oz": 29.8249846637,
      "brl_g": 0.958895523335835,
      "chg_1h": 0.17461689892571886,
      "chg_24h": 0.5026959224487864
    }
  }
}
