{
  "timestamp": 1771236489,
  "usdToBrl": 5.2197,
  "metals": {
    "XAU": {
      "name": "Ouro",
      "usd_oz": 5012.799805,
      "usd_g": 161.16525612982275,
      "brl_oz": 26165.311142158494,
      "brl_g": 841.2342874208357,
      "chg_1h": -0.025932729195392263,
      "chg_24h": -0.6027995880500774
    },
    "XAG": {
      "name": "Prata",
      "usd_oz": 77.126999,
      "usd_g": 2.4796905984478235,
      "brl_oz": 402.5797966803,
      "brl_g": 12.943241016718103,
      "chg_1h": -0.28185661281457414,
      "chg_24h": -0.5710983627691059
    },
    "XPT": {
      "name": "Platina",
      "usd_oz": 2051,
      "usd_g": 65.94118121225598,
      "brl_oz": 10705.6047,
      "brl_g": 344.19318357361254,
      "chg_1h": -0.24319066147859922,
      "chg_24h": -1.0612638687891944
    },
    "XPD": {
      "name": "Paládio",
      "usd_oz": 1711,
      "usd_g": 55.00992737892248,
      "brl_oz": 8930.9067,
      "brl_g": 287.13531793976165,
      "chg_1h": 0.058479532163742694,
      "chg_24h": -0.4074505238649592
    },
    "XCU": {
      "name": "Cobre",
      "usd_oz": 5.767352,
      "usd_g": 0.18542467252406972,
      "brl_oz": 30.103847234399996,
      "brl_g": 0.9678611631738866,
      "chg_1h": -0.0929717867784759,
      "chg_24h": -1.8725261203578203
    }
  }
}
