{
  "timestamp": 1777531055,
  "usdToBrl": 4.9854,
  "metals": {
    "XAU": {
      "name": "Ouro",
      "usd_oz": 4577.200195,
      "usd_g": 147.1604034633196,
      "brl_oz": 22819.173852153002,
      "brl_g": 733.6534754260335,
      "chg_1h": 0,
      "chg_24h": -0.08731336396007465
    },
    "XAG": {
      "name": "Prata",
      "usd_oz": 72.866997,
      "usd_g": 2.342728353763975,
      "brl_oz": 363.2711268438,
      "brl_g": 11.679437934854922,
      "chg_1h": 0,
      "chg_24h": -0.8531389969328635
    },
    "XPT": {
      "name": "Platina",
      "usd_oz": 1925,
      "usd_g": 61.890187144608866,
      "brl_oz": 9596.895,
      "brl_g": 308.54733899073307,
      "chg_1h": 0,
      "chg_24h": -0.8243173621844411
    },
    "XPD": {
      "name": "Paládio",
      "usd_oz": 1498,
      "usd_g": 48.16181835980471,
      "brl_oz": 7468.1292,
      "brl_g": 240.10592925097043,
      "chg_1h": 0,
      "chg_24h": 1.2162162162162162
    },
    "XCU": {
      "name": "Cobre",
      "usd_oz": 5.85928,
      "usd_g": 0.18838022635463056,
      "brl_oz": 29.210854512,
      "brl_g": 0.9391507804683752,
      "chg_1h": 0,
      "chg_24h": -0.32792061044912496
    }
  }
}
