{
  "timestamp": 1770931069,
  "usdToBrl": 5.1761,
  "metals": {
    "XAU": {
      "name": "Ouro",
      "usd_oz": 4915,
      "usd_g": 158.02091938480652,
      "brl_oz": 25440.5315,
      "brl_g": 817.9320808276971,
      "chg_1h": -0.8292830489155283,
      "chg_24h": -3.4153397983790335
    },
    "XAG": {
      "name": "Prata",
      "usd_oz": 75.139999,
      "usd_g": 2.41580706501596,
      "brl_oz": 388.93214882390004,
      "brl_g": 12.504458949229111,
      "chg_1h": -2.151267059068651,
      "chg_24h": -11.23135334159438
    },
    "XPT": {
      "name": "Platina",
      "usd_oz": 2005,
      "usd_g": 64.46224687009911,
      "brl_oz": 10378.0805,
      "brl_g": 333.66303602432,
      "chg_1h": -2.0039100684261975,
      "chg_24h": -6.700791065611912
    },
    "XPD": {
      "name": "Paládio",
      "usd_oz": 1647,
      "usd_g": 52.95227959853028,
      "brl_oz": 8525.0367,
      "brl_g": 274.0862944299526,
      "chg_1h": -1.377245508982036,
      "chg_24h": -5.290396779758482
    },
    "XCU": {
      "name": "Cobre",
      "usd_oz": 6.055821,
      "usd_g": 0.19469916623597527,
      "brl_oz": 31.3455350781,
      "brl_g": 1.0077823543540316,
      "chg_1h": 0,
      "chg_24h": 0.2576047624432089
    }
  }
}
