{
  "timestamp": 1784867514,
  "usdToBrl": 5.0715,
  "metals": {
    "XAU": {
      "name": "Ouro",
      "usd_oz": 4031.199951,
      "usd_g": 129.60608799206653,
      "brl_oz": 20444.2305514965,
      "brl_g": 657.2972752517654,
      "chg_1h": 0,
      "chg_24h": -2.3189307536541275
    },
    "XAG": {
      "name": "Prata",
      "usd_oz": 57.540001,
      "usd_g": 1.8499539897096005,
      "brl_oz": 291.8141150715,
      "brl_g": 9.38204165881224,
      "chg_1h": 0,
      "chg_24h": -3.9399013709548862
    },
    "XPT": {
      "name": "Platina",
      "usd_oz": 1589,
      "usd_g": 51.08753629754986,
      "brl_oz": 8058.6135,
      "brl_g": 259.09044033302416,
      "chg_1h": 0,
      "chg_24h": -4.449789536981359
    },
    "XPD": {
      "name": "Paládio",
      "usd_oz": 1259,
      "usd_g": 40.47778992990263,
      "brl_oz": 6385.0185,
      "brl_g": 205.28311162950118,
      "chg_1h": 0,
      "chg_24h": -4.981132075471698
    },
    "XCU": {
      "name": "Cobre",
      "usd_oz": 6.2217,
      "usd_g": 0.20003229992603272,
      "brl_oz": 31.553351550000002,
      "brl_g": 1.014463809074875,
      "chg_1h": 0,
      "chg_24h": -1.115012981068377
    }
  }
}
