{
  "timestamp": 1779134793,
  "usdToBrl": 5.0392,
  "metals": {
    "XAU": {
      "name": "Ouro",
      "usd_oz": 4562.100098,
      "usd_g": 146.67492407151087,
      "brl_oz": 22989.3348138416,
      "brl_g": 739.1242773811576,
      "chg_1h": 0.37623977997799535,
      "chg_24h": 0.4602286202447311
    },
    "XAG": {
      "name": "Prata",
      "usd_oz": 77.503998,
      "usd_g": 2.49181139775345,
      "brl_oz": 390.5581467216,
      "brl_g": 12.556735995559185,
      "chg_1h": 0.7539831129955212,
      "chg_24h": 1.855641781436599
    },
    "XPT": {
      "name": "Platina",
      "usd_oz": 1981,
      "usd_g": 63.69062895245203,
      "brl_oz": 9982.655200000001,
      "brl_g": 320.9498174171963,
      "chg_1h": 0.3037974683544304,
      "chg_24h": -0.40221216691804923
    },
    "XPD": {
      "name": "Paládio",
      "usd_oz": 1433,
      "usd_g": 46.0720198328439,
      "brl_oz": 7221.1736,
      "brl_g": 232.16612234166698,
      "chg_1h": 0.6320224719101123,
      "chg_24h": -0.0697350069735007
    },
    "XCU": {
      "name": "Cobre",
      "usd_oz": 6.148898,
      "usd_g": 0.19769166127434346,
      "brl_oz": 30.9855268016,
      "brl_g": 0.9962078194936715,
      "chg_1h": 0.06133313067960222,
      "chg_24h": -1.315008552627141
    }
  }
}
