{
  "timestamp": 1772790826,
  "usdToBrl": 5.2484,
  "metals": {
    "XAU": {
      "name": "Ouro",
      "usd_oz": 5087,
      "usd_g": 163.55084779461055,
      "brl_oz": 26698.610800000002,
      "brl_g": 858.380269565234,
      "chg_1h": -0.376017278343321,
      "chg_24h": -1.4510142277454823
    },
    "XAG": {
      "name": "Prata",
      "usd_oz": 82.836998,
      "usd_g": 2.6632713292039427,
      "brl_oz": 434.7617003032,
      "brl_g": 13.977913244193973,
      "chg_1h": -1.7412988553466728,
      "chg_24h": -1.7261448298771027
    },
    "XPT": {
      "name": "Platina",
      "usd_oz": 2124,
      "usd_g": 68.28818571176583,
      "brl_oz": 11147.6016,
      "brl_g": 358.40371388963183,
      "chg_1h": -1.8937644341801385,
      "chg_24h": -2.613480055020633
    },
    "XPD": {
      "name": "Paládio",
      "usd_oz": 1655,
      "usd_g": 53.209485571079306,
      "brl_oz": 8686.102,
      "brl_g": 279.26466407125264,
      "chg_1h": -1.5466983938132064,
      "chg_24h": -2.0130254588513914
    },
    "XCU": {
      "name": "Cobre",
      "usd_oz": 5.804244,
      "usd_g": 0.18661077786647953,
      "brl_oz": 30.462994209599998,
      "brl_g": 0.9794080065544312,
      "chg_1h": -0.5208552927227412,
      "chg_24h": -0.48346815964909057
    }
  }
}
