{
  "timestamp": 1774477742,
  "usdToBrl": 5.233,
  "metals": {
    "XAU": {
      "name": "Ouro",
      "usd_oz": 4512.799805,
      "usd_g": 145.08988284550875,
      "brl_oz": 23615.481379564997,
      "brl_g": 759.2553569305472,
      "chg_1h": 0.12202427701611476,
      "chg_24h": 0.7119084045095802
    },
    "XAG": {
      "name": "Prata",
      "usd_oz": 71.370003,
      "usd_g": 2.2945988790552185,
      "brl_oz": 373.479225699,
      "brl_g": 12.007635934095958,
      "chg_1h": -0.015401858284490784,
      "chg_24h": -0.11195801729704655
    },
    "XPT": {
      "name": "Platina",
      "usd_oz": 1935,
      "usd_g": 62.21169461029514,
      "brl_oz": 10125.855,
      "brl_g": 325.55379789567445,
      "chg_1h": 0.3110419906687403,
      "chg_24h": -0.3604531410916581
    },
    "XPD": {
      "name": "Paládio",
      "usd_oz": 1437,
      "usd_g": 46.20062281911841,
      "brl_oz": 7519.821,
      "brl_g": 241.7678592124466,
      "chg_1h": 0.20920502092050208,
      "chg_24h": -1.642710472279261
    },
    "XCU": {
      "name": "Cobre",
      "usd_oz": 5.496103,
      "usd_g": 0.17670381466807594,
      "brl_oz": 28.761106998999995,
      "brl_g": 0.9246910621580413,
      "chg_1h": 0,
      "chg_24h": 0.8316251658251016
    }
  }
}
