{
  "timestamp": 1781029453,
  "usdToBrl": 5.163,
  "metals": {
    "XAU": {
      "name": "Ouro",
      "usd_oz": 4274.799805,
      "usd_g": 137.4380051621753,
      "brl_oz": 22070.791393215,
      "brl_g": 709.5924206523111,
      "chg_1h": 0,
      "chg_24h": -1.4818808404451849
    },
    "XAG": {
      "name": "Prata",
      "usd_oz": 65.708,
      "usd_g": 2.1125612555314075,
      "brl_oz": 339.250404,
      "brl_g": 10.907153762308658,
      "chg_1h": 0,
      "chg_24h": -4.096911684987406
    },
    "XPT": {
      "name": "Platina",
      "usd_oz": 1732,
      "usd_g": 55.685093056863664,
      "brl_oz": 8942.316,
      "brl_g": 287.50213545258714,
      "chg_1h": 0,
      "chg_24h": -1.5909090909090908
    },
    "XPD": {
      "name": "Paládio",
      "usd_oz": 1253,
      "usd_g": 40.28488545049086,
      "brl_oz": 6469.2390000000005,
      "brl_g": 207.99086358088434,
      "chg_1h": 0,
      "chg_24h": 2.035830618892508
    },
    "XCU": {
      "name": "Cobre",
      "usd_oz": 6.217466,
      "usd_g": 0.19989617366506113,
      "brl_oz": 32.100776958000004,
      "brl_g": 1.0320639446327107,
      "chg_1h": 0,
      "chg_24h": 0.09124572305796175
    }
  }
}
