{
  "timestamp": 1780488232,
  "usdToBrl": 5.0056,
  "metals": {
    "XAU": {
      "name": "Ouro",
      "usd_oz": 4463.5,
      "usd_g": 143.50485730907099,
      "brl_oz": 22342.495600000002,
      "brl_g": 718.3279137462857,
      "chg_1h": 0,
      "chg_24h": -1.5831324959122446
    },
    "XAG": {
      "name": "Prata",
      "usd_oz": 74.595001,
      "usd_g": 2.398284972437551,
      "brl_oz": 373.3927370056,
      "brl_g": 12.004855258033405,
      "chg_1h": 0,
      "chg_24h": -2.4685236596753914
    },
    "XPT": {
      "name": "Platina",
      "usd_oz": 1928,
      "usd_g": 61.98663938431475,
      "brl_oz": 9650.7968,
      "brl_g": 310.2803221021259,
      "chg_1h": 0,
      "chg_24h": -1.782985226693836
    },
    "XPD": {
      "name": "Paládio",
      "usd_oz": 1368,
      "usd_g": 43.98222130588308,
      "brl_oz": 6847.660800000001,
      "brl_g": 220.15740696872837,
      "chg_1h": 0,
      "chg_24h": -2.7027027027027026
    },
    "XCU": {
      "name": "Cobre",
      "usd_oz": 6.304858,
      "usd_g": 0.20270589170918668,
      "brl_oz": 31.559597204800003,
      "brl_g": 1.0146646115395048,
      "chg_1h": 0,
      "chg_24h": 0.2596632694227967
    }
  }
}
