{
  "timestamp": 1784748976,
  "usdToBrl": 5.0797,
  "metals": {
    "XAU": {
      "name": "Ouro",
      "usd_oz": 4136.899902,
      "usd_g": 133.00442032898394,
      "brl_oz": 21014.2104321894,
      "brl_g": 675.6225539451397,
      "chg_1h": -0.16651149487660977,
      "chg_24h": 1.2605865089189499
    },
    "XAG": {
      "name": "Prata",
      "usd_oz": 60.014,
      "usd_g": 1.9294949045696397,
      "brl_oz": 304.8531158,
      "brl_g": 9.801255266742398,
      "chg_1h": -0.1746519432234715,
      "chg_24h": 1.9346072186836567
    },
    "XPT": {
      "name": "Platina",
      "usd_oz": 1646,
      "usd_g": 52.92012885196166,
      "brl_oz": 8361.1862,
      "brl_g": 268.8183785293096,
      "chg_1h": -0.060716454159077116,
      "chg_24h": 0.6112469437652812
    },
    "XPD": {
      "name": "Paládio",
      "usd_oz": 1321,
      "usd_g": 42.471136217157564,
      "brl_oz": 6710.2837,
      "brl_g": 215.7406306422953,
      "chg_1h": -0.07564296520423601,
      "chg_24h": 1.1485451761102603
    },
    "XCU": {
      "name": "Cobre",
      "usd_oz": 6.271353,
      "usd_g": 0.20162868094540481,
      "brl_oz": 31.8565918341,
      "brl_g": 1.0242132105983728,
      "chg_1h": 0.15550298836594784,
      "chg_24h": -0.11222606272713609
    }
  }
}
