{
  "timestamp": 1782995443,
  "usdToBrl": 5.1874,
  "metals": {
    "XAU": {
      "name": "Ouro",
      "usd_oz": 4066,
      "usd_g": 130.72493554804137,
      "brl_oz": 21091.9684,
      "brl_g": 678.1225306619099,
      "chg_1h": -0.031963439734906667,
      "chg_24h": 0.9008127017246487
    },
    "XAG": {
      "name": "Prata",
      "usd_oz": 59.902,
      "usd_g": 1.9258940209539535,
      "brl_oz": 310.7356348,
      "brl_g": 9.990382644296538,
      "chg_1h": -0.21821497812511106,
      "chg_24h": 2.0529175605723946
    },
    "XPT": {
      "name": "Platina",
      "usd_oz": 1608,
      "usd_g": 51.6984004823538,
      "brl_oz": 8341.3392,
      "brl_g": 268.1802826621621,
      "chg_1h": -0.9242144177449169,
      "chg_24h": 1.7721518987341773
    },
    "XPD": {
      "name": "Paládio",
      "usd_oz": 1259,
      "usd_g": 40.47778992990263,
      "brl_oz": 6530.9366,
      "brl_g": 209.9744874823769,
      "chg_1h": -0.6314127861089187,
      "chg_24h": 2.4410089503661516
    },
    "XCU": {
      "name": "Cobre",
      "usd_oz": 5.996416,
      "usd_g": 0.19278925113606593,
      "brl_oz": 31.1058083584,
      "brl_g": 1.0000749613432285,
      "chg_1h": 0.08580811263045116,
      "chg_24h": -0.04284057339024304
    }
  }
}
