{
  "timestamp": 1776748157,
  "usdToBrl": 4.9831,
  "metals": {
    "XAU": {
      "name": "Ouro",
      "usd_oz": 4791.600098,
      "usd_g": 154.05352040901099,
      "brl_oz": 23877.0224483438,
      "brl_g": 767.6640975501427,
      "chg_1h": 0,
      "chg_24h": -0.004167682460176611
    },
    "XAG": {
      "name": "Prata",
      "usd_oz": 79.158997,
      "usd_g": 2.5450208511737826,
      "brl_oz": 394.45719795070005,
      "brl_g": 12.682093403484076,
      "chg_1h": 0,
      "chg_24h": -0.9906055454268562
    },
    "XPT": {
      "name": "Platina",
      "usd_oz": 2089,
      "usd_g": 67.16290958186386,
      "brl_oz": 10409.6959,
      "brl_g": 334.6794947373858,
      "chg_1h": 0,
      "chg_24h": -0.09564801530368246
    },
    "XPD": {
      "name": "Paládio",
      "usd_oz": 1576,
      "usd_g": 50.669576592157696,
      "brl_oz": 7853.3656,
      "brl_g": 252.49156711638102,
      "chg_1h": 0,
      "chg_24h": 0.31826861871419476
    },
    "XCU": {
      "name": "Cobre",
      "usd_oz": 5.954761,
      "usd_g": 0.19145001178774973,
      "brl_oz": 29.673169539100005,
      "brl_g": 0.9540145537395357,
      "chg_1h": 0,
      "chg_24h": -0.052015320937379206
    }
  }
}
