{
  "timestamp": 1770902180,
  "usdToBrl": 5.1893,
  "metals": {
    "XAU": {
      "name": "Ouro",
      "usd_oz": 5066.799805,
      "usd_g": 162.90139644452867,
      "brl_oz": 26293.1442280865,
      "brl_g": 845.3442165695927,
      "chg_1h": -0.029595723570263424,
      "chg_24h": 0.2869980119875329
    },
    "XAG": {
      "name": "Prata",
      "usd_oz": 82.689003,
      "usd_g": 2.658513179465519,
      "brl_oz": 429.09804326790004,
      "brl_g": 13.795822442200418,
      "chg_1h": -1.1630130347225838,
      "chg_24h": -1.97265545882146
    },
    "XPT": {
      "name": "Platina",
      "usd_oz": 2110,
      "usd_g": 67.83807525980504,
      "brl_oz": 10949.423,
      "brl_g": 352.0321239457063,
      "chg_1h": -0.6591337099811676,
      "chg_24h": -1.8604651162790697
    },
    "XPD": {
      "name": "Paládio",
      "usd_oz": 1714,
      "usd_g": 55.10637961862836,
      "brl_oz": 8894.4602,
      "brl_g": 285.96353575494817,
      "chg_1h": -1.2672811059907834,
      "chg_24h": -2.724177071509648
    },
    "XCU": {
      "name": "Cobre",
      "usd_oz": 5.981447,
      "usd_g": 0.19230798661068013,
      "brl_oz": 31.0395229171,
      "brl_g": 0.9979438349188025,
      "chg_1h": -0.6504327553683518,
      "chg_24h": 0.05185379838272822
    }
  }
}
