{
  "timestamp": 1776382798,
  "usdToBrl": 4.9882,
  "metals": {
    "XAU": {
      "name": "Ouro",
      "usd_oz": 4796.700195,
      "usd_g": 154.21749233513344,
      "brl_oz": 23926.899912699002,
      "brl_g": 769.2676952661126,
      "chg_1h": -0.01458512974305226,
      "chg_24h": -0.5246745126503454
    },
    "XAG": {
      "name": "Prata",
      "usd_oz": 78.947998,
      "usd_g": 2.538237075798549,
      "brl_oz": 393.8084036236,
      "brl_g": 12.66123418149832,
      "chg_1h": -0.008870875590624269,
      "chg_24h": -0.8527271007664116
    },
    "XPT": {
      "name": "Platina",
      "usd_oz": 2097,
      "usd_g": 67.42011555441287,
      "brl_oz": 10460.2554,
      "brl_g": 336.3050204085223,
      "chg_1h": 0,
      "chg_24h": -1.6416510318949344
    },
    "XPD": {
      "name": "Paládio",
      "usd_oz": 1580,
      "usd_g": 50.79817957843221,
      "brl_oz": 7881.356,
      "brl_g": 253.39147937313555,
      "chg_1h": 0.12674271229404308,
      "chg_24h": -0.9404388714733543
    },
    "XCU": {
      "name": "Cobre",
      "usd_oz": 5.954768,
      "usd_g": 0.19145023684297569,
      "brl_oz": 29.7035737376,
      "brl_g": 0.9549920714201313,
      "chg_1h": 0,
      "chg_24h": 0.11733771994936945
    }
  }
}
