{
  "timestamp": 1779183419,
  "usdToBrl": 5.0392,
  "metals": {
    "XAU": {
      "name": "Ouro",
      "usd_oz": 4542.600098,
      "usd_g": 146.04798451342262,
      "brl_oz": 22891.0704138416,
      "brl_g": 735.9650035600392,
      "chg_1h": 0,
      "chg_24h": -0.09236621756210713
    },
    "XAG": {
      "name": "Prata",
      "usd_oz": 75.880997,
      "usd_g": 2.43963070392182,
      "brl_oz": 382.37952008239995,
      "brl_g": 12.293787043202837,
      "chg_1h": 0,
      "chg_24h": -0.07374402853649875
    },
    "XPT": {
      "name": "Platina",
      "usd_oz": 1969,
      "usd_g": 63.30481999362849,
      "brl_oz": 9922.1848,
      "brl_g": 319.0056489118927,
      "chg_1h": 0,
      "chg_24h": -0.9058882737795673
    },
    "XPD": {
      "name": "Paládio",
      "usd_oz": 1417,
      "usd_g": 45.55760788774585,
      "brl_oz": 7140.5464,
      "brl_g": 229.57389766792892,
      "chg_1h": 0,
      "chg_24h": -1.047486033519553
    },
    "XCU": {
      "name": "Cobre",
      "usd_oz": 6.103992,
      "usd_g": 0.19624789984893265,
      "brl_oz": 30.7592364864,
      "brl_g": 0.9889324169187415,
      "chg_1h": 0,
      "chg_24h": -0.4610855985233492
    }
  }
}
