{
  "timestamp": 1778000276,
  "usdToBrl": 4.9525,
  "metals": {
    "XAU": {
      "name": "Ouro",
      "usd_oz": 4562.200195,
      "usd_g": 146.67814226479018,
      "brl_oz": 22594.2964657375,
      "brl_g": 726.4234995663734,
      "chg_1h": 0,
      "chg_24h": 0.9559680238991005
    },
    "XAG": {
      "name": "Prata",
      "usd_oz": 73.316002,
      "usd_g": 2.357164199727022,
      "brl_oz": 363.09749990499995,
      "brl_g": 11.673855699148076,
      "chg_1h": 0,
      "chg_24h": 0.22830113252946582
    },
    "XPT": {
      "name": "Platina",
      "usd_oz": 1975,
      "usd_g": 63.497724473040265,
      "brl_oz": 9781.1875,
      "brl_g": 314.4724804527319,
      "chg_1h": 0,
      "chg_24h": 0.9713701431492843
    },
    "XPD": {
      "name": "Paládio",
      "usd_oz": 1528,
      "usd_g": 49.126340756863556,
      "brl_oz": 7567.419999999999,
      "brl_g": 243.29820259836674,
      "chg_1h": 0,
      "chg_24h": 2.13903743315508
    },
    "XCU": {
      "name": "Cobre",
      "usd_oz": 5.913408,
      "usd_g": 0.19012048196489728,
      "brl_oz": 29.28615312,
      "brl_g": 0.9415716869311537,
      "chg_1h": 0,
      "chg_24h": 0.6493503177818442
    }
  }
}
