{
  "timestamp": 1772195106,
  "usdToBrl": 5.1258,
  "metals": {
    "XAU": {
      "name": "Ouro",
      "usd_oz": 5188.200195,
      "usd_g": 166.8045096167513,
      "brl_oz": 26593.676559531003,
      "brl_g": 855.0065553935437,
      "chg_1h": 0.2279633185882909,
      "chg_24h": 0.14670302390131446
    },
    "XAG": {
      "name": "Prata",
      "usd_oz": 89.919998,
      "usd_g": 2.890995067149535,
      "brl_oz": 460.91192574840005,
      "brl_g": 14.818662515195086,
      "chg_1h": -0.01334452712431971,
      "chg_24h": 3.2910206191488136
    },
    "XPT": {
      "name": "Platina",
      "usd_oz": 2387,
      "usd_g": 76.743832059315,
      "brl_oz": 12235.284599999999,
      "brl_g": 393.3735343696368,
      "chg_1h": 0.251994960100798,
      "chg_24h": 4.923076923076923
    },
    "XPD": {
      "name": "Paládio",
      "usd_oz": 1846,
      "usd_g": 59.35027816568725,
      "brl_oz": 9462.2268,
      "brl_g": 304.2176558216797,
      "chg_1h": 0.16277807921866522,
      "chg_24h": 4.058624577226606
    },
    "XCU": {
      "name": "Cobre",
      "usd_oz": 6.046537,
      "usd_g": 0.19440067870483213,
      "brl_oz": 30.9933393546,
      "brl_g": 0.9964589989052285,
      "chg_1h": 0.027510912551688388,
      "chg_24h": 1.565730338211049
    }
  }
}
