{
  "timestamp": 1771448135,
  "usdToBrl": 5.2229,
  "metals": {
    "XAU": {
      "name": "Ouro",
      "usd_oz": 4983.100098,
      "usd_g": 160.21038837690327,
      "brl_oz": 26026.2335018442,
      "brl_g": 836.7628374537281,
      "chg_1h": -0.03610511816452161,
      "chg_24h": 2.07506036802753
    },
    "XAG": {
      "name": "Prata",
      "usd_oz": 77.343002,
      "usd_g": 2.486635256158887,
      "brl_oz": 403.9547651458,
      "brl_g": 12.987447279392251,
      "chg_1h": 0.5198666477799627,
      "chg_24h": 5.300211244392567
    },
    "XPT": {
      "name": "Platina",
      "usd_oz": 2088,
      "usd_g": 67.13075883529523,
      "brl_oz": 10905.4152,
      "brl_g": 350.61724032086346,
      "chg_1h": 0.09587727708533077,
      "chg_24h": 3.3663366336633667
    },
    "XPD": {
      "name": "Paládio",
      "usd_oz": 1740,
      "usd_g": 55.94229902941269,
      "brl_oz": 9087.846,
      "brl_g": 292.18103360071956,
      "chg_1h": 0.6944444444444444,
      "chg_24h": 1.9332161687170473
    },
    "XCU": {
      "name": "Cobre",
      "usd_oz": 5.81135,
      "usd_g": 0.18683924107159622,
      "brl_oz": 30.352099915,
      "brl_g": 0.9758426721928399,
      "chg_1h": 0,
      "chg_24h": 1.7236846297085309
    }
  }
}
