{
  "timestamp": 1777879398,
  "usdToBrl": 4.9814,
  "metals": {
    "XAU": {
      "name": "Ouro",
      "usd_oz": 4590.899902,
      "usd_g": 147.60085927114105,
      "brl_oz": 22869.1087718228,
      "brl_g": 735.258920373262,
      "chg_1h": 0,
      "chg_24h": -0.5308315751660732
    },
    "XAG": {
      "name": "Prata",
      "usd_oz": 74.970001,
      "usd_g": 2.410341502400786,
      "brl_oz": 373.45556298139996,
      "brl_g": 12.006875160059275,
      "chg_1h": 0,
      "chg_24h": -0.6651460144159396
    },
    "XPT": {
      "name": "Platina",
      "usd_oz": 1996,
      "usd_g": 64.17289015098144,
      "brl_oz": 9942.874399999999,
      "brl_g": 319.67083499809894,
      "chg_1h": 0,
      "chg_24h": 0.05012531328320802
    },
    "XPD": {
      "name": "Paládio",
      "usd_oz": 1542,
      "usd_g": 49.576451208824345,
      "brl_oz": 7681.3188,
      "brl_g": 246.9601340516376,
      "chg_1h": 0,
      "chg_24h": -0.5161290322580645
    },
    "XCU": {
      "name": "Cobre",
      "usd_oz": 5.875257,
      "usd_g": 0.18889389883255753,
      "brl_oz": 29.2670052198,
      "brl_g": 0.940956067644502,
      "chg_1h": 0,
      "chg_24h": -0.03986320947325034
    }
  }
}
