{
  "timestamp": 1773097301,
  "usdToBrl": 5.2302,
  "metals": {
    "XAU": {
      "name": "Ouro",
      "usd_oz": 5154.600098,
      "usd_g": 165.72424141342296,
      "brl_oz": 26959.5894325596,
      "brl_g": 866.7709274404848,
      "chg_1h": 0.32308481899571606,
      "chg_24h": 0.7564689837827046
    },
    "XAG": {
      "name": "Prata",
      "usd_oz": 87.627998,
      "usd_g": 2.8173055560142397,
      "brl_oz": 458.3119551396,
      "brl_g": 14.735071519065677,
      "chg_1h": 0.5554037187438239,
      "chg_24h": 5.685405291200465
    },
    "XPT": {
      "name": "Platina",
      "usd_oz": 2183,
      "usd_g": 70.18507975931489,
      "brl_oz": 11417.5266,
      "brl_g": 367.08200415716874,
      "chg_1h": -0.1372369624885636,
      "chg_24h": 5.1035146846413095
    },
    "XPD": {
      "name": "Paládio",
      "usd_oz": 1717,
      "usd_g": 55.20283185833424,
      "brl_oz": 8980.2534,
      "brl_g": 288.72185118545974,
      "chg_1h": 0.29205607476635514,
      "chg_24h": 6.118665018541409
    },
    "XCU": {
      "name": "Cobre",
      "usd_oz": 5.844008,
      "usd_g": 0.18788922015303447,
      "brl_oz": 30.5653306416,
      "brl_g": 0.9826981992444008,
      "chg_1h": 0,
      "chg_24h": 0.8271820324965238
    }
  }
}
