{
  "timestamp": 1777583773,
  "usdToBrl": 4.9814,
  "metals": {
    "XAU": {
      "name": "Ouro",
      "usd_oz": 4623.399902,
      "usd_g": 148.64575853462145,
      "brl_oz": 23031.0042718228,
      "brl_g": 740.4639815643633,
      "chg_1h": 0.11259163268039665,
      "chg_24h": 1.7272107569510118
    },
    "XAG": {
      "name": "Prata",
      "usd_oz": 73.880997,
      "usd_g": 2.375329210784564,
      "brl_oz": 368.0307984558,
      "brl_g": 11.832464930602226,
      "chg_1h": 0.1463868835595466,
      "chg_24h": 3.396583721090934
    },
    "XPT": {
      "name": "Platina",
      "usd_oz": 1996,
      "usd_g": 64.17289015098144,
      "brl_oz": 9942.874399999999,
      "brl_g": 319.67083499809894,
      "chg_1h": 0.10030090270812438,
      "chg_24h": 5.9447983014862
    },
    "XPD": {
      "name": "Paládio",
      "usd_oz": 1557,
      "usd_g": 50.05871240735377,
      "brl_oz": 7756.0398,
      "brl_g": 249.36246998599205,
      "chg_1h": -0.06418485237483953,
      "chg_24h": 5.060728744939271
    },
    "XCU": {
      "name": "Cobre",
      "usd_oz": 5.894395,
      "usd_g": 0.18950919982038794,
      "brl_oz": 29.362339253000002,
      "brl_g": 0.9440211279852805,
      "chg_1h": 0,
      "chg_24h": 0.4923179845326617
    }
  }
}
