{
  "timestamp": 1771408812,
  "usdToBrl": 5.2248,
  "metals": {
    "XAU": {
      "name": "Ouro",
      "usd_oz": 4920,
      "usd_g": 158.18167311764967,
      "brl_oz": 25706.016,
      "brl_g": 826.467605705096,
      "chg_1h": -0.018287346174921462,
      "chg_24h": -0.10963377811835004
    },
    "XAG": {
      "name": "Prata",
      "usd_oz": 75.912003,
      "usd_g": 2.440627569969927,
      "brl_oz": 396.6250332744,
      "brl_g": 12.751790927578874,
      "chg_1h": -0.20114243867371268,
      "chg_24h": 1.5667519126082912
    },
    "XPT": {
      "name": "Platina",
      "usd_oz": 2043,
      "usd_g": 65.68397523970697,
      "brl_oz": 10674.2664,
      "brl_g": 343.185633832421,
      "chg_1h": -0.244140625,
      "chg_24h": 1.8952618453865335
    },
    "XPD": {
      "name": "Paládio",
      "usd_oz": 1730,
      "usd_g": 55.62079156372641,
      "brl_oz": 9038.904,
      "brl_g": 290.60751176215774,
      "chg_1h": 0.057836899942163095,
      "chg_24h": 1.406799531066823
    },
    "XCU": {
      "name": "Cobre",
      "usd_oz": 5.734844,
      "usd_g": 0.18437951605461675,
      "brl_oz": 29.9634129312,
      "brl_g": 0.9633460954821617,
      "chg_1h": 0.06595633899743389,
      "chg_24h": -0.6313847371546422
    }
  }
}
