{
  "timestamp": 1773656167,
  "usdToBrl": 5.2433,
  "metals": {
    "XAU": {
      "name": "Ouro",
      "usd_oz": 4977.899902,
      "usd_g": 160.04319819320006,
      "brl_oz": 26100.6225561566,
      "brl_g": 839.1545010864058,
      "chg_1h": -0.14443433147688378,
      "chg_24h": -0.8327248914514154
    },
    "XAG": {
      "name": "Prata",
      "usd_oz": 77.336998,
      "usd_g": 2.4864422230764887,
      "brl_oz": 405.50108161339995,
      "brl_g": 13.037162508256952,
      "chg_1h": -1.905147271216568,
      "chg_24h": -4.161350765227089
    },
    "XPT": {
      "name": "Platina",
      "usd_oz": 2049,
      "usd_g": 65.87687971911873,
      "brl_oz": 10743.5217,
      "brl_g": 345.4122434312552,
      "chg_1h": 0.048828125,
      "chg_24h": 0.5891016200294551
    },
    "XPD": {
      "name": "Paládio",
      "usd_oz": 1552,
      "usd_g": 49.897958674510626,
      "brl_oz": 8137.601599999999,
      "brl_g": 261.62996671806155,
      "chg_1h": -1.1464968152866242,
      "chg_24h": -1.5228426395939088
    },
    "XCU": {
      "name": "Cobre",
      "usd_oz": 5.785646,
      "usd_g": 0.1860128382817962,
      "brl_oz": 30.3358776718,
      "brl_g": 0.975321114962942,
      "chg_1h": -0.05355218556834038,
      "chg_24h": -1.4771162940868365
    }
  }
}
