{
  "timestamp": 1772554182,
  "usdToBrl": 5.2434,
  "metals": {
    "XAU": {
      "name": "Ouro",
      "usd_oz": 5116.299805,
      "usd_g": 164.49285839967575,
      "brl_oz": 26826.806397537,
      "brl_g": 862.5018537328599,
      "chg_1h": 1.4635558750619664,
      "chg_24h": -4.122706895026113
    },
    "XAG": {
      "name": "Prata",
      "usd_oz": 83.331001,
      "usd_g": 2.679153894461085,
      "brl_oz": 436.93777064340003,
      "brl_g": 14.047875530217254,
      "chg_1h": 3.197562778516595,
      "chg_24h": -7.514812352050307
    },
    "XPT": {
      "name": "Platina",
      "usd_oz": 2083,
      "usd_g": 66.97000510245209,
      "brl_oz": 10922.0022,
      "brl_g": 351.1505247541973,
      "chg_1h": 3.016815034619189,
      "chg_24h": -9.748700173310224
    },
    "XPD": {
      "name": "Paládio",
      "usd_oz": 1683,
      "usd_g": 54.10970647500089,
      "brl_oz": 8824.6422,
      "brl_g": 283.71883493101967,
      "chg_1h": 2.9357798165137616,
      "chg_24h": -6.187290969899665
    },
    "XCU": {
      "name": "Cobre",
      "usd_oz": 5.877574,
      "usd_g": 0.18896839211235705,
      "brl_oz": 30.818471511600002,
      "brl_g": 0.990836867201933,
      "chg_1h": 0.7659659969936069,
      "chg_24h": -2.342617826239669
    }
  }
}
