{
  "timestamp": 1775817095,
  "usdToBrl": 5.0992,
  "metals": {
    "XAU": {
      "name": "Ouro",
      "usd_oz": 4758.600098,
      "usd_g": 152.99254577224627,
      "brl_oz": 24265.0536197216,
      "brl_g": 780.1395894018382,
      "chg_1h": -0.04201151028922236,
      "chg_24h": 0.3458289891955845
    },
    "XAG": {
      "name": "Prata",
      "usd_oz": 75.629997,
      "usd_g": 2.431560866533095,
      "brl_oz": 385.6524807024,
      "brl_g": 12.399015170625557,
      "chg_1h": -0.010580660514559087,
      "chg_24h": 1.8970076257713469
    },
    "XPT": {
      "name": "Platina",
      "usd_oz": 2057,
      "usd_g": 66.13408569166776,
      "brl_oz": 10489.054399999999,
      "brl_g": 337.23092975895224,
      "chg_1h": 0.09732360097323602,
      "chg_24h": 0.7345739471106758
    },
    "XPD": {
      "name": "Paládio",
      "usd_oz": 1560,
      "usd_g": 50.15516464705965,
      "brl_oz": 7954.7519999999995,
      "brl_g": 255.75121556828654,
      "chg_1h": -0.5102040816326531,
      "chg_24h": -1.8867924528301887
    },
    "XCU": {
      "name": "Cobre",
      "usd_oz": 5.690165,
      "usd_g": 0.18294305284867704,
      "brl_oz": 29.015289368,
      "brl_g": 0.9328632150859739,
      "chg_1h": -0.11545195481908878,
      "chg_24h": 0.6943283130968504
    }
  }
}
