{
  "timestamp": 1775557874,
  "usdToBrl": 5.1818,
  "metals": {
    "XAU": {
      "name": "Ouro",
      "usd_oz": 4668.700195,
      "usd_g": 150.10219677434904,
      "brl_oz": 24192.270670451002,
      "brl_g": 777.7995632453218,
      "chg_1h": -0.5177883017259675,
      "chg_24h": -0.5728746579474907
    },
    "XAG": {
      "name": "Prata",
      "usd_oz": 72.553001,
      "usd_g": 2.3326331479444122,
      "brl_oz": 375.9551405818,
      "brl_g": 12.087238446018356,
      "chg_1h": -0.7754403401761379,
      "chg_24h": -1.1741469566962328
    },
    "XPT": {
      "name": "Platina",
      "usd_oz": 1970,
      "usd_g": 63.336970740197124,
      "brl_oz": 10208.146,
      "brl_g": 328.1995149815535,
      "chg_1h": -1.2036108324974923,
      "chg_24h": -1.8435475834578976
    },
    "XPD": {
      "name": "Paládio",
      "usd_oz": 1504,
      "usd_g": 48.354722839216485,
      "brl_oz": 7793.4272,
      "brl_g": 250.56450280825197,
      "chg_1h": -0.922266139657444,
      "chg_24h": -1.7635532331809274
    },
    "XCU": {
      "name": "Cobre",
      "usd_oz": 5.515381,
      "usd_g": 0.17732361676042596,
      "brl_oz": 28.579601265799997,
      "brl_g": 0.9188555173291753,
      "chg_1h": -0.1847043581071144,
      "chg_24h": -0.15085864329688986
    }
  }
}
