{
  "timestamp": 1772660825,
  "usdToBrl": 5.2198,
  "metals": {
    "XAU": {
      "name": "Ouro",
      "usd_oz": 5137.5,
      "usd_g": 165.17446049632625,
      "brl_oz": 26816.7225,
      "brl_g": 862.1776488987238,
      "chg_1h": -0.03502043212673893,
      "chg_24h": 1.0205266045281587
    },
    "XAG": {
      "name": "Prata",
      "usd_oz": 83.561996,
      "usd_g": 2.6865805561647047,
      "brl_oz": 436.1769067208,
      "brl_g": 14.023413187068526,
      "chg_1h": 0.03231220291794419,
      "chg_24h": 1.8340873031439875
    },
    "XPT": {
      "name": "Platina",
      "usd_oz": 2165,
      "usd_g": 69.60636632107958,
      "brl_oz": 11300.867,
      "brl_g": 363.3313109227712,
      "chg_1h": -0.32228360957642727,
      "chg_24h": 3.3906399235912126
    },
    "XPD": {
      "name": "Paládio",
      "usd_oz": 1696,
      "usd_g": 54.527666180393055,
      "brl_oz": 8852.7808,
      "brl_g": 284.62351192841567,
      "chg_1h": 0,
      "chg_24h": 1.4354066985645932
    },
    "XCU": {
      "name": "Cobre",
      "usd_oz": 5.889702,
      "usd_g": 0.18935831636674136,
      "brl_oz": 30.7430664996,
      "brl_g": 0.9884125397711165,
      "chg_1h": 0,
      "chg_24h": 0.8617350260695421
    }
  }
}
