{
  "timestamp": 1776866680,
  "usdToBrl": 4.9639,
  "metals": {
    "XAU": {
      "name": "Ouro",
      "usd_oz": 4750.399902,
      "usd_g": 152.7289033488372,
      "brl_oz": 23580.5100735378,
      "brl_g": 758.1310033332929,
      "chg_1h": 0,
      "chg_24h": -0.5526692362607719
    },
    "XAG": {
      "name": "Prata",
      "usd_oz": 78.290001,
      "usd_g": 2.5170819810086313,
      "brl_oz": 388.6237359639,
      "brl_g": 12.494543245528744,
      "chg_1h": 0,
      "chg_24h": -0.4741759029232092
    },
    "XPT": {
      "name": "Platina",
      "usd_oz": 2092,
      "usd_g": 67.25936182156974,
      "brl_oz": 10384.478799999999,
      "brl_g": 333.86874614609,
      "chg_1h": 0,
      "chg_24h": 0.23957834211787254
    },
    "XPD": {
      "name": "Paládio",
      "usd_oz": 1587,
      "usd_g": 51.02323480441261,
      "brl_oz": 7877.7092999999995,
      "brl_g": 253.27423524562374,
      "chg_1h": 0,
      "chg_24h": -0.5015673981191223
    },
    "XCU": {
      "name": "Cobre",
      "usd_oz": 6.000498,
      "usd_g": 0.19292049048355908,
      "brl_oz": 29.7858720222,
      "brl_g": 0.9576380227113389,
      "chg_1h": 0,
      "chg_24h": 0.2551448758752217
    }
  }
}
