{
  "timestamp": 1779862163,
  "usdToBrl": 5.0201,
  "metals": {
    "XAU": {
      "name": "Ouro",
      "usd_oz": 4499.299805,
      "usd_g": 144.6558477668323,
      "brl_oz": 22586.9349510805,
      "brl_g": 726.1868213742748,
      "chg_1h": 0,
      "chg_24h": -0.572358987092298
    },
    "XAG": {
      "name": "Prata",
      "usd_oz": 75.887001,
      "usd_g": 2.439823737004218,
      "brl_oz": 380.9603337201,
      "brl_g": 12.248159142134876,
      "chg_1h": 0,
      "chg_24h": -0.7688748157927399
    },
    "XPT": {
      "name": "Platina",
      "usd_oz": 1937,
      "usd_g": 62.2759961034324,
      "brl_oz": 9723.9337,
      "brl_g": 312.631728038841,
      "chg_1h": 0,
      "chg_24h": -0.7684426229508197
    },
    "XPD": {
      "name": "Paládio",
      "usd_oz": 1391,
      "usd_g": 44.721688476961525,
      "brl_oz": 6982.9591,
      "brl_g": 224.50734832319455,
      "chg_1h": 0,
      "chg_24h": -0.5718370264474625
    },
    "XCU": {
      "name": "Cobre",
      "usd_oz": 6.137029,
      "usd_g": 0.1973100640633204,
      "brl_oz": 30.8084992829,
      "brl_g": 0.9905162526042749,
      "chg_1h": 0,
      "chg_24h": -0.017252929576762326
    }
  }
}
