{
  "timestamp": 1773140333,
  "usdToBrl": 5.2302,
  "metals": {
    "XAU": {
      "name": "Ouro",
      "usd_oz": 5176.5,
      "usd_g": 166.42833961250275,
      "brl_oz": 27074.1303,
      "brl_g": 870.4535018413119,
      "chg_1h": -0.057920648711265565,
      "chg_24h": 1.7313910010369284
    },
    "XAG": {
      "name": "Prata",
      "usd_oz": 88.533997,
      "usd_g": 2.84643410025467,
      "brl_oz": 463.0505111094,
      "brl_g": 14.887419631151975,
      "chg_1h": -0.5191300615953567,
      "chg_24h": 6.2284713478403395
    },
    "XPT": {
      "name": "Platina",
      "usd_oz": 2206,
      "usd_g": 70.92454693039333,
      "brl_oz": 11537.8212,
      "brl_g": 370.9495653553432,
      "chg_1h": -1.0762331838565022,
      "chg_24h": 4.698623635500712
    },
    "XPD": {
      "name": "Paládio",
      "usd_oz": 1707,
      "usd_g": 54.88132439264796,
      "brl_oz": 8927.9514,
      "brl_g": 287.04030283842735,
      "chg_1h": -0.8710801393728222,
      "chg_24h": 5.696594427244582
    },
    "XCU": {
      "name": "Cobre",
      "usd_oz": 5.840153,
      "usd_g": 0.18776527902501242,
      "brl_oz": 30.5451682206,
      "brl_g": 0.9820499623566199,
      "chg_1h": -0.25178931475286975,
      "chg_24h": 0.7617318348523997
    }
  }
}
