{
  "timestamp": 1775451118,
  "usdToBrl": 5.1818,
  "metals": {
    "XAU": {
      "name": "Ouro",
      "usd_oz": 4654.5,
      "usd_g": 149.64564990367893,
      "brl_oz": 24118.6881,
      "brl_g": 775.4338286708835,
      "chg_1h": 0,
      "chg_24h": -0.5023514322359983
    },
    "XAG": {
      "name": "Prata",
      "usd_oz": 72.469002,
      "usd_g": 2.3299325173833942,
      "brl_oz": 375.5198745636,
      "brl_g": 12.073244318577272,
      "chg_1h": 0,
      "chg_24h": -0.9323167019956302
    },
    "XPT": {
      "name": "Platina",
      "usd_oz": 1981,
      "usd_g": 63.69062895245203,
      "brl_oz": 10265.1458,
      "brl_g": 330.0321011058159,
      "chg_1h": 0,
      "chg_24h": -0.4522613065326633
    },
    "XPD": {
      "name": "Paládio",
      "usd_oz": 1529,
      "usd_g": 49.15849150343218,
      "brl_oz": 7922.9722,
      "brl_g": 254.7294712724849,
      "chg_1h": 0,
      "chg_24h": -0.065359477124183
    },
    "XCU": {
      "name": "Cobre",
      "usd_oz": 5.523714,
      "usd_g": 0.17759152893158234,
      "brl_oz": 28.6227812052,
      "brl_g": 0.9202437846176733,
      "chg_1h": 0,
      "chg_24h": 0.2428346889380345
    }
  }
}
