{
  "timestamp": 1776267577,
  "usdToBrl": 4.9981,
  "metals": {
    "XAU": {
      "name": "Ouro",
      "usd_oz": 4803.200195,
      "usd_g": 154.42647218782952,
      "brl_oz": 24006.8748946295,
      "brl_g": 771.8389506419907,
      "chg_1h": -0.49718261166916444,
      "chg_24h": -0.13098669300342344
    },
    "XAG": {
      "name": "Prata",
      "usd_oz": 79.431,
      "usd_g": 2.5537659506926893,
      "brl_oz": 397.0040811,
      "brl_g": 12.76397759815713,
      "chg_1h": -1.2396192714027512,
      "chg_24h": 0.18667684825285147
    },
    "XPT": {
      "name": "Platina",
      "usd_oz": 2109,
      "usd_g": 67.8059245132364,
      "brl_oz": 10540.9929,
      "brl_g": 338.90079130960686,
      "chg_1h": -1.3564078578110383,
      "chg_24h": 0.6202290076335878
    },
    "XPD": {
      "name": "Paládio",
      "usd_oz": 1587,
      "usd_g": 51.02323480441261,
      "brl_oz": 7931.9847,
      "brl_g": 255.01922987593466,
      "chg_1h": -1.4285714285714286,
      "chg_24h": -0.7504690431519699
    },
    "XCU": {
      "name": "Cobre",
      "usd_oz": 5.931325,
      "usd_g": 0.19069652689116737,
      "brl_oz": 29.6453554825,
      "brl_g": 0.9531203110547436,
      "chg_1h": 0.06377007681932224,
      "chg_24h": -0.15143962758914511
    }
  }
}
