{
  "timestamp": 1772829968,
  "usdToBrl": 5.2765,
  "metals": {
    "XAU": {
      "name": "Ouro",
      "usd_oz": 5158.299805,
      "usd_g": 165.84318975555811,
      "brl_oz": 27217.7689210825,
      "brl_g": 875.0715907452025,
      "chg_1h": -0.08329703866983962,
      "chg_24h": 1.6033387415799307
    },
    "XAG": {
      "name": "Prata",
      "usd_oz": 84.081001,
      "usd_g": 2.703266954387556,
      "brl_oz": 443.65340177650006,
      "brl_g": 14.26378808482594,
      "chg_1h": -0.4746584959006934,
      "chg_24h": 2.4054246070168577
    },
    "XPT": {
      "name": "Platina",
      "usd_oz": 2149,
      "usd_g": 69.09195437598153,
      "brl_oz": 11339.1985,
      "brl_g": 364.56369726486656,
      "chg_1h": -0.2321262766945218,
      "chg_24h": 1.1294117647058823
    },
    "XPD": {
      "name": "Paládio",
      "usd_oz": 1668,
      "usd_g": 53.62744527647147,
      "brl_oz": 8801.202000000001,
      "brl_g": 282.9652150013017,
      "chg_1h": 0.30066145520144316,
      "chg_24h": 0.8464328899637243
    },
    "XCU": {
      "name": "Cobre",
      "usd_oz": 5.796064,
      "usd_g": 0.1863477847595482,
      "brl_oz": 30.582931696000003,
      "brl_g": 0.9832640862837561,
      "chg_1h": 0,
      "chg_24h": -1.2250952291361537
    }
  }
}
