{
  "timestamp": 1777242063,
  "usdToBrl": 5.0006,
  "metals": {
    "XAU": {
      "name": "Ouro",
      "usd_oz": 4689.5,
      "usd_g": 150.7709260335809,
      "brl_oz": 23450.313700000002,
      "brl_g": 753.9450927235247,
      "chg_1h": -0.4521483799288654,
      "chg_24h": -0.4521483799288654
    },
    "XAG": {
      "name": "Prata",
      "usd_oz": 75.405998,
      "usd_g": 2.4243591314524684,
      "brl_oz": 377.0752335988,
      "brl_g": 12.123250272741215,
      "chg_1h": -0.52897622289468,
      "chg_24h": -0.52897622289468
    },
    "XPT": {
      "name": "Platina",
      "usd_oz": 2011,
      "usd_g": 64.65515134951087,
      "brl_oz": 10056.206600000001,
      "brl_g": 323.3145498383641,
      "chg_1h": -0.5440158259149357,
      "chg_24h": -0.5440158259149357
    },
    "XPD": {
      "name": "Paládio",
      "usd_oz": 1517,
      "usd_g": 48.77268254460865,
      "brl_oz": 7585.9102,
      "brl_g": 243.89267633257003,
      "chg_1h": -0.45931758530183725,
      "chg_24h": -0.45931758530183725
    },
    "XCU": {
      "name": "Cobre",
      "usd_oz": 6.018579,
      "usd_g": 0.19350180813226642,
      "brl_oz": 30.096506147400003,
      "brl_g": 0.9676251417462115,
      "chg_1h": 0,
      "chg_24h": 0.5405077625741649
    }
  }
}
