{
  "timestamp": 1775511291,
  "usdToBrl": 5.1818,
  "metals": {
    "XAU": {
      "name": "Ouro",
      "usd_oz": 4649.5,
      "usd_g": 149.4848961708358,
      "brl_oz": 24092.7791,
      "brl_g": 774.600834978037,
      "chg_1h": -0.04514786214969009,
      "chg_24h": -0.6092347156904659
    },
    "XAG": {
      "name": "Prata",
      "usd_oz": 72.899002,
      "usd_g": 2.343757338407904,
      "brl_oz": 377.7480485636,
      "brl_g": 12.144881776162077,
      "chg_1h": -0.157501301120333,
      "chg_24h": -0.3444915265069276
    },
    "XPT": {
      "name": "Platina",
      "usd_oz": 1990,
      "usd_g": 63.979985671569686,
      "brl_oz": 10311.782,
      "brl_g": 331.5314897529398,
      "chg_1h": -0.05022601707684581,
      "chg_24h": 0
    },
    "XPD": {
      "name": "Paládio",
      "usd_oz": 1505,
      "usd_g": 48.38687358578511,
      "brl_oz": 7798.609,
      "brl_g": 250.7311015468213,
      "chg_1h": 0,
      "chg_24h": -1.6339869281045754
    },
    "XCU": {
      "name": "Cobre",
      "usd_oz": 5.523714,
      "usd_g": 0.17759152893158234,
      "brl_oz": 28.6227812052,
      "brl_g": 0.9202437846176733,
      "chg_1h": 0,
      "chg_24h": 0
    }
  }
}
