{
  "timestamp": 1773857526,
  "usdToBrl": 5.2243,
  "metals": {
    "XAU": {
      "name": "Ouro",
      "usd_oz": 4883.100098,
      "usd_g": 156.99531372004046,
      "brl_oz": 25510.779841981403,
      "brl_g": 820.1906174676075,
      "chg_1h": -0.10228923098456566,
      "chg_24h": -2.310646935853359
    },
    "XAG": {
      "name": "Prata",
      "usd_oz": 76.995003,
      "usd_g": 2.475446828503751,
      "brl_oz": 402.2449941729,
      "brl_g": 12.932476866152149,
      "chg_1h": -0.1452514001257594,
      "chg_24h": -3.2628906198026053
    },
    "XPT": {
      "name": "Platina",
      "usd_oz": 2070,
      "usd_g": 66.55204539705993,
      "brl_oz": 10814.301000000001,
      "brl_g": 347.6878507678602,
      "chg_1h": 0.09671179883945842,
      "chg_24h": -3.089887640449438
    },
    "XPD": {
      "name": "Paládio",
      "usd_oz": 1546,
      "usd_g": 49.70505419509886,
      "brl_oz": 8076.7678000000005,
      "brl_g": 259.674114631455,
      "chg_1h": 0.1295336787564767,
      "chg_24h": -5.385556915544676
    },
    "XCU": {
      "name": "Cobre",
      "usd_oz": 5.604361,
      "usd_g": 0.1801843901901025,
      "brl_oz": 29.278863172300003,
      "brl_g": 0.9413373096701525,
      "chg_1h": -0.16026060697724698,
      "chg_24h": -2.693433393136099
    }
  }
}
