{
  "timestamp": 1774936329,
  "usdToBrl": 5.2402,
  "metals": {
    "XAU": {
      "name": "Ouro",
      "usd_oz": 4581.5,
      "usd_g": 147.2986454041691,
      "brl_oz": 24007.9763,
      "brl_g": 771.8743616469269,
      "chg_1h": 0.42744410346339323,
      "chg_24h": 1.6101510252599944
    },
    "XAG": {
      "name": "Prata",
      "usd_oz": 72.566002,
      "usd_g": 2.3330511398005513,
      "brl_oz": 380.26036368039996,
      "brl_g": 12.225654582782848,
      "chg_1h": 0.5933100446366577,
      "chg_24h": 3.164637655083174
    },
    "XPT": {
      "name": "Platina",
      "usd_oz": 1933,
      "usd_g": 62.14739311715789,
      "brl_oz": 10129.3066,
      "brl_g": 325.66476941253075,
      "chg_1h": 0.8346374543557642,
      "chg_24h": 0.4155844155844156
    },
    "XPD": {
      "name": "Paládio",
      "usd_oz": 1459,
      "usd_g": 46.90793924362823,
      "brl_oz": 7645.4518,
      "brl_g": 245.80698322446062,
      "chg_1h": 0.34387895460797796,
      "chg_24h": 0.9688581314878892
    },
    "XCU": {
      "name": "Cobre",
      "usd_oz": 5.522563,
      "usd_g": 0.17755452342228184,
      "brl_oz": 28.939334632599998,
      "brl_g": 0.9304212136374412,
      "chg_1h": 0.2085075281179319,
      "chg_24h": 0.6503331583705072
    }
  }
}
