{
  "timestamp": 1772748157,
  "usdToBrl": 5.2484,
  "metals": {
    "XAU": {
      "name": "Ouro",
      "usd_oz": 5082.299805,
      "usd_g": 163.3997330163424,
      "brl_oz": 26673.942296562,
      "brl_g": 857.5871587629715,
      "chg_1h": 0.1063622112752764,
      "chg_24h": -1.164878606987037
    },
    "XAG": {
      "name": "Prata",
      "usd_oz": 82.389999,
      "usd_g": 2.648899977638513,
      "brl_oz": 432.41567075160003,
      "brl_g": 13.902486642637971,
      "chg_1h": 0.3458894473282324,
      "chg_24h": -1.541588193116639
    },
    "XPT": {
      "name": "Platina",
      "usd_oz": 2128,
      "usd_g": 68.41678869804035,
      "brl_oz": 11168.5952,
      "brl_g": 359.078673802795,
      "chg_1h": 0.1411764705882353,
      "chg_24h": -1.7543859649122806
    },
    "XPD": {
      "name": "Paládio",
      "usd_oz": 1658,
      "usd_g": 53.305937810785196,
      "brl_oz": 8701.8472,
      "brl_g": 279.770884006125,
      "chg_1h": 0.24183796856106407,
      "chg_24h": -2.125147579693034
    },
    "XCU": {
      "name": "Cobre",
      "usd_oz": 5.867952,
      "usd_g": 0.1886590376288737,
      "brl_oz": 30.7973592768,
      "brl_g": 0.9901580930913808,
      "chg_1h": 0,
      "chg_24h": -0.3692886329393225
    }
  }
}
