{
  "timestamp": 1782307795,
  "usdToBrl": 5.1725,
  "metals": {
    "XAU": {
      "name": "Ouro",
      "usd_oz": 3972.699951,
      "usd_g": 127.7252693178018,
      "brl_oz": 20548.790496547503,
      "brl_g": 660.6589555463298,
      "chg_1h": 0,
      "chg_24h": -4.001639847357546
    },
    "XAG": {
      "name": "Prata",
      "usd_oz": 58.626999,
      "usd_g": 1.884901786928206,
      "brl_oz": 303.2481523275,
      "brl_g": 9.749654492886147,
      "chg_1h": 0,
      "chg_24h": -6.145744885217564
    },
    "XPT": {
      "name": "Platina",
      "usd_oz": 1586,
      "usd_g": 50.99108405784398,
      "brl_oz": 8203.585000000001,
      "brl_g": 263.751382289198,
      "chg_1h": 0,
      "chg_24h": -5.029940119760479
    },
    "XPD": {
      "name": "Paládio",
      "usd_oz": 1198,
      "usd_g": 38.51659438921632,
      "brl_oz": 6196.655000000001,
      "brl_g": 199.22708447822143,
      "chg_1h": 0,
      "chg_24h": -4.920634920634921
    },
    "XCU": {
      "name": "Cobre",
      "usd_oz": 5.956953,
      "usd_g": 0.19152048622422818,
      "brl_oz": 30.812339392500004,
      "brl_g": 0.9906397149948203,
      "chg_1h": 0,
      "chg_24h": -1.7787632039931132
    }
  }
}
