{
  "timestamp": 1774273572,
  "usdToBrl": 5.2552,
  "metals": {
    "XAU": {
      "name": "Ouro",
      "usd_oz": 4433.899902,
      "usd_g": 142.55319205986643,
      "brl_oz": 23301.030764990403,
      "brl_g": 749.1455349130101,
      "chg_1h": 1.701945172401924,
      "chg_24h": -1.2978115504489496
    },
    "XAG": {
      "name": "Prata",
      "usd_oz": 68.530998,
      "usd_g": 2.203322748793151,
      "brl_oz": 360.1441006896,
      "brl_g": 11.578901709457767,
      "chg_1h": 1.7535264069347074,
      "chg_24h": 0.8728457786307502
    },
    "XPT": {
      "name": "Platina",
      "usd_oz": 1895,
      "usd_g": 60.92566474755002,
      "brl_oz": 9958.604000000001,
      "brl_g": 320.1765533813249,
      "chg_1h": 1.4997321906802357,
      "chg_24h": -2.016546018614271
    },
    "XPD": {
      "name": "Paládio",
      "usd_oz": 1465,
      "usd_g": 47.10084372303999,
      "brl_oz": 7698.868,
      "brl_g": 247.5243539333198,
      "chg_1h": 1.1042097998619738,
      "chg_24h": 2.304469273743017
    },
    "XCU": {
      "name": "Cobre",
      "usd_oz": 5.517346,
      "usd_g": 0.17738679297743332,
      "brl_oz": 28.9947566992,
      "brl_g": 0.9322030744550076,
      "chg_1h": 0.18668746419372179,
      "chg_24h": 2.121275893579154
    }
  }
}
