{
  "timestamp": 1775131016,
  "usdToBrl": 5.1598,
  "metals": {
    "XAU": {
      "name": "Ouro",
      "usd_oz": 4602.399902,
      "usd_g": 147.97059285668027,
      "brl_oz": 23747.4630143396,
      "brl_g": 763.4986650218988,
      "chg_1h": -0.4821997547886504,
      "chg_24h": -3.1766736044334607
    },
    "XAG": {
      "name": "Prata",
      "usd_oz": 70.807999,
      "usd_g": 2.2765300308806635,
      "brl_oz": 365.35511324019996,
      "brl_g": 11.746439653338047,
      "chg_1h": -0.3994879705386978,
      "chg_24h": -5.762731241182903
    },
    "XPT": {
      "name": "Platina",
      "usd_oz": 1922,
      "usd_g": 61.79373490490298,
      "brl_oz": 9917.1356,
      "brl_g": 318.8433133623184,
      "chg_1h": -0.3112033195020747,
      "chg_24h": -2.8802425467407784
    },
    "XPD": {
      "name": "Paládio",
      "usd_oz": 1476,
      "usd_g": 47.4545019352949,
      "brl_oz": 7615.864799999999,
      "brl_g": 244.8557390857346,
      "chg_1h": -0.6729475100942126,
      "chg_24h": -2.05706702057067
    },
    "XCU": {
      "name": "Cobre",
      "usd_oz": 5.487409,
      "usd_g": 0.1764242960774083,
      "brl_oz": 28.313932958200002,
      "brl_g": 0.9103140829002113,
      "chg_1h": -0.5385237225218922,
      "chg_24h": -1.209930623467037
    }
  }
}
