{
  "timestamp": 1770897381,
  "usdToBrl": 5.1893,
  "metals": {
    "XAU": {
      "name": "Ouro",
      "usd_oz": 5068.299805,
      "usd_g": 162.9496225643816,
      "brl_oz": 26300.9281780865,
      "brl_g": 845.5944763733455,
      "chg_1h": 0.0947922385701521,
      "chg_24h": 0.17789022882386785
    },
    "XAG": {
      "name": "Prata",
      "usd_oz": 83.662003,
      "usd_g": 2.689795855876794,
      "brl_oz": 434.14723216790003,
      "brl_g": 13.958157634901449,
      "chg_1h": 0.23482614831813373,
      "chg_24h": -0.2313489709257936
    },
    "XPT": {
      "name": "Platina",
      "usd_oz": 2124,
      "usd_g": 68.28818571176583,
      "brl_oz": 11022.0732,
      "brl_g": 354.36788211406645,
      "chg_1h": 0.3780718336483932,
      "chg_24h": -3.0136986301369864
    },
    "XPD": {
      "name": "Paládio",
      "usd_oz": 1736,
      "usd_g": 55.81369604313817,
      "brl_oz": 9008.6248,
      "brl_g": 289.6340128766569,
      "chg_1h": 0.4048582995951417,
      "chg_24h": -1.9762845849802373
    },
    "XCU": {
      "name": "Cobre",
      "usd_oz": 6.020607,
      "usd_g": 0.19356700984630762,
      "brl_oz": 31.2427359051,
      "brl_g": 1.0044772841954441,
      "chg_1h": 0.021347919250709675,
      "chg_24h": 0.4971939572222178
    }
  }
}
