{
  "timestamp": 1783503413,
  "usdToBrl": 5.1413,
  "metals": {
    "XAU": {
      "name": "Ouro",
      "usd_oz": 4057.800049,
      "usd_g": 130.4613010015652,
      "brl_oz": 20862.3673919237,
      "brl_g": 670.7406868393472,
      "chg_1h": 0,
      "chg_24h": -1.8171224752783808
    },
    "XAG": {
      "name": "Prata",
      "usd_oz": 58.799,
      "usd_g": 1.8904317474887566,
      "brl_oz": 302.3032987,
      "brl_g": 9.719276743363945,
      "chg_1h": 0,
      "chg_24h": -3.880797083680713
    },
    "XPT": {
      "name": "Platina",
      "usd_oz": 1580,
      "usd_g": 50.79817957843221,
      "brl_oz": 8123.254,
      "brl_g": 261.16868066659356,
      "chg_1h": 0,
      "chg_24h": -3.5409035409035408
    },
    "XPD": {
      "name": "Paládio",
      "usd_oz": 1234,
      "usd_g": 39.67402126568693,
      "brl_oz": 6344.3642,
      "brl_g": 203.97604553327622,
      "chg_1h": 0,
      "chg_24h": -4.341085271317829
    },
    "XCU": {
      "name": "Cobre",
      "usd_oz": 5.98946,
      "usd_g": 0.19256561054293456,
      "brl_oz": 30.793610698000002,
      "brl_g": 0.9900375734843895,
      "chg_1h": 0,
      "chg_24h": -0.862163140969822
    }
  }
}
