{
  "timestamp": 1776283356,
  "usdToBrl": 4.9981,
  "metals": {
    "XAU": {
      "name": "Ouro",
      "usd_oz": 4796.200195,
      "usd_g": 154.2014169618491,
      "brl_oz": 23971.8881946295,
      "brl_g": 770.714102117018,
      "chg_1h": -0.06251041586315821,
      "chg_24h": -0.9233759818403235
    },
    "XAG": {
      "name": "Prata",
      "usd_oz": 79.440002,
      "usd_g": 2.5540553717133,
      "brl_oz": 397.04907399620004,
      "brl_g": 12.765424153360245,
      "chg_1h": 0.05541588717739746,
      "chg_24h": -0.30745561416715633
    },
    "XPT": {
      "name": "Platina",
      "usd_oz": 2127,
      "usd_g": 68.38463795147172,
      "brl_oz": 10630.9587,
      "brl_g": 341.7932589452508,
      "chg_1h": -0.09394081728511039,
      "chg_24h": 0.7102272727272727
    },
    "XPD": {
      "name": "Paládio",
      "usd_oz": 1589,
      "usd_g": 51.08753629754986,
      "brl_oz": 7941.9809,
      "brl_g": 255.34061516878396,
      "chg_1h": -0.3136762860727729,
      "chg_24h": -1.3043478260869565
    },
    "XCU": {
      "name": "Cobre",
      "usd_oz": 5.947789,
      "usd_g": 0.19122585678267326,
      "brl_oz": 29.727644200900002,
      "brl_g": 0.9557659547854792,
      "chg_1h": 0.02768180987238343,
      "chg_24h": 0.1524735743341937
    }
  }
}
