{
  "timestamp": 1774037757,
  "usdToBrl": 5.2552,
  "metals": {
    "XAU": {
      "name": "Ouro",
      "usd_oz": 4505.799805,
      "usd_g": 144.86482761952837,
      "brl_oz": 23678.879135236,
      "brl_g": 761.2936421061455,
      "chg_1h": -0.1529104461148609,
      "chg_24h": -3.207241302161151
    },
    "XAG": {
      "name": "Prata",
      "usd_oz": 68.183998,
      "usd_g": 2.192166439733837,
      "brl_oz": 358.32054628960003,
      "brl_g": 11.520273074089262,
      "chg_1h": -0.4424226495539186,
      "chg_24h": -6.408794685550136
    },
    "XPT": {
      "name": "Platina",
      "usd_oz": 1940,
      "usd_g": 62.37244834313828,
      "brl_oz": 10195.088,
      "brl_g": 327.7796905328603,
      "chg_1h": -0.2570694087403599,
      "chg_24h": -2.217741935483871
    },
    "XPD": {
      "name": "Paládio",
      "usd_oz": 1437,
      "usd_g": 46.20062281911841,
      "brl_oz": 7551.722400000001,
      "brl_g": 242.79351303903107,
      "chg_1h": -0.06954102920723226,
      "chg_24h": -2.9054054054054057
    },
    "XCU": {
      "name": "Cobre",
      "usd_oz": 5.402739,
      "usd_g": 0.1737020923654426,
      "brl_oz": 28.392473992800003,
      "brl_g": 0.9128392357988739,
      "chg_1h": 0.5699424864034239,
      "chg_24h": -1.030319927664189
    }
  }
}
