{
  "timestamp": 1773948695,
  "usdToBrl": 5.2987,
  "metals": {
    "XAU": {
      "name": "Ouro",
      "usd_oz": 4642.100098,
      "usd_g": 149.24698379700112,
      "brl_oz": 24597.0957892726,
      "brl_g": 790.8149930451699,
      "chg_1h": 0.8165945922467128,
      "chg_24h": -4.528715131336904
    },
    "XAG": {
      "name": "Prata",
      "usd_oz": 72.140999,
      "usd_g": 2.3193869760566446,
      "brl_oz": 382.2535114013,
      "brl_g": 12.289735770031344,
      "chg_1h": 1.2846446883060727,
      "chg_24h": -5.685709391703744
    },
    "XPT": {
      "name": "Platina",
      "usd_oz": 1972,
      "usd_g": 63.40127223333438,
      "brl_oz": 10449.0364,
      "brl_g": 335.9443211827689,
      "chg_1h": 0.40733197556008144,
      "chg_24h": -3.898635477582846
    },
    "XPD": {
      "name": "Paládio",
      "usd_oz": 1481,
      "usd_g": 47.61525566813804,
      "brl_oz": 7847.3747,
      "brl_g": 252.29895520876303,
      "chg_1h": 0.8855585831062671,
      "chg_24h": -3.0759162303664924
    },
    "XCU": {
      "name": "Cobre",
      "usd_oz": 5.480008,
      "usd_g": 0.17618634840205388,
      "brl_oz": 29.0369183896,
      "brl_g": 0.9335586042779629,
      "chg_1h": -0.36821888997631746,
      "chg_24h": -4.722720920391091
    }
  }
}
