{
  "timestamp": 1782921754,
  "usdToBrl": 5.1874,
  "metals": {
    "XAU": {
      "name": "Ouro",
      "usd_oz": 4085.800049,
      "usd_g": 131.3615219054868,
      "brl_oz": 21194.679174182602,
      "brl_g": 681.4247587325223,
      "chg_1h": 0,
      "chg_24h": 1.399715798176436
    },
    "XAG": {
      "name": "Prata",
      "usd_oz": 60.424999,
      "usd_g": 1.9427088292585992,
      "brl_oz": 313.4486398126,
      "brl_g": 10.077607780896058,
      "chg_1h": 0,
      "chg_24h": 1.190672184233638
    },
    "XPT": {
      "name": "Platina",
      "usd_oz": 1600,
      "usd_g": 51.44119450980477,
      "brl_oz": 8299.84,
      "brl_g": 266.8460524001613,
      "chg_1h": 0,
      "chg_24h": 2.36724248240563
    },
    "XPD": {
      "name": "Paládio",
      "usd_oz": 1244,
      "usd_g": 39.995528731373206,
      "brl_oz": 6453.1256,
      "brl_g": 207.47280574112537,
      "chg_1h": 0,
      "chg_24h": 1.3854930725346373
    },
    "XCU": {
      "name": "Cobre",
      "usd_oz": 6.02726,
      "usd_g": 0.19378090876322868,
      "brl_oz": 31.265808524,
      "brl_g": 1.0052190861183725,
      "chg_1h": 0,
      "chg_24h": -0.3686547885615491
    }
  }
}
