{
  "timestamp": 1771384376,
  "usdToBrl": 5.2248,
  "metals": {
    "XAU": {
      "name": "Ouro",
      "usd_oz": 4916.399902,
      "usd_g": 158.06592727922944,
      "brl_oz": 25687.2062079696,
      "brl_g": 825.862856848518,
      "chg_1h": 0,
      "chg_24h": -0.7910282352246368
    },
    "XAG": {
      "name": "Prata",
      "usd_oz": 74.225998,
      "usd_g": 2.3864212505014875,
      "brl_oz": 387.81599435040005,
      "brl_g": 12.468573749620171,
      "chg_1h": 0,
      "chg_24h": -1.5322150753723642
    },
    "XPT": {
      "name": "Platina",
      "usd_oz": 2044,
      "usd_g": 65.7161259862756,
      "brl_oz": 10679.4912,
      "brl_g": 343.35361505309277,
      "chg_1h": 0,
      "chg_24h": 0.9382716049382716
    },
    "XPD": {
      "name": "Paládio",
      "usd_oz": 1721,
      "usd_g": 55.33143484460876,
      "brl_oz": 8991.8808,
      "brl_g": 289.09568077611186,
      "chg_1h": 0,
      "chg_24h": 0.05813953488372093
    },
    "XCU": {
      "name": "Cobre",
      "usd_oz": 5.726604,
      "usd_g": 0.18411459390289128,
      "brl_oz": 29.9203605792,
      "brl_g": 0.9619619302238264,
      "chg_1h": 0,
      "chg_24h": -0.09626452472575349
    }
  }
}
