{
  "timestamp": 1777331415,
  "usdToBrl": 4.9681,
  "metals": {
    "XAU": {
      "name": "Ouro",
      "usd_oz": 4689.600098,
      "usd_g": 150.77414425901094,
      "brl_oz": 23298.402246873797,
      "brl_g": 749.0610260931923,
      "chg_1h": -0.012794699054428314,
      "chg_24h": 0.16018452922874696
    },
    "XAG": {
      "name": "Prata",
      "usd_oz": 76.039001,
      "usd_g": 2.4447106504826497,
      "brl_oz": 377.76936086809997,
      "brl_g": 12.145566982662851,
      "chg_1h": 0.042097436178386995,
      "chg_24h": 1.2004737852126957
    },
    "XPT": {
      "name": "Platina",
      "usd_oz": 1999,
      "usd_g": 64.26934239068733,
      "brl_oz": 9931.231899999999,
      "brl_g": 319.2965199311737,
      "chg_1h": 0.3010536879076769,
      "chg_24h": -0.3986048829098156
    },
    "XPD": {
      "name": "Paládio",
      "usd_oz": 1500,
      "usd_g": 48.22611985294197,
      "brl_oz": 7452.15,
      "brl_g": 239.592186041401,
      "chg_1h": 0.06671114076050699,
      "chg_24h": -0.9247027741083224
    },
    "XCU": {
      "name": "Cobre",
      "usd_oz": 5.961792,
      "usd_g": 0.19167606368687376,
      "brl_oz": 29.618778835199997,
      "brl_g": 0.9522658520027575,
      "chg_1h": 0,
      "chg_24h": -0.9435283644195734
    }
  }
}
