{
  "timestamp": 1773431586,
  "usdToBrl": 5.2433,
  "metals": {
    "XAU": {
      "name": "Ouro",
      "usd_oz": 5013.600098,
      "usd_g": 161.1909861472464,
      "brl_oz": 26287.809393843396,
      "brl_g": 845.1726976658571,
      "chg_1h": -0.6420908045977033,
      "chg_24h": -1.6285366401921693
    },
    "XAG": {
      "name": "Prata",
      "usd_oz": 80.047997,
      "usd_g": 2.5736028648732927,
      "brl_oz": 419.71566267009996,
      "brl_g": 13.494171901390136,
      "chg_1h": -1.196046538283245,
      "chg_24h": -5.63716242751002
    },
    "XPT": {
      "name": "Platina",
      "usd_oz": 2029,
      "usd_g": 65.23386478774617,
      "brl_oz": 10638.6557,
      "brl_g": 342.0407232415895,
      "chg_1h": -1.169020944958597,
      "chg_24h": -5.496040987424313
    },
    "XPD": {
      "name": "Paládio",
      "usd_oz": 1577,
      "usd_g": 50.70172733872633,
      "brl_oz": 8268.684099999999,
      "brl_g": 265.84436695514376,
      "chg_1h": -1.1904761904761905,
      "chg_24h": -4.424242424242424
    },
    "XCU": {
      "name": "Cobre",
      "usd_oz": 5.872388,
      "usd_g": 0.18880165834065213,
      "brl_oz": 30.790692000399996,
      "brl_g": 0.9899437351775412,
      "chg_1h": 1.8586236048701497,
      "chg_24h": 0.547340679721545
    }
  }
}
