{
  "timestamp": 1773918063,
  "usdToBrl": 5.2243,
  "metals": {
    "XAU": {
      "name": "Ouro",
      "usd_oz": 4680.200195,
      "usd_g": 150.47193035988826,
      "brl_oz": 24450.769878738505,
      "brl_g": 786.1105057791643,
      "chg_1h": -0.6959432420963219,
      "chg_24h": -5.534468602126977
    },
    "XAG": {
      "name": "Prata",
      "usd_oz": 70.902,
      "usd_g": 2.2795522332088614,
      "brl_oz": 370.4133186,
      "brl_g": 11.909064731953055,
      "chg_1h": -1.4866892680486763,
      "chg_24h": -10.332354187732125
    },
    "XPT": {
      "name": "Platina",
      "usd_oz": 1942,
      "usd_g": 62.43674983627554,
      "brl_oz": 10145.590600000001,
      "brl_g": 326.1883121696543,
      "chg_1h": -0.7664793050587635,
      "chg_24h": -7.391511683357177
    },
    "XPD": {
      "name": "Paládio",
      "usd_oz": 1475,
      "usd_g": 47.422351188726275,
      "brl_oz": 7705.842500000001,
      "brl_g": 247.7485893152627,
      "chg_1h": 0,
      "chg_24h": -8.441961514587213
    },
    "XCU": {
      "name": "Cobre",
      "usd_oz": 5.57518,
      "usd_g": 0.17924619925448335,
      "brl_oz": 29.126412874,
      "brl_g": 0.9364359187651974,
      "chg_1h": -0.1583804081071417,
      "chg_24h": -2.689165717880313
    }
  }
}
