{
  "timestamp": 1775844625,
  "usdToBrl": 5.0543,
  "metals": {
    "XAU": {
      "name": "Ouro",
      "usd_oz": 4757,
      "usd_g": 152.94110142696331,
      "brl_oz": 24043.305099999998,
      "brl_g": 773.0102089423007,
      "chg_1h": -0.25581218026433356,
      "chg_24h": -0.5477545143811474
    },
    "XAG": {
      "name": "Prata",
      "usd_oz": 76.216003,
      "usd_g": 2.45040139692679,
      "brl_oz": 385.21854396289996,
      "brl_g": 12.385063780487073,
      "chg_1h": -0.22777327173417355,
      "chg_24h": 0.1616456136137225
    },
    "XPT": {
      "name": "Platina",
      "usd_oz": 2062,
      "usd_g": 66.2948394245109,
      "brl_oz": 10421.9666,
      "brl_g": 335.0740069033054,
      "chg_1h": -0.1936108422071636,
      "chg_24h": -2.2748815165876777
    },
    "XPD": {
      "name": "Paládio",
      "usd_oz": 1545,
      "usd_g": 49.67290344853023,
      "brl_oz": 7808.893499999999,
      "brl_g": 251.0617558999063,
      "chg_1h": -0.3225806451612903,
      "chg_24h": -2.338811630847029
    },
    "XCU": {
      "name": "Cobre",
      "usd_oz": 5.756994,
      "usd_g": 0.18509165509111186,
      "brl_oz": 29.097574774199995,
      "brl_g": 0.9355087523270066,
      "chg_1h": 0.09726327502867879,
      "chg_24h": 1.5399268213313335
    }
  }
}
