{
  "timestamp": 1778473106,
  "usdToBrl": 4.914,
  "metals": {
    "XAU": {
      "name": "Ouro",
      "usd_oz": 4678.399902,
      "usd_g": 150.414049595896,
      "brl_oz": 22989.657118428,
      "brl_g": 739.1346397142329,
      "chg_1h": 0,
      "chg_24h": -0.7909810093429877
    },
    "XAG": {
      "name": "Prata",
      "usd_oz": 80.676003,
      "usd_g": 2.5937937266228706,
      "brl_oz": 396.441878742,
      "brl_g": 12.745902372624785,
      "chg_1h": 0,
      "chg_24h": 0.2584890824056945
    },
    "XPT": {
      "name": "Platina",
      "usd_oz": 2053,
      "usd_g": 66.00548270539325,
      "brl_oz": 10088.442,
      "brl_g": 324.3509420143024,
      "chg_1h": 0,
      "chg_24h": -0.6773101112723754
    },
    "XPD": {
      "name": "Paládio",
      "usd_oz": 1503,
      "usd_g": 48.32257209264785,
      "brl_oz": 7385.741999999999,
      "brl_g": 237.45711926327152,
      "chg_1h": 0,
      "chg_24h": -0.922874093605801
    },
    "XCU": {
      "name": "Cobre",
      "usd_oz": 6.110948,
      "usd_g": 0.19647154044206402,
      "brl_oz": 30.029198471999997,
      "brl_g": 0.9654611497323026,
      "chg_1h": 0,
      "chg_24h": -0.4384752277707235
    }
  }
}
