{
  "timestamp": 1783904592,
  "usdToBrl": 5.1185,
  "metals": {
    "XAU": {
      "name": "Ouro",
      "usd_oz": 4068,
      "usd_g": 130.78923704117864,
      "brl_oz": 20822.058,
      "brl_g": 669.4447097952728,
      "chg_1h": -0.09086993257180839,
      "chg_24h": -1.2956738795011529
    },
    "XAG": {
      "name": "Prata",
      "usd_oz": 58.722,
      "usd_g": 1.8879561400029723,
      "brl_oz": 300.568557,
      "brl_g": 9.663503502605213,
      "chg_1h": -0.14453891789308324,
      "chg_24h": -2.1528310060985794
    },
    "XPT": {
      "name": "Platina",
      "usd_oz": 1609,
      "usd_g": 51.73055122892242,
      "brl_oz": 8235.6665,
      "brl_g": 264.7828264652394,
      "chg_1h": -0.24798512089274644,
      "chg_24h": -1.5902140672782874
    },
    "XPD": {
      "name": "Paládio",
      "usd_oz": 1279,
      "usd_g": 41.12080486127519,
      "brl_oz": 6546.5615,
      "brl_g": 210.47683968243706,
      "chg_1h": -0.156128024980484,
      "chg_24h": -1.6153846153846154
    },
    "XCU": {
      "name": "Cobre",
      "usd_oz": 6.042909,
      "usd_g": 0.19428403579628115,
      "brl_oz": 30.9306297165,
      "brl_g": 0.9944428372232651,
      "chg_1h": -0.13242609969191552,
      "chg_24h": -0.13242609969191552
    }
  }
}
