{
  "timestamp": 1771541713,
  "usdToBrl": 5.2343,
  "metals": {
    "XAU": {
      "name": "Ouro",
      "usd_oz": 4997.200195,
      "usd_g": 160.66371702214335,
      "brl_oz": 26156.844980688504,
      "brl_g": 840.9620940090049,
      "chg_1h": -0.03800490013711944,
      "chg_24h": 0.38570098433106365
    },
    "XAG": {
      "name": "Prata",
      "usd_oz": 78.670998,
      "usd_g": 2.5293313189990387,
      "brl_oz": 411.7876048314,
      "brl_g": 13.239278923036668,
      "chg_1h": 0.3686994274859347,
      "chg_24h": 1.7420219495378537
    },
    "XPT": {
      "name": "Platina",
      "usd_oz": 2083,
      "usd_g": 66.97000510245209,
      "brl_oz": 10903.046900000001,
      "brl_g": 350.541097707765,
      "chg_1h": 0.2406159769008662,
      "chg_24h": 0.04803073967339097
    },
    "XPD": {
      "name": "Paládio",
      "usd_oz": 1708,
      "usd_g": 54.913475139216594,
      "brl_oz": 8940.1844,
      "brl_g": 287.43360292120144,
      "chg_1h": 0.17595307917888564,
      "chg_24h": -1.3856812933025404
    },
    "XCU": {
      "name": "Cobre",
      "usd_oz": 5.717532,
      "usd_g": 0.18382292233002068,
      "brl_oz": 29.9272777476,
      "brl_g": 0.9621843223520272,
      "chg_1h": 0,
      "chg_24h": -1.614392524972678
    }
  }
}
