{
  "timestamp": 1781902182,
  "usdToBrl": 5.1603,
  "metals": {
    "XAU": {
      "name": "Ouro",
      "usd_oz": 4156.700195,
      "usd_g": 133.6410145312115,
      "brl_oz": 21449.8200162585,
      "brl_g": 689.6277272854109,
      "chg_1h": 0,
      "chg_24h": -1.4042009624544394
    },
    "XAG": {
      "name": "Prata",
      "usd_oz": 64.956001,
      "usd_g": 2.0883839262625457,
      "brl_oz": 335.19245196030005,
      "brl_g": 10.776687574692614,
      "chg_1h": -0.007693847195915971,
      "chg_24h": -1.1790509266989289
    },
    "XPT": {
      "name": "Platina",
      "usd_oz": 1674,
      "usd_g": 53.82034975588324,
      "brl_oz": 8638.342200000001,
      "brl_g": 277.7291508452843,
      "chg_1h": 0,
      "chg_24h": -1.8181818181818181
    },
    "XPD": {
      "name": "Paládio",
      "usd_oz": 1280,
      "usd_g": 41.152955607843815,
      "brl_oz": 6605.184,
      "brl_g": 212.36159682315645,
      "chg_1h": 0,
      "chg_24h": -1.9157088122605364
    },
    "XCU": {
      "name": "Cobre",
      "usd_oz": 6.178045,
      "usd_g": 0.19862875908457925,
      "brl_oz": 31.880565613500004,
      "brl_g": 1.0249839855041543,
      "chg_1h": 0,
      "chg_24h": -0.18499085951277058
    }
  }
}
