{
  "timestamp": 1771299446,
  "usdToBrl": 5.2244,
  "metals": {
    "XAU": {
      "name": "Ouro",
      "usd_oz": 4955.600098,
      "usd_g": 159.32624284626598,
      "brl_oz": 25890.0371519912,
      "brl_g": 832.384023126032,
      "chg_1h": 0,
      "chg_24h": -0.8066575550055971
    },
    "XAG": {
      "name": "Prata",
      "usd_oz": 75.380997,
      "usd_g": 2.423555330637506,
      "brl_oz": 393.8204807268,
      "brl_g": 12.661622469382587,
      "chg_1h": 0,
      "chg_24h": -0.5199669938642919
    },
    "XPT": {
      "name": "Platina",
      "usd_oz": 2025,
      "usd_g": 65.10526180147166,
      "brl_oz": 10579.41,
      "brl_g": 340.1359297556085,
      "chg_1h": 0,
      "chg_24h": -1.7943743937924344
    },
    "XPD": {
      "name": "Paládio",
      "usd_oz": 1720,
      "usd_g": 55.299284098040125,
      "brl_oz": 8985.968,
      "brl_g": 288.90557984180083,
      "chg_1h": 0,
      "chg_24h": 0.7615700058582308
    },
    "XCU": {
      "name": "Cobre",
      "usd_oz": 5.732122,
      "usd_g": 0.18429200172245697,
      "brl_oz": 29.9468981768,
      "brl_g": 0.9628151337988042,
      "chg_1h": 0,
      "chg_24h": -1.7034673483942757
    }
  }
}
