{
  "timestamp": 1779292613,
  "usdToBrl": 5.0299,
  "metals": {
    "XAU": {
      "name": "Ouro",
      "usd_oz": 4533.700195,
      "usd_g": 145.76184598758428,
      "brl_oz": 22804.0586108305,
      "brl_g": 733.1675091329502,
      "chg_1h": 0,
      "chg_24h": 0.5678688681149258
    },
    "XAG": {
      "name": "Prata",
      "usd_oz": 75.932999,
      "usd_g": 2.441302607044882,
      "brl_oz": 381.93539167009993,
      "brl_g": 12.27950798317505,
      "chg_1h": 0,
      "chg_24h": 1.805968972809487
    },
    "XPT": {
      "name": "Platina",
      "usd_oz": 1961,
      "usd_g": 63.04761402107947,
      "brl_oz": 9863.633899999999,
      "brl_g": 317.1231937646276,
      "chg_1h": 0,
      "chg_24h": 1.1346054667354306
    },
    "XPD": {
      "name": "Paládio",
      "usd_oz": 1400,
      "usd_g": 45.01104519607917,
      "brl_oz": 7041.86,
      "brl_g": 226.40105623175862,
      "chg_1h": 0,
      "chg_24h": 1.670297748729121
    },
    "XCU": {
      "name": "Cobre",
      "usd_oz": 6.148067,
      "usd_g": 0.19766494400394494,
      "brl_oz": 30.9241622033,
      "brl_g": 0.9942349018454426,
      "chg_1h": 0,
      "chg_24h": 1.0775957735952322
    }
  }
}
