{
  "timestamp": 1774248126,
  "usdToBrl": 5.2552,
  "metals": {
    "XAU": {
      "name": "Ouro",
      "usd_oz": 4236.600098,
      "usd_g": 136.20985606342248,
      "brl_oz": 22264.1808350096,
      "brl_g": 715.8100355844979,
      "chg_1h": -3.0637204438851415,
      "chg_24h": -5.6898643405183424
    },
    "XAG": {
      "name": "Prata",
      "usd_oz": 62.515999,
      "usd_g": 2.0099360403336,
      "brl_oz": 328.5340779448,
      "brl_g": 10.562615879161136,
      "chg_1h": -5.978249957659671,
      "chg_24h": -7.980812918789909
    },
    "XPT": {
      "name": "Platina",
      "usd_oz": 1775,
      "usd_g": 57.067575159314664,
      "brl_oz": 9327.980000000001,
      "brl_g": 299.90152097723046,
      "chg_1h": -5.333333333333334,
      "chg_24h": -8.221302998965873
    },
    "XPD": {
      "name": "Paládio",
      "usd_oz": 1377,
      "usd_g": 44.27157802500073,
      "brl_oz": 7236.410400000001,
      "brl_g": 232.65599683698383,
      "chg_1h": -3.7062937062937062,
      "chg_24h": -3.840782122905028
    },
    "XCU": {
      "name": "Cobre",
      "usd_oz": 5.430937,
      "usd_g": 0.17460867911718475,
      "brl_oz": 28.540660122400002,
      "brl_g": 0.9176035304966293,
      "chg_1h": -0.4738131854760079,
      "chg_24h": 0.5219204555319019
    }
  }
}
