{
  "timestamp": 1777244594,
  "usdToBrl": 5.0006,
  "metals": {
    "XAU": {
      "name": "Ouro",
      "usd_oz": 4682.100098,
      "usd_g": 150.53301365974622,
      "brl_oz": 23413.3097500588,
      "brl_g": 752.755388106927,
      "chg_1h": -0.15779724917368826,
      "chg_24h": -0.6092321513968425
    },
    "XAG": {
      "name": "Prata",
      "usd_oz": 75.137001,
      "usd_g": 2.415710677077747,
      "brl_oz": 375.7300872006,
      "brl_g": 12.080002811794982,
      "chg_1h": -0.35673156928444716,
      "chg_24h": -0.8838207669980536
    },
    "XPT": {
      "name": "Platina",
      "usd_oz": 2007,
      "usd_g": 64.52654836323636,
      "brl_oz": 10036.2042,
      "brl_g": 322.67145774519975,
      "chg_1h": -0.19890601690701143,
      "chg_24h": -0.741839762611276
    },
    "XPD": {
      "name": "Paládio",
      "usd_oz": 1514,
      "usd_g": 48.67623030490277,
      "brl_oz": 7570.9084,
      "brl_g": 243.4103572626968,
      "chg_1h": -0.1977587343441002,
      "chg_24h": -0.6561679790026247
    },
    "XCU": {
      "name": "Cobre",
      "usd_oz": 6.018579,
      "usd_g": 0.19350180813226642,
      "brl_oz": 30.096506147400003,
      "brl_g": 0.9676251417462115,
      "chg_1h": 0,
      "chg_24h": 0.5405077625741649
    }
  }
}
