{
  "timestamp": 1778010862,
  "usdToBrl": 4.9525,
  "metals": {
    "XAU": {
      "name": "Ouro",
      "usd_oz": 4556.299805,
      "usd_g": 146.48844032124407,
      "brl_oz": 22565.074784262495,
      "brl_g": 725.4840006909612,
      "chg_1h": -0.190584775465506,
      "chg_24h": 0.8879059445680596
    },
    "XAG": {
      "name": "Prata",
      "usd_oz": 73.014,
      "usd_g": 2.347454609961803,
      "brl_oz": 361.60183499999994,
      "brl_g": 11.625768955835829,
      "chg_1h": -0.44042980870310283,
      "chg_24h": 0.19760806102889666
    },
    "XPT": {
      "name": "Platina",
      "usd_oz": 1965,
      "usd_g": 63.17621700735398,
      "brl_oz": 9731.662499999999,
      "brl_g": 312.8802147289206,
      "chg_1h": -0.40547389761784086,
      "chg_24h": 0.7175807278318811
    },
    "XPD": {
      "name": "Paládio",
      "usd_oz": 1518,
      "usd_g": 48.804833291177275,
      "brl_oz": 7517.8949999999995,
      "brl_g": 241.70593687455545,
      "chg_1h": -0.2628120893561104,
      "chg_24h": 1.267511674449633
    },
    "XCU": {
      "name": "Cobre",
      "usd_oz": 5.911896,
      "usd_g": 0.19007187003608547,
      "brl_oz": 29.278664939999995,
      "brl_g": 0.9413309363537132,
      "chg_1h": -0.030691388199399094,
      "chg_24h": 0.6236152733403696
    }
  }
}
