{
  "timestamp": 1773316714,
  "usdToBrl": 5.1711,
  "metals": {
    "XAU": {
      "name": "Ouro",
      "usd_oz": 5180,
      "usd_g": 166.54086722549295,
      "brl_oz": 26786.298,
      "brl_g": 861.1994785097465,
      "chg_1h": -0.06366224459593364,
      "chg_24h": -0.05788153579008296
    },
    "XAG": {
      "name": "Prata",
      "usd_oz": 87.113998,
      "usd_g": 2.8007800722779645,
      "brl_oz": 450.47519505779997,
      "brl_g": 14.483113831756583,
      "chg_1h": -0.23020557223375165,
      "chg_24h": 0.8929455568385225
    },
    "XPT": {
      "name": "Platina",
      "usd_oz": 2201,
      "usd_g": 70.76379319755019,
      "brl_oz": 11381.5911,
      "brl_g": 365.92665100385176,
      "chg_1h": 0.18206645425580337,
      "chg_24h": 1.4753342554172428
    },
    "XPD": {
      "name": "Paládio",
      "usd_oz": 1696,
      "usd_g": 54.527666180393055,
      "brl_oz": 8770.1856,
      "brl_g": 281.9680145854305,
      "chg_1h": 0.5334914048606995,
      "chg_24h": 2.3536511768255886
    },
    "XCU": {
      "name": "Cobre",
      "usd_oz": 5.845596,
      "usd_g": 0.18794027553858544,
      "brl_oz": 30.228161475599997,
      "brl_g": 0.9718579588375792,
      "chg_1h": 0.11781697931240091,
      "chg_24h": 0.926721894169469
    }
  }
}
