{
  "timestamp": 1773417264,
  "usdToBrl": 5.2433,
  "metals": {
    "XAU": {
      "name": "Ouro",
      "usd_oz": 5045.899902,
      "usd_g": 162.22944895986677,
      "brl_oz": 26457.166956156598,
      "brl_g": 850.6176697312694,
      "chg_1h": 0.04956973566598606,
      "chg_24h": -1.6202007798791167
    },
    "XAG": {
      "name": "Prata",
      "usd_oz": 80.802002,
      "usd_g": 2.5978446885397712,
      "brl_oz": 423.66913708659996,
      "brl_g": 13.621279055420581,
      "chg_1h": 0.008668853485205734,
      "chg_24h": -5.280923081117884
    },
    "XPT": {
      "name": "Platina",
      "usd_oz": 2053,
      "usd_g": 66.00548270539325,
      "brl_oz": 10764.4949,
      "brl_g": 346.0865474691884,
      "chg_1h": 0.19521717911176184,
      "chg_24h": -4.953703703703704
    },
    "XPD": {
      "name": "Paládio",
      "usd_oz": 1600,
      "usd_g": 51.44119450980477,
      "brl_oz": 8389.279999999999,
      "brl_g": 269.7216151732593,
      "chg_1h": -0.6211180124223602,
      "chg_24h": -2.735562310030395
    },
    "XCU": {
      "name": "Cobre",
      "usd_oz": 5.78988,
      "usd_g": 0.18614896454276778,
      "brl_oz": 30.358077803999997,
      "brl_g": 0.9760348657870942,
      "chg_1h": -0.16685757205248497,
      "chg_24h": -0.7773289148910522
    }
  }
}
