{
  "timestamp": 1774497265,
  "usdToBrl": 5.233,
  "metals": {
    "XAU": {
      "name": "Ouro",
      "usd_oz": 4513,
      "usd_g": 145.09631926421807,
      "brl_oz": 23616.529,
      "brl_g": 759.2890387096531,
      "chg_1h": 0,
      "chg_24h": -1.2364591311959734
    },
    "XAG": {
      "name": "Prata",
      "usd_oz": 71.793999,
      "usd_g": 2.3082306669973307,
      "brl_oz": 375.69799676699995,
      "brl_g": 12.07897108039703,
      "chg_1h": 0,
      "chg_24h": -2.398107648360576
    },
    "XPT": {
      "name": "Platina",
      "usd_oz": 1930,
      "usd_g": 62.05094087745201,
      "brl_oz": 10099.689999999999,
      "brl_g": 324.7125736117063,
      "chg_1h": 0,
      "chg_24h": -2.6236125126135215
    },
    "XPD": {
      "name": "Paládio",
      "usd_oz": 1439,
      "usd_g": 46.264924312255665,
      "brl_oz": 7530.286999999999,
      "brl_g": 242.10434892603388,
      "chg_1h": 0,
      "chg_24h": -3.032345013477089
    },
    "XCU": {
      "name": "Cobre",
      "usd_oz": 5.438724,
      "usd_g": 0.17485903698071464,
      "brl_oz": 28.460842691999996,
      "brl_g": 0.9150373405200797,
      "chg_1h": 0,
      "chg_24h": 0.11969319368758018
    }
  }
}
