{
  "timestamp": 1775807999,
  "usdToBrl": 5.0992,
  "metals": {
    "XAU": {
      "name": "Ouro",
      "usd_oz": 4750,
      "usd_g": 152.7160462009829,
      "brl_oz": 24221.199999999997,
      "brl_g": 778.729662788052,
      "chg_1h": -0.24361764451559553,
      "chg_24h": 0.590836734100932
    },
    "XAG": {
      "name": "Prata",
      "usd_oz": 75.468002,
      "usd_g": 2.4263526063427094,
      "brl_oz": 384.8264357984,
      "brl_g": 12.372457210262743,
      "chg_1h": -0.6686269524225343,
      "chg_24h": 1.844784870508754
    },
    "XPT": {
      "name": "Platina",
      "usd_oz": 2067,
      "usd_g": 66.45559315735403,
      "brl_oz": 10540.0464,
      "brl_g": 338.87036062797966,
      "chg_1h": -0.5772005772005772,
      "chg_24h": 2.276100940128649
    },
    "XPD": {
      "name": "Paládio",
      "usd_oz": 1576,
      "usd_g": 50.669576592157696,
      "brl_oz": 8036.339199999999,
      "brl_g": 258.37430495873053,
      "chg_1h": -0.6305170239596469,
      "chg_24h": -0.4421983575489577
    },
    "XCU": {
      "name": "Cobre",
      "usd_oz": 5.684949,
      "usd_g": 0.18277535455457505,
      "brl_oz": 28.988691940799995,
      "brl_g": 0.932008087944689,
      "chg_1h": -0.151363811122276,
      "chg_24h": 0.38714291390201155
    }
  }
}
