{
  "timestamp": 1772635713,
  "usdToBrl": 5.2434,
  "metals": {
    "XAU": {
      "name": "Ouro",
      "usd_oz": 5175.100098,
      "usd_g": 166.38333171807983,
      "brl_oz": 27135.1198538532,
      "brl_g": 872.4143615305799,
      "chg_1h": -0.0231769226125758,
      "chg_24h": 0.822151158325857
    },
    "XAG": {
      "name": "Prata",
      "usd_oz": 84.670998,
      "usd_g": 2.7222357984108068,
      "brl_oz": 443.9639109132,
      "brl_g": 14.273771185387226,
      "chg_1h": -0.7629931408428533,
      "chg_24h": 3.6149086378020883
    },
    "XPT": {
      "name": "Platina",
      "usd_oz": 2159,
      "usd_g": 69.41346184166781,
      "brl_oz": 11320.500600000001,
      "brl_g": 363.962545820601,
      "chg_1h": -1.0994044892349977,
      "chg_24h": 2.51661918328585
    },
    "XPD": {
      "name": "Paládio",
      "usd_oz": 1703,
      "usd_g": 54.75272140637345,
      "brl_oz": 8929.5102,
      "brl_g": 287.09041942217857,
      "chg_1h": -0.9883720930232558,
      "chg_24h": 0.7692307692307693
    },
    "XCU": {
      "name": "Cobre",
      "usd_oz": 5.866159,
      "usd_g": 0.18860139134027615,
      "brl_oz": 30.7586181006,
      "brl_g": 0.988912535353604,
      "chg_1h": -0.07854165637557912,
      "chg_24h": 0.15230728203293015
    }
  }
}
