{
  "timestamp": 1774904353,
  "usdToBrl": 5.2402,
  "metals": {
    "XAU": {
      "name": "Ouro",
      "usd_oz": 4512.100098,
      "usd_g": 145.06738674307948,
      "brl_oz": 23644.3069335396,
      "brl_g": 760.1821200110851,
      "chg_1h": -0.059796826362265736,
      "chg_24h": 0.3804248720800865
    },
    "XAG": {
      "name": "Prata",
      "usd_oz": 70.258003,
      "usd_g": 2.2588472488709046,
      "brl_oz": 368.1659873206,
      "brl_g": 11.836811353533314,
      "chg_1h": 0.06694677567541968,
      "chg_24h": 0.5495634921492405
    },
    "XPT": {
      "name": "Platina",
      "usd_oz": 1902,
      "usd_g": 61.15071997353042,
      "brl_oz": 9966.8604,
      "brl_g": 320.4420028052941,
      "chg_1h": 0,
      "chg_24h": 1.5483182060864922
    },
    "XPD": {
      "name": "Paládio",
      "usd_oz": 1433,
      "usd_g": 46.0720198328439,
      "brl_oz": 7509.2065999999995,
      "brl_g": 241.4265983280686,
      "chg_1h": -0.4861111111111111,
      "chg_24h": 2.138275124732716
    },
    "XCU": {
      "name": "Cobre",
      "usd_oz": 5.508739,
      "usd_g": 0.17711007150171715,
      "brl_oz": 28.8668941078,
      "brl_g": 0.9280921966832981,
      "chg_1h": 0,
      "chg_24h": 1.1400041162939456
    }
  }
}
