{
  "timestamp": 1771569294,
  "usdToBrl": 5.2343,
  "metals": {
    "XAU": {
      "name": "Ouro",
      "usd_oz": 5024.700195,
      "usd_g": 161.5478625527806,
      "brl_oz": 26300.788230688504,
      "brl_g": 845.5899769600195,
      "chg_1h": 0.38558943097210774,
      "chg_24h": 0.48998038167549807
    },
    "XAG": {
      "name": "Prata",
      "usd_oz": 79.028,
      "usd_g": 2.5408091998255324,
      "brl_oz": 413.65626040000006,
      "brl_g": 13.299357594646786,
      "chg_1h": 0.48571571417665527,
      "chg_24h": 1.0110305865511344
    },
    "XPT": {
      "name": "Platina",
      "usd_oz": 2091,
      "usd_g": 67.22721107500111,
      "brl_oz": 10944.9213,
      "brl_g": 351.88739092987834,
      "chg_1h": 0.43227665706051877,
      "chg_24h": 0.09573958831977022
    },
    "XPD": {
      "name": "Paládio",
      "usd_oz": 1710,
      "usd_g": 54.97777663235385,
      "brl_oz": 8950.653,
      "brl_g": 287.7701762267298,
      "chg_1h": 0.2932551319648094,
      "chg_24h": -1.7241379310344827
    },
    "XCU": {
      "name": "Cobre",
      "usd_oz": 5.726301,
      "usd_g": 0.184104852226681,
      "brl_oz": 29.973177324300003,
      "brl_g": 0.9636600280101163,
      "chg_1h": -0.009237221988418299,
      "chg_24h": -0.3342092067483028
    }
  }
}
