{
  "timestamp": 1770926187,
  "usdToBrl": 5.1761,
  "metals": {
    "XAU": {
      "name": "Ouro",
      "usd_oz": 4956.100098,
      "usd_g": 159.3423182195503,
      "brl_oz": 25653.269717257797,
      "brl_g": 824.7717733362142,
      "chg_1h": 0.27516637329286575,
      "chg_24h": -2.575140993421828
    },
    "XAG": {
      "name": "Prata",
      "usd_oz": 76.792,
      "usd_g": 2.46892013049808,
      "brl_oz": 397.4830712,
      "brl_g": 12.779377487471113,
      "chg_1h": 0.42107884894627534,
      "chg_24h": -9.13264917447286
    },
    "XPT": {
      "name": "Platina",
      "usd_oz": 2046,
      "usd_g": 65.78042747941285,
      "brl_oz": 10590.3006,
      "brl_g": 340.48607067618883,
      "chg_1h": 0.2449779519843214,
      "chg_24h": -4.837209302325581
    },
    "XPD": {
      "name": "Paládio",
      "usd_oz": 1670,
      "usd_g": 53.69174676960873,
      "brl_oz": 8644.087,
      "brl_g": 277.9138504541717,
      "chg_1h": -0.23894862604540024,
      "chg_24h": -4.0781160252728315
    },
    "XCU": {
      "name": "Cobre",
      "usd_oz": 6.055821,
      "usd_g": 0.19469916623597527,
      "brl_oz": 31.3455350781,
      "brl_g": 1.0077823543540316,
      "chg_1h": 0.6973028753787419,
      "chg_24h": 0.2576047624432089
    }
  }
}
