{
  "timestamp": 1779230941,
  "usdToBrl": 5.0232,
  "metals": {
    "XAU": {
      "name": "Ouro",
      "usd_oz": 4481.799805,
      "usd_g": 144.0932097018813,
      "brl_oz": 22512.976780475998,
      "brl_g": 723.8090109744902,
      "chg_1h": -0.029004326728736762,
      "chg_24h": -2.026455241009954
    },
    "XAG": {
      "name": "Prata",
      "usd_oz": 74.014999,
      "usd_g": 2.3796374751262537,
      "brl_oz": 371.79214297680005,
      "brl_g": 11.953394965054198,
      "chg_1h": 0.2763842899995006,
      "chg_24h": -5.310494332574257
    },
    "XPT": {
      "name": "Platina",
      "usd_oz": 1934,
      "usd_g": 62.179543863726515,
      "brl_oz": 9714.8688,
      "brl_g": 312.34028473627103,
      "chg_1h": 0.05173305742369374,
      "chg_24h": -2.862882973380211
    },
    "XPD": {
      "name": "Paládio",
      "usd_oz": 1384,
      "usd_g": 44.49663325098113,
      "brl_oz": 6952.1088,
      "brl_g": 223.5154881463284,
      "chg_1h": 0.2898550724637681,
      "chg_24h": -3.6211699164345403
    },
    "XCU": {
      "name": "Cobre",
      "usd_oz": 6.091366,
      "usd_g": 0.19584196452275715,
      "brl_oz": 30.5981496912,
      "brl_g": 0.9837533561907137,
      "chg_1h": 0,
      "chg_24h": -0.9356473306273764
    }
  }
}
