{
  "timestamp": 1773074335,
  "usdToBrl": 5.2302,
  "metals": {
    "XAU": {
      "name": "Ouro",
      "usd_oz": 5106.100098,
      "usd_g": 164.1649302048445,
      "brl_oz": 26705.9247325596,
      "brl_g": 858.6154179573776,
      "chg_1h": 0.15103162066551792,
      "chg_24h": -1.3123289911093952
    },
    "XAG": {
      "name": "Prata",
      "usd_oz": 84.740997,
      "usd_g": 2.724486318519864,
      "brl_oz": 443.21236250939995,
      "brl_g": 14.249608343122592,
      "chg_1h": 0.2413073479787241,
      "chg_24h": 0.17494945976736295
    },
    "XPT": {
      "name": "Platina",
      "usd_oz": 2175,
      "usd_g": 69.92787378676586,
      "brl_oz": 11375.685,
      "brl_g": 365.7367654795428,
      "chg_1h": 0.6944444444444444,
      "chg_24h": 0.9280742459396751
    },
    "XPD": {
      "name": "Paládio",
      "usd_oz": 1686,
      "usd_g": 54.206158714706774,
      "brl_oz": 8818.1172,
      "brl_g": 283.50905130965936,
      "chg_1h": 0.7770472205618649,
      "chg_24h": 2.1199273167777104
    },
    "XCU": {
      "name": "Cobre",
      "usd_oz": 5.837961,
      "usd_g": 0.18769480458853396,
      "brl_oz": 30.5337036222,
      "brl_g": 0.9816813669589504,
      "chg_1h": 0.2427442862284273,
      "chg_24h": 0.722852611703384
    }
  }
}
