{
  "timestamp": 1773087856,
  "usdToBrl": 5.2302,
  "metals": {
    "XAU": {
      "name": "Ouro",
      "usd_oz": 5138,
      "usd_g": 165.19053586961056,
      "brl_oz": 26872.7676,
      "brl_g": 863.9795407052371,
      "chg_1h": 0.2888781315718163,
      "chg_24h": -0.6957866254348666
    },
    "XAG": {
      "name": "Prata",
      "usd_oz": 86.711998,
      "usd_g": 2.7878554721573763,
      "brl_oz": 453.52109193959996,
      "brl_g": 14.581041690477509,
      "chg_1h": 0.7997721380132935,
      "chg_24h": 2.5049306087990537
    },
    "XPT": {
      "name": "Platina",
      "usd_oz": 2193,
      "usd_g": 70.50658722500117,
      "brl_oz": 11469.8286,
      "brl_g": 368.76355250420113,
      "chg_1h": 0.3661327231121282,
      "chg_24h": 1.7633410672853826
    },
    "XPD": {
      "name": "Paládio",
      "usd_oz": 1714,
      "usd_g": 55.10637961862836,
      "brl_oz": 8964.5628,
      "brl_g": 288.21738668135004,
      "chg_1h": 0.823529411764706,
      "chg_24h": 3.815869170199879
    },
    "XCU": {
      "name": "Cobre",
      "usd_oz": 5.844008,
      "usd_g": 0.18788922015303447,
      "brl_oz": 30.5653306416,
      "brl_g": 0.9826981992444008,
      "chg_1h": 0.2762913471837065,
      "chg_24h": 0.8271820324965238
    }
  }
}
