{
  "timestamp": 1781279395,
  "usdToBrl": 5.1073,
  "metals": {
    "XAU": {
      "name": "Ouro",
      "usd_oz": 4212,
      "usd_g": 135.41894454706105,
      "brl_oz": 21511.947600000003,
      "brl_g": 691.625175485205,
      "chg_1h": 0,
      "chg_24h": 3.010592114025292
    },
    "XAG": {
      "name": "Prata",
      "usd_oz": 67.653,
      "usd_g": 2.175094457607389,
      "brl_oz": 345.52416690000007,
      "brl_g": 11.108859923338219,
      "chg_1h": 0,
      "chg_24h": 5.227711068251111
    },
    "XPT": {
      "name": "Platina",
      "usd_oz": 1714,
      "usd_g": 55.10637961862836,
      "brl_oz": 8753.9122,
      "brl_g": 281.44481262622065,
      "chg_1h": 0,
      "chg_24h": 1.6607354685646498
    },
    "XPD": {
      "name": "Paládio",
      "usd_oz": 1297,
      "usd_g": 41.699518299510494,
      "brl_oz": 6624.168100000001,
      "brl_g": 212.97194981108996,
      "chg_1h": 0,
      "chg_24h": 1.249024199843872
    },
    "XCU": {
      "name": "Cobre",
      "usd_oz": 6.143757,
      "usd_g": 0.19752637428623412,
      "brl_oz": 31.3780101261,
      "brl_g": 1.0088264513920837,
      "chg_1h": 0,
      "chg_24h": 0.3481945675571443
    }
  }
}
