{
  "timestamp": 1774628986,
  "usdToBrl": 5.2366,
  "metals": {
    "XAU": {
      "name": "Ouro",
      "usd_oz": 4529.799805,
      "usd_g": 145.63644553717543,
      "brl_oz": 23720.749658863,
      "brl_g": 762.6398106999729,
      "chg_1h": -0.45927855284697994,
      "chg_24h": 3.3563694401870734
    },
    "XAG": {
      "name": "Prata",
      "usd_oz": 70.869003,
      "usd_g": 2.2784913550243364,
      "brl_oz": 371.11262110980005,
      "brl_g": 11.93154782972044,
      "chg_1h": -0.8797420783834162,
      "chg_24h": 4.727360860864809
    },
    "XPT": {
      "name": "Platina",
      "usd_oz": 1895,
      "usd_g": 60.92566474755002,
      "brl_oz": 9923.357,
      "brl_g": 319.04333601702047,
      "chg_1h": -0.7333682556312205,
      "chg_24h": 1.9365250134480902
    },
    "XPD": {
      "name": "Paládio",
      "usd_oz": 1430,
      "usd_g": 45.97556759313802,
      "brl_oz": 7488.338000000001,
      "brl_g": 240.75565725822653,
      "chg_1h": -0.2789400278940028,
      "chg_24h": 3.848946986201888
    },
    "XCU": {
      "name": "Cobre",
      "usd_oz": 5.486804,
      "usd_g": 0.1764048448757343,
      "brl_oz": 28.732197826400004,
      "brl_g": 0.9237616106762703,
      "chg_1h": -0.13897685660412626,
      "chg_24h": 0.7300111620256122
    }
  }
}
