{
  "timestamp": 1777374987,
  "usdToBrl": 4.9681,
  "metals": {
    "XAU": {
      "name": "Ouro",
      "usd_oz": 4599.899902,
      "usd_g": 147.8902159902587,
      "brl_oz": 22852.762703126198,
      "brl_g": 734.7333820612042,
      "chg_1h": 0,
      "chg_24h": -2.2524916000646376
    },
    "XAG": {
      "name": "Prata",
      "usd_oz": 73.000999,
      "usd_g": 2.3470366181056646,
      "brl_oz": 362.67626313189993,
      "brl_g": 11.660312622410752,
      "chg_1h": 0,
      "chg_24h": -3.668464487627893
    },
    "XPT": {
      "name": "Platina",
      "usd_oz": 1932,
      "usd_g": 62.11524237058926,
      "brl_oz": 9598.3692,
      "brl_g": 308.59473562132445,
      "chg_1h": 0,
      "chg_24h": -4.403760514596734
    },
    "XPD": {
      "name": "Paládio",
      "usd_oz": 1460,
      "usd_g": 46.94008999019685,
      "brl_oz": 7253.4259999999995,
      "brl_g": 233.20306108029698,
      "chg_1h": 0,
      "chg_24h": -2.925531914893617
    },
    "XCU": {
      "name": "Cobre",
      "usd_oz": 5.913862,
      "usd_g": 0.19013507840383942,
      "brl_oz": 29.3806578022,
      "brl_g": 0.9446100830181146,
      "chg_1h": 0,
      "chg_24h": -1.186111796638473
    }
  }
}
