{
  "timestamp": 1775513025,
  "usdToBrl": 5.1818,
  "metals": {
    "XAU": {
      "name": "Ouro",
      "usd_oz": 4665.799805,
      "usd_g": 150.00894707050884,
      "brl_oz": 24177.241429548998,
      "brl_g": 777.3163619299627,
      "chg_1h": 0.3052649991581405,
      "chg_24h": 0.6080668105074669
    },
    "XAG": {
      "name": "Prata",
      "usd_oz": 73.314003,
      "usd_g": 2.3570999303846314,
      "brl_oz": 379.8985007454,
      "brl_g": 12.214020419267083,
      "chg_1h": 0.41088421398636404,
      "chg_24h": 0.861213632995058
    },
    "XPT": {
      "name": "Platina",
      "usd_oz": 1982,
      "usd_g": 63.722779699020656,
      "brl_oz": 10270.3276,
      "brl_g": 330.1986998443852,
      "chg_1h": -0.45203415369161226,
      "chg_24h": 0.8651399491094147
    },
    "XPD": {
      "name": "Paládio",
      "usd_oz": 1509,
      "usd_g": 48.515476572059626,
      "brl_oz": 7819.3362,
      "brl_g": 251.39749650109857,
      "chg_1h": 0.26578073089701,
      "chg_24h": 0.199203187250996
    },
    "XCU": {
      "name": "Cobre",
      "usd_oz": 5.523714,
      "usd_g": 0.17759152893158234,
      "brl_oz": 28.6227812052,
      "brl_g": 0.9202437846176733,
      "chg_1h": 0,
      "chg_24h": 0
    }
  }
}
