{
  "timestamp": 1772744203,
  "usdToBrl": 5.2484,
  "metals": {
    "XAU": {
      "name": "Ouro",
      "usd_oz": 5076.899902,
      "usd_g": 163.22612210349425,
      "brl_oz": 26645.6014456568,
      "brl_g": 856.6759792479793,
      "chg_1h": 0.3201080161991252,
      "chg_24h": -1.2160952872275632
    },
    "XAG": {
      "name": "Prata",
      "usd_oz": 82.106003,
      "usd_g": 2.6397692942160087,
      "brl_oz": 430.9251461452,
      "brl_g": 13.8545651637633,
      "chg_1h": 1.4982644509456027,
      "chg_24h": -1.5208554043124374
    },
    "XPT": {
      "name": "Platina",
      "usd_oz": 2125,
      "usd_g": 68.32033645833447,
      "brl_oz": 11152.85,
      "brl_g": 358.5724538679226,
      "chg_1h": 0.5679129200189305,
      "chg_24h": -1.8475750577367205
    },
    "XPD": {
      "name": "Paládio",
      "usd_oz": 1654,
      "usd_g": 53.17733482451068,
      "brl_oz": 8680.8536,
      "brl_g": 279.09592409296187,
      "chg_1h": 0.547112462006079,
      "chg_24h": -2.4764150943396226
    },
    "XCU": {
      "name": "Cobre",
      "usd_oz": 5.867952,
      "usd_g": 0.1886590376288737,
      "brl_oz": 30.7973592768,
      "brl_g": 0.9901580930913808,
      "chg_1h": 0.9277760224395865,
      "chg_24h": -0.3692886329393225
    }
  }
}
