{
  "timestamp": 1775692641,
  "usdToBrl": 5.0818,
  "metals": {
    "XAU": {
      "name": "Ouro",
      "usd_oz": 4714.600098,
      "usd_g": 151.57791292322665,
      "brl_oz": 23958.6547780164,
      "brl_g": 770.2886378932533,
      "chg_1h": -0.0021230830351973195,
      "chg_24h": -2.745633839676846
    },
    "XAG": {
      "name": "Prata",
      "usd_oz": 73.821999,
      "usd_g": 2.3734323810385085,
      "brl_oz": 375.1486345182,
      "brl_g": 12.061308673961493,
      "chg_1h": -0.21087080797821106,
      "chg_24h": -3.897629298645343
    },
    "XPT": {
      "name": "Platina",
      "usd_oz": 2034,
      "usd_g": 65.39461852058932,
      "brl_oz": 10336.3812,
      "brl_g": 332.3223723979308,
      "chg_1h": -0.24521824423737126,
      "chg_24h": -0.34296913277804997
    },
    "XPD": {
      "name": "Paládio",
      "usd_oz": 1586,
      "usd_g": 50.99108405784398,
      "brl_oz": 8059.7348,
      "brl_g": 259.12649096515156,
      "chg_1h": 0.18951358180669614,
      "chg_24h": 2.7202072538860103
    },
    "XCU": {
      "name": "Cobre",
      "usd_oz": 5.658565,
      "usd_g": 0.1819270892571084,
      "brl_oz": 28.755695617000004,
      "brl_g": 0.9245170821867735,
      "chg_1h": 0,
      "chg_24h": 1.3239014939217195
    }
  }
}
