{
  "timestamp": 1782902270,
  "usdToBrl": 5.1784,
  "metals": {
    "XAU": {
      "name": "Ouro",
      "usd_oz": 3990.800049,
      "usd_g": 128.30720098146713,
      "brl_oz": 20665.9589737416,
      "brl_g": 664.4260095624294,
      "chg_1h": 0,
      "chg_24h": -1.016915509244293
    },
    "XAG": {
      "name": "Prata",
      "usd_oz": 58.18,
      "usd_g": 1.8705304353627759,
      "brl_oz": 301.279312,
      "brl_g": 9.686354806482598,
      "chg_1h": 0,
      "chg_24h": -1.540023692672201
    },
    "XPT": {
      "name": "Platina",
      "usd_oz": 1554,
      "usd_g": 49.962260167647884,
      "brl_oz": 8047.2336,
      "brl_g": 258.7245680521478,
      "chg_1h": 0,
      "chg_24h": -2.8142589118198873
    },
    "XPD": {
      "name": "Paládio",
      "usd_oz": 1208,
      "usd_g": 38.838101854902604,
      "brl_oz": 6255.5072,
      "brl_g": 201.11922664542763,
      "chg_1h": 0,
      "chg_24h": -4.5059288537549405
    },
    "XCU": {
      "name": "Cobre",
      "usd_oz": 5.994904,
      "usd_g": 0.19274063920725415,
      "brl_oz": 31.044010873599998,
      "brl_g": 0.9980881260708448,
      "chg_1h": 0,
      "chg_24h": -0.796881050328801
    }
  }
}
