{
  "timestamp": 1774219008,
  "usdToBrl": 5.2552,
  "metals": {
    "XAU": {
      "name": "Ouro",
      "usd_oz": 4512.899902,
      "usd_g": 145.09310103878806,
      "brl_oz": 23716.1915649904,
      "brl_g": 762.4932645790391,
      "chg_1h": 0.46079217535851075,
      "chg_24h": 0.46079217535851075
    },
    "XAG": {
      "name": "Prata",
      "usd_oz": 69.454002,
      "usd_g": 2.232998016478981,
      "brl_oz": 364.9946713104,
      "brl_g": 11.734851176200342,
      "chg_1h": 2.231443243460606,
      "chg_24h": 2.231443243460606
    },
    "XPT": {
      "name": "Platina",
      "usd_oz": 1943,
      "usd_g": 62.46890058284417,
      "brl_oz": 10210.8536,
      "brl_g": 328.2865663429627,
      "chg_1h": 0.4653567735263702,
      "chg_24h": 0.4653567735263702
    },
    "XPD": {
      "name": "Paládio",
      "usd_oz": 1449,
      "usd_g": 46.58643177794195,
      "brl_oz": 7614.7848,
      "brl_g": 244.82101627944053,
      "chg_1h": 1.1871508379888267,
      "chg_24h": 1.1871508379888267
    },
    "XCU": {
      "name": "Cobre",
      "usd_oz": 5.402739,
      "usd_g": 0.1737020923654426,
      "brl_oz": 28.392473992800003,
      "brl_g": 0.9128392357988739,
      "chg_1h": 0,
      "chg_24h": 0
    }
  }
}
