{
  "timestamp": 1771947528,
  "usdToBrl": 5.1769,
  "metals": {
    "XAU": {
      "name": "Ouro",
      "usd_oz": 5144.700195,
      "usd_g": 165.40595214101597,
      "brl_oz": 26633.5984394955,
      "brl_g": 856.2900736388256,
      "chg_1h": 0.3334912370929684,
      "chg_24h": -0.9930067920705608
    },
    "XAG": {
      "name": "Prata",
      "usd_oz": 87.873001,
      "usd_g": 2.825182585375793,
      "brl_oz": 454.9097388769,
      "brl_g": 14.625687726231943,
      "chg_1h": 0.9697939878637503,
      "chg_24h": 0.6851893283256545
    },
    "XPT": {
      "name": "Platina",
      "usd_oz": 2164,
      "usd_g": 69.57421557451096,
      "brl_oz": 11202.811599999999,
      "brl_g": 360.1787566076858,
      "chg_1h": 0.979934671021932,
      "chg_24h": 0.604370060437006
    },
    "XPD": {
      "name": "Paládio",
      "usd_oz": 1779,
      "usd_g": 57.19617814558918,
      "brl_oz": 9209.7051,
      "brl_g": 296.09889464190064,
      "chg_1h": 1.657142857142857,
      "chg_24h": -0.44767767207610526
    },
    "XCU": {
      "name": "Cobre",
      "usd_oz": 5.867218,
      "usd_g": 0.18863543898089233,
      "brl_oz": 30.3740008642,
      "brl_g": 0.9765468040601815,
      "chg_1h": 0.202703545083306,
      "chg_24h": 1.512035398995653
    }
  }
}
