{
  "timestamp": 1775842132,
  "usdToBrl": 5.0543,
  "metals": {
    "XAU": {
      "name": "Ouro",
      "usd_oz": 4769.200195,
      "usd_g": 153.33334680449616,
      "brl_oz": 24104.9685455885,
      "brl_g": 774.9927347539649,
      "chg_1h": 0.203807017543867,
      "chg_24h": -0.5898865033871736
    },
    "XAG": {
      "name": "Prata",
      "usd_oz": 76.389999,
      "usd_g": 2.455995498226745,
      "brl_oz": 386.0979719457,
      "brl_g": 12.413338046687436,
      "chg_1h": 0.33097664766607715,
      "chg_24h": -0.08502125210851497
    },
    "XPT": {
      "name": "Platina",
      "usd_oz": 2066,
      "usd_g": 66.42344241078541,
      "brl_oz": 10442.183799999999,
      "brl_g": 335.7240049768327,
      "chg_1h": 0.2912621359223301,
      "chg_24h": -2.316784869976359
    },
    "XPD": {
      "name": "Paládio",
      "usd_oz": 1550,
      "usd_g": 49.83365718137337,
      "brl_oz": 7834.164999999999,
      "brl_g": 251.87425349181538,
      "chg_1h": 0.38860103626943004,
      "chg_24h": -2.3314429741650917
    },
    "XCU": {
      "name": "Cobre",
      "usd_oz": 5.7514,
      "usd_g": 0.18491180381480699,
      "brl_oz": 29.069301019999997,
      "brl_g": 0.9345997300211789,
      "chg_1h": -0.05123082580337426,
      "chg_24h": 1.3751585914715445
    }
  }
}
