{
  "timestamp": 1780587988,
  "usdToBrl": 5.0645,
  "metals": {
    "XAU": {
      "name": "Ouro",
      "usd_oz": 4473.700195,
      "usd_g": 143.8328011934666,
      "brl_oz": 22657.0546375775,
      "brl_g": 728.4412216443116,
      "chg_1h": 0,
      "chg_24h": 0.573265565445172
    },
    "XAG": {
      "name": "Prata",
      "usd_oz": 73.908997,
      "usd_g": 2.3762294316884858,
      "brl_oz": 374.3121153065,
      "brl_g": 12.034413956786336,
      "chg_1h": 0,
      "chg_24h": 0.22782442173924822
    },
    "XPT": {
      "name": "Platina",
      "usd_oz": 1898,
      "usd_g": 61.022116987255906,
      "brl_oz": 9612.421,
      "brl_g": 309.0465114819575,
      "chg_1h": 0,
      "chg_24h": 0.9574468085106382
    },
    "XPD": {
      "name": "Paládio",
      "usd_oz": 1342,
      "usd_g": 43.14630189509875,
      "brl_oz": 6796.558999999999,
      "brl_g": 218.5144459477276,
      "chg_1h": 0,
      "chg_24h": -0.1488095238095238
    },
    "XCU": {
      "name": "Cobre",
      "usd_oz": 6.322775,
      "usd_g": 0.2032819366354568,
      "brl_oz": 32.0216939875,
      "brl_g": 1.0295213680902708,
      "chg_1h": 0,
      "chg_24h": 0.8622650677442657
    }
  }
}
