{
  "timestamp": 1773180945,
  "usdToBrl": 5.1779,
  "metals": {
    "XAU": {
      "name": "Ouro",
      "usd_oz": 5191.100098,
      "usd_g": 166.89774366317786,
      "brl_oz": 26878.9971974342,
      "brl_g": 864.1798269135687,
      "chg_1h": -0.02310550324625876,
      "chg_24h": 1.0334779680809631
    },
    "XAG": {
      "name": "Prata",
      "usd_oz": 88.778999,
      "usd_g": 2.854311097465477,
      "brl_oz": 459.6887789221,
      "brl_g": 14.779337431566494,
      "chg_1h": 0.3787696169327442,
      "chg_24h": 1.8762072618725534
    },
    "XPT": {
      "name": "Platina",
      "usd_oz": 2206,
      "usd_g": 70.92454693039333,
      "brl_oz": 11422.447400000001,
      "brl_g": 367.24021155088366,
      "chg_1h": 0.27272727272727276,
      "chg_24h": 0.9149130832570906
    },
    "XPD": {
      "name": "Paládio",
      "usd_oz": 1683,
      "usd_g": 54.10970647500089,
      "brl_oz": 8714.405700000001,
      "brl_g": 280.17464915690715,
      "chg_1h": 0,
      "chg_24h": -1.6939252336448596
    },
    "XCU": {
      "name": "Cobre",
      "usd_oz": 5.886419,
      "usd_g": 0.18925276546575656,
      "brl_oz": 30.479288940100002,
      "brl_g": 0.9799318943051409,
      "chg_1h": 0,
      "chg_24h": 0.7257176923782517
    }
  }
}
