{
  "timestamp": 1776438886,
  "usdToBrl": 4.9764,
  "metals": {
    "XAU": {
      "name": "Ouro",
      "usd_oz": 4870.200195,
      "usd_g": 156.5805722079276,
      "brl_oz": 24236.064250398,
      "brl_g": 779.2075595355309,
      "chg_1h": -0.010265464511925271,
      "chg_24h": 1.3632484305298054
    },
    "XAG": {
      "name": "Prata",
      "usd_oz": 82.786003,
      "usd_g": 2.6616318018826757,
      "brl_oz": 411.9762653292,
      "brl_g": 13.245344498888947,
      "chg_1h": 0.5087061751201103,
      "chg_24h": 4.816288399476123
    },
    "XPT": {
      "name": "Platina",
      "usd_oz": 2140,
      "usd_g": 68.80259765686388,
      "brl_oz": 10649.496,
      "brl_g": 342.38924697961744,
      "chg_1h": -0.09337068160597572,
      "chg_24h": 1.1820330969267139
    },
    "XPD": {
      "name": "Paládio",
      "usd_oz": 1613,
      "usd_g": 51.85915421519693,
      "brl_oz": 8026.9331999999995,
      "brl_g": 258.071895036506,
      "chg_1h": -0.8604794099569761,
      "chg_24h": 0.9386733416770965
    },
    "XCU": {
      "name": "Cobre",
      "usd_oz": 5.998986,
      "usd_g": 0.1928718785547473,
      "brl_oz": 29.8533539304,
      "brl_g": 0.9598076164398445,
      "chg_1h": 0.22735406184873383,
      "chg_24h": 0.9336086145917222
    }
  }
}
