{
  "timestamp": 1775071165,
  "usdToBrl": 5.1598,
  "metals": {
    "XAU": {
      "name": "Ouro",
      "usd_oz": 4762.600098,
      "usd_g": 153.12114875852077,
      "brl_oz": 24574.0639856604,
      "brl_g": 790.0745033642155,
      "chg_1h": -0.06295114861314156,
      "chg_24h": 1.7149754681289626
    },
    "XAG": {
      "name": "Prata",
      "usd_oz": 75.483002,
      "usd_g": 2.4268348675412392,
      "brl_oz": 389.4771937196,
      "brl_g": 12.521982549539285,
      "chg_1h": -0.395860564870502,
      "chg_24h": 0.164547032676286
    },
    "XPT": {
      "name": "Platina",
      "usd_oz": 1970,
      "usd_g": 63.336970740197124,
      "brl_oz": 10164.805999999999,
      "brl_g": 326.8061016252691,
      "chg_1h": -0.3540718259989884,
      "chg_24h": -0.25316455696202533
    },
    "XPD": {
      "name": "Paládio",
      "usd_oz": 1507,
      "usd_g": 48.45117507892237,
      "brl_oz": 7775.8186,
      "brl_g": 249.9983731722236,
      "chg_1h": -0.13253810470510272,
      "chg_24h": -0.3306878306878307
    },
    "XCU": {
      "name": "Cobre",
      "usd_oz": 5.54339,
      "usd_g": 0.17822412702106666,
      "brl_oz": 28.602783721999998,
      "brl_g": 0.9196008506032997,
      "chg_1h": -0.44583407788673324,
      "chg_24h": -0.20025157921136266
    }
  }
}
