{
  "timestamp": 1784199998,
  "usdToBrl": 5.081,
  "metals": {
    "XAU": {
      "name": "Ouro",
      "usd_oz": 4029.199951,
      "usd_g": 129.54178649892927,
      "brl_oz": 20472.364951031002,
      "brl_g": 658.2018172010597,
      "chg_1h": 0,
      "chg_24h": -0.20309979687516364
    },
    "XAG": {
      "name": "Prata",
      "usd_oz": 56.612999,
      "usd_g": 1.8201501833389895,
      "brl_oz": 287.65064791900005,
      "brl_g": 9.248183081545406,
      "chg_1h": 0,
      "chg_24h": -2.760223243555082
    },
    "XPT": {
      "name": "Platina",
      "usd_oz": 1663,
      "usd_g": 53.466691543628336,
      "brl_oz": 8449.703000000001,
      "brl_g": 271.6642597331756,
      "chg_1h": 0,
      "chg_24h": 2.2755227552275525
    },
    "XPD": {
      "name": "Paládio",
      "usd_oz": 1312,
      "usd_g": 42.18177949803991,
      "brl_oz": 6666.272000000001,
      "brl_g": 214.3256216295408,
      "chg_1h": 0,
      "chg_24h": -0.8314436885865457
    },
    "XCU": {
      "name": "Cobre",
      "usd_oz": 6.124858,
      "usd_g": 0.19691875732683364,
      "brl_oz": 31.120403498,
      "brl_g": 1.000544205977642,
      "chg_1h": 0,
      "chg_24h": -0.149119539354801
    }
  }
}
