{
  "timestamp": 1780952798,
  "usdToBrl": 5.1432,
  "metals": {
    "XAU": {
      "name": "Ouro",
      "usd_oz": 4331.299805,
      "usd_g": 139.2545223433028,
      "brl_oz": 22276.741157075998,
      "brl_g": 716.213859316075,
      "chg_1h": 0,
      "chg_24h": 0.030018591224010415
    },
    "XAG": {
      "name": "Prata",
      "usd_oz": 68.297997,
      "usd_g": 2.195831592691914,
      "brl_oz": 351.2702581704,
      "brl_g": 11.293601047533052,
      "chg_1h": 0,
      "chg_24h": 0.4899595668334857
    },
    "XPT": {
      "name": "Platina",
      "usd_oz": 1766,
      "usd_g": 56.778218440197016,
      "brl_oz": 9082.8912,
      "brl_g": 292.0217330816213,
      "chg_1h": 0,
      "chg_24h": -1.0644257703081232
    },
    "XPD": {
      "name": "Paládio",
      "usd_oz": 1236,
      "usd_g": 39.73832275882418,
      "brl_oz": 6356.9952,
      "brl_g": 204.38214161318453,
      "chg_1h": 0,
      "chg_24h": -0.8821170809943866
    },
    "XCU": {
      "name": "Cobre",
      "usd_oz": 6.211798,
      "usd_g": 0.19971394323351016,
      "brl_oz": 31.9485194736,
      "brl_g": 1.0271687528385895,
      "chg_1h": 0,
      "chg_24h": -1.495237380886951
    }
  }
}
