{
  "timestamp": 1773938335,
  "usdToBrl": 5.2987,
  "metals": {
    "XAU": {
      "name": "Ouro",
      "usd_oz": 4589.299805,
      "usd_g": 147.5494149580088,
      "brl_oz": 24317.3228767535,
      "brl_g": 781.8200850380014,
      "chg_1h": 0.17898991125689573,
      "chg_24h": -5.769665344041383
    },
    "XAG": {
      "name": "Prata",
      "usd_oz": 70.412003,
      "usd_g": 2.2637984638424733,
      "brl_oz": 373.0920802961,
      "brl_g": 11.995188920362114,
      "chg_1h": 1.1724840339605107,
      "chg_24h": -8.382118478263639
    },
    "XPT": {
      "name": "Platina",
      "usd_oz": 1960,
      "usd_g": 63.01546327451084,
      "brl_oz": 10385.452000000001,
      "brl_g": 333.90003525265064,
      "chg_1h": 0.7712082262210797,
      "chg_24h": -5.038759689922481
    },
    "XPD": {
      "name": "Paládio",
      "usd_oz": 1479,
      "usd_g": 47.55095417500078,
      "brl_oz": 7836.777300000001,
      "brl_g": 251.95824088707667,
      "chg_1h": 1.2320328542094456,
      "chg_24h": -4.085603112840467
    },
    "XCU": {
      "name": "Cobre",
      "usd_oz": 5.492777,
      "usd_g": 0.1765968812849887,
      "brl_oz": 29.104577489900002,
      "brl_g": 0.9357338948647698,
      "chg_1h": 0.27048390276672074,
      "chg_24h": -2.2796992021052818
    }
  }
}
