{
  "timestamp": 1776181744,
  "usdToBrl": 4.9815,
  "metals": {
    "XAU": {
      "name": "Ouro",
      "usd_oz": 4809.5,
      "usd_g": 154.62901562181628,
      "brl_oz": 23958.52425,
      "brl_g": 770.2844413200777,
      "chg_1h": 0.15618492294877134,
      "chg_24h": 2.038870030086403
    },
    "XAG": {
      "name": "Prata",
      "usd_oz": 79.282997,
      "usd_g": 2.549007543748292,
      "brl_oz": 394.94824955549996,
      "brl_g": 12.697881079182116,
      "chg_1h": 0.38999557809421564,
      "chg_24h": 6.836003326182498
    },
    "XPT": {
      "name": "Platina",
      "usd_oz": 2096,
      "usd_g": 67.38796480784426,
      "brl_oz": 10441.223999999998,
      "brl_g": 335.69314669027614,
      "chg_1h": -0.09532888465204957,
      "chg_24h": 2.24390243902439
    },
    "XPD": {
      "name": "Paládio",
      "usd_oz": 1599,
      "usd_g": 51.40904376323614,
      "brl_oz": 7965.4185,
      "brl_g": 256.0941515065608,
      "chg_1h": 0.3136762860727729,
      "chg_24h": 1.5238095238095237
    },
    "XCU": {
      "name": "Cobre",
      "usd_oz": 5.940321,
      "usd_g": 0.19098575500729872,
      "brl_oz": 29.591709061499998,
      "brl_g": 0.9513955385688585,
      "chg_1h": 0.14273783542210508,
      "chg_24h": 1.777079121406301
    }
  }
}
