{
  "timestamp": 1774864947,
  "usdToBrl": 5.2561,
  "metals": {
    "XAU": {
      "name": "Ouro",
      "usd_oz": 4532.700195,
      "usd_g": 145.72969524101563,
      "brl_oz": 23824.3254949395,
      "brl_g": 765.9698511563023,
      "chg_1h": -0.09036347593475755,
      "chg_24h": 0.8387140155728665
    },
    "XAG": {
      "name": "Prata",
      "usd_oz": 71.108002,
      "usd_g": 2.2861753513034917,
      "brl_oz": 373.7507693122,
      "brl_g": 12.016366263986283,
      "chg_1h": 0.0703692767931782,
      "chg_24h": 1.766037413543833
    },
    "XPT": {
      "name": "Platina",
      "usd_oz": 1937,
      "usd_g": 62.2759961034324,
      "brl_oz": 10181.0657,
      "brl_g": 327.328863119251,
      "chg_1h": -0.25746652935118436,
      "chg_24h": 3.4169781099839827
    },
    "XPD": {
      "name": "Paládio",
      "usd_oz": 1446,
      "usd_g": 46.489979538236064,
      "brl_oz": 7600.3206,
      "brl_g": 244.35598145092257,
      "chg_1h": -0.4132231404958678,
      "chg_24h": 3.0648610121168924
    },
    "XCU": {
      "name": "Cobre",
      "usd_oz": 5.491718,
      "usd_g": 0.1765628336443725,
      "brl_oz": 28.8650189798,
      "brl_g": 0.9280319099181863,
      "chg_1h": 0.02477069801277126,
      "chg_24h": 0.0895603342127661
    }
  }
}
