{
  "timestamp": 1771915391,
  "usdToBrl": 5.1815,
  "metals": {
    "XAU": {
      "name": "Ouro",
      "usd_oz": 5170.5,
      "usd_g": 166.235435133091,
      "brl_oz": 26790.94575,
      "brl_g": 861.3489071421109,
      "chg_1h": -0.11012315569839254,
      "chg_24h": 0.3298729019113224
    },
    "XAG": {
      "name": "Prata",
      "usd_oz": 88.396004,
      "usd_g": 2.8419975222834255,
      "brl_oz": 458.023894726,
      "brl_g": 14.725810161711568,
      "chg_1h": 0.37472122329341967,
      "chg_24h": 1.9420680399960464
    },
    "XPT": {
      "name": "Platina",
      "usd_oz": 2147,
      "usd_g": 69.02765288284428,
      "brl_oz": 11124.6805,
      "brl_g": 357.6667834124576,
      "chg_1h": 0.2334267040149393,
      "chg_24h": -1.0142923005993545
    },
    "XPD": {
      "name": "Paládio",
      "usd_oz": 1766,
      "usd_g": 56.778218440197016,
      "brl_oz": 9150.529,
      "brl_g": 294.19633884788084,
      "chg_1h": 0.2839295854628052,
      "chg_24h": 0.05665722379603399
    },
    "XCU": {
      "name": "Cobre",
      "usd_oz": 5.832593,
      "usd_g": 0.1875222193809536,
      "brl_oz": 30.2215806295,
      "brl_g": 0.971646379722411,
      "chg_1h": -0.018153294025761206,
      "chg_24h": 1.0371888879399769
    }
  }
}
