{
  "timestamp": 1775151137,
  "usdToBrl": 5.1818,
  "metals": {
    "XAU": {
      "name": "Ouro",
      "usd_oz": 4651.700195,
      "usd_g": 149.55563408268236,
      "brl_oz": 24104.180070451002,
      "brl_g": 774.9673846896435,
      "chg_1h": -0.3214262620956733,
      "chg_24h": -2.907530891254428
    },
    "XAG": {
      "name": "Prata",
      "usd_oz": 72.561996,
      "usd_g": 2.332922343909797,
      "brl_oz": 376.00175087279996,
      "brl_g": 12.088737001671786,
      "chg_1h": 0.29855831284992845,
      "chg_24h": -4.62909941643448
    },
    "XPT": {
      "name": "Platina",
      "usd_oz": 1994,
      "usd_g": 64.1085886578442,
      "brl_oz": 10332.5092,
      "brl_g": 332.19788470721704,
      "chg_1h": 0,
      "chg_24h": -0.1002004008016032
    },
    "XPD": {
      "name": "Paládio",
      "usd_oz": 1528,
      "usd_g": 49.126340756863556,
      "brl_oz": 7917.7904,
      "brl_g": 254.56287253391557,
      "chg_1h": 0.3282994090610637,
      "chg_24h": 0.5924950625411455
    },
    "XCU": {
      "name": "Cobre",
      "usd_oz": 5.524982,
      "usd_g": 0.17763229607823136,
      "brl_oz": 28.629351727599996,
      "brl_g": 0.9204550318181792,
      "chg_1h": 0.04106676536210162,
      "chg_24h": -0.9406633536813643
    }
  }
}
