{
  "timestamp": 1781588063,
  "usdToBrl": 5.0498,
  "metals": {
    "XAU": {
      "name": "Ouro",
      "usd_oz": 4325.100098,
      "usd_g": 139.05519713474604,
      "brl_oz": 21840.8904748804,
      "brl_g": 702.2009344910406,
      "chg_1h": 0,
      "chg_24h": -0.1223860179184029
    },
    "XAG": {
      "name": "Prata",
      "usd_oz": 69.679001,
      "usd_g": 2.2402319023061756,
      "brl_oz": 351.8650192498,
      "brl_g": 11.312723060265727,
      "chg_1h": 0,
      "chg_24h": -1.2177847056116025
    },
    "XPT": {
      "name": "Platina",
      "usd_oz": 1762,
      "usd_g": 56.6496154539225,
      "brl_oz": 8897.7476,
      "brl_g": 286.0692281192179,
      "chg_1h": 0,
      "chg_24h": -1.2331838565022422
    },
    "XPD": {
      "name": "Paládio",
      "usd_oz": 1356,
      "usd_g": 43.59641234705954,
      "brl_oz": 6847.5288,
      "brl_g": 220.15316307018128,
      "chg_1h": 0,
      "chg_24h": 0.4444444444444444
    },
    "XCU": {
      "name": "Cobre",
      "usd_oz": 6.185866,
      "usd_g": 0.1988802100734925,
      "brl_oz": 31.2373861268,
      "brl_g": 1.0043052848291225,
      "chg_1h": 0,
      "chg_24h": -0.12572548058472816
    }
  }
}
