{
  "timestamp": 1778875801,
  "usdToBrl": 5.0324,
  "metals": {
    "XAU": {
      "name": "Ouro",
      "usd_oz": 4539.600098,
      "usd_g": 145.95153227371674,
      "brl_oz": 22845.0835331752,
      "brl_g": 734.4864910142521,
      "chg_1h": -0.4539110998207664,
      "chg_24h": -2.3951817243603553
    },
    "XAG": {
      "name": "Prata",
      "usd_oz": 76.122002,
      "usd_g": 2.447379194598592,
      "brl_oz": 383.0763628648,
      "brl_g": 12.316191058897955,
      "chg_1h": -1.200559445555042,
      "chg_24h": -8.758344115854875
    },
    "XPT": {
      "name": "Platina",
      "usd_oz": 1977,
      "usd_g": 63.56202596617752,
      "brl_oz": 9949.0548,
      "brl_g": 319.8695394721918,
      "chg_1h": -0.9022556390977444,
      "chg_24h": -4.168686379059622
    },
    "XPD": {
      "name": "Paládio",
      "usd_oz": 1437,
      "usd_g": 46.20062281911841,
      "brl_oz": 7231.5588,
      "brl_g": 232.5000142749315,
      "chg_1h": -0.34674063800277394,
      "chg_24h": -1.7099863201094392
    },
    "XCU": {
      "name": "Cobre",
      "usd_oz": 6.230834,
      "usd_g": 0.20032596484519055,
      "brl_oz": 31.356049021599997,
      "brl_g": 1.008120385486937,
      "chg_1h": 0,
      "chg_24h": -2.1432164564598
    }
  }
}
