{
  "timestamp": 1780623046,
  "usdToBrl": 5.0645,
  "metals": {
    "XAU": {
      "name": "Ouro",
      "usd_oz": 4459.600098,
      "usd_g": 143.37947254822652,
      "brl_oz": 22585.644696321,
      "brl_g": 726.1453387204932,
      "chg_1h": 0,
      "chg_24h": 0.0448671921219973
    },
    "XAG": {
      "name": "Prata",
      "usd_oz": 72.946999,
      "usd_g": 2.3453004777909587,
      "brl_oz": 369.44007643550003,
      "brl_g": 11.87777426977231,
      "chg_1h": 0,
      "chg_24h": -0.5589146077698064
    },
    "XPT": {
      "name": "Platina",
      "usd_oz": 1878,
      "usd_g": 60.37910205588335,
      "brl_oz": 9511.131,
      "brl_g": 305.78996236202124,
      "chg_1h": 0,
      "chg_24h": 0.2669514148424987
    },
    "XPD": {
      "name": "Paládio",
      "usd_oz": 1321,
      "usd_g": 42.471136217157564,
      "brl_oz": 6690.2045,
      "brl_g": 215.09506937179447,
      "chg_1h": 0,
      "chg_24h": -0.45214770158251694
    },
    "XCU": {
      "name": "Cobre",
      "usd_oz": 6.272048,
      "usd_g": 0.20165102571427,
      "brl_oz": 31.764787096,
      "brl_g": 1.0212616197299202,
      "chg_1h": 0,
      "chg_24h": 0.08685723769089711
    }
  }
}
