{
  "timestamp": 1777454715,
  "usdToBrl": 5.0017,
  "metals": {
    "XAU": {
      "name": "Ouro",
      "usd_oz": 4574.700195,
      "usd_g": 147.08002659689802,
      "brl_oz": 22881.2779653315,
      "brl_g": 735.6501690297048,
      "chg_1h": 0,
      "chg_24h": -1.1110849724635496
    },
    "XAG": {
      "name": "Prata",
      "usd_oz": 72.960999,
      "usd_g": 2.3457505882429195,
      "brl_oz": 364.9290286983,
      "brl_g": 11.73274071721461,
      "chg_1h": 0,
      "chg_24h": -0.6792812507389161
    },
    "XPT": {
      "name": "Platina",
      "usd_oz": 1927,
      "usd_g": 61.95448863774612,
      "brl_oz": 9638.275899999999,
      "brl_g": 309.8777658194147,
      "chg_1h": 0,
      "chg_24h": -1.4826175869120655
    },
    "XPD": {
      "name": "Paládio",
      "usd_oz": 1470,
      "usd_g": 47.261597455883134,
      "brl_oz": 7352.499,
      "brl_g": 236.38833199509065,
      "chg_1h": 0,
      "chg_24h": 0.2044989775051125
    },
    "XCU": {
      "name": "Cobre",
      "usd_oz": 5.872585,
      "usd_g": 0.18880799203772616,
      "brl_oz": 29.372908394499998,
      "brl_g": 0.9443609337750949,
      "chg_1h": 0,
      "chg_24h": -1.4050396951247939
    }
  }
}
