{
  "timestamp": 1771422516,
  "usdToBrl": 5.2248,
  "metals": {
    "XAU": {
      "name": "Ouro",
      "usd_oz": 4954.200195,
      "usd_g": 159.28123491969234,
      "brl_oz": 25884.705178836004,
      "brl_g": 832.2125962084085,
      "chg_1h": 0.5602260473953423,
      "chg_24h": 0.6746635846372759
    },
    "XAG": {
      "name": "Prata",
      "usd_oz": 76.718002,
      "usd_g": 2.4665410395534946,
      "brl_oz": 400.8362168496,
      "brl_g": 12.887183623459098,
      "chg_1h": 1.1150358204598367,
      "chg_24h": 2.8818973031688717
    },
    "XPT": {
      "name": "Platina",
      "usd_oz": 2072,
      "usd_g": 66.61634689019718,
      "brl_oz": 10825.785600000001,
      "brl_g": 348.05708923190224,
      "chg_1h": 0.9746588693957114,
      "chg_24h": 2.5742574257425743
    },
    "XPD": {
      "name": "Paládio",
      "usd_oz": 1760,
      "usd_g": 56.58531396078525,
      "brl_oz": 9195.648000000001,
      "brl_g": 295.64694838231077,
      "chg_1h": 0.8018327605956471,
      "chg_24h": 4.761904761904762
    },
    "XCU": {
      "name": "Cobre",
      "usd_oz": 5.77098,
      "usd_g": 0.1855413154326207,
      "brl_oz": 30.152216304,
      "brl_g": 0.9694162648723567,
      "chg_1h": 0.6049216565439615,
      "chg_24h": 0.9174761135497771
    }
  }
}
