{
  "timestamp": 1777853460,
  "usdToBrl": 4.9814,
  "metals": {
    "XAU": {
      "name": "Ouro",
      "usd_oz": 4616.899902,
      "usd_g": 148.43677868192538,
      "brl_oz": 22998.6251718228,
      "brl_g": 739.4229693261431,
      "chg_1h": 0.004325751977918116,
      "chg_24h": 0.03249989235710652
    },
    "XAG": {
      "name": "Prata",
      "usd_oz": 75.885002,
      "usd_g": 2.4397594676618275,
      "brl_oz": 378.0135489628,
      "brl_g": 12.153417812210627,
      "chg_1h": 0.014499037687485538,
      "chg_24h": 0.5472254610981634
    },
    "XPT": {
      "name": "Platina",
      "usd_oz": 2011,
      "usd_g": 64.65515134951087,
      "brl_oz": 10017.5954,
      "brl_g": 322.0731709324535,
      "chg_1h": -0.049701789264413515,
      "chg_24h": 0.8020050125313283
    },
    "XPD": {
      "name": "Paládio",
      "usd_oz": 1556,
      "usd_g": 50.02656166078514,
      "brl_oz": 7751.0584,
      "brl_g": 249.20231425703508,
      "chg_1h": 0.1287001287001287,
      "chg_24h": 0.3870967741935484
    },
    "XCU": {
      "name": "Cobre",
      "usd_oz": 5.875257,
      "usd_g": 0.18889389883255753,
      "brl_oz": 29.2670052198,
      "brl_g": 0.940956067644502,
      "chg_1h": 0,
      "chg_24h": -0.03986320947325034
    }
  }
}
