{
  "timestamp": 1770891195,
  "usdToBrl": 5.1893,
  "metals": {
    "XAU": {
      "name": "Ouro",
      "usd_oz": 5066.299805,
      "usd_g": 162.88532107124436,
      "brl_oz": 26290.5495780865,
      "brl_g": 845.2607966350084,
      "chg_1h": -0.18913093609702272,
      "chg_24h": 0.13241574176283374
    },
    "XAG": {
      "name": "Prata",
      "usd_oz": 83.637001,
      "usd_g": 2.688992022911085,
      "brl_oz": 434.0174892893,
      "brl_g": 13.953986304492494,
      "chg_1h": -0.3146565557662367,
      "chg_24h": -0.2611643676839728
    },
    "XPT": {
      "name": "Platina",
      "usd_oz": 2113,
      "usd_g": 67.93452749951092,
      "brl_oz": 10964.9909,
      "brl_g": 352.53264355321204,
      "chg_1h": -0.8911819887429643,
      "chg_24h": -3.028912345112437
    },
    "XPD": {
      "name": "Paládio",
      "usd_oz": 1732,
      "usd_g": 55.685093056863664,
      "brl_oz": 8987.8676,
      "brl_g": 288.96665339998265,
      "chg_1h": -0.45977011494252873,
      "chg_24h": -2.422535211267606
    },
    "XCU": {
      "name": "Cobre",
      "usd_oz": 6.026882,
      "usd_g": 0.19376875578102573,
      "brl_oz": 31.2752987626,
      "brl_g": 1.005524204374477,
      "chg_1h": -0.07270445828380809,
      "chg_24h": 1.426187485442945
    }
  }
}
