{
  "timestamp": 1774534258,
  "usdToBrl": 5.233,
  "metals": {
    "XAU": {
      "name": "Ouro",
      "usd_oz": 4447.899902,
      "usd_g": 143.00330251182723,
      "brl_oz": 23275.860187166,
      "brl_g": 748.3362820443919,
      "chg_1h": 0.0877565706570682,
      "chg_24h": -2.496819410513337
    },
    "XAG": {
      "name": "Prata",
      "usd_oz": 69.119003,
      "usd_g": 2.2222275485292373,
      "brl_oz": 361.699742699,
      "brl_g": 11.628916761453498,
      "chg_1h": 1.838783815214636,
      "chg_24h": -5.043272358246014
    },
    "XPT": {
      "name": "Platina",
      "usd_oz": 1878,
      "usd_g": 60.37910205588335,
      "brl_oz": 9827.573999999999,
      "brl_g": 315.96384105843754,
      "chg_1h": 1.4586709886547813,
      "chg_24h": -4.524656837824097
    },
    "XPD": {
      "name": "Paládio",
      "usd_oz": 1396,
      "usd_g": 44.882442209804665,
      "brl_oz": 7305.267999999999,
      "brl_g": 234.8698200839078,
      "chg_1h": 1.6751638747268753,
      "chg_24h": -4.514363885088919
    },
    "XCU": {
      "name": "Cobre",
      "usd_oz": 5.469946,
      "usd_g": 0.17586284759008036,
      "brl_oz": 28.624227418,
      "brl_g": 0.9202902814388905,
      "chg_1h": 0.28413507654670117,
      "chg_24h": 0.12315086090285698
    }
  }
}
