{
  "timestamp": 1771501540,
  "usdToBrl": 5.2229,
  "metals": {
    "XAU": {
      "name": "Ouro",
      "usd_oz": 4983.700195,
      "usd_g": 160.22968194346686,
      "brl_oz": 26029.3677484655,
      "brl_g": 836.863605822533,
      "chg_1h": -0.17225748324222093,
      "chg_24h": 1.3977659206510753
    },
    "XAG": {
      "name": "Prata",
      "usd_oz": 78.250999,
      "usd_g": 2.5158280375909614,
      "brl_oz": 408.6971426771,
      "brl_g": 13.139918257533832,
      "chg_1h": -0.33877887180557753,
      "chg_24h": 3.056761490846814
    },
    "XPT": {
      "name": "Platina",
      "usd_oz": 2079,
      "usd_g": 66.84140211617758,
      "brl_oz": 10858.4091,
      "brl_g": 349.1059591125839,
      "chg_1h": -0.47869794159885115,
      "chg_24h": 1.6129032258064515
    },
    "XPD": {
      "name": "Paládio",
      "usd_oz": 1726,
      "usd_g": 55.4921885774519,
      "brl_oz": 9014.7254,
      "brl_g": 289.83015172117354,
      "chg_1h": -0.5760368663594471,
      "chg_24h": -0.5760368663594471
    },
    "XCU": {
      "name": "Cobre",
      "usd_oz": 5.715944,
      "usd_g": 0.1837718669444697,
      "brl_oz": 29.853803917600004,
      "brl_g": 0.9598220838642708,
      "chg_1h": -0.14660215612779776,
      "chg_24h": -0.46469997196406115
    }
  }
}
