{
  "timestamp": 1775626125,
  "usdToBrl": 5.1489,
  "metals": {
    "XAU": {
      "name": "Ouro",
      "usd_oz": 4815.899902,
      "usd_g": 154.83477724908232,
      "brl_oz": 24796.5870054078,
      "brl_g": 797.2287845778,
      "chg_1h": 0.2435307964929584,
      "chg_24h": 3.5989287198952393
    },
    "XAG": {
      "name": "Prata",
      "usd_oz": 77.016998,
      "usd_g": 2.476153984174528,
      "brl_oz": 396.5528210022,
      "brl_g": 12.74946924911623,
      "chg_1h": 0.8102240578199382,
      "chg_24h": 5.839105261628876
    },
    "XPT": {
      "name": "Platina",
      "usd_oz": 2042,
      "usd_g": 65.65182449313834,
      "brl_oz": 10514.0538,
      "brl_g": 338.03467913272,
      "chg_1h": 0.7897334649555774,
      "chg_24h": 3.654822335025381
    },
    "XPD": {
      "name": "Paládio",
      "usd_oz": 1563,
      "usd_g": 50.25161688676553,
      "brl_oz": 8047.7307,
      "brl_g": 258.74055018826704,
      "chg_1h": 0.7736943907156674,
      "chg_24h": 3.8538205980066444
    },
    "XCU": {
      "name": "Cobre",
      "usd_oz": 5.589694,
      "usd_g": 0.17971283519018041,
      "brl_oz": 28.7807754366,
      "brl_g": 0.92532341711072,
      "chg_1h": -0.543429137139446,
      "chg_24h": 1.3376577935463025
    }
  }
}
