{
  "timestamp": 1777929587,
  "usdToBrl": 4.9661,
  "metals": {
    "XAU": {
      "name": "Ouro",
      "usd_oz": 4523.5,
      "usd_g": 145.43390210318867,
      "brl_oz": 22464.15335,
      "brl_g": 722.2393012346453,
      "chg_1h": 0.16163599231233042,
      "chg_24h": -1.9911579484190947
    },
    "XAG": {
      "name": "Prata",
      "usd_oz": 72.850998,
      "usd_g": 2.342213973969624,
      "brl_oz": 361.7853411678,
      "brl_g": 11.631668816130551,
      "chg_1h": -0.026080690568920158,
      "chg_24h": -3.4728137587449517
    },
    "XPT": {
      "name": "Platina",
      "usd_oz": 1952,
      "usd_g": 62.75825730196182,
      "brl_oz": 9693.8272,
      "brl_g": 311.6637815872726,
      "chg_1h": 0.05125576627370579,
      "chg_24h": -2.155388471177945
    },
    "XPD": {
      "name": "Paládio",
      "usd_oz": 1502,
      "usd_g": 48.29042134607923,
      "brl_oz": 7459.0822,
      "brl_g": 239.81506144676405,
      "chg_1h": 0.20013342228152103,
      "chg_24h": -3.096774193548387
    },
    "XCU": {
      "name": "Cobre",
      "usd_oz": 5.875257,
      "usd_g": 0.18889389883255753,
      "brl_oz": 29.1771137877,
      "brl_g": 0.9380659909923639,
      "chg_1h": 0,
      "chg_24h": 0
    }
  }
}
