{
  "timestamp": 1774458032,
  "usdToBrl": 5.233,
  "metals": {
    "XAU": {
      "name": "Ouro",
      "usd_oz": 4556.700195,
      "usd_g": 146.50131315866273,
      "brl_oz": 23845.212120435,
      "brl_g": 766.641371759282,
      "chg_1h": -0.13150107926387655,
      "chg_24h": 3.137097257319779
    },
    "XAG": {
      "name": "Prata",
      "usd_oz": 72.785004,
      "usd_g": 2.340092217600574,
      "brl_oz": 380.88392593199995,
      "brl_g": 12.245702574703802,
      "chg_1h": 0.05086462788166312,
      "chg_24h": 4.294437316030332
    },
    "XPT": {
      "name": "Platina",
      "usd_oz": 1951,
      "usd_g": 62.726106555393194,
      "brl_oz": 10209.582999999999,
      "brl_g": 328.24571560437255,
      "chg_1h": -0.712468193384224,
      "chg_24h": 1.9331243469174502
    },
    "XPD": {
      "name": "Paládio",
      "usd_oz": 1449,
      "usd_g": 46.58643177794195,
      "brl_oz": 7582.616999999999,
      "brl_g": 243.7867974939702,
      "chg_1h": -0.13783597518952445,
      "chg_24h": 0.625
    },
    "XCU": {
      "name": "Cobre",
      "usd_oz": 5.489526,
      "usd_g": 0.17649235920789408,
      "brl_oz": 28.726689557999997,
      "brl_g": 0.9235845157349096,
      "chg_1h": 0.1876353402704202,
      "chg_24h": 0.31496868769746456
    }
  }
}
