{
  "timestamp": 1774424556,
  "usdToBrl": 5.2669,
  "metals": {
    "XAU": {
      "name": "Ouro",
      "usd_oz": 4553.100098,
      "usd_g": 146.38556735239322,
      "brl_oz": 23980.7229061562,
      "brl_g": 770.9981446883198,
      "chg_1h": 0.11654631310228131,
      "chg_24h": 3.22617890838508
    },
    "XAG": {
      "name": "Prata",
      "usd_oz": 73.285004,
      "usd_g": 2.356167590884888,
      "brl_oz": 385.9847875676,
      "brl_g": 12.409699084431615,
      "chg_1h": 0.1243325955679401,
      "chg_24h": 5.459710126190891
    },
    "XPT": {
      "name": "Platina",
      "usd_oz": 1967,
      "usd_g": 63.24051850049124,
      "brl_oz": 10359.9923,
      "brl_g": 333.0814868902373,
      "chg_1h": 0.20376974019358124,
      "chg_24h": 4.294803817603393
    },
    "XPD": {
      "name": "Paládio",
      "usd_oz": 1480,
      "usd_g": 47.583104921569415,
      "brl_oz": 7795.012,
      "brl_g": 250.61545531141394,
      "chg_1h": 0.47522063815342835,
      "chg_24h": 1.9986216402481045
    },
    "XCU": {
      "name": "Cobre",
      "usd_oz": 5.424738,
      "usd_g": 0.1744093766392058,
      "brl_oz": 28.571552572199995,
      "brl_g": 0.918596745821033,
      "chg_1h": -0.043190797559365966,
      "chg_24h": -0.49505413605634274
    }
  }
}
