{
  "timestamp": 1784250647,
  "usdToBrl": 5.0857,
  "metals": {
    "XAU": {
      "name": "Ouro",
      "usd_oz": 3991.399902,
      "usd_g": 128.32648670324858,
      "brl_oz": 20299.062481601402,
      "brl_g": 652.6300134267113,
      "chg_1h": 0.25116793706094787,
      "chg_24h": -1.3324140693426183
    },
    "XAG": {
      "name": "Prata",
      "usd_oz": 55.801998,
      "usd_g": 1.7940758957210854,
      "brl_oz": 283.7922212286,
      "brl_g": 9.124131782868725,
      "chg_1h": 0.31279213032257513,
      "chg_24h": -3.128258454274012
    },
    "XPT": {
      "name": "Platina",
      "usd_oz": 1626,
      "usd_g": 52.277113920589095,
      "brl_oz": 8269.3482,
      "brl_g": 265.86571826593996,
      "chg_1h": 0.2466091245376079,
      "chg_24h": -2.751196172248804
    },
    "XPD": {
      "name": "Paládio",
      "usd_oz": 1280,
      "usd_g": 41.152955607843815,
      "brl_oz": 6509.696,
      "brl_g": 209.29158633481129,
      "chg_1h": 0.5498821681068342,
      "chg_24h": -3.831705484598046
    },
    "XCU": {
      "name": "Cobre",
      "usd_oz": 6.113367,
      "usd_g": 0.19654931309801354,
      "brl_oz": 31.0907505519,
      "brl_g": 0.9995908416225675,
      "chg_1h": -0.6718747029718145,
      "chg_24h": -0.19993097834763102
    }
  }
}
