{
  "timestamp": 1773861519,
  "usdToBrl": 5.2243,
  "metals": {
    "XAU": {
      "name": "Ouro",
      "usd_oz": 4862.299805,
      "usd_g": 156.32656877124424,
      "brl_oz": 25402.1128712615,
      "brl_g": 816.6968932316114,
      "chg_1h": -0.42596491127674274,
      "chg_24h": -2.8181401374167705
    },
    "XAG": {
      "name": "Prata",
      "usd_oz": 76.489998,
      "usd_g": 2.4592105407328613,
      "brl_oz": 399.60669655140003,
      "brl_g": 12.847653627950688,
      "chg_1h": -0.6558932142648232,
      "chg_24h": -3.5130923112433354
    },
    "XPT": {
      "name": "Platina",
      "usd_oz": 2052,
      "usd_g": 65.97333195882462,
      "brl_oz": 10720.2636,
      "brl_g": 344.66447815248745,
      "chg_1h": -0.8695652173913043,
      "chg_24h": -3.75234521575985
    },
    "XPD": {
      "name": "Paládio",
      "usd_oz": 1528,
      "usd_g": 49.126340756863556,
      "brl_oz": 7982.7304,
      "brl_g": 256.6507420160823,
      "chg_1h": -1.1642949547218628,
      "chg_24h": -6.257668711656442
    },
    "XCU": {
      "name": "Cobre",
      "usd_oz": 5.751642,
      "usd_g": 0.18491958429547659,
      "brl_oz": 30.048303300600004,
      "brl_g": 0.9660753842348584,
      "chg_1h": 2.627971324473931,
      "chg_24h": -0.4687362913194209
    }
  }
}
