{
  "timestamp": 1776507035,
  "usdToBrl": 4.9764,
  "metals": {
    "XAU": {
      "name": "Ouro",
      "usd_oz": 4831.399902,
      "usd_g": 155.33311382089607,
      "brl_oz": 24042.9784723128,
      "brl_g": 772.9997076183072,
      "chg_1h": 0,
      "chg_24h": 0.7465135388359528
    },
    "XAG": {
      "name": "Prata",
      "usd_oz": 80.950996,
      "usd_g": 2.6026349568740175,
      "brl_oz": 402.8445364944,
      "brl_g": 12.951752599387861,
      "chg_1h": 0,
      "chg_24h": 1.4029574801398306
    },
    "XPT": {
      "name": "Platina",
      "usd_oz": 2110,
      "usd_g": 67.83807525980504,
      "brl_oz": 10500.204,
      "brl_g": 337.5893977228938,
      "chg_1h": 0,
      "chg_24h": 0.5240590757503573
    },
    "XPD": {
      "name": "Paládio",
      "usd_oz": 1582,
      "usd_g": 50.86248107156947,
      "brl_oz": 7872.6648,
      "brl_g": 253.1120508045583,
      "chg_1h": 0,
      "chg_24h": 0.18999366687777072
    },
    "XCU": {
      "name": "Cobre",
      "usd_oz": 6.005185,
      "usd_g": 0.19307118103272622,
      "brl_oz": 29.884202634,
      "brl_g": 0.9607994252912587,
      "chg_1h": 0,
      "chg_24h": 0.5111937232065519
    }
  }
}
