{
  "timestamp": 1775681935,
  "usdToBrl": 5.0818,
  "metals": {
    "XAU": {
      "name": "Ouro",
      "usd_oz": 4720.700195,
      "usd_g": 151.7740355959177,
      "brl_oz": 23989.654250951004,
      "brl_g": 771.2852940913345,
      "chg_1h": -0.2219310020129047,
      "chg_24h": 0.2867946856039761
    },
    "XAG": {
      "name": "Prata",
      "usd_oz": 74.235001,
      "usd_g": 2.3867107036728448,
      "brl_oz": 377.2474280818,
      "brl_g": 12.128786453924663,
      "chg_1h": -0.530605265798602,
      "chg_24h": 1.5290617036692564
    },
    "XPT": {
      "name": "Platina",
      "usd_oz": 2041,
      "usd_g": 65.61967374656972,
      "brl_oz": 10371.953800000001,
      "brl_g": 333.466058045318,
      "chg_1h": -0.5845104724792985,
      "chg_24h": 3.5514967021816335
    },
    "XPD": {
      "name": "Paládio",
      "usd_oz": 1585,
      "usd_g": 50.95893331127535,
      "brl_oz": 8054.653,
      "brl_g": 258.9631073012391,
      "chg_1h": -0.8755472170106317,
      "chg_24h": 5.949197860962567
    },
    "XCU": {
      "name": "Cobre",
      "usd_oz": 5.658565,
      "usd_g": 0.1819270892571084,
      "brl_oz": 28.755695617000004,
      "brl_g": 0.9245170821867735,
      "chg_1h": 0,
      "chg_24h": 2.2876856694040804
    }
  }
}
