{
  "timestamp": 1777507663,
  "usdToBrl": 4.9854,
  "metals": {
    "XAU": {
      "name": "Ouro",
      "usd_oz": 4562.399902,
      "usd_g": 146.68456299393515,
      "brl_oz": 22745.3884714308,
      "brl_g": 731.2812203499643,
      "chg_1h": 0.22406103780766964,
      "chg_24h": -0.6727168770121145
    },
    "XAG": {
      "name": "Prata",
      "usd_oz": 72.054001,
      "usd_g": 2.3165899254066673,
      "brl_oz": 359.2180165854,
      "brl_g": 11.549127414122399,
      "chg_1h": 0.47411107206866926,
      "chg_24h": -1.7092474348868176
    },
    "XPT": {
      "name": "Platina",
      "usd_oz": 1902,
      "usd_g": 61.15071997353042,
      "brl_oz": 9482.230800000001,
      "brl_g": 304.86079935603857,
      "chg_1h": 0.6881948120698782,
      "chg_24h": -2.311248073959938
    },
    "XPD": {
      "name": "Paládio",
      "usd_oz": 1496,
      "usd_g": 48.09751686666746,
      "brl_oz": 7458.1584,
      "brl_g": 239.78536058708397,
      "chg_1h": 0.9446693657219973,
      "chg_24h": 0.7407407407407408
    },
    "XCU": {
      "name": "Cobre",
      "usd_oz": 5.862606,
      "usd_g": 0.18848715973771782,
      "brl_oz": 29.227435952400004,
      "brl_g": 0.9396838861564185,
      "chg_1h": -0.04964608411395821,
      "chg_24h": 0.08828096257151301
    }
  }
}
