{
  "timestamp": 1784059137,
  "usdToBrl": 5.1233,
  "metals": {
    "XAU": {
      "name": "Ouro",
      "usd_oz": 4057.399902,
      "usd_g": 130.448435976778,
      "brl_oz": 20787.276917916603,
      "brl_g": 668.3264720398267,
      "chg_1h": 0.3189492397082485,
      "chg_24h": 1.500975670960028
    },
    "XAG": {
      "name": "Prata",
      "usd_oz": 58.966,
      "usd_g": 1.8958009221657175,
      "brl_oz": 302.1005078,
      "brl_g": 9.712756864531622,
      "chg_1h": 0.5885297278630448,
      "chg_24h": 2.3502048184406013
    },
    "XPT": {
      "name": "Platina",
      "usd_oz": 1638,
      "usd_g": 52.66292287941263,
      "brl_oz": 8391.965400000001,
      "brl_g": 269.8079527880948,
      "chg_1h": 0.49079754601227,
      "chg_24h": 1.9925280199252802
    },
    "XPD": {
      "name": "Paládio",
      "usd_oz": 1329,
      "usd_g": 42.72834218970659,
      "brl_oz": 6808.8657,
      "brl_g": 218.91011554052378,
      "chg_1h": 0.529500756429652,
      "chg_24h": 4.563335955940205
    },
    "XCU": {
      "name": "Cobre",
      "usd_oz": 6.17167,
      "usd_g": 0.19842379807520424,
      "brl_oz": 31.619316911000002,
      "brl_g": 1.016584644678694,
      "chg_1h": 0,
      "chg_24h": 0.7844526280395949
    }
  }
}
