{
  "timestamp": 1776336701,
  "usdToBrl": 4.9981,
  "metals": {
    "XAU": {
      "name": "Ouro",
      "usd_oz": 4810,
      "usd_g": 154.6450909951006,
      "brl_oz": 24040.861,
      "brl_g": 772.9316293026122,
      "chg_1h": -0.08101335880249283,
      "chg_24h": 0.16659725114535612
    },
    "XAG": {
      "name": "Prata",
      "usd_oz": 79.690002,
      "usd_g": 2.5620930583554573,
      "brl_oz": 398.29859899620004,
      "brl_g": 12.80559731496641,
      "chg_1h": -0.04264337016009368,
      "chg_24h": 0.9692733239427346
    },
    "XPT": {
      "name": "Platina",
      "usd_oz": 2151,
      "usd_g": 69.1562558691188,
      "brl_oz": 10750.9131,
      "brl_g": 345.64988245944267,
      "chg_1h": 0.5140186915887851,
      "chg_24h": 1.702127659574468
    },
    "XPD": {
      "name": "Paládio",
      "usd_oz": 1605,
      "usd_g": 51.60194824264791,
      "brl_oz": 8021.9505,
      "brl_g": 257.9116975115785,
      "chg_1h": 0.37523452157598497,
      "chg_24h": -0.5576208178438662
    },
    "XCU": {
      "name": "Cobre",
      "usd_oz": 5.941455,
      "usd_g": 0.1910222139539076,
      "brl_oz": 29.6959862355,
      "brl_g": 0.9547481275630255,
      "chg_1h": -0.03561831168191886,
      "chg_24h": 0.36010997044662635
    }
  }
}
