{
  "timestamp": 1774894120,
  "usdToBrl": 5.2402,
  "metals": {
    "XAU": {
      "name": "Ouro",
      "usd_oz": 4514.600098,
      "usd_g": 145.14776360950106,
      "brl_oz": 23657.4074335396,
      "brl_g": 760.6033108665074,
      "chg_1h": -0.3047390755817621,
      "chg_24h": 0.4360422246941021
    },
    "XAG": {
      "name": "Prata",
      "usd_oz": 70.392998,
      "usd_g": 2.2631874389039366,
      "brl_oz": 368.8733881196,
      "brl_g": 11.859554817344408,
      "chg_1h": -0.13477613401963126,
      "chg_24h": 0.7427612453450301
    },
    "XPT": {
      "name": "Platina",
      "usd_oz": 1902,
      "usd_g": 61.15071997353042,
      "brl_oz": 9966.8604,
      "brl_g": 320.4420028052941,
      "chg_1h": -0.3666841278156103,
      "chg_24h": 1.5483182060864922
    },
    "XPD": {
      "name": "Paládio",
      "usd_oz": 1441,
      "usd_g": 46.32922580539292,
      "brl_oz": 7551.128199999999,
      "brl_g": 242.77440906541997,
      "chg_1h": -0.27681660899653976,
      "chg_24h": 2.70848182466144
    },
    "XCU": {
      "name": "Cobre",
      "usd_oz": 5.50384,
      "usd_g": 0.17695256499427744,
      "brl_oz": 28.841222368,
      "brl_g": 0.9272668310830127,
      "chg_1h": 0.24555775780014094,
      "chg_24h": 1.0500588710816163
    }
  }
}
