{
  "timestamp": 1781134886,
  "usdToBrl": 5.1907,
  "metals": {
    "XAU": {
      "name": "Ouro",
      "usd_oz": 4064.300049,
      "usd_g": 130.67028085426128,
      "brl_oz": 21096.5622643443,
      "brl_g": 678.270226830214,
      "chg_1h": -0.19644917868869932,
      "chg_24h": -3.7488761740657726
    },
    "XAG": {
      "name": "Prata",
      "usd_oz": 62.866001,
      "usd_g": 2.0211888659341133,
      "brl_oz": 326.31855139069995,
      "brl_g": 10.4913850464042,
      "chg_1h": -1.0591919756497303,
      "chg_24h": -3.099708727279449
    },
    "XPT": {
      "name": "Platina",
      "usd_oz": 1661,
      "usd_g": 53.40239005049108,
      "brl_oz": 8621.7527,
      "brl_g": 277.19578603508404,
      "chg_1h": -0.6578947368421052,
      "chg_24h": -3.542392566782811
    },
    "XPD": {
      "name": "Paládio",
      "usd_oz": 1244,
      "usd_g": 39.995528731373206,
      "brl_oz": 6457.230799999999,
      "brl_g": 207.60479098593888,
      "chg_1h": 0.3225806451612903,
      "chg_24h": -0.16051364365971107
    },
    "XCU": {
      "name": "Cobre",
      "usd_oz": 6.17529,
      "usd_g": 0.1985401837777827,
      "brl_oz": 32.054077803,
      "brl_g": 1.0305625319353366,
      "chg_1h": 0,
      "chg_24h": -2.061139526584983
    }
  }
}
