{
  "timestamp": 1774332919,
  "usdToBrl": 5.2552,
  "metals": {
    "XAU": {
      "name": "Ouro",
      "usd_oz": 4367.799805,
      "usd_g": 140.4280245930577,
      "brl_oz": 22953.661535236,
      "brl_g": 737.9773548414369,
      "chg_1h": 0.7752205363923966,
      "chg_24h": 3.0968159364849206
    },
    "XAG": {
      "name": "Prata",
      "usd_oz": 68.32,
      "usd_g": 2.1965390055686633,
      "brl_oz": 359.035264,
      "brl_g": 11.54325178206444,
      "chg_1h": 2.9566863691887444,
      "chg_24h": 9.284025038134626
    },
    "XPT": {
      "name": "Platina",
      "usd_oz": 1874,
      "usd_g": 60.250499069608836,
      "brl_oz": 9848.2448,
      "brl_g": 316.6284227106084,
      "chg_1h": 1.737242128121607,
      "chg_24h": 5.577464788732395
    },
    "XPD": {
      "name": "Paládio",
      "usd_oz": 1444,
      "usd_g": 46.425678045098806,
      "brl_oz": 7588.5088000000005,
      "brl_g": 243.97622326260327,
      "chg_1h": 1.8335684062059237,
      "chg_24h": 4.8656499636891795
    },
    "XCU": {
      "name": "Cobre",
      "usd_oz": 5.438119,
      "usd_g": 0.17483958577904063,
      "brl_oz": 28.578402968800003,
      "brl_g": 0.9188169911860143,
      "chg_1h": 0.24387595764632375,
      "chg_24h": 0.13224237364565716
    }
  }
}
