{
  "timestamp": 1775331379,
  "usdToBrl": 5.1818,
  "metals": {
    "XAU": {
      "name": "Ouro",
      "usd_oz": 4678,
      "usd_g": 150.40119244804168,
      "brl_oz": 24240.4604,
      "brl_g": 779.3488990272624,
      "chg_1h": 0,
      "chg_24h": 0
    },
    "XAG": {
      "name": "Prata",
      "usd_oz": 73.151001,
      "usd_g": 2.351859294392452,
      "brl_oz": 379.0538569818,
      "brl_g": 12.186864491682806,
      "chg_1h": 0,
      "chg_24h": 0
    },
    "XPT": {
      "name": "Platina",
      "usd_oz": 1990,
      "usd_g": 63.979985671569686,
      "brl_oz": 10311.782,
      "brl_g": 331.5314897529398,
      "chg_1h": 0,
      "chg_24h": 0
    },
    "XPD": {
      "name": "Paládio",
      "usd_oz": 1530,
      "usd_g": 49.19064225000081,
      "brl_oz": 7928.1539999999995,
      "brl_g": 254.8960700110542,
      "chg_1h": 0,
      "chg_24h": 0
    },
    "XCU": {
      "name": "Cobre",
      "usd_oz": 5.510333,
      "usd_g": 0.17716131979174754,
      "brl_oz": 28.5534435394,
      "brl_g": 0.9180145268968773,
      "chg_1h": 0,
      "chg_24h": 0
    }
  }
}
