{
  "timestamp": 1773745650,
  "usdToBrl": 5.2703,
  "metals": {
    "XAU": {
      "name": "Ouro",
      "usd_oz": 5002.600098,
      "usd_g": 160.8373279349915,
      "brl_oz": 26365.2032964894,
      "brl_g": 847.6609694157856,
      "chg_1h": -0.043951947844190785,
      "chg_24h": -0.063919995298329
    },
    "XAG": {
      "name": "Prata",
      "usd_oz": 80.514999,
      "usd_g": 2.5886173278223352,
      "brl_oz": 424.3381992297,
      "brl_g": 13.642789902822052,
      "chg_1h": -0.24037096234620683,
      "chg_24h": 1.7528574399165233
    },
    "XPT": {
      "name": "Platina",
      "usd_oz": 2144,
      "usd_g": 68.9312006431384,
      "brl_oz": 11299.5232,
      "brl_g": 363.2881067495323,
      "chg_1h": -0.186219739292365,
      "chg_24h": 3.027390677558866
    },
    "XPD": {
      "name": "Paládio",
      "usd_oz": 1636,
      "usd_g": 52.598621386275376,
      "brl_oz": 8622.210799999999,
      "brl_g": 277.2105142920871,
      "chg_1h": -0.24390243902439024,
      "chg_24h": 3.741280913126189
    },
    "XCU": {
      "name": "Cobre",
      "usd_oz": 5.767956,
      "usd_g": 0.18544409157499717,
      "brl_oz": 30.398858506799996,
      "brl_g": 0.9773459958277075,
      "chg_1h": -0.0537163389161339,
      "chg_24h": -0.5733794914482597
    }
  }
}
