{
  "timestamp": 1775734812,
  "usdToBrl": 5.0818,
  "metals": {
    "XAU": {
      "name": "Ouro",
      "usd_oz": 4746.899902,
      "usd_g": 152.61637573584701,
      "brl_oz": 24122.7959219836,
      "brl_g": 775.5658982144274,
      "chg_1h": 0.09910393502482157,
      "chg_24h": -0.756835425943448
    },
    "XAG": {
      "name": "Prata",
      "usd_oz": 74.425003,
      "usd_g": 2.392819409822377,
      "brl_oz": 378.21298024540005,
      "brl_g": 12.159829676835358,
      "chg_1h": 0.2735078548139495,
      "chg_24h": -3.58206882803294
    },
    "XPT": {
      "name": "Platina",
      "usd_oz": 2050,
      "usd_g": 65.90903046568737,
      "brl_oz": 10417.69,
      "brl_g": 334.9365110205301,
      "chg_1h": 0.3917727717923604,
      "chg_24h": -1.2999518536350505
    },
    "XPD": {
      "name": "Paládio",
      "usd_oz": 1597,
      "usd_g": 51.344742270098884,
      "brl_oz": 8115.6346,
      "brl_g": 260.9237112681885,
      "chg_1h": 0.44025157232704404,
      "chg_24h": -0.24984384759525297
    },
    "XCU": {
      "name": "Cobre",
      "usd_oz": 5.642311,
      "usd_g": 0.18140451102238192,
      "brl_oz": 28.673096039800004,
      "brl_g": 0.9218614441135405,
      "chg_1h": -0.15250589770282635,
      "chg_24h": 0.7845651283905363
    }
  }
}
