{
  "timestamp": 1779474016,
  "usdToBrl": 5.0164,
  "metals": {
    "XAU": {
      "name": "Ouro",
      "usd_oz": 4516,
      "usd_g": 145.19277150392395,
      "brl_oz": 22654.0624,
      "brl_g": 728.3450189722842,
      "chg_1h": -0.23857483134268298,
      "chg_24h": -0.817012066389063
    },
    "XAG": {
      "name": "Prata",
      "usd_oz": 76.119003,
      "usd_g": 2.4472827745096333,
      "brl_oz": 381.84336664920005,
      "brl_g": 12.276549310050124,
      "chg_1h": -0.29471732435509057,
      "chg_24h": -1.1403028393235213
    },
    "XPT": {
      "name": "Platina",
      "usd_oz": 1935,
      "usd_g": 62.21169461029514,
      "brl_oz": 9706.734,
      "brl_g": 312.07874484308456,
      "chg_1h": -0.15479876160990713,
      "chg_24h": -2.12443095599393
    },
    "XPD": {
      "name": "Paládio",
      "usd_oz": 1379,
      "usd_g": 44.335879518137986,
      "brl_oz": 6917.6156,
      "brl_g": 222.4065060147874,
      "chg_1h": -0.07246376811594203,
      "chg_24h": -2.887323943661972
    },
    "XCU": {
      "name": "Cobre",
      "usd_oz": 6.128645,
      "usd_g": 0.19704051220408902,
      "brl_oz": 30.743734777999997,
      "brl_g": 0.9884340254205922,
      "chg_1h": 0.089005821307336,
      "chg_24h": 0.20778500497961216
    }
  }
}
