{
  "timestamp": 1774604131,
  "usdToBrl": 5.2366,
  "metals": {
    "XAU": {
      "name": "Ouro",
      "usd_oz": 4434.200195,
      "usd_g": 142.56284670400578,
      "brl_oz": 23220.132741137004,
      "brl_g": 746.5446030501967,
      "chg_1h": -0.045083628152178104,
      "chg_24h": 0.2033806292011157
    },
    "XAG": {
      "name": "Prata",
      "usd_oz": 69.112999,
      "usd_g": 2.2220345154468393,
      "brl_oz": 361.9171305634,
      "brl_g": 11.635905943588918,
      "chg_1h": -0.121392547673929,
      "chg_24h": 1.521800247287615
    },
    "XPT": {
      "name": "Platina",
      "usd_oz": 1881,
      "usd_g": 60.475554295589234,
      "brl_oz": 9850.044600000001,
      "brl_g": 316.6862876242826,
      "chg_1h": 0.5344735435595939,
      "chg_24h": -0.6863780359028511
    },
    "XPD": {
      "name": "Paládio",
      "usd_oz": 1410,
      "usd_g": 45.332552661765455,
      "brl_oz": 7383.606,
      "brl_g": 237.38844526860098,
      "chg_1h": 0.4273504273504274,
      "chg_24h": -0.35335689045936397
    },
    "XCU": {
      "name": "Cobre",
      "usd_oz": 5.490584,
      "usd_g": 0.1765263746977637,
      "brl_oz": 28.7519921744,
      "brl_g": 0.9243980137423093,
      "chg_1h": -0.056428436728429975,
      "chg_24h": 0.3842350986403381
    }
  }
}
