{
  "timestamp": 1773761731,
  "usdToBrl": 5.2089,
  "metals": {
    "XAU": {
      "name": "Ouro",
      "usd_oz": 4995,
      "usd_g": 160.59297911029677,
      "brl_oz": 26018.4555,
      "brl_g": 836.5127688876248,
      "chg_1h": -0.3968155374759085,
      "chg_24h": 0.10220842301777877
    },
    "XAG": {
      "name": "Prata",
      "usd_oz": 79.584999,
      "usd_g": 2.558717133513511,
      "brl_oz": 414.55030129109997,
      "brl_g": 13.328101676758527,
      "chg_1h": -1.7881359104130123,
      "chg_24h": -1.23970142956419
    },
    "XPT": {
      "name": "Platina",
      "usd_oz": 2139,
      "usd_g": 68.77044691029525,
      "brl_oz": 11141.837099999999,
      "brl_g": 358.2183809110369,
      "chg_1h": -0.8804448563484708,
      "chg_24h": 1.7118402282453637
    },
    "XPD": {
      "name": "Paládio",
      "usd_oz": 1637,
      "usd_g": 52.63077213284401,
      "brl_oz": 8526.9693,
      "brl_g": 274.14842896277116,
      "chg_1h": -1.0876132930513596,
      "chg_24h": 0.987045033929673
    },
    "XCU": {
      "name": "Cobre",
      "usd_oz": 5.758431,
      "usd_g": 0.185137855713931,
      "brl_oz": 29.9950912359,
      "brl_g": 0.9643645766282951,
      "chg_1h": -0.1873730010585484,
      "chg_24h": -1.4847521512456878
    }
  }
}
