{
  "timestamp": 1777539661,
  "usdToBrl": 4.9854,
  "metals": {
    "XAU": {
      "name": "Ouro",
      "usd_oz": 4617.5,
      "usd_g": 148.45607228063972,
      "brl_oz": 23020.0845,
      "brl_g": 740.1129027479013,
      "chg_1h": 0,
      "chg_24h": 0.935576172768184
    },
    "XAG": {
      "name": "Prata",
      "usd_oz": 73.450996,
      "usd_g": 2.3615043576093075,
      "brl_oz": 366.18259545840004,
      "brl_g": 11.773043824425443,
      "chg_1h": 0,
      "chg_24h": 0.6715875696822661
    },
    "XPT": {
      "name": "Platina",
      "usd_oz": 1941,
      "usd_g": 62.40459908970691,
      "brl_oz": 9676.6614,
      "brl_g": 311.1118883018249,
      "chg_1h": 0,
      "chg_24h": 0.7265179034769071
    },
    "XPD": {
      "name": "Paládio",
      "usd_oz": 1499,
      "usd_g": 48.193969106373345,
      "brl_oz": 7473.114600000001,
      "brl_g": 240.26621358291368,
      "chg_1h": 0,
      "chg_24h": 1.9727891156462583
    },
    "XCU": {
      "name": "Cobre",
      "usd_oz": 5.881203,
      "usd_g": 0.1890850671716546,
      "brl_oz": 29.3201494362,
      "brl_g": 0.9426646938775669,
      "chg_1h": 0,
      "chg_24h": 0.14674968518974585
    }
  }
}
