{
  "timestamp": 1771615594,
  "usdToBrl": 5.2144,
  "metals": {
    "XAU": {
      "name": "Ouro",
      "usd_oz": 5074.299805,
      "usd_g": 163.14252704379336,
      "brl_oz": 26459.428903192,
      "brl_g": 850.6903930171562,
      "chg_1h": 0.041394462349278426,
      "chg_24h": 1.6832656009131302
    },
    "XAG": {
      "name": "Prata",
      "usd_oz": 83.060997,
      "usd_g": 2.670473064284569,
      "brl_oz": 433.11326275680005,
      "brl_g": 13.924914746405458,
      "chg_1h": 0.28977916578861834,
      "chg_24h": 6.2663854696880685
    },
    "XPT": {
      "name": "Platina",
      "usd_oz": 2171,
      "usd_g": 69.79927080049134,
      "brl_oz": 11320.4624,
      "brl_g": 363.9613176620821,
      "chg_1h": 0.04608294930875576,
      "chg_24h": 4.777992277992278
    },
    "XPD": {
      "name": "Paládio",
      "usd_oz": 1780,
      "usd_g": 57.228328892157805,
      "brl_oz": 9281.632000000001,
      "brl_g": 298.41139817526766,
      "chg_1h": -0.11223344556677892,
      "chg_24h": 4.952830188679245
    },
    "XCU": {
      "name": "Cobre",
      "usd_oz": 5.742502,
      "usd_g": 0.1846257264718393,
      "brl_oz": 29.9437024288,
      "brl_g": 0.9627123881147589,
      "chg_1h": -0.8985140736141253,
      "chg_24h": 0.1450773370853387
    }
  }
}
