{
  "timestamp": 1776256827,
  "usdToBrl": 4.9815,
  "metals": {
    "XAU": {
      "name": "Ouro",
      "usd_oz": 4813.899902,
      "usd_g": 154.77047575594509,
      "brl_oz": 23980.442361813,
      "brl_g": 770.9891249782404,
      "chg_1h": 0.1518704250648526,
      "chg_24h": 0.7808860535680586
    },
    "XAG": {
      "name": "Prata",
      "usd_oz": 78.774002,
      "usd_g": 2.5326429744985934,
      "brl_oz": 392.41269096299993,
      "brl_g": 12.616360977464742,
      "chg_1h": -0.06977127529789964,
      "chg_24h": 1.279269485070124
    },
    "XPT": {
      "name": "Platina",
      "usd_oz": 2106,
      "usd_g": 67.70947227353052,
      "brl_oz": 10491.038999999999,
      "brl_g": 337.2947361305923,
      "chg_1h": -0.23685457129322599,
      "chg_24h": 1.493975903614458
    },
    "XPD": {
      "name": "Paládio",
      "usd_oz": 1612,
      "usd_g": 51.827003468628305,
      "brl_oz": 8030.177999999999,
      "brl_g": 258.1762177789719,
      "chg_1h": -0.18575851393188852,
      "chg_24h": 1.1927181418706843
    },
    "XCU": {
      "name": "Cobre",
      "usd_oz": 5.928528,
      "usd_g": 0.1906066012530149,
      "brl_oz": 29.532962232,
      "brl_g": 0.9495067841418936,
      "chg_1h": 0.38144260074501063,
      "chg_24h": 0.24670532562228592
    }
  }
}
