{
  "timestamp": 1773169402,
  "usdToBrl": 5.1779,
  "metals": {
    "XAU": {
      "name": "Ouro",
      "usd_oz": 5192.799805,
      "usd_g": 166.95239051217578,
      "brl_oz": 26887.7981103095,
      "brl_g": 864.462782832995,
      "chg_1h": -0.6903956410829847,
      "chg_24h": 1.358518257161319
    },
    "XAG": {
      "name": "Prata",
      "usd_oz": 88.177002,
      "usd_g": 2.8349564444834026,
      "brl_oz": 456.57169865580005,
      "brl_g": 14.67912097389061,
      "chg_1h": -1.1402089826669966,
      "chg_24h": 2.5027898609041763
    },
    "XPT": {
      "name": "Platina",
      "usd_oz": 2202,
      "usd_g": 70.79594394411882,
      "brl_oz": 11401.7358,
      "brl_g": 366.5743181482528,
      "chg_1h": -1.476510067114094,
      "chg_24h": 0.7780320366132724
    },
    "XPD": {
      "name": "Paládio",
      "usd_oz": 1688,
      "usd_g": 54.27046020784403,
      "brl_oz": 8740.2952,
      "brl_g": 281.0070159101956,
      "chg_1h": -1.1130638547158758,
      "chg_24h": -0.7058823529411765
    },
    "XCU": {
      "name": "Cobre",
      "usd_oz": 5.873492,
      "usd_g": 0.1888371527648639,
      "brl_oz": 30.412354226799998,
      "brl_g": 0.9777798933011889,
      "chg_1h": -0.28492727419348357,
      "chg_24h": 0.78220204649835
    }
  }
}
