{
  "timestamp": 1771491706,
  "usdToBrl": 5.2229,
  "metals": {
    "XAU": {
      "name": "Ouro",
      "usd_oz": 5017,
      "usd_g": 161.3002955348066,
      "brl_oz": 26203.2893,
      "brl_g": 842.4553135487414,
      "chg_1h": 0.1337284246606147,
      "chg_24h": 1.9528968260651258
    },
    "XAG": {
      "name": "Prata",
      "usd_oz": 79.246002,
      "usd_g": 2.5478181268789863,
      "brl_oz": 413.89394384580004,
      "brl_g": 13.306999294876258,
      "chg_1h": 0.49202362494551316,
      "chg_24h": 4.181949538369824
    },
    "XPT": {
      "name": "Platina",
      "usd_oz": 2109,
      "usd_g": 67.8059245132364,
      "brl_oz": 11015.0961,
      "brl_g": 354.14356314018244,
      "chg_1h": -0.047393364928909956,
      "chg_24h": 2.978515625
    },
    "XPD": {
      "name": "Paládio",
      "usd_oz": 1750,
      "usd_g": 56.26380649509897,
      "brl_oz": 9140.075,
      "brl_g": 293.8602349432524,
      "chg_1h": -0.1141552511415525,
      "chg_24h": 1.214574898785425
    },
    "XCU": {
      "name": "Cobre",
      "usd_oz": 5.754575,
      "usd_g": 0.18501388243516237,
      "brl_oz": 30.0555697675,
      "brl_g": 0.9663090065706096,
      "chg_1h": 0.048628441501048204,
      "chg_24h": 0.41023795930389295
    }
  }
}
