{
  "timestamp": 1777461247,
  "usdToBrl": 5.0017,
  "metals": {
    "XAU": {
      "name": "Ouro",
      "usd_oz": 4570.5,
      "usd_g": 146.94498719191418,
      "brl_oz": 22860.269849999997,
      "brl_g": 734.9747424377971,
      "chg_1h": -0.09181355763140558,
      "chg_24h": -0.6391422123602574
    },
    "XAG": {
      "name": "Prata",
      "usd_oz": 72.830002,
      "usd_g": 2.341538936894669,
      "brl_oz": 364.2738210033999,
      "brl_g": 11.711675300666064,
      "chg_1h": -0.1795438683617912,
      "chg_24h": -0.23423926020519234
    },
    "XPT": {
      "name": "Platina",
      "usd_oz": 1926,
      "usd_g": 61.92233789117749,
      "brl_oz": 9633.2742,
      "brl_g": 309.71695743030244,
      "chg_1h": -0.05189413596263622,
      "chg_24h": -0.3105590062111801
    },
    "XPD": {
      "name": "Paládio",
      "usd_oz": 1468,
      "usd_g": 47.197295962745876,
      "brl_oz": 7342.495599999999,
      "brl_g": 236.06671521686604,
      "chg_1h": -0.13605442176870747,
      "chg_24h": 0.547945205479452
    },
    "XCU": {
      "name": "Cobre",
      "usd_oz": 5.854819,
      "usd_g": 0.1882368018741879,
      "brl_oz": 29.2840481923,
      "brl_g": 0.9415040119341256,
      "chg_1h": -0.30252435682071777,
      "chg_24h": -0.998383120877693
    }
  }
}
