{
  "timestamp": 1776352125,
  "usdToBrl": 4.9882,
  "metals": {
    "XAU": {
      "name": "Ouro",
      "usd_oz": 4804.700195,
      "usd_g": 154.47469830768244,
      "brl_oz": 23966.805512699,
      "brl_g": 770.5506900983816,
      "chg_1h": -0.27397221338119365,
      "chg_24h": 0.03122917927846228
    },
    "XAG": {
      "name": "Prata",
      "usd_oz": 78.982002,
      "usd_g": 2.5393303297848684,
      "brl_oz": 393.97802237639996,
      "brl_g": 12.666687551032881,
      "chg_1h": -0.6390690813704709,
      "chg_24h": -0.5652679684254298
    },
    "XPT": {
      "name": "Platina",
      "usd_oz": 2115,
      "usd_g": 67.99882899264819,
      "brl_oz": 10550.043,
      "brl_g": 339.1917587811277,
      "chg_1h": -1.1220196353436185,
      "chg_24h": 0.2844950213371266
    },
    "XPD": {
      "name": "Paládio",
      "usd_oz": 1598,
      "usd_g": 51.376893016667516,
      "brl_oz": 7971.1436,
      "brl_g": 256.2782177457409,
      "chg_1h": 0.12531328320802004,
      "chg_24h": 0.6931316950220542
    },
    "XCU": {
      "name": "Cobre",
      "usd_oz": 5.943497,
      "usd_g": 0.1910878657784007,
      "brl_oz": 29.647351735399997,
      "brl_g": 0.9531844920758183,
      "chg_1h": -0.12067532472770505,
      "chg_24h": 0.20521552941374194
    }
  }
}
