{
  "timestamp": 1774879264,
  "usdToBrl": 5.2561,
  "metals": {
    "XAU": {
      "name": "Ouro",
      "usd_oz": 4523.5,
      "usd_g": 145.43390210318867,
      "brl_oz": 23775.96835,
      "brl_g": 764.4151328445699,
      "chg_1h": -0.7569109258446687,
      "chg_24h": 0.6340378197997775
    },
    "XAG": {
      "name": "Prata",
      "usd_oz": 70.362999,
      "usd_g": 2.262222948657624,
      "brl_oz": 369.8349590439,
      "brl_g": 11.890470040439338,
      "chg_1h": -1.2213482172209968,
      "chg_24h": 0.6998282522851312
    },
    "XPT": {
      "name": "Platina",
      "usd_oz": 1895,
      "usd_g": 60.92566474755002,
      "brl_oz": 9960.3095,
      "brl_g": 320.2313864795977,
      "chg_1h": -2.0671834625323,
      "chg_24h": 1.174586225306994
    },
    "XPD": {
      "name": "Paládio",
      "usd_oz": 1430,
      "usd_g": 45.97556759313802,
      "brl_oz": 7516.223,
      "brl_g": 241.65218082629272,
      "chg_1h": -2.3890784982935154,
      "chg_24h": 1.924447612259444
    },
    "XCU": {
      "name": "Cobre",
      "usd_oz": 5.488014,
      "usd_g": 0.17644374727908232,
      "brl_oz": 28.8455503854,
      "brl_g": 0.9274059800735847,
      "chg_1h": -0.42522385216232095,
      "chg_24h": 0.022052910947784707
    }
  }
}
