{
  "timestamp": 1773648365,
  "usdToBrl": 5.2433,
  "metals": {
    "XAU": {
      "name": "Ouro",
      "usd_oz": 4998,
      "usd_g": 160.68943135000265,
      "brl_oz": 26206.0134,
      "brl_g": 842.5428953974688,
      "chg_1h": -0.17377104002929714,
      "chg_24h": -0.43230061870259456
    },
    "XAG": {
      "name": "Prata",
      "usd_oz": 79.377998,
      "usd_g": 2.552061896823059,
      "brl_oz": 416.2026569134,
      "brl_g": 13.381226143612345,
      "chg_1h": -0.5562388884798539,
      "chg_24h": -1.6320738583555217
    },
    "XPT": {
      "name": "Platina",
      "usd_oz": 2062,
      "usd_g": 66.2948394245109,
      "brl_oz": 10811.684599999999,
      "brl_g": 347.60373155453794,
      "chg_1h": 0.2918287937743191,
      "chg_24h": 1.2272950417280315
    },
    "XPD": {
      "name": "Paládio",
      "usd_oz": 1581,
      "usd_g": 50.83033032500084,
      "brl_oz": 8289.657299999999,
      "brl_g": 266.51867099307685,
      "chg_1h": -0.4408060453400504,
      "chg_24h": 0.31725888324873097
    },
    "XCU": {
      "name": "Cobre",
      "usd_oz": 5.786251,
      "usd_g": 0.18603228948347023,
      "brl_oz": 30.3390498683,
      "brl_g": 0.9754231034486793,
      "chg_1h": -0.3190822449043214,
      "chg_24h": -1.4668138413197478
    }
  }
}
