{
  "timestamp": 1770981487,
  "usdToBrl": 5.1761,
  "metals": {
    "XAU": {
      "name": "Ouro",
      "usd_oz": 4950.899902,
      "usd_g": 159.1751280358471,
      "brl_oz": 25626.3529827422,
      "brl_g": 823.9063802263482,
      "chg_1h": -0.5264148898779045,
      "chg_24h": -2.223760205391525
    },
    "XAG": {
      "name": "Prata",
      "usd_oz": 77.109001,
      "usd_g": 2.479111949311082,
      "brl_oz": 399.1239000761,
      "brl_g": 12.83213136082909,
      "chg_1h": -2.0502254741308037,
      "chg_24h": -7.616277012809627
    },
    "XPT": {
      "name": "Platina",
      "usd_oz": 2016,
      "usd_g": 64.815905082354,
      "brl_oz": 10435.0176,
      "brl_g": 335.49360629677255,
      "chg_1h": -1.9931939718035974,
      "chg_24h": -4.725897920604915
    },
    "XPD": {
      "name": "Paládio",
      "usd_oz": 1659,
      "usd_g": 53.33808855735382,
      "brl_oz": 8587.1499,
      "brl_g": 276.0832801817191,
      "chg_1h": -1.543026706231454,
      "chg_24h": -4.048582995951417
    },
    "XCU": {
      "name": "Cobre",
      "usd_oz": 5.916205,
      "usd_g": 0.1902104076030497,
      "brl_oz": 30.6228687005,
      "brl_g": 0.9845480907941455,
      "chg_1h": -0.2866911109744038,
      "chg_24h": -1.713099913910572
    }
  }
}
