{
  "timestamp": 1776119114,
  "usdToBrl": 5.0274,
  "metals": {
    "XAU": {
      "name": "Ouro",
      "usd_oz": 4747.600098,
      "usd_g": 152.63888755999136,
      "brl_oz": 23868.084732685198,
      "brl_g": 767.3767433191006,
      "chg_1h": 0.12020911697430803,
      "chg_24h": 2.1274743229596362
    },
    "XAG": {
      "name": "Prata",
      "usd_oz": 75.793999,
      "usd_g": 2.4368336532718424,
      "brl_oz": 381.0467505726,
      "brl_g": 12.250937508458861,
      "chg_1h": 0.12814246440601193,
      "chg_24h": 3.759174943564852
    },
    "XPT": {
      "name": "Platina",
      "usd_oz": 2077,
      "usd_g": 66.77710062304031,
      "brl_oz": 10441.9098,
      "brl_g": 335.71519567227284,
      "chg_1h": -0.28804608737397985,
      "chg_24h": 3.85
    },
    "XPD": {
      "name": "Paládio",
      "usd_oz": 1599,
      "usd_g": 51.40904376323614,
      "brl_oz": 8038.8126,
      "brl_g": 258.4538266152934,
      "chg_1h": -0.2495321272613849,
      "chg_24h": 5.197368421052632
    },
    "XCU": {
      "name": "Cobre",
      "usd_oz": 5.749056,
      "usd_g": 0.18483644246485012,
      "brl_oz": 28.902804134400004,
      "brl_g": 0.9292467308477875,
      "chg_1h": 0,
      "chg_24h": -0.13788445845174296
    }
  }
}
