{
  "timestamp": 1771242744,
  "usdToBrl": 5.2197,
  "metals": {
    "XAU": {
      "name": "Ouro",
      "usd_oz": 5003.899902,
      "usd_g": 160.87911760398438,
      "brl_oz": 26118.8563184694,
      "brl_g": 839.7407301575172,
      "chg_1h": -0.02397946048030822,
      "chg_24h": -0.7792729116516905
    },
    "XAG": {
      "name": "Prata",
      "usd_oz": 77.148003,
      "usd_g": 2.4803658927287513,
      "brl_oz": 402.6894312591,
      "brl_g": 12.946765850276263,
      "chg_1h": -0.10746979422240367,
      "chg_24h": -0.544020884362499
    },
    "XPT": {
      "name": "Platina",
      "usd_oz": 2044,
      "usd_g": 65.7161259862756,
      "brl_oz": 10669.066799999999,
      "brl_g": 343.0184628105627,
      "chg_1h": 0.3436426116838488,
      "chg_24h": -1.3989387361312107
    },
    "XPD": {
      "name": "Paládio",
      "usd_oz": 1719,
      "usd_g": 55.2671333514715,
      "brl_oz": 8972.664299999999,
      "brl_g": 288.47785595467576,
      "chg_1h": 0.5851375073142189,
      "chg_24h": 0.05820721769499418
    },
    "XCU": {
      "name": "Cobre",
      "usd_oz": 5.788746,
      "usd_g": 0.18611250559615894,
      "brl_oz": 30.215517496199997,
      "brl_g": 0.9714514454602707,
      "chg_1h": 0.2225110086854025,
      "chg_24h": -1.5085221240383557
    }
  }
}
