{
  "timestamp": 1776124768,
  "usdToBrl": 5.0274,
  "metals": {
    "XAU": {
      "name": "Ouro",
      "usd_oz": 4758.700195,
      "usd_g": 152.99576396552555,
      "brl_oz": 23923.889360343,
      "brl_g": 769.1709037602832,
      "chg_1h": -0.14896995867410975,
      "chg_24h": 2.159680875969026
    },
    "XAG": {
      "name": "Prata",
      "usd_oz": 75.836998,
      "usd_g": 2.4382161032235468,
      "brl_oz": 381.2629237452,
      "brl_g": 12.257887637346059,
      "chg_1h": -0.2525365354343344,
      "chg_24h": 3.22875128176689
    },
    "XPT": {
      "name": "Platina",
      "usd_oz": 2085,
      "usd_g": 67.03430659558934,
      "brl_oz": 10482.129,
      "brl_g": 337.00827297866584,
      "chg_1h": -0.14367816091954022,
      "chg_24h": 3.782976605276257
    },
    "XPD": {
      "name": "Paládio",
      "usd_oz": 1607,
      "usd_g": 51.666249735785165,
      "brl_oz": 8079.0318,
      "brl_g": 259.74690392168634,
      "chg_1h": -0.06218905472636816,
      "chg_24h": 5.5847568988173455
    },
    "XCU": {
      "name": "Cobre",
      "usd_oz": 5.749056,
      "usd_g": 0.18483644246485012,
      "brl_oz": 28.902804134400004,
      "brl_g": 0.9292467308477875,
      "chg_1h": 0,
      "chg_24h": -0.13788445845174296
    }
  }
}
