{
  "timestamp": 1771363859,
  "usdToBrl": 5.2248,
  "metals": {
    "XAU": {
      "name": "Ouro",
      "usd_oz": 4881.600098,
      "usd_g": 156.9470876001875,
      "brl_oz": 25505.3841920304,
      "brl_g": 820.0171432934596,
      "chg_1h": -0.0040908478015673575,
      "chg_24h": -2.2487395863706725
    },
    "XAG": {
      "name": "Prata",
      "usd_oz": 73.682999,
      "usd_g": 2.3689634272654687,
      "brl_oz": 384.9789331752,
      "brl_g": 12.377360114776621,
      "chg_1h": 0.3172253363060029,
      "chg_24h": -3.97607574248606
    },
    "XPT": {
      "name": "Platina",
      "usd_oz": 2022,
      "usd_g": 65.00880956176577,
      "brl_oz": 10564.5456,
      "brl_g": 339.65802819831384,
      "chg_1h": 0.09900990099009901,
      "chg_24h": -1.2212994626282363
    },
    "XPD": {
      "name": "Paládio",
      "usd_oz": 1709,
      "usd_g": 54.94562588578522,
      "brl_oz": 8929.1832,
      "brl_g": 287.0799061280506,
      "chg_1h": 0.11716461628588166,
      "chg_24h": -2.3428571428571425
    },
    "XCU": {
      "name": "Cobre",
      "usd_oz": 5.712878,
      "usd_g": 0.18367329275549027,
      "brl_oz": 29.8486449744,
      "brl_g": 0.9596562199888856,
      "chg_1h": 0,
      "chg_24h": -1.2914287234772246
    }
  }
}
