{
  "timestamp": 1770760712,
  "usdToBrl": 5.2067,
  "metals": {
    "XAU": {
      "name": "Ouro",
      "usd_oz": 5024.399902,
      "usd_g": 161.53820790864128,
      "brl_oz": 26160.542969743397,
      "brl_g": 841.0809871179225,
      "chg_1h": -0.09941543916624508,
      "chg_24h": -0.011942248756216696
    },
    "XAG": {
      "name": "Prata",
      "usd_oz": 80.886002,
      "usd_g": 2.600545351251536,
      "brl_oz": 421.1491466134,
      "brl_g": 13.540259480361373,
      "chg_1h": -0.1358091724082868,
      "chg_24h": -0.526355835660919
    },
    "XPT": {
      "name": "Platina",
      "usd_oz": 2098,
      "usd_g": 67.4522663009815,
      "brl_oz": 10923.656599999998,
      "brl_g": 351.2037149493204,
      "chg_1h": 0,
      "chg_24h": 0.5270723526593196
    },
    "XPD": {
      "name": "Paládio",
      "usd_oz": 1724,
      "usd_g": 55.42788708431464,
      "brl_oz": 8976.3508,
      "brl_g": 288.596379681901,
      "chg_1h": -0.3468208092485549,
      "chg_24h": -0.11587485515643105
    },
    "XCU": {
      "name": "Cobre",
      "usd_oz": 5.892141,
      "usd_g": 0.18943673203762224,
      "brl_oz": 30.678610544699996,
      "brl_g": 0.9863402327002876,
      "chg_1h": 0,
      "chg_24h": 0.4493860237877871
    }
  }
}
