{
  "timestamp": 1773338672,
  "usdToBrl": 5.1621,
  "metals": {
    "XAU": {
      "name": "Ouro",
      "usd_oz": 5110.899902,
      "usd_g": 164.31924748682758,
      "brl_oz": 26382.976384114198,
      "brl_g": 848.2323874517526,
      "chg_1h": -0.2653936579178435,
      "chg_24h": -1.1565221487377346
    },
    "XAG": {
      "name": "Prata",
      "usd_oz": 85.130997,
      "usd_g": 2.7370251096816287,
      "brl_oz": 439.4547196136999,
      "brl_g": 14.128797318687536,
      "chg_1h": -0.37098704173268604,
      "chg_24h": -0.2998161277499421
    },
    "XPT": {
      "name": "Platina",
      "usd_oz": 2153,
      "usd_g": 69.22055736225605,
      "brl_oz": 11114.0013,
      "brl_g": 357.32343915970193,
      "chg_1h": -0.9203865623561895,
      "chg_24h": -1.4645308924485128
    },
    "XPD": {
      "name": "Paládio",
      "usd_oz": 1650,
      "usd_g": 53.04873183823617,
      "brl_oz": 8517.465,
      "brl_g": 273.84285862215893,
      "chg_1h": -0.4224502112251056,
      "chg_24h": -0.06056935190793458
    },
    "XCU": {
      "name": "Cobre",
      "usd_oz": 5.826167,
      "usd_g": 0.18731561868350358,
      "brl_oz": 30.075256670699996,
      "brl_g": 0.9669419552061137,
      "chg_1h": -0.08816203843117294,
      "chg_24h": 0.31761167590522965
    }
  }
}
