{
  "timestamp": 1774033381,
  "usdToBrl": 5.2552,
  "metals": {
    "XAU": {
      "name": "Ouro",
      "usd_oz": 4512.700195,
      "usd_g": 145.08668030964307,
      "brl_oz": 23715.142064764004,
      "brl_g": 762.4595223632363,
      "chg_1h": -1.3488043966821457,
      "chg_24h": -1.9936975784558508
    },
    "XAG": {
      "name": "Prata",
      "usd_oz": 68.487,
      "usd_g": 2.201908180245624,
      "brl_oz": 359.9128824,
      "brl_g": 11.571467868826804,
      "chg_1h": -1.8304569692104824,
      "chg_24h": -3.845503154620605
    },
    "XPT": {
      "name": "Platina",
      "usd_oz": 1945,
      "usd_g": 62.53320207598142,
      "brl_oz": 10221.364000000001,
      "brl_g": 328.6244835496976,
      "chg_1h": -1.568825910931174,
      "chg_24h": -0.9674134419551934
    },
    "XPD": {
      "name": "Paládio",
      "usd_oz": 1438,
      "usd_g": 46.23277356568704,
      "brl_oz": 7556.9776,
      "brl_g": 242.96247164239855,
      "chg_1h": -1.2362637362637363,
      "chg_24h": -2.043596730245232
    },
    "XCU": {
      "name": "Cobre",
      "usd_oz": 5.372121,
      "usd_g": 0.17271770080700433,
      "brl_oz": 28.2315702792,
      "brl_g": 0.9076660612809692,
      "chg_1h": -0.46363409981279025,
      "chg_24h": -2.329707626601722
    }
  }
}
