{
  "timestamp": 1774593832,
  "usdToBrl": 5.2366,
  "metals": {
    "XAU": {
      "name": "Ouro",
      "usd_oz": 4469.200195,
      "usd_g": 143.68812283390776,
      "brl_oz": 23403.413741137003,
      "brl_g": 752.4372240320414,
      "chg_1h": 0.5670610936093688,
      "chg_24h": 0.3052360333259078
    },
    "XAG": {
      "name": "Prata",
      "usd_oz": 70.218002,
      "usd_g": 2.2575611868574126,
      "brl_oz": 367.7035892732,
      "brl_g": 11.821944911097527,
      "chg_1h": 0.4966294887255147,
      "chg_24h": 0.24412895245172875
    },
    "XPT": {
      "name": "Platina",
      "usd_oz": 1895,
      "usd_g": 60.92566474755002,
      "brl_oz": 9923.357,
      "brl_g": 319.04333601702047,
      "chg_1h": 0.47720042417815484,
      "chg_24h": -0.31562335612835346
    },
    "XPD": {
      "name": "Paládio",
      "usd_oz": 1423,
      "usd_g": 45.75051236715762,
      "brl_oz": 7451.6818,
      "brl_g": 239.57713306185758,
      "chg_1h": 0,
      "chg_24h": 0
    },
    "XCU": {
      "name": "Cobre",
      "usd_oz": 5.513642,
      "usd_g": 0.1772677066121431,
      "brl_oz": 28.8727376972,
      "brl_g": 0.9282800724451487,
      "chg_1h": -0.05070299880049721,
      "chg_24h": 1.0950474328643305
    }
  }
}
