{
  "timestamp": 1776115828,
  "usdToBrl": 5.0274,
  "metals": {
    "XAU": {
      "name": "Ouro",
      "usd_oz": 4741.899902,
      "usd_g": 152.45562200300387,
      "brl_oz": 23839.4275673148,
      "brl_g": 766.4553940579017,
      "chg_1h": 0.023204881987216923,
      "chg_24h": -0.15371626169151703
    },
    "XAG": {
      "name": "Prata",
      "usd_oz": 75.696999,
      "usd_g": 2.4337150308546858,
      "brl_oz": 380.5590927726,
      "brl_g": 12.235258946118847,
      "chg_1h": 0.07403392438009922,
      "chg_24h": -0.4170297576762051
    },
    "XPT": {
      "name": "Platina",
      "usd_oz": 2083,
      "usd_g": 66.97000510245209,
      "brl_oz": 10472.074200000001,
      "brl_g": 336.6850036520677,
      "chg_1h": 0.04803073967339097,
      "chg_24h": 1.4118792599805257
    },
    "XPD": {
      "name": "Paládio",
      "usd_oz": 1603,
      "usd_g": 51.53764674951066,
      "brl_oz": 8058.9222,
      "brl_g": 259.1003652684899,
      "chg_1h": 0.12492192379762648,
      "chg_24h": 3.619909502262444
    },
    "XCU": {
      "name": "Cobre",
      "usd_oz": 5.749056,
      "usd_g": 0.18483644246485012,
      "brl_oz": 28.902804134400004,
      "brl_g": 0.9292467308477875,
      "chg_1h": 0,
      "chg_24h": -0.13788445845174296
    }
  }
}
