{
  "timestamp": 1771537674,
  "usdToBrl": 5.2343,
  "metals": {
    "XAU": {
      "name": "Ouro",
      "usd_oz": 4999.100098,
      "usd_g": 160.7248003220013,
      "brl_oz": 26166.7896429614,
      "brl_g": 841.2818223254515,
      "chg_1h": 0,
      "chg_24h": 0.36801695172426285
    },
    "XAG": {
      "name": "Prata",
      "usd_oz": 78.382004,
      "usd_g": 2.5200399461451846,
      "brl_oz": 410.2749235372,
      "brl_g": 13.19064509010774,
      "chg_1h": -0.15285598013880253,
      "chg_24h": 1.2164281710633065
    },
    "XPT": {
      "name": "Platina",
      "usd_oz": 2078,
      "usd_g": 66.80925136960894,
      "brl_oz": 10876.8754,
      "brl_g": 349.69966444394413,
      "chg_1h": 0.04814636494944632,
      "chg_24h": -0.3357314148681055
    },
    "XPD": {
      "name": "Paládio",
      "usd_oz": 1705,
      "usd_g": 54.81702289951071,
      "brl_oz": 8924.4815,
      "brl_g": 286.9287429629089,
      "chg_1h": 0.11743981209630064,
      "chg_24h": -2.067777139574957
    },
    "XCU": {
      "name": "Cobre",
      "usd_oz": 5.717532,
      "usd_g": 0.18382292233002068,
      "brl_oz": 29.9272777476,
      "brl_g": 0.9621843223520272,
      "chg_1h": 0,
      "chg_24h": -1.614392524972678
    }
  }
}
