{
  "timestamp": 1771368114,
  "usdToBrl": 5.2248,
  "metals": {
    "XAU": {
      "name": "Ouro",
      "usd_oz": 4879,
      "usd_g": 156.86349250833592,
      "brl_oz": 25491.7992,
      "brl_g": 819.5803756575535,
      "chg_1h": -0.0532632322968273,
      "chg_24h": -2.3008050672778606
    },
    "XAG": {
      "name": "Prata",
      "usd_oz": 73.660004,
      "usd_g": 2.3682241208481236,
      "brl_oz": 384.8587888992,
      "brl_g": 12.373497386607276,
      "chg_1h": -0.031208013126602718,
      "chg_24h": -4.006042901373024
    },
    "XPT": {
      "name": "Platina",
      "usd_oz": 2014,
      "usd_g": 64.75160358921676,
      "brl_oz": 10522.7472,
      "brl_g": 338.31417843293974,
      "chg_1h": -0.3956478733926805,
      "chg_24h": -1.612115290669272
    },
    "XPD": {
      "name": "Paládio",
      "usd_oz": 1705,
      "usd_g": 54.81702289951071,
      "brl_oz": 8908.284,
      "brl_g": 286.40798124536354,
      "chg_1h": -0.23405500292568754,
      "chg_24h": -2.571428571428571
    },
    "XCU": {
      "name": "Cobre",
      "usd_oz": 5.712878,
      "usd_g": 0.18367329275549027,
      "brl_oz": 29.8486449744,
      "brl_g": 0.9596562199888856,
      "chg_1h": 0,
      "chg_24h": -1.2914287234772246
    }
  }
}
