{
  "timestamp": 1772139137,
  "usdToBrl": 5.1258,
  "metals": {
    "XAU": {
      "name": "Ouro",
      "usd_oz": 5197.100098,
      "usd_g": 167.09064814258963,
      "brl_oz": 26639.2956823284,
      "brl_g": 856.4732442492859,
      "chg_1h": 0.09630014648457959,
      "chg_24h": 0.3746818523547121
    },
    "XAG": {
      "name": "Prata",
      "usd_oz": 88.828003,
      "usd_g": 2.855886612650326,
      "brl_oz": 455.31457777739996,
      "brl_g": 14.63870359912304,
      "chg_1h": 0.39672006499044965,
      "chg_24h": -0.6298128517391313
    },
    "XPT": {
      "name": "Platina",
      "usd_oz": 2290,
      "usd_g": 73.62520964215808,
      "brl_oz": 11738.082,
      "brl_g": 377.3880995837739,
      "chg_1h": 0.5267778753292361,
      "chg_24h": -0.43478260869565216
    },
    "XPD": {
      "name": "Paládio",
      "usd_oz": 1813,
      "usd_g": 58.28930352892253,
      "brl_oz": 9293.0754,
      "brl_g": 298.7793120285511,
      "chg_1h": 0.3320420586607637,
      "chg_24h": -0.2201430930104568
    },
    "XCU": {
      "name": "Cobre",
      "usd_oz": 5.958994,
      "usd_g": 0.19158610589797473,
      "brl_oz": 30.544611445199997,
      "brl_g": 0.9820320616118389,
      "chg_1h": 0,
      "chg_24h": 0.9106522401035839
    }
  }
}
