{
  "timestamp": 1771417635,
  "usdToBrl": 5.2248,
  "metals": {
    "XAU": {
      "name": "Ouro",
      "usd_oz": 4926.600098,
      "usd_g": 158.39387119577577,
      "brl_oz": 25740.5001920304,
      "brl_g": 827.5762982236893,
      "chg_1h": 0.23601420142420937,
      "chg_24h": -0.29950629970284526
    },
    "XAG": {
      "name": "Prata",
      "usd_oz": 75.872002,
      "usd_g": 2.4393415079564353,
      "brl_oz": 396.4160360496,
      "brl_g": 12.745071510770783,
      "chg_1h": -0.07638351112868692,
      "chg_24h": 0.950005360041727
    },
    "XPT": {
      "name": "Platina",
      "usd_oz": 2052,
      "usd_g": 65.97333195882462,
      "brl_oz": 10721.2896,
      "brl_g": 344.69746481846687,
      "chg_1h": 0.2932551319648094,
      "chg_24h": 1.5841584158415842
    },
    "XPD": {
      "name": "Paládio",
      "usd_oz": 1746,
      "usd_g": 56.13520350882445,
      "brl_oz": 9122.5008,
      "brl_g": 293.295211292906,
      "chg_1h": 0.5760368663594471,
      "chg_24h": 2.8268551236749118
    },
    "XCU": {
      "name": "Cobre",
      "usd_oz": 5.73628,
      "usd_g": 0.1844256845266893,
      "brl_oz": 29.970915744,
      "brl_g": 0.9635873165150464,
      "chg_1h": -0.11057651285213047,
      "chg_24h": -0.3336470631569945
    }
  }
}
