{
  "timestamp": 1771617239,
  "usdToBrl": 5.2144,
  "metals": {
    "XAU": {
      "name": "Ouro",
      "usd_oz": 5076.200195,
      "usd_g": 163.20362600106495,
      "brl_oz": 26469.338296808004,
      "brl_g": 851.0089874199531,
      "chg_1h": 0.07886124061000317,
      "chg_24h": 1.7376529712396103
    },
    "XAG": {
      "name": "Prata",
      "usd_oz": 83.386002,
      "usd_g": 2.680922217673106,
      "brl_oz": 434.8079688288,
      "brl_g": 13.979400811834646,
      "chg_1h": 0.6821977600149502,
      "chg_24h": 6.983309508444522
    },
    "XPT": {
      "name": "Platina",
      "usd_oz": 2170,
      "usd_g": 69.76712005392272,
      "brl_oz": 11315.248000000001,
      "brl_g": 363.79367080917467,
      "chg_1h": 0,
      "chg_24h": 5.084745762711865
    },
    "XPD": {
      "name": "Paládio",
      "usd_oz": 1784,
      "usd_g": 57.35693187843232,
      "brl_oz": 9302.4896,
      "brl_g": 299.08198558689753,
      "chg_1h": 0.11223344556677892,
      "chg_24h": 5.2507374631268435
    },
    "XCU": {
      "name": "Cobre",
      "usd_oz": 5.769319,
      "usd_g": 0.18548791304257023,
      "brl_oz": 30.083536993600003,
      "brl_g": 0.9672081737691782,
      "chg_1h": -0.4357184928571798,
      "chg_24h": 0.9057579389149029
    }
  }
}
