{
  "timestamp": 1777546884,
  "usdToBrl": 4.9854,
  "metals": {
    "XAU": {
      "name": "Ouro",
      "usd_oz": 4640.899902,
      "usd_g": 149.20839659957244,
      "brl_oz": 23136.742371430802,
      "brl_g": 743.8635404075085,
      "chg_1h": 0,
      "chg_24h": 1.540310731867413
    },
    "XAG": {
      "name": "Prata",
      "usd_oz": 73.818001,
      "usd_g": 2.3733038423537267,
      "brl_oz": 368.0122621854,
      "brl_g": 11.83186897567027,
      "chg_1h": 0,
      "chg_24h": 1.3565824150327528
    },
    "XPT": {
      "name": "Platina",
      "usd_oz": 1955,
      "usd_g": 62.8547095416677,
      "brl_oz": 9746.457,
      "brl_g": 313.3558689490302,
      "chg_1h": 0,
      "chg_24h": 1.505711318795431
    },
    "XPD": {
      "name": "Paládio",
      "usd_oz": 1509,
      "usd_g": 48.515476572059626,
      "brl_oz": 7522.9686,
      "brl_g": 241.86905690234607,
      "chg_1h": 0,
      "chg_24h": 2.79291553133515
    },
    "XCU": {
      "name": "Cobre",
      "usd_oz": 5.877499,
      "usd_g": 0.1889659808063644,
      "brl_oz": 29.301683514600004,
      "brl_g": 0.9420710007120491,
      "chg_1h": 0,
      "chg_24h": 0.3873732048761927
    }
  }
}
