{
  "timestamp": 1775082732,
  "usdToBrl": 5.1598,
  "metals": {
    "XAU": {
      "name": "Ouro",
      "usd_oz": 4776.100098,
      "usd_g": 153.55518383719726,
      "brl_oz": 24643.7212856604,
      "brl_g": 792.3140375631704,
      "chg_1h": 0.3487781909864458,
      "chg_24h": 2.0883250266449704
    },
    "XAG": {
      "name": "Prata",
      "usd_oz": 75.269997,
      "usd_g": 2.4199865977683888,
      "brl_oz": 388.3781305206,
      "brl_g": 12.486646847165332,
      "chg_1h": 0.04917389844420212,
      "chg_24h": -0.3283998603882509
    },
    "XPT": {
      "name": "Platina",
      "usd_oz": 1970,
      "usd_g": 63.336970740197124,
      "brl_oz": 10164.805999999999,
      "brl_g": 326.8061016252691,
      "chg_1h": -0.050735667174023336,
      "chg_24h": -0.10141987829614604
    },
    "XPD": {
      "name": "Paládio",
      "usd_oz": 1502,
      "usd_g": 48.29042134607923,
      "brl_oz": 7750.0196,
      "brl_g": 249.16891606149957,
      "chg_1h": 0.06662225183211193,
      "chg_24h": -0.5956320317670417
    },
    "XCU": {
      "name": "Cobre",
      "usd_oz": 5.54339,
      "usd_g": 0.17822412702106666,
      "brl_oz": 28.602783721999998,
      "brl_g": 0.9196008506032997,
      "chg_1h": 0,
      "chg_24h": -0.20025157921136266
    }
  }
}
