{
  "timestamp": 1774524955,
  "usdToBrl": 5.233,
  "metals": {
    "XAU": {
      "name": "Ouro",
      "usd_oz": 4449.600098,
      "usd_g": 143.05796508254022,
      "brl_oz": 23284.757312833997,
      "brl_g": 748.622331276933,
      "chg_1h": 0.2862403092365228,
      "chg_24h": -2.919226051857611
    },
    "XAG": {
      "name": "Prata",
      "usd_oz": 68.211998,
      "usd_g": 2.1930666606377587,
      "brl_oz": 356.95338553399995,
      "brl_g": 11.47631783511739,
      "chg_1h": -0.2311028127349985,
      "chg_24h": -7.070654750551765
    },
    "XPT": {
      "name": "Platina",
      "usd_oz": 1891,
      "usd_g": 60.797061761275515,
      "brl_oz": 9895.603,
      "brl_g": 318.15102419675475,
      "chg_1h": -0.10565240359218173,
      "chg_24h": -5.070281124497992
    },
    "XPD": {
      "name": "Paládio",
      "usd_oz": 1406,
      "usd_g": 45.20394967549094,
      "brl_oz": 7357.598,
      "brl_g": 236.55226865184406,
      "chg_1h": 0.14245014245014245,
      "chg_24h": -5.31986531986532
    },
    "XCU": {
      "name": "Cobre",
      "usd_oz": 5.477279,
      "usd_g": 0.17609860901466812,
      "brl_oz": 28.662601007,
      "brl_g": 0.9215240209737582,
      "chg_1h": -0.1185496135877094,
      "chg_24h": 0.6221834066911356
    }
  }
}
