{
  "timestamp": 1784543705,
  "usdToBrl": 5.1158,
  "metals": {
    "XAU": {
      "name": "Ouro",
      "usd_oz": 4024.800049,
      "usd_g": 129.4003263648005,
      "brl_oz": 20590.0720906742,
      "brl_g": 661.9861896170464,
      "chg_1h": 0,
      "chg_24h": 0.13683974654662565
    },
    "XAG": {
      "name": "Prata",
      "usd_oz": 57.087002,
      "usd_g": 1.8353897336647587,
      "brl_oz": 292.0456848316,
      "brl_g": 9.389486799482173,
      "chg_1h": 0,
      "chg_24h": 1.7956490087143684
    },
    "XPT": {
      "name": "Platina",
      "usd_oz": 1606,
      "usd_g": 51.63409898921654,
      "brl_oz": 8215.9748,
      "brl_g": 264.14972360903397,
      "chg_1h": 0,
      "chg_24h": 0.375
    },
    "XPD": {
      "name": "Paládio",
      "usd_oz": 1288,
      "usd_g": 41.41016158039284,
      "brl_oz": 6589.1504,
      "brl_g": 211.84610461297368,
      "chg_1h": 0,
      "chg_24h": 1.4173228346456692
    },
    "XCU": {
      "name": "Cobre",
      "usd_oz": 6.087134,
      "usd_g": 0.19570590256327872,
      "brl_oz": 31.1405601172,
      "brl_g": 1.0011922563332212,
      "chg_1h": 0,
      "chg_24h": -0.41654969508863493
    }
  }
}
