{
  "timestamp": 1771612855,
  "usdToBrl": 5.2144,
  "metals": {
    "XAU": {
      "name": "Ouro",
      "usd_oz": 5072.200195,
      "usd_g": 163.07502301479045,
      "brl_oz": 26448.480696808005,
      "brl_g": 850.3384000083233,
      "chg_1h": -0.09060057864541504,
      "chg_24h": 1.863684275744283
    },
    "XAG": {
      "name": "Prata",
      "usd_oz": 82.820999,
      "usd_g": 2.6627569494095913,
      "brl_oz": 431.86181718560005,
      "brl_g": 13.884679837001373,
      "chg_1h": -0.2108571446610209,
      "chg_24h": 6.63739474158577
    },
    "XPT": {
      "name": "Platina",
      "usd_oz": 2170,
      "usd_g": 69.76712005392272,
      "brl_oz": 11315.248000000001,
      "brl_g": 363.79367080917467,
      "chg_1h": -0.046061722708429294,
      "chg_24h": 5.288694808345464
    },
    "XPD": {
      "name": "Paládio",
      "usd_oz": 1782,
      "usd_g": 57.29263038529506,
      "brl_oz": 9292.060800000001,
      "brl_g": 298.7466918810826,
      "chg_1h": 0.5643340857787811,
      "chg_24h": 5.381431105854524
    },
    "XCU": {
      "name": "Cobre",
      "usd_oz": 5.794567,
      "usd_g": 0.18629965509193494,
      "brl_oz": 30.215190164800003,
      "brl_g": 0.9714409215113856,
      "chg_1h": 0.11102010127257399,
      "chg_24h": 1.0041204742371408
    }
  }
}
