{
  "timestamp": 1773221357,
  "usdToBrl": 5.1779,
  "metals": {
    "XAU": {
      "name": "Ouro",
      "usd_oz": 5189.5,
      "usd_g": 166.8462993178949,
      "brl_oz": 26870.712050000002,
      "brl_g": 863.913453238128,
      "chg_1h": 0.06362664139307586,
      "chg_24h": 0.08678881388621022
    },
    "XAG": {
      "name": "Prata",
      "usd_oz": 87.341003,
      "usd_g": 2.808078452502776,
      "brl_oz": 452.24297943370004,
      "brl_g": 14.539949419214125,
      "chg_1h": 0.16629662101812737,
      "chg_24h": -2.2287623446384064
    },
    "XPT": {
      "name": "Platina",
      "usd_oz": 2168,
      "usd_g": 69.70281856078546,
      "brl_oz": 11225.6872,
      "brl_g": 360.914224225891,
      "chg_1h": -0.1381851681252879,
      "chg_24h": -3.257474341811691
    },
    "XPD": {
      "name": "Paládio",
      "usd_oz": 1669,
      "usd_g": 53.6595960230401,
      "brl_oz": 8641.9151,
      "brl_g": 277.84402224769934,
      "chg_1h": -0.4770423375074538,
      "chg_24h": -3.1902552204176335
    },
    "XCU": {
      "name": "Cobre",
      "usd_oz": 5.802051,
      "usd_g": 0.18654027127925454,
      "brl_oz": 30.042439872899998,
      "brl_g": 0.9658868706568521,
      "chg_1h": 0.12785949503006397,
      "chg_24h": -0.9498792357126408
    }
  }
}
