{
  "timestamp": 1773810604,
  "usdToBrl": 5.2089,
  "metals": {
    "XAU": {
      "name": "Ouro",
      "usd_oz": 4991.200195,
      "usd_g": 160.47081254273158,
      "brl_oz": 25998.6626957355,
      "brl_g": 835.8764154538345,
      "chg_1h": -0.08607356620958165,
      "chg_24h": -0.8797498758812363
    },
    "XAG": {
      "name": "Prata",
      "usd_oz": 79.231003,
      "usd_g": 2.5473358978312035,
      "brl_oz": 412.70637152669997,
      "brl_g": 13.268817958212956,
      "chg_1h": 0.43734121549219385,
      "chg_24h": -3.78748643078291
    },
    "XPT": {
      "name": "Platina",
      "usd_oz": 2116,
      "usd_g": 68.0309797392168,
      "brl_oz": 11022.0324,
      "brl_g": 354.3665703636064,
      "chg_1h": 0.3795066413662239,
      "chg_24h": -2.667893284268629
    },
    "XPD": {
      "name": "Paládio",
      "usd_oz": 1604,
      "usd_g": 51.56979749607928,
      "brl_oz": 8355.0756,
      "brl_g": 268.62191817732736,
      "chg_1h": 0,
      "chg_24h": -2.669902912621359
    },
    "XCU": {
      "name": "Cobre",
      "usd_oz": 5.732954,
      "usd_g": 0.18431875114360208,
      "brl_oz": 29.862384090600003,
      "brl_g": 0.9600979428319089,
      "chg_1h": -0.3534673204375143,
      "chg_24h": -1.455422100943242
    }
  }
}
