{
  "timestamp": 1784262326,
  "usdToBrl": 5.0857,
  "metals": {
    "XAU": {
      "name": "Ouro",
      "usd_oz": 3987.899902,
      "usd_g": 128.21395909025836,
      "brl_oz": 20281.262531601402,
      "brl_g": 652.0577317453269,
      "chg_1h": 0,
      "chg_24h": -1.164836827220999
    },
    "XAG": {
      "name": "Prata",
      "usd_oz": 55.457001,
      "usd_g": 1.7829839846071485,
      "brl_oz": 282.0376699857,
      "brl_g": 9.067721650516575,
      "chg_1h": 0,
      "chg_24h": -3.1606283954329206
    },
    "XPT": {
      "name": "Platina",
      "usd_oz": 1606,
      "usd_g": 51.63409898921654,
      "brl_oz": 8167.6342,
      "brl_g": 262.59553722945856,
      "chg_1h": 0,
      "chg_24h": -4.062126642771804
    },
    "XPD": {
      "name": "Paládio",
      "usd_oz": 1266,
      "usd_g": 40.702845155883026,
      "brl_oz": 6438.4962000000005,
      "brl_g": 207.0024596092743,
      "chg_1h": 0,
      "chg_24h": -5.026256564141035
    },
    "XCU": {
      "name": "Cobre",
      "usd_oz": 6.123875,
      "usd_g": 0.19688715314295668,
      "brl_oz": 31.1441910875,
      "brl_g": 1.001308994739135,
      "chg_1h": 0,
      "chg_24h": -0.2843517161895377
    }
  }
}
