{
  "timestamp": 1775496346,
  "usdToBrl": 5.1818,
  "metals": {
    "XAU": {
      "name": "Ouro",
      "usd_oz": 4660.799805,
      "usd_g": 149.8481933376657,
      "brl_oz": 24151.332429549,
      "brl_g": 776.4833682371161,
      "chg_1h": -0.17991068382538475,
      "chg_24h": -0.36768266353143114
    },
    "XAG": {
      "name": "Prata",
      "usd_oz": 72.967003,
      "usd_g": 2.345943621325318,
      "brl_oz": 378.1004161454,
      "brl_g": 12.156210656983532,
      "chg_1h": 0.11800881373784143,
      "chg_24h": -0.2515317596268961
    },
    "XPT": {
      "name": "Platina",
      "usd_oz": 1985,
      "usd_g": 63.819231938726546,
      "brl_oz": 10285.873,
      "brl_g": 330.6984960600932,
      "chg_1h": -0.25125628140703515,
      "chg_24h": -0.25125628140703515
    },
    "XPD": {
      "name": "Paládio",
      "usd_oz": 1506,
      "usd_g": 48.41902433235374,
      "brl_oz": 7803.7908,
      "brl_g": 250.8977002853906,
      "chg_1h": -0.26490066225165565,
      "chg_24h": -1.5686274509803921
    },
    "XCU": {
      "name": "Cobre",
      "usd_oz": 5.523714,
      "usd_g": 0.17759152893158234,
      "brl_oz": 28.6227812052,
      "brl_g": 0.9202437846176733,
      "chg_1h": 0,
      "chg_24h": 0
    }
  }
}
