{
  "timestamp": 1774394974,
  "usdToBrl": 5.2669,
  "metals": {
    "XAU": {
      "name": "Ouro",
      "usd_oz": 4508.799805,
      "usd_g": 144.96127985923425,
      "brl_oz": 23747.397692954495,
      "brl_g": 763.4965648906009,
      "chg_1h": 0.6226406215311064,
      "chg_24h": 1.5129616696077388
    },
    "XAG": {
      "name": "Prata",
      "usd_oz": 72.134003,
      "usd_g": 2.319162049433651,
      "brl_oz": 379.92258040070004,
      "brl_g": 12.214794598162095,
      "chg_1h": 0.9573212438343571,
      "chg_24h": 2.920662973751584
    },
    "XPT": {
      "name": "Platina",
      "usd_oz": 1960,
      "usd_g": 63.01546327451084,
      "brl_oz": 10323.124,
      "brl_g": 331.89614352052115,
      "chg_1h": 0.9268795056642637,
      "chg_24h": 3.0494216614090432
    },
    "XPD": {
      "name": "Paládio",
      "usd_oz": 1472,
      "usd_g": 47.32589894902039,
      "brl_oz": 7752.8768,
      "brl_g": 249.2607771745955,
      "chg_1h": 0.7529089664613279,
      "chg_24h": 0.6839945280437756
    },
    "XCU": {
      "name": "Cobre",
      "usd_oz": 5.450773,
      "usd_g": 0.17524642132612003,
      "brl_oz": 28.708676313699996,
      "brl_g": 0.9230053764825416,
      "chg_1h": 0,
      "chg_24h": -0.6374887344360314
    }
  }
}
