{
  "timestamp": 1780728127,
  "usdToBrl": 5.0599,
  "metals": {
    "XAU": {
      "name": "Ouro",
      "usd_oz": 4330,
      "usd_g": 139.21273264215915,
      "brl_oz": 21909.367,
      "brl_g": 704.402505896061,
      "chg_1h": 0,
      "chg_24h": -2.4928545080490476
    },
    "XAG": {
      "name": "Prata",
      "usd_oz": 67.964996,
      "usd_g": 2.1851253619338142,
      "brl_oz": 343.89608326039996,
      "brl_g": 11.056515818848906,
      "chg_1h": 0,
      "chg_24h": -6.075101228562354
    },
    "XPT": {
      "name": "Platina",
      "usd_oz": 1785,
      "usd_g": 57.389082625000945,
      "brl_oz": 9031.9215,
      "brl_g": 290.3830191742423,
      "chg_1h": 0,
      "chg_24h": -5.254777070063694
    },
    "XPD": {
      "name": "Paládio",
      "usd_oz": 1247,
      "usd_g": 40.091980971079096,
      "brl_oz": 6309.695299999999,
      "brl_g": 202.8614145155631,
      "chg_1h": 0,
      "chg_24h": -5.744520030234316
    },
    "XCU": {
      "name": "Cobre",
      "usd_oz": 6.306089,
      "usd_g": 0.20274546927821266,
      "brl_oz": 31.9081797311,
      "brl_g": 1.0258718000008282,
      "chg_1h": 0,
      "chg_24h": 0.22863440492432366
    }
  }
}
