{
  "timestamp": 1784835990,
  "usdToBrl": 5.0715,
  "metals": {
    "XAU": {
      "name": "Ouro",
      "usd_oz": 4047,
      "usd_g": 130.11407136323743,
      "brl_oz": 20524.360500000003,
      "brl_g": 659.8735129186587,
      "chg_1h": 0.06923616621150452,
      "chg_24h": -2.17312248615292
    },
    "XAG": {
      "name": "Prata",
      "usd_oz": 57.620998,
      "usd_g": 1.8525581037294199,
      "brl_oz": 292.22489135700005,
      "brl_g": 9.395248423063753,
      "chg_1h": 0.06251454480358119,
      "chg_24h": -3.9874062718699013
    },
    "XPT": {
      "name": "Platina",
      "usd_oz": 1598,
      "usd_g": 51.376893016667516,
      "brl_oz": 8104.2570000000005,
      "brl_g": 260.55791293402933,
      "chg_1h": 0.06261740763932373,
      "chg_24h": -2.916160388821385
    },
    "XPD": {
      "name": "Paládio",
      "usd_oz": 1274,
      "usd_g": 40.96005112843205,
      "brl_oz": 6461.091,
      "brl_g": 207.72889929784316,
      "chg_1h": -0.1567398119122257,
      "chg_24h": -3.557910673732021
    },
    "XCU": {
      "name": "Cobre",
      "usd_oz": 6.223123,
      "usd_g": 0.20007805043839988,
      "brl_oz": 31.560568294500005,
      "brl_g": 1.014695832798345,
      "chg_1h": 0.002121166493729445,
      "chg_24h": -0.7690525473530228
    }
  }
}
