{
  "timestamp": 1777496653,
  "usdToBrl": 4.9854,
  "metals": {
    "XAU": {
      "name": "Ouro",
      "usd_oz": 4544.899902,
      "usd_g": 146.12192492898416,
      "brl_oz": 22658.143971430804,
      "brl_g": 728.4762445409576,
      "chg_1h": -0.11648483083940964,
      "chg_24h": -1.1311971352122776
    },
    "XAG": {
      "name": "Prata",
      "usd_oz": 71.454002,
      "usd_g": 2.297299509616237,
      "brl_oz": 356.22678157080003,
      "brl_g": 11.452956975240788,
      "chg_1h": -0.520689681432453,
      "chg_24h": -2.3945783546030013
    },
    "XPT": {
      "name": "Platina",
      "usd_oz": 1884,
      "usd_g": 60.57200653529512,
      "brl_oz": 9392.4936,
      "brl_g": 301.97568138106027,
      "chg_1h": 0,
      "chg_24h": -3.285420944558522
    },
    "XPD": {
      "name": "Paládio",
      "usd_oz": 1482,
      "usd_g": 47.647406414706666,
      "brl_oz": 7388.362800000001,
      "brl_g": 237.54137993987862,
      "chg_1h": -0.20202020202020202,
      "chg_24h": -0.20202020202020202
    },
    "XCU": {
      "name": "Cobre",
      "usd_oz": 5.865518,
      "usd_g": 0.18858078271172565,
      "brl_oz": 29.2419534372,
      "brl_g": 0.9401506341310372,
      "chg_1h": 0,
      "chg_24h": 0.1379955560753139
    }
  }
}
