{
  "timestamp": 1770973014,
  "usdToBrl": 5.1761,
  "metals": {
    "XAU": {
      "name": "Ouro",
      "usd_oz": 4982.299805,
      "usd_g": 160.1846583594796,
      "brl_oz": 25788.882020660498,
      "brl_g": 829.1318101345024,
      "chg_1h": 0.12057151367711857,
      "chg_24h": -1.6541381216111977
    },
    "XAG": {
      "name": "Prata",
      "usd_oz": 78.992996,
      "usd_g": 2.539683795092644,
      "brl_oz": 408.8756465956,
      "brl_g": 13.145657291779033,
      "chg_1h": 1.2107921232110672,
      "chg_24h": -5.712652403497915
    },
    "XPT": {
      "name": "Platina",
      "usd_oz": 2047,
      "usd_g": 65.81257822598148,
      "brl_oz": 10595.4767,
      "brl_g": 340.65248615550274,
      "chg_1h": 0.09779951100244498,
      "chg_24h": -3.7611659614480484
    },
    "XPD": {
      "name": "Paládio",
      "usd_oz": 1684,
      "usd_g": 54.14185722156952,
      "brl_oz": 8716.5524,
      "brl_g": 280.24366716456603,
      "chg_1h": -0.531600708800945,
      "chg_24h": -2.883506343713956
    },
    "XCU": {
      "name": "Cobre",
      "usd_oz": 5.948637,
      "usd_g": 0.19125312061576344,
      "brl_oz": 30.7907399757,
      "brl_g": 0.9899452776192531,
      "chg_1h": -0.42393968626857287,
      "chg_24h": -1.1171666020595061
    }
  }
}
