{
  "timestamp": 1778722206,
  "usdToBrl": 4.9039,
  "metals": {
    "XAU": {
      "name": "Ouro",
      "usd_oz": 4695.399902,
      "usd_g": 150.96061228756267,
      "brl_oz": 23025.7715794178,
      "brl_g": 740.2957465969786,
      "chg_1h": -0.04044670510443478,
      "chg_24h": -0.5527925023827149
    },
    "XAG": {
      "name": "Prata",
      "usd_oz": 87.834,
      "usd_g": 2.82392867410887,
      "brl_oz": 430.7291526,
      "brl_g": 13.848263824962489,
      "chg_1h": 0.00796679809283526,
      "chg_24h": 0.5828835012728452
    },
    "XPT": {
      "name": "Platina",
      "usd_oz": 2144,
      "usd_g": 68.9312006431384,
      "brl_oz": 10513.9616,
      "brl_g": 338.0317148338864,
      "chg_1h": -0.186219739292365,
      "chg_24h": 0.7518796992481203
    },
    "XPD": {
      "name": "Paládio",
      "usd_oz": 1525,
      "usd_g": 49.02988851715767,
      "brl_oz": 7478.4475,
      "brl_g": 240.43767029928952,
      "chg_1h": 0,
      "chg_24h": 0.6600660066006601
    },
    "XCU": {
      "name": "Cobre",
      "usd_oz": 6.287093,
      "usd_g": 0.20213473369639498,
      "brl_oz": 30.831275362699998,
      "brl_g": 0.9912485205737513,
      "chg_1h": -0.7790786620729342,
      "chg_24h": -0.45722185868175497
    }
  }
}
