{
  "timestamp": 1775644841,
  "usdToBrl": 5.1489,
  "metals": {
    "XAU": {
      "name": "Ouro",
      "usd_oz": 4788.700195,
      "usd_g": 153.9602863625844,
      "brl_oz": 24656.5384340355,
      "brl_g": 792.726118452311,
      "chg_1h": -0.1938266986244196,
      "chg_24h": 2.5703085438751327
    },
    "XAG": {
      "name": "Prata",
      "usd_oz": 77.036003,
      "usd_g": 2.476765009113065,
      "brl_oz": 396.6506758467,
      "brl_g": 12.752615355422261,
      "chg_1h": 0.11046900549538081,
      "chg_24h": 6.178933935482558
    },
    "XPT": {
      "name": "Platina",
      "usd_oz": 2048,
      "usd_g": 65.8447289725501,
      "brl_oz": 10544.9472,
      "brl_g": 339.0279250067632,
      "chg_1h": 0.048851978505129456,
      "chg_24h": 3.9593908629441623
    },
    "XPD": {
      "name": "Paládio",
      "usd_oz": 1555,
      "usd_g": 49.99441091421651,
      "brl_oz": 8006.539500000001,
      "brl_g": 257.4162223562094,
      "chg_1h": 0.5171299288946347,
      "chg_24h": 3.3909574468085104
    },
    "XCU": {
      "name": "Cobre",
      "usd_oz": 5.608972,
      "usd_g": 0.1803326372825304,
      "brl_oz": 28.8800359308,
      "brl_g": 0.9285147161040208,
      "chg_1h": -0.04850585224355311,
      "chg_24h": 1.6969090621300684
    }
  }
}
