{
  "timestamp": 1778187640,
  "usdToBrl": 4.9167,
  "metals": {
    "XAU": {
      "name": "Ouro",
      "usd_oz": 4688.299805,
      "usd_g": 150.73233886830297,
      "brl_oz": 23050.963651243495,
      "brl_g": 741.1056905137851,
      "chg_1h": -0.4860839924464449,
      "chg_24h": -0.19797966633983666
    },
    "XAG": {
      "name": "Prata",
      "usd_oz": 78.670998,
      "usd_g": 2.5293313189990387,
      "brl_oz": 386.80169586659997,
      "brl_g": 12.435963296122573,
      "chg_1h": -0.9480836549111767,
      "chg_24h": 1.2457626637673218
    },
    "XPT": {
      "name": "Platina",
      "usd_oz": 2032,
      "usd_g": 65.33031702745205,
      "brl_oz": 9990.7344,
      "brl_g": 321.2095697288735,
      "chg_1h": -0.44096031357177856,
      "chg_24h": -1.9305019305019304
    },
    "XPD": {
      "name": "Paládio",
      "usd_oz": 1507,
      "usd_g": 48.45117507892237,
      "brl_oz": 7409.466899999999,
      "brl_g": 238.2198925105376,
      "chg_1h": -0.39656311962987445,
      "chg_24h": -3.767560664112388
    },
    "XCU": {
      "name": "Cobre",
      "usd_oz": 6.042606,
      "usd_g": 0.19427429412007086,
      "brl_oz": 29.709680920199997,
      "brl_g": 0.9551884219001523,
      "chg_1h": 0,
      "chg_24h": 0.11707320306053835
    }
  }
}
