{
  "timestamp": 1784320706,
  "usdToBrl": 5.1158,
  "metals": {
    "XAU": {
      "name": "Ouro",
      "usd_oz": 4011.100098,
      "usd_g": 128.95986271219687,
      "brl_oz": 20519.9858813484,
      "brl_g": 659.7328656630567,
      "chg_1h": 0,
      "chg_24h": 0.8599712550673039
    },
    "XAG": {
      "name": "Prata",
      "usd_oz": 56.033001,
      "usd_g": 1.8015028146306782,
      "brl_oz": 286.6536265158,
      "brl_g": 9.216128099087623,
      "chg_1h": -0.4264887321893044,
      "chg_24h": 0.6990870408473966
    },
    "XPT": {
      "name": "Platina",
      "usd_oz": 1600,
      "usd_g": 51.44119450980477,
      "brl_oz": 8185.280000000001,
      "brl_g": 263.16286287325926,
      "chg_1h": -0.18714909544603867,
      "chg_24h": -1.477832512315271
    },
    "XPD": {
      "name": "Paládio",
      "usd_oz": 1270,
      "usd_g": 40.831448142157534,
      "brl_oz": 6497.066,
      "brl_g": 208.8855224056495,
      "chg_1h": -0.07867820613690008,
      "chg_24h": -0.4702194357366771
    },
    "XCU": {
      "name": "Cobre",
      "usd_oz": 6.112596,
      "usd_g": 0.19652452487240912,
      "brl_oz": 31.2708186168,
      "brl_g": 1.0053801643422706,
      "chg_1h": 0,
      "chg_24h": -0.6844016761772573
    }
  }
}
