{
  "timestamp": 1776953585,
  "usdToBrl": 4.9717,
  "metals": {
    "XAU": {
      "name": "Ouro",
      "usd_oz": 4722.200195,
      "usd_g": 151.82226171577065,
      "brl_oz": 23477.362709481502,
      "brl_g": 754.814738572297,
      "chg_1h": 0,
      "chg_24h": -0.5936280646209848
    },
    "XAG": {
      "name": "Prata",
      "usd_oz": 75.870003,
      "usd_g": 2.4392772386140447,
      "brl_oz": 377.2028939151,
      "brl_g": 12.127354647217446,
      "chg_1h": 0,
      "chg_24h": -3.0910690625741677
    },
    "XPT": {
      "name": "Platina",
      "usd_oz": 2040,
      "usd_g": 65.58752300000108,
      "brl_oz": 10142.268,
      "brl_g": 326.0814880991054,
      "chg_1h": 0,
      "chg_24h": -2.48565965583174
    },
    "XPD": {
      "name": "Paládio",
      "usd_oz": 1539,
      "usd_g": 49.47999896911846,
      "brl_oz": 7651.4463000000005,
      "brl_g": 245.99971087476627,
      "chg_1h": 0,
      "chg_24h": -3.0245746691871456
    },
    "XCU": {
      "name": "Cobre",
      "usd_oz": 5.965344,
      "usd_g": 0.19179026313868552,
      "brl_oz": 29.6579007648,
      "brl_g": 0.9535236512466029,
      "chg_1h": 0,
      "chg_24h": -0.5858513743359359
    }
  }
}
