{
  "timestamp": 1781679145,
  "usdToBrl": 5.0603,
  "metals": {
    "XAU": {
      "name": "Ouro",
      "usd_oz": 4329.600098,
      "usd_g": 139.19987549430488,
      "brl_oz": 21909.075375909397,
      "brl_g": 704.3931299638309,
      "chg_1h": 0,
      "chg_24h": 0.10404383477924307
    },
    "XAG": {
      "name": "Prata",
      "usd_oz": 70.374001,
      "usd_g": 2.2625766711713724,
      "brl_oz": 356.1135572603,
      "brl_g": 11.449316729128496,
      "chg_1h": 0,
      "chg_24h": 0.9974310624803697
    },
    "XPT": {
      "name": "Platina",
      "usd_oz": 1796,
      "usd_g": 57.74274083725585,
      "brl_oz": 9088.2988,
      "brl_g": 292.19559145876576,
      "chg_1h": 0,
      "chg_24h": 1.9296254256526675
    },
    "XPD": {
      "name": "Paládio",
      "usd_oz": 1371,
      "usd_g": 44.07867354558896,
      "brl_oz": 6937.6713,
      "brl_g": 223.05131174274382,
      "chg_1h": 0,
      "chg_24h": 1.1061946902654867
    },
    "XCU": {
      "name": "Cobre",
      "usd_oz": 6.217315,
      "usd_g": 0.19989131890232928,
      "brl_oz": 31.4614790945,
      "brl_g": 1.0115100410414568,
      "chg_1h": 0,
      "chg_24h": 0.5084009255939311
    }
  }
}
