{
  "timestamp": 1779942143,
  "usdToBrl": 5.0458,
  "metals": {
    "XAU": {
      "name": "Ouro",
      "usd_oz": 4371.899902,
      "usd_g": 140.5598457726115,
      "brl_oz": 22059.7325255116,
      "brl_g": 709.2368697994432,
      "chg_1h": 0,
      "chg_24h": -2.8315495415180396
    },
    "XAG": {
      "name": "Prata",
      "usd_oz": 72.224998,
      "usd_g": 2.322087606617663,
      "brl_oz": 364.4328949084,
      "brl_g": 11.716789645471403,
      "chg_1h": 0,
      "chg_24h": -4.825599841532806
    },
    "XPT": {
      "name": "Platina",
      "usd_oz": 1894,
      "usd_g": 60.8935140009814,
      "brl_oz": 9556.7452,
      "brl_g": 307.2564929461519,
      "chg_1h": 0,
      "chg_24h": -2.219927723283428
    },
    "XPD": {
      "name": "Paládio",
      "usd_oz": 1385,
      "usd_g": 44.52878399754975,
      "brl_oz": 6988.433,
      "brl_g": 224.68333829483652,
      "chg_1h": 0,
      "chg_24h": -0.4313443565780014
    },
    "XCU": {
      "name": "Cobre",
      "usd_oz": 6.112535,
      "usd_g": 0.19652256367686843,
      "brl_oz": 30.842629103,
      "brl_g": 0.9916135518007427,
      "chg_1h": 0,
      "chg_24h": -0.39911820524230524
    }
  }
}
