{
  "timestamp": 1772225209,
  "usdToBrl": 5.1556,
  "metals": {
    "XAU": {
      "name": "Ouro",
      "usd_oz": 5263.299805,
      "usd_g": 169.21901814526407,
      "brl_oz": 27135.468474657995,
      "brl_g": 872.4255699497234,
      "chg_1h": 0.28962303912214293,
      "chg_24h": 1.2737816426794513
    },
    "XAG": {
      "name": "Prata",
      "usd_oz": 93.814003,
      "usd_g": 3.0161902350415053,
      "brl_oz": 483.6674738668,
      "brl_g": 15.550270375779984,
      "chg_1h": 0.7009370648360299,
      "chg_24h": 5.613094780482687
    },
    "XPT": {
      "name": "Platina",
      "usd_oz": 2371,
      "usd_g": 76.22942011421695,
      "brl_oz": 12223.927599999999,
      "brl_g": 393.0083983408569,
      "chg_1h": 0.5939753924480272,
      "chg_24h": 3.5371179039301306
    },
    "XPD": {
      "name": "Paládio",
      "usd_oz": 1809,
      "usd_g": 58.160700542648016,
      "brl_oz": 9326.4804,
      "brl_g": 299.8533077176761,
      "chg_1h": 0.5,
      "chg_24h": -0.2206287920573635
    },
    "XCU": {
      "name": "Cobre",
      "usd_oz": 6.08774,
      "usd_g": 0.19572538591569932,
      "brl_oz": 31.385952344,
      "brl_g": 1.0090817996269794,
      "chg_1h": 1.0592249282985007,
      "chg_24h": 2.1605324657148586
    }
  }
}
