{
  "timestamp": 1776406647,
  "usdToBrl": 4.9882,
  "metals": {
    "XAU": {
      "name": "Ouro",
      "usd_oz": 4790.299805,
      "usd_g": 154.01171501830302,
      "brl_oz": 23894.973487301,
      "brl_g": 768.2412368542991,
      "chg_1h": -0.13134914045945212,
      "chg_24h": -0.680066603087951
    },
    "XAG": {
      "name": "Prata",
      "usd_oz": 78.885002,
      "usd_g": 2.5362117073677113,
      "brl_oz": 393.4941669764,
      "brl_g": 12.651131238691617,
      "chg_1h": -0.3738245286116585,
      "chg_24h": -2.063385429502734
    },
    "XPT": {
      "name": "Platina",
      "usd_oz": 2087,
      "usd_g": 67.09860808872659,
      "brl_oz": 10410.3734,
      "brl_g": 334.70127686818597,
      "chg_1h": -0.3818615751789976,
      "chg_24h": -2.7039627039627043
    },
    "XPD": {
      "name": "Paládio",
      "usd_oz": 1572,
      "usd_g": 50.54097360588319,
      "brl_oz": 7841.4504,
      "brl_g": 252.10848454086653,
      "chg_1h": -0.6321112515802781,
      "chg_24h": -2.360248447204969
    },
    "XCU": {
      "name": "Cobre",
      "usd_oz": 5.968898,
      "usd_g": 0.19190452689199042,
      "brl_oz": 29.7740570036,
      "brl_g": 0.9572581610426266,
      "chg_1h": 0.0849453841087448,
      "chg_24h": -0.012664050546312715
    }
  }
}
