{
  "timestamp": 1775128086,
  "usdToBrl": 5.1598,
  "metals": {
    "XAU": {
      "name": "Ouro",
      "usd_oz": 4624.700195,
      "usd_g": 148.6875639253294,
      "brl_oz": 23862.528066161,
      "brl_g": 767.1980923419146,
      "chg_1h": -0.19207317877606667,
      "chg_24h": -2.430424890436848
    },
    "XAG": {
      "name": "Prata",
      "usd_oz": 71.092003,
      "usd_g": 2.2856609715091403,
      "brl_oz": 366.8205170794,
      "brl_g": 11.79355348079286,
      "chg_1h": -0.46342776682976466,
      "chg_24h": -5.379721349333671
    },
    "XPT": {
      "name": "Platina",
      "usd_oz": 1928,
      "usd_g": 61.98663938431475,
      "brl_oz": 9948.0944,
      "brl_g": 319.8386618951872,
      "chg_1h": -0.10362694300518134,
      "chg_24h": -2.773575390821987
    },
    "XPD": {
      "name": "Paládio",
      "usd_oz": 1486,
      "usd_g": 47.77600940098118,
      "brl_oz": 7667.462799999999,
      "brl_g": 246.51465330718267,
      "chg_1h": -0.335345405767941,
      "chg_24h": -1.6545334215751157
    },
    "XCU": {
      "name": "Cobre",
      "usd_oz": 5.51712,
      "usd_g": 0.1773795269087088,
      "brl_oz": 28.467235776,
      "brl_g": 0.9152428829435557,
      "chg_1h": -0.21602209704933298,
      "chg_24h": -0.5505203003572043
    }
  }
}
