{
  "timestamp": 1776429768,
  "usdToBrl": 4.9882,
  "metals": {
    "XAU": {
      "name": "Ouro",
      "usd_oz": 4825.200195,
      "usd_g": 155.13378861233932,
      "brl_oz": 24069.063612699003,
      "brl_g": 773.838364356071,
      "chg_1h": 0.6424222766054994,
      "chg_24h": 0.151524380923102
    },
    "XAG": {
      "name": "Prata",
      "usd_oz": 80.366997,
      "usd_g": 2.583858953028685,
      "brl_oz": 400.8866544354,
      "brl_g": 12.888805229497686,
      "chg_1h": 1.091832587934018,
      "chg_24h": 1.1032822016173631
    },
    "XPT": {
      "name": "Platina",
      "usd_oz": 2126,
      "usd_g": 68.35248720490308,
      "brl_oz": 10604.913199999999,
      "brl_g": 340.95587667549756,
      "chg_1h": 2.260702260702261,
      "chg_24h": -0.6077606358111267
    },
    "XPD": {
      "name": "Paládio",
      "usd_oz": 1592,
      "usd_g": 51.18398853725574,
      "brl_oz": 7941.2144,
      "brl_g": 255.3159716215391,
      "chg_1h": 1.6602809706257982,
      "chg_24h": -0.2506265664160401
    },
    "XCU": {
      "name": "Cobre",
      "usd_oz": 5.960733,
      "usd_g": 0.19164201604625758,
      "brl_oz": 29.7333283506,
      "brl_g": 0.955948704441942,
      "chg_1h": 0.038063494540958726,
      "chg_24h": 0.16897234231125208
    }
  }
}
