{
  "timestamp": 1778627914,
  "usdToBrl": 4.9038,
  "metals": {
    "XAU": {
      "name": "Ouro",
      "usd_oz": 4719.899902,
      "usd_g": 151.74830557849404,
      "brl_oz": 23145.445139427604,
      "brl_g": 744.1433408958192,
      "chg_1h": 0.014826813254099767,
      "chg_24h": -0.8236892520179092
    },
    "XAG": {
      "name": "Prata",
      "usd_oz": 86.839996,
      "usd_g": 2.7919707034166676,
      "brl_oz": 425.8459723848,
      "brl_g": 13.691265935414656,
      "chg_1h": -0.04949990045809408,
      "chg_24h": -0.5371748740032536
    },
    "XPT": {
      "name": "Platina",
      "usd_oz": 2131,
      "usd_g": 68.51324093774623,
      "brl_oz": 10449.997800000001,
      "brl_g": 335.97523091052,
      "chg_1h": -0.4205607476635514,
      "chg_24h": -0.9298000929800093
    },
    "XPD": {
      "name": "Paládio",
      "usd_oz": 1517,
      "usd_g": 48.77268254460865,
      "brl_oz": 7439.064600000001,
      "brl_g": 239.17148066225192,
      "chg_1h": 0,
      "chg_24h": -1.3012361743656473
    },
    "XCU": {
      "name": "Cobre",
      "usd_oz": 6.221927,
      "usd_g": 0.2000395981455038,
      "brl_oz": 30.511085622600003,
      "brl_g": 0.9809541813859216,
      "chg_1h": 0,
      "chg_24h": -0.5054580320637867
    }
  }
}
