{
  "timestamp": 1784617632,
  "usdToBrl": 5.1043,
  "metals": {
    "XAU": {
      "name": "Ouro",
      "usd_oz": 4077.5,
      "usd_g": 131.0946691335806,
      "brl_oz": 20812.78325,
      "brl_g": 669.1465196585355,
      "chg_1h": 0,
      "chg_24h": 1.4454918499423273
    },
    "XAG": {
      "name": "Prata",
      "usd_oz": 58.981998,
      "usd_g": 1.8963152698093224,
      "brl_oz": 301.0618123914,
      "brl_g": 9.679362031687726,
      "chg_1h": 0,
      "chg_24h": 3.4372681322518988
    },
    "XPT": {
      "name": "Platina",
      "usd_oz": 1643,
      "usd_g": 52.823676612255774,
      "brl_oz": 8386.3649,
      "brl_g": 269.62789253193716,
      "chg_1h": 0,
      "chg_24h": 2.1766169154228856
    },
    "XPD": {
      "name": "Paládio",
      "usd_oz": 1314,
      "usd_g": 42.246080991177166,
      "brl_oz": 6707.050200000001,
      "brl_g": 215.63667120326562,
      "chg_1h": 0,
      "chg_24h": 2.336448598130841
    },
    "XCU": {
      "name": "Cobre",
      "usd_oz": 6.188663,
      "usd_g": 0.19897013571164496,
      "brl_oz": 31.588792550900003,
      "brl_g": 1.0156032637129495,
      "chg_1h": 0,
      "chg_24h": 1.7525943885214113
    }
  }
}
