{
  "timestamp": 1775838679,
  "usdToBrl": 5.0543,
  "metals": {
    "XAU": {
      "name": "Ouro",
      "usd_oz": 4759.5,
      "usd_g": 153.0214782933849,
      "brl_oz": 24055.94085,
      "brl_g": 773.4164577382552,
      "chg_1h": -0.351732631657942,
      "chg_24h": -0.8272252330994987
    },
    "XAG": {
      "name": "Prata",
      "usd_oz": 76.138,
      "usd_g": 2.4478935422421975,
      "brl_oz": 384.8242934,
      "brl_g": 12.372388330554738,
      "chg_1h": -0.5849620111373044,
      "chg_24h": -0.06299976621687471
    },
    "XPT": {
      "name": "Platina",
      "usd_oz": 2060,
      "usd_g": 66.23053793137365,
      "brl_oz": 10411.857999999998,
      "brl_g": 334.7490078665418,
      "chg_1h": -0.4830917874396135,
      "chg_24h": -2.784332232184993
    },
    "XPD": {
      "name": "Paládio",
      "usd_oz": 1544,
      "usd_g": 49.6407527019616,
      "brl_oz": 7803.839199999999,
      "brl_g": 250.8992563815245,
      "chg_1h": -0.5154639175257731,
      "chg_24h": -2.770780856423174
    },
    "XCU": {
      "name": "Cobre",
      "usd_oz": 5.754348,
      "usd_g": 0.1850065842156913,
      "brl_oz": 29.084201096399998,
      "brl_g": 0.9350787786013685,
      "chg_1h": -0.08402227606083278,
      "chg_24h": 1.510982686491347
    }
  }
}
