{
  "timestamp": 1778212329,
  "usdToBrl": 4.9167,
  "metals": {
    "XAU": {
      "name": "Ouro",
      "usd_oz": 4720.5,
      "usd_g": 151.76759917720838,
      "brl_oz": 23209.282349999998,
      "brl_g": 746.1957548745804,
      "chg_1h": 0,
      "chg_24h": 0.4361702127659574
    },
    "XAG": {
      "name": "Prata",
      "usd_oz": 80.015999,
      "usd_g": 2.57257410528459,
      "brl_oz": 393.41466228329995,
      "brl_g": 12.648575103452742,
      "chg_1h": 0,
      "chg_24h": 2.7888727241457643
    },
    "XPT": {
      "name": "Platina",
      "usd_oz": 2056,
      "usd_g": 66.10193494509913,
      "brl_oz": 10108.7352,
      "brl_g": 325.00338354456886,
      "chg_1h": 0,
      "chg_24h": -0.4358353510895884
    },
    "XPD": {
      "name": "Paládio",
      "usd_oz": 1529,
      "usd_g": 49.15849150343218,
      "brl_oz": 7517.6343,
      "brl_g": 241.697555174925,
      "chg_1h": 0,
      "chg_24h": -2.3003194888178915
    },
    "XCU": {
      "name": "Cobre",
      "usd_oz": 6.002917,
      "usd_g": 0.19299826313950857,
      "brl_oz": 29.514542013899998,
      "brl_g": 0.9489145603780217,
      "chg_1h": 0,
      "chg_24h": -0.17977201496310355
    }
  }
}
