{
  "timestamp": 1775631373,
  "usdToBrl": 5.1489,
  "metals": {
    "XAU": {
      "name": "Ouro",
      "usd_oz": 4824.700195,
      "usd_g": 155.117713239055,
      "brl_oz": 24841.898834035503,
      "brl_g": 798.6855936965703,
      "chg_1h": 0.18273413441059178,
      "chg_24h": 3.6789555173525375
    },
    "XAG": {
      "name": "Prata",
      "usd_oz": 77.394997,
      "usd_g": 2.488306934226723,
      "brl_oz": 398.4991000533,
      "brl_g": 12.812043573639976,
      "chg_1h": 0.49079944663644587,
      "chg_24h": 6.820965033015966
    },
    "XPT": {
      "name": "Platina",
      "usd_oz": 2046,
      "usd_g": 65.78042747941285,
      "brl_oz": 10534.6494,
      "brl_g": 338.69684304874886,
      "chg_1h": 0.1958863858961802,
      "chg_24h": 4.016268429079817
    },
    "XPD": {
      "name": "Paládio",
      "usd_oz": 1570,
      "usd_g": 50.47667211274593,
      "brl_oz": 8083.773,
      "brl_g": 259.89933704131755,
      "chg_1h": 0.4478566858605247,
      "chg_24h": 4.527296937416778
    },
    "XCU": {
      "name": "Cobre",
      "usd_oz": 5.620161,
      "usd_g": 0.1806923719858868,
      "brl_oz": 28.937646972900005,
      "brl_g": 0.9303669541181326,
      "chg_1h": 0.5450566703651522,
      "chg_24h": 1.79096248929369
    }
  }
}
