{
  "timestamp": 1774450065,
  "usdToBrl": 5.2669,
  "metals": {
    "XAU": {
      "name": "Ouro",
      "usd_oz": 4573.600098,
      "usd_g": 147.0446576570501,
      "brl_oz": 24088.694356156197,
      "brl_g": 774.4695074139171,
      "chg_1h": 0.25867625727605204,
      "chg_24h": 3.7779945156126566
    },
    "XAG": {
      "name": "Prata",
      "usd_oz": 73.167,
      "usd_g": 2.3523736741868038,
      "brl_oz": 385.3632723,
      "brl_g": 12.389716904574476,
      "chg_1h": 0.5179269059221442,
      "chg_24h": 5.689898842515983
    },
    "XPT": {
      "name": "Platina",
      "usd_oz": 1977,
      "usd_g": 63.56202596617752,
      "brl_oz": 10412.6613,
      "brl_g": 334.7748345612604,
      "chg_1h": 0.5083884087442806,
      "chg_24h": 4.052631578947368
    },
    "XPD": {
      "name": "Paládio",
      "usd_oz": 1468,
      "usd_g": 47.197295962745876,
      "brl_oz": 7731.8092,
      "brl_g": 248.58343810618624,
      "chg_1h": 0.4103967168262654,
      "chg_24h": 3.2348804500703237
    },
    "XCU": {
      "name": "Cobre",
      "usd_oz": 5.492323,
      "usd_g": 0.17658228484604654,
      "brl_oz": 28.927516008699996,
      "brl_g": 0.9300412360556425,
      "chg_1h": 0.5327446204782509,
      "chg_24h": 0.6274370991834588
    }
  }
}
