{
  "timestamp": 1780575216,
  "usdToBrl": 5.0184,
  "metals": {
    "XAU": {
      "name": "Ouro",
      "usd_oz": 4494.299805,
      "usd_g": 144.49509403398915,
      "brl_oz": 22554.194141411997,
      "brl_g": 725.1341799001711,
      "chg_1h": 0,
      "chg_24h": 0.6900370785258128
    },
    "XAG": {
      "name": "Prata",
      "usd_oz": 74.218002,
      "usd_g": 2.3861641731319247,
      "brl_oz": 372.45562123679997,
      "brl_g": 11.97472628644525,
      "chg_1h": 0,
      "chg_24h": -0.5053944566607056
    },
    "XPT": {
      "name": "Platina",
      "usd_oz": 1902,
      "usd_g": 61.15071997353042,
      "brl_oz": 9544.996799999999,
      "brl_g": 306.8787731151651,
      "chg_1h": 0,
      "chg_24h": -1.3485477178423237
    },
    "XPD": {
      "name": "Paládio",
      "usd_oz": 1345,
      "usd_g": 43.242754134804635,
      "brl_oz": 6749.748,
      "brl_g": 217.00943735010358,
      "chg_1h": 0,
      "chg_24h": -1.6812865497076022
    },
    "XCU": {
      "name": "Cobre",
      "usd_oz": 6.309546,
      "usd_g": 0.2028566144091004,
      "brl_oz": 31.6638256464,
      "brl_g": 1.0180156337506294,
      "chg_1h": 0,
      "chg_24h": 0.07435536216675781
    }
  }
}
