{
  "timestamp": 1774283924,
  "usdToBrl": 5.2552,
  "metals": {
    "XAU": {
      "name": "Ouro",
      "usd_oz": 4386,
      "usd_g": 141.01317445000234,
      "brl_oz": 23049.307200000003,
      "brl_g": 741.0524343696524,
      "chg_1h": -0.6095742617639849,
      "chg_24h": -2.364102007702271
    },
    "XAG": {
      "name": "Prata",
      "usd_oz": 68.871002,
      "usd_g": 2.214254131229471,
      "brl_oz": 361.93088971040004,
      "brl_g": 11.636348310437116,
      "chg_1h": -0.07979717030739486,
      "chg_24h": 1.3733079352758106
    },
    "XPT": {
      "name": "Platina",
      "usd_oz": 1869,
      "usd_g": 60.089745336765695,
      "brl_oz": 9821.9688,
      "brl_g": 315.7836296937711,
      "chg_1h": -0.4792332268370607,
      "chg_24h": -3.3609100310237854
    },
    "XPD": {
      "name": "Paládio",
      "usd_oz": 1445,
      "usd_g": 46.45782879166743,
      "brl_oz": 7593.764,
      "brl_g": 244.1451818659707,
      "chg_1h": -0.7554945054945055,
      "chg_24h": 0.9078212290502794
    },
    "XCU": {
      "name": "Cobre",
      "usd_oz": 5.534281,
      "usd_g": 0.17793126587057304,
      "brl_oz": 29.0837535112,
      "brl_g": 0.9350643884030355,
      "chg_1h": 0.015035830275113115,
      "chg_24h": 2.4347280148087775
    }
  }
}
