{
  "timestamp": 1776815433,
  "usdToBrl": 4.9639,
  "metals": {
    "XAU": {
      "name": "Ouro",
      "usd_oz": 4735.399902,
      "usd_g": 152.2466421503078,
      "brl_oz": 23506.0515735378,
      "brl_g": 755.7371069699128,
      "chg_1h": 0.24131883996613276,
      "chg_24h": -1.795937328909164
    },
    "XAG": {
      "name": "Prata",
      "usd_oz": 77.384003,
      "usd_g": 2.4879534689189478,
      "brl_oz": 384.12645249170004,
      "brl_g": 12.349952224366763,
      "chg_1h": 0.43870546008114486,
      "chg_24h": -3.2905445915379055
    },
    "XPT": {
      "name": "Platina",
      "usd_oz": 2052,
      "usd_g": 65.97333195882462,
      "brl_oz": 10185.9228,
      "brl_g": 327.4850225104095,
      "chg_1h": 0.4897159647404506,
      "chg_24h": -2.2391615054787994
    },
    "XPD": {
      "name": "Paládio",
      "usd_oz": 1572,
      "usd_g": 50.54097360588319,
      "brl_oz": 7803.2508,
      "brl_g": 250.88033888224354,
      "chg_1h": 0.12738853503184713,
      "chg_24h": -0.8201892744479496
    },
    "XCU": {
      "name": "Cobre",
      "usd_oz": 5.990292,
      "usd_g": 0.19259235996407964,
      "brl_oz": 29.7352104588,
      "brl_g": 0.9560092156256949,
      "chg_1h": 0,
      "chg_24h": -0.06684684898100095
    }
  }
}
