{
  "timestamp": 1776362385,
  "usdToBrl": 4.9882,
  "metals": {
    "XAU": {
      "name": "Ouro",
      "usd_oz": 4785.100098,
      "usd_g": 153.8445405563149,
      "brl_oz": 23869.0363088436,
      "brl_g": 767.40733720301,
      "chg_1h": -0.05638721563045308,
      "chg_24h": -0.22727068390325503
    },
    "XAG": {
      "name": "Prata",
      "usd_oz": 78.369003,
      "usd_g": 2.5196219542890463,
      "brl_oz": 390.9202607646,
      "brl_g": 12.568378232384621,
      "chg_1h": -0.30657422329760625,
      "chg_24h": -1.2537107820601336
    },
    "XPT": {
      "name": "Platina",
      "usd_oz": 2099,
      "usd_g": 67.48441704755014,
      "brl_oz": 10470.2318,
      "brl_g": 336.6257691165896,
      "chg_1h": -0.4269449715370019,
      "chg_24h": -1.223529411764706
    },
    "XPD": {
      "name": "Paládio",
      "usd_oz": 1584,
      "usd_g": 50.92678256470672,
      "brl_oz": 7901.3088,
      "brl_g": 254.03297678927007,
      "chg_1h": -0.6896551724137931,
      "chg_24h": -0.5025125628140703
    },
    "XCU": {
      "name": "Cobre",
      "usd_oz": 5.944782,
      "usd_g": 0.19112917948774139,
      "brl_oz": 29.6537615724,
      "brl_g": 0.9533905731207516,
      "chg_1h": -0.003801508761630185,
      "chg_24h": 0.21665798483798093
    }
  }
}
