{
  "timestamp": 1774029614,
  "usdToBrl": 5.2552,
  "metals": {
    "XAU": {
      "name": "Ouro",
      "usd_oz": 4574.399902,
      "usd_g": 147.07037195275868,
      "brl_oz": 24039.3863649904,
      "brl_g": 772.8842186861375,
      "chg_1h": -0.33118780885993826,
      "chg_24h": -0.6623379584592759
    },
    "XAG": {
      "name": "Prata",
      "usd_oz": 69.764,
      "usd_g": 2.2429646836137622,
      "brl_oz": 366.6237728,
      "brl_g": 11.787228005327044,
      "chg_1h": -0.43386566715382613,
      "chg_24h": -2.326887870234036
    },
    "XPT": {
      "name": "Platina",
      "usd_oz": 1976,
      "usd_g": 63.52987521960889,
      "brl_oz": 10384.2752,
      "brl_g": 333.86220025408863,
      "chg_1h": -0.6535947712418301,
      "chg_24h": 0.7135575942915392
    },
    "XPD": {
      "name": "Paládio",
      "usd_oz": 1456,
      "usd_g": 46.81148700392234,
      "brl_oz": 7651.5712,
      "brl_g": 246.00372650301267,
      "chg_1h": -0.614334470989761,
      "chg_24h": -1.2211668928086838
    },
    "XCU": {
      "name": "Cobre",
      "usd_oz": 5.397144,
      "usd_g": 0.1735222089383911,
      "brl_oz": 28.363071148800003,
      "brl_g": 0.911893912413033,
      "chg_1h": -0.19293299013587628,
      "chg_24h": -1.8437318246612526
    }
  }
}
