{
  "timestamp": 1774610715,
  "usdToBrl": 5.2366,
  "metals": {
    "XAU": {
      "name": "Ouro",
      "usd_oz": 4410.399902,
      "usd_g": 141.79764951550368,
      "brl_oz": 23095.5001268132,
      "brl_g": 742.5375714528866,
      "chg_1h": -0.48961430293038877,
      "chg_24h": -0.8809824509312516
    },
    "XAG": {
      "name": "Prata",
      "usd_oz": 68.254997,
      "usd_g": 2.1944491105894635,
      "brl_oz": 357.4241172902,
      "brl_g": 11.491452212512785,
      "chg_1h": -1.0553396907835295,
      "chg_24h": 0.06303729733881845
    },
    "XPT": {
      "name": "Platina",
      "usd_oz": 1851,
      "usd_g": 59.51103189853039,
      "brl_oz": 9692.946600000001,
      "brl_g": 311.63546963984425,
      "chg_1h": -1.3326226012793176,
      "chg_24h": -2.1152829190904283
    },
    "XPD": {
      "name": "Paládio",
      "usd_oz": 1396,
      "usd_g": 44.882442209804665,
      "brl_oz": 7310.2936,
      "brl_g": 235.03139687586312,
      "chg_1h": -0.7112375533428165,
      "chg_24h": -0.7112375533428165
    },
    "XCU": {
      "name": "Cobre",
      "usd_oz": 5.469492,
      "usd_g": 0.1758482511511382,
      "brl_oz": 28.6415418072,
      "brl_g": 0.9208469519780503,
      "chg_1h": -0.20140387882194066,
      "chg_24h": -0.14216913178971588
    }
  }
}
