{
  "timestamp": 1783379780,
  "usdToBrl": 5.18,
  "metals": {
    "XAU": {
      "name": "Ouro",
      "usd_oz": 4165,
      "usd_g": 133.90785945833554,
      "brl_oz": 21574.699999999997,
      "brl_g": 693.6427119941781,
      "chg_1h": -0.02400384061449832,
      "chg_24h": -0.7955388428836742
    },
    "XAG": {
      "name": "Prata",
      "usd_oz": 62.186001,
      "usd_g": 1.999326358267446,
      "brl_oz": 322.12348518,
      "brl_g": 10.35651053582537,
      "chg_1h": 0.0064359461972263695,
      "chg_24h": -1.6915391157907695
    },
    "XPT": {
      "name": "Platina",
      "usd_oz": 1641,
      "usd_g": 52.759375119118516,
      "brl_oz": 8500.38,
      "brl_g": 273.2935631170339,
      "chg_1h": 0.12202562538133008,
      "chg_24h": -1.5006002400960383
    },
    "XPD": {
      "name": "Paládio",
      "usd_oz": 1295,
      "usd_g": 41.635216806373236,
      "brl_oz": 6708.099999999999,
      "brl_g": 215.67042305701335,
      "chg_1h": 0.15467904098994587,
      "chg_24h": -0.8422664624808576
    },
    "XCU": {
      "name": "Cobre",
      "usd_oz": 6.042085,
      "usd_g": 0.1942575435811086,
      "brl_oz": 31.298000299999998,
      "brl_g": 1.0062540757501426,
      "chg_1h": 0,
      "chg_24h": 0.4803932948823589
    }
  }
}
