{
  "timestamp": 1775063619,
  "usdToBrl": 5.1598,
  "metals": {
    "XAU": {
      "name": "Ouro",
      "usd_oz": 4791,
      "usd_g": 154.03422681029664,
      "brl_oz": 24720.6018,
      "brl_g": 794.7858034957686,
      "chg_1h": 0.2427103451867604,
      "chg_24h": 3.058858220718764
    },
    "XAG": {
      "name": "Prata",
      "usd_oz": 76.084,
      "usd_g": 2.4461574019274916,
      "brl_oz": 392.57822319999997,
      "brl_g": 12.62168296246547,
      "chg_1h": 0.5670491119826722,
      "chg_24h": 1.855474091822387
    },
    "XPT": {
      "name": "Platina",
      "usd_oz": 1996,
      "usd_g": 64.17289015098144,
      "brl_oz": 10298.960799999999,
      "brl_g": 331.11927860103407,
      "chg_1h": 0.45294413688978363,
      "chg_24h": 1.4743263853584139
    },
    "XPD": {
      "name": "Paládio",
      "usd_oz": 1519,
      "usd_g": 48.83698403774591,
      "brl_oz": 7837.736199999999,
      "brl_g": 251.98907023796133,
      "chg_1h": 0.1978891820580475,
      "chg_24h": 0.8632138114209826
    },
    "XCU": {
      "name": "Cobre",
      "usd_oz": 5.577447,
      "usd_g": 0.17931908499695443,
      "brl_oz": 28.7785110306,
      "brl_g": 0.9252506147672854,
      "chg_1h": 0.17106920678845725,
      "chg_24h": -0.031169421489079467
    }
  }
}
