{
  "timestamp": 1771454929,
  "usdToBrl": 5.2229,
  "metals": {
    "XAU": {
      "name": "Ouro",
      "usd_oz": 4978,
      "usd_g": 160.0464164186301,
      "brl_oz": 25999.5962,
      "brl_g": 835.9064283128631,
      "chg_1h": -0.0556142923459038,
      "chg_24h": 2.029104324656692
    },
    "XAG": {
      "name": "Prata",
      "usd_oz": 77.323997,
      "usd_g": 2.4860242312203504,
      "brl_oz": 403.85550393130006,
      "brl_g": 12.984255957240768,
      "chg_1h": -0.14979984117252637,
      "chg_24h": 4.974196037241601
    },
    "XPT": {
      "name": "Platina",
      "usd_oz": 2082,
      "usd_g": 66.93785435588346,
      "brl_oz": 10874.077800000001,
      "brl_g": 349.6097195153437,
      "chg_1h": -0.14388489208633093,
      "chg_24h": 3.3763654419066533
    },
    "XPD": {
      "name": "Paládio",
      "usd_oz": 1732,
      "usd_g": 55.685093056863664,
      "brl_oz": 9046.0628,
      "brl_g": 290.8376725266932,
      "chg_1h": -0.5169442848937392,
      "chg_24h": 1.5835777126099706
    },
    "XCU": {
      "name": "Cobre",
      "usd_oz": 5.81135,
      "usd_g": 0.18683924107159622,
      "brl_oz": 30.352099915,
      "brl_g": 0.9758426721928399,
      "chg_1h": 0,
      "chg_24h": 1.7236846297085309
    }
  }
}
