{
  "timestamp": 1784045433,
  "usdToBrl": 5.1233,
  "metals": {
    "XAU": {
      "name": "Ouro",
      "usd_oz": 4061.5,
      "usd_g": 130.58025718848253,
      "brl_oz": 20808.28295,
      "brl_g": 669.0018316537527,
      "chg_1h": -0.5314447311032517,
      "chg_24h": 1.1329681274900398
    },
    "XAG": {
      "name": "Prata",
      "usd_oz": 58.854,
      "usd_g": 1.8922000385500313,
      "brl_oz": 301.5266982,
      "brl_g": 9.694308457503375,
      "chg_1h": -0.8607798918291921,
      "chg_24h": 1.2995077591612207
    },
    "XPT": {
      "name": "Platina",
      "usd_oz": 1635,
      "usd_g": 52.56647063970675,
      "brl_oz": 8376.595500000001,
      "brl_g": 269.3137990284096,
      "chg_1h": -1.2084592145015105,
      "chg_24h": 0.8014796547472256
    },
    "XPD": {
      "name": "Paládio",
      "usd_oz": 1321,
      "usd_g": 42.471136217157564,
      "brl_oz": 6767.8793000000005,
      "brl_g": 217.59237218136337,
      "chg_1h": -1.0486891385767791,
      "chg_24h": 3.12256049960968
    },
    "XCU": {
      "name": "Cobre",
      "usd_oz": 6.166966,
      "usd_g": 0.19827256096334545,
      "brl_oz": 31.595216907800005,
      "brl_g": 1.0158098115835077,
      "chg_1h": -0.20674002247989764,
      "chg_24h": 0.7820415772746121
    }
  }
}
