{
  "timestamp": 1773985001,
  "usdToBrl": 5.2987,
  "metals": {
    "XAU": {
      "name": "Ouro",
      "usd_oz": 4707.799805,
      "usd_g": 151.35927842639123,
      "brl_oz": 24945.2188267535,
      "brl_g": 802.0074085979193,
      "chg_1h": -0.3577029081736412,
      "chg_24h": -2.6529701701803
    },
    "XAG": {
      "name": "Prata",
      "usd_oz": 73.177002,
      "usd_g": 2.352695245953983,
      "brl_oz": 387.7429804974,
      "brl_g": 12.466226299736372,
      "chg_1h": -1.1362047376639448,
      "chg_24h": -2.3746934592540643
    },
    "XPT": {
      "name": "Platina",
      "usd_oz": 2003,
      "usd_g": 64.39794537696184,
      "brl_oz": 10613.2961,
      "brl_g": 341.2253931689077,
      "chg_1h": -0.9396636993076163,
      "chg_24h": 0.09995002498750624
    },
    "XPD": {
      "name": "Paládio",
      "usd_oz": 1490,
      "usd_g": 47.90461238725569,
      "brl_oz": 7895.063,
      "brl_g": 253.83216965635174,
      "chg_1h": -0.5340453938584779,
      "chg_24h": -0.33444816053511706
    },
    "XCU": {
      "name": "Cobre",
      "usd_oz": 5.519312,
      "usd_g": 0.17745000134518724,
      "brl_oz": 29.2451784944,
      "brl_g": 0.9402543221277436,
      "chg_1h": -0.4988118762259957,
      "chg_24h": -1.3018513753209227
    }
  }
}
