{
  "timestamp": 1775483663,
  "usdToBrl": 5.1818,
  "metals": {
    "XAU": {
      "name": "Ouro",
      "usd_oz": 4678.899902,
      "usd_g": 150.4301249691803,
      "brl_oz": 24245.1235121836,
      "brl_g": 779.4988215652985,
      "chg_1h": 0.10483316217372939,
      "chg_24h": 0.019236896109450854
    },
    "XAG": {
      "name": "Prata",
      "usd_oz": 72.892998,
      "usd_g": 2.3435643053255064,
      "brl_oz": 377.71693703640005,
      "brl_g": 12.143881517335709,
      "chg_1h": -0.5091051853397753,
      "chg_24h": -0.35269920639908675
    },
    "XPT": {
      "name": "Platina",
      "usd_oz": 1982,
      "usd_g": 63.722779699020656,
      "brl_oz": 10270.3276,
      "brl_g": 330.1986998443852,
      "chg_1h": -0.8008008008008007,
      "chg_24h": -0.4020100502512563
    },
    "XPD": {
      "name": "Paládio",
      "usd_oz": 1507,
      "usd_g": 48.45117507892237,
      "brl_oz": 7808.9726,
      "brl_g": 251.06429902395993,
      "chg_1h": -0.985545335085414,
      "chg_24h": -1.5032679738562091
    },
    "XCU": {
      "name": "Cobre",
      "usd_oz": 5.523714,
      "usd_g": 0.17759152893158234,
      "brl_oz": 28.6227812052,
      "brl_g": 0.9202437846176733,
      "chg_1h": 0,
      "chg_24h": 0.2428346889380345
    }
  }
}
