{
  "timestamp": 1771509086,
  "usdToBrl": 5.2229,
  "metals": {
    "XAU": {
      "name": "Ouro",
      "usd_oz": 4992.899902,
      "usd_g": 160.5254593917295,
      "brl_oz": 26077.4168981558,
      "brl_g": 838.408421857064,
      "chg_1h": 0.012020451964832668,
      "chg_24h": 0.7811494383908271
    },
    "XAG": {
      "name": "Prata",
      "usd_oz": 78.455002,
      "usd_g": 2.522386886343201,
      "brl_oz": 409.7626299458,
      "brl_g": 13.174174468681905,
      "chg_1h": 0.45455058782459107,
      "chg_24h": 2.264136128049835
    },
    "XPT": {
      "name": "Platina",
      "usd_oz": 2068,
      "usd_g": 66.48774390392266,
      "brl_oz": 10800.9572,
      "brl_g": 347.2588376357977,
      "chg_1h": -0.4812319538017324,
      "chg_24h": -0.19305019305019305
    },
    "XPD": {
      "name": "Paládio",
      "usd_oz": 1688,
      "usd_g": 54.27046020784403,
      "brl_oz": 8816.2552,
      "brl_g": 283.4491866195486,
      "chg_1h": -1.4018691588785046,
      "chg_24h": -4.090909090909091
    },
    "XCU": {
      "name": "Cobre",
      "usd_oz": 5.701807,
      "usd_g": 0.183317351840229,
      "brl_oz": 29.779967780299998,
      "brl_g": 0.957448196926332,
      "chg_1h": -0.05698452145448055,
      "chg_24h": -1.1986352404617613
    }
  }
}
