{
  "timestamp": 1771602529,
  "usdToBrl": 5.2144,
  "metals": {
    "XAU": {
      "name": "Ouro",
      "usd_oz": 5053.299805,
      "usd_g": 162.46736136585218,
      "brl_oz": 26349.926503192,
      "brl_g": 847.1698091060997,
      "chg_1h": 0,
      "chg_24h": 0.6593284871978955
    },
    "XAG": {
      "name": "Prata",
      "usd_oz": 82.623001,
      "usd_g": 2.656391165890496,
      "brl_oz": 430.82937641440003,
      "brl_g": 13.851486095419403,
      "chg_1h": 1.148317344636538,
      "chg_24h": 4.846200638975174
    },
    "XPT": {
      "name": "Platina",
      "usd_oz": 2150,
      "usd_g": 69.12410512255016,
      "brl_oz": 11210.960000000001,
      "brl_g": 360.4407337510256,
      "chg_1h": 0.8442776735459663,
      "chg_24h": 3.216514642342775
    },
    "XPD": {
      "name": "Paládio",
      "usd_oz": 1761,
      "usd_g": 56.617464707353875,
      "brl_oz": 9182.5584,
      "brl_g": 295.2261079700261,
      "chg_1h": 0.4563605248146035,
      "chg_24h": 3.163444639718805
    },
    "XCU": {
      "name": "Cobre",
      "usd_oz": 5.769015,
      "usd_g": 0.18547813921561335,
      "brl_oz": 30.081951816,
      "brl_g": 0.9671572091258943,
      "chg_1h": 0.27595370110125195,
      "chg_24h": 0.5653539746570236
    }
  }
}
