{
  "timestamp": 1773906808,
  "usdToBrl": 5.2243,
  "metals": {
    "XAU": {
      "name": "Ouro",
      "usd_oz": 4749.5,
      "usd_g": 152.6999708276986,
      "brl_oz": 24812.812850000002,
      "brl_g": 797.7504575951458,
      "chg_1h": -0.3608407136249598,
      "chg_24h": -4.918725684827139
    },
    "XAG": {
      "name": "Prata",
      "usd_oz": 72.029999,
      "usd_g": 2.315818243187527,
      "brl_oz": 376.30632377570004,
      "brl_g": 12.0985292478846,
      "chg_1h": -0.506932586698367,
      "chg_24h": -9.693841557460418
    },
    "XPT": {
      "name": "Platina",
      "usd_oz": 1955,
      "usd_g": 62.8547095416677,
      "brl_oz": 10213.506500000001,
      "brl_g": 328.3718590585346,
      "chg_1h": -0.660569105691057,
      "chg_24h": -7.169990503323836
    },
    "XPD": {
      "name": "Paládio",
      "usd_oz": 1484,
      "usd_g": 47.71170790784392,
      "brl_oz": 7752.8612,
      "brl_g": 249.26027562294902,
      "chg_1h": 0.6101694915254238,
      "chg_24h": -7.711442786069651
    },
    "XCU": {
      "name": "Cobre",
      "usd_oz": 5.582664,
      "usd_g": 0.17948681544180298,
      "brl_oz": 29.165511535200004,
      "brl_g": 0.9376929699126114,
      "chg_1h": 0.043349351148571705,
      "chg_24h": -2.3691807314165314
    }
  }
}
