{
  "timestamp": 1775820507,
  "usdToBrl": 5.0992,
  "metals": {
    "XAU": {
      "name": "Ouro",
      "usd_oz": 4762,
      "usd_g": 153.10185515980643,
      "brl_oz": 24282.3904,
      "brl_g": 780.696979830885,
      "chg_1h": 0.07144752511204001,
      "chg_24h": 0.31810441154737223
    },
    "XAG": {
      "name": "Prata",
      "usd_oz": 75.68,
      "usd_g": 2.4331685003137657,
      "brl_oz": 385.907456,
      "brl_g": 12.407212816799953,
      "chg_1h": 0.06611530078469234,
      "chg_24h": 1.6862572380413647
    },
    "XPT": {
      "name": "Platina",
      "usd_oz": 2080,
      "usd_g": 66.8735528627462,
      "brl_oz": 10606.336,
      "brl_g": 341.0016207577154,
      "chg_1h": 1.118133203694701,
      "chg_24h": 1.4634146341463417
    },
    "XPD": {
      "name": "Paládio",
      "usd_oz": 1557,
      "usd_g": 50.05871240735377,
      "brl_oz": 7939.4544,
      "brl_g": 255.25938630757832,
      "chg_1h": -0.19230769230769232,
      "chg_24h": -2.504696305572949
    },
    "XCU": {
      "name": "Cobre",
      "usd_oz": 5.694021,
      "usd_g": 0.1830670261274457,
      "brl_oz": 29.034951883199998,
      "brl_g": 0.933495379629071,
      "chg_1h": 0.06776604896342828,
      "chg_24h": 0.9164684470600772
    }
  }
}
