{
  "timestamp": 1783066801,
  "usdToBrl": 5.201,
  "metals": {
    "XAU": {
      "name": "Ouro",
      "usd_oz": 4185.600098,
      "usd_g": 134.57016798842244,
      "brl_oz": 21769.306109698,
      "brl_g": 699.899443707785,
      "chg_1h": 0,
      "chg_24h": 2.8504029193681233
    },
    "XAG": {
      "name": "Prata",
      "usd_oz": 62.862,
      "usd_g": 2.0210602307970924,
      "brl_oz": 326.945262,
      "brl_g": 10.511534260375678,
      "chg_1h": 0,
      "chg_24h": 5.35471868872241
    },
    "XPT": {
      "name": "Platina",
      "usd_oz": 1668,
      "usd_g": 53.62744527647147,
      "brl_oz": 8675.268,
      "brl_g": 278.9163428829281,
      "chg_1h": 0,
      "chg_24h": 3.026559604694256
    },
    "XPD": {
      "name": "Paládio",
      "usd_oz": 1307,
      "usd_g": 42.02102576519677,
      "brl_oz": 6797.706999999999,
      "brl_g": 218.55135500478838,
      "chg_1h": 0,
      "chg_24h": 4.979919678714859
    },
    "XCU": {
      "name": "Cobre",
      "usd_oz": 5.999817,
      "usd_g": 0.19289859582514585,
      "brl_oz": 31.205048216999998,
      "brl_g": 1.0032655968865836,
      "chg_1h": 0,
      "chg_24h": 0.3375457992154439
    }
  }
}
