{
  "timestamp": 1775472125,
  "usdToBrl": 5.1818,
  "metals": {
    "XAU": {
      "name": "Ouro",
      "usd_oz": 4695.600098,
      "usd_g": 150.9670487384227,
      "brl_oz": 24331.6605878164,
      "brl_g": 782.2810531527588,
      "chg_1h": -0.17856934523809762,
      "chg_24h": 0.3762312526720797
    },
    "XAG": {
      "name": "Prata",
      "usd_oz": 73.415001,
      "usd_g": 2.36034709148657,
      "brl_oz": 380.42185218180003,
      "brl_g": 12.230846558665107,
      "chg_1h": -0.22966813437703773,
      "chg_24h": 0.3608973170442466
    },
    "XPT": {
      "name": "Platina",
      "usd_oz": 2007,
      "usd_g": 64.52654836323636,
      "brl_oz": 10399.8726,
      "brl_g": 334.3636683086182,
      "chg_1h": -0.19890601690701143,
      "chg_24h": 0.8542713567839196
    },
    "XPD": {
      "name": "Paládio",
      "usd_oz": 1531,
      "usd_g": 49.22279299656944,
      "brl_oz": 7933.3358,
      "brl_g": 255.06266874962353,
      "chg_1h": -0.32552083333333337,
      "chg_24h": 0.065359477124183
    },
    "XCU": {
      "name": "Cobre",
      "usd_oz": 5.523714,
      "usd_g": 0.17759152893158234,
      "brl_oz": 28.6227812052,
      "brl_g": 0.9202437846176733,
      "chg_1h": 0,
      "chg_24h": 0.2428346889380345
    }
  }
}
