{
  "timestamp": 1774475571,
  "usdToBrl": 5.233,
  "metals": {
    "XAU": {
      "name": "Ouro",
      "usd_oz": 4507.299805,
      "usd_g": 144.9130537393813,
      "brl_oz": 23586.699879564996,
      "brl_g": 758.3300102181822,
      "chg_1h": 0,
      "chg_24h": 0.7150358946734297
    },
    "XAG": {
      "name": "Prata",
      "usd_oz": 71.380997,
      "usd_g": 2.294952344362994,
      "brl_oz": 373.53675730099997,
      "brl_g": 12.009485618051547,
      "chg_1h": 0,
      "chg_24h": 0.03222483723688697
    },
    "XPT": {
      "name": "Platina",
      "usd_oz": 1929,
      "usd_g": 62.018790130883374,
      "brl_oz": 10094.456999999999,
      "brl_g": 324.54432875491267,
      "chg_1h": 0,
      "chg_24h": -0.7205352547606794
    },
    "XPD": {
      "name": "Paládio",
      "usd_oz": 1434,
      "usd_g": 46.104170579412525,
      "brl_oz": 7504.121999999999,
      "brl_g": 241.26312464206572,
      "chg_1h": 0,
      "chg_24h": -1.8480492813141685
    },
    "XCU": {
      "name": "Cobre",
      "usd_oz": 5.496103,
      "usd_g": 0.17670381466807594,
      "brl_oz": 28.761106998999995,
      "brl_g": 0.9246910621580413,
      "chg_1h": 0,
      "chg_24h": 0.8316251658251016
    }
  }
}
