{
  "timestamp": 1784040849,
  "usdToBrl": 5.1233,
  "metals": {
    "XAU": {
      "name": "Ouro",
      "usd_oz": 4083.199951,
      "usd_g": 131.2779268136352,
      "brl_oz": 20919.458308958303,
      "brl_g": 672.5762024442972,
      "chg_1h": 0.22090226567773086,
      "chg_24h": 1.6733055527888459
    },
    "XAG": {
      "name": "Prata",
      "usd_oz": 59.365002,
      "usd_g": 1.9086291343480932,
      "brl_oz": 304.1447147466,
      "brl_g": 9.778479644005587,
      "chg_1h": 0.857969744173127,
      "chg_24h": 2.179044427254242
    },
    "XPT": {
      "name": "Platina",
      "usd_oz": 1655,
      "usd_g": 53.209485571079306,
      "brl_oz": 8479.0615,
      "brl_g": 272.60815742631064,
      "chg_1h": 1.7209588199139523,
      "chg_24h": 2.0345252774352653
    },
    "XPD": {
      "name": "Paládio",
      "usd_oz": 1335,
      "usd_g": 42.921246669118354,
      "brl_oz": 6839.605500000001,
      "brl_g": 219.89842305989407,
      "chg_1h": 3.3281733746130033,
      "chg_24h": 4.215456674473068
    },
    "XCU": {
      "name": "Cobre",
      "usd_oz": 6.179742,
      "usd_g": 0.19868331890150623,
      "brl_oz": 31.660672188600003,
      "brl_g": 1.017914247728087,
      "chg_1h": 0.19610395990562385,
      "chg_24h": 0.9908300420060906
    }
  }
}
