{
  "timestamp": 1779241886,
  "usdToBrl": 5.0232,
  "metals": {
    "XAU": {
      "name": "Ouro",
      "usd_oz": 4484.200195,
      "usd_g": 144.1703840324372,
      "brl_oz": 22525.034419524003,
      "brl_g": 724.1966730717386,
      "chg_1h": 0,
      "chg_24h": -1.9160858685062065
    },
    "XAG": {
      "name": "Prata",
      "usd_oz": 74.321999,
      "usd_g": 2.3895077543228225,
      "brl_oz": 373.33426537680003,
      "brl_g": 12.002975351514403,
      "chg_1h": 0,
      "chg_24h": -4.279732279466761
    },
    "XPT": {
      "name": "Platina",
      "usd_oz": 1926,
      "usd_g": 61.92233789117749,
      "brl_oz": 9674.6832,
      "brl_g": 311.04828769496277,
      "chg_1h": 0,
      "chg_24h": -3.264691109994977
    },
    "XPD": {
      "name": "Paládio",
      "usd_oz": 1385,
      "usd_g": 44.52878399754975,
      "brl_oz": 6957.1320000000005,
      "brl_g": 223.67698777649193,
      "chg_1h": 0,
      "chg_24h": -3.68567454798331
    },
    "XCU": {
      "name": "Cobre",
      "usd_oz": 6.090007,
      "usd_g": 0.19579827165817038,
      "brl_oz": 30.591323162400002,
      "brl_g": 0.9835338781933215,
      "chg_1h": 0,
      "chg_24h": -1.147354875069231
    }
  }
}
