{
  "timestamp": 1777664485,
  "usdToBrl": 4.9814,
  "metals": {
    "XAU": {
      "name": "Ouro",
      "usd_oz": 4618.299805,
      "usd_g": 148.48178660849902,
      "brl_oz": 23005.598648626998,
      "brl_g": 739.647171811577,
      "chg_1h": -0.09734360538677925,
      "chg_24h": 0.002156900865994227
    },
    "XAG": {
      "name": "Prata",
      "usd_oz": 75.712997,
      "usd_g": 2.4342293784982907,
      "brl_oz": 377.1567232558,
      "brl_g": 12.125870226051385,
      "chg_1h": -0.28579349400764564,
      "chg_24h": 2.6296801283797526
    },
    "XPT": {
      "name": "Platina",
      "usd_oz": 1994,
      "usd_g": 64.1085886578442,
      "brl_oz": 9932.9116,
      "brl_g": 319.35052354018507,
      "chg_1h": -0.05012531328320802,
      "chg_24h": 0
    },
    "XPD": {
      "name": "Paládio",
      "usd_oz": 1558,
      "usd_g": 50.09086315392239,
      "brl_oz": 7761.0212,
      "brl_g": 249.522625714949,
      "chg_1h": 0.06422607578676942,
      "chg_24h": 0
    },
    "XCU": {
      "name": "Cobre",
      "usd_oz": 5.8776,
      "usd_g": 0.18896922803176783,
      "brl_oz": 29.27867664,
      "brl_g": 0.9413313125174482,
      "chg_1h": -0.27222546865742053,
      "chg_24h": -0.2849317020661173
    }
  }
}
