{
  "timestamp": 1773814417,
  "usdToBrl": 5.2089,
  "metals": {
    "XAU": {
      "name": "Ouro",
      "usd_oz": 5006.700195,
      "usd_g": 160.9691491145453,
      "brl_oz": 26079.400645735503,
      "brl_g": 838.472200822755,
      "chg_1h": 0.3105465498163613,
      "chg_24h": -0.1256693596648644
    },
    "XAG": {
      "name": "Prata",
      "usd_oz": 79.772003,
      "usd_g": 2.564729451724831,
      "brl_oz": 415.5243864267,
      "brl_g": 13.359419241089473,
      "chg_1h": 0.6828135193492336,
      "chg_24h": -1.495374300893416
    },
    "XPT": {
      "name": "Platina",
      "usd_oz": 2122,
      "usd_g": 68.22388421862857,
      "brl_oz": 11053.2858,
      "brl_g": 355.37139050641434,
      "chg_1h": 0.28355387523629494,
      "chg_24h": -0.7483629560336763
    },
    "XPD": {
      "name": "Paládio",
      "usd_oz": 1615,
      "usd_g": 51.92345570833419,
      "brl_oz": 8412.3735,
      "brl_g": 270.46408843914196,
      "chg_1h": 0.6857855361596009,
      "chg_24h": -0.9202453987730062
    },
    "XCU": {
      "name": "Cobre",
      "usd_oz": 5.722521,
      "usd_g": 0.18398332240465157,
      "brl_oz": 29.808039636900002,
      "brl_g": 0.9583507280735896,
      "chg_1h": -0.18198297073375985,
      "chg_24h": -1.2742433597791416
    }
  }
}
