{
  "timestamp": 1773276489,
  "usdToBrl": 5.1711,
  "metals": {
    "XAU": {
      "name": "Ouro",
      "usd_oz": 5154.700195,
      "usd_g": 165.72745960670224,
      "brl_oz": 26655.470178364503,
      "brl_g": 856.9932663722179,
      "chg_1h": 0.20606319469019907,
      "chg_24h": -0.7929272652874089
    },
    "XAG": {
      "name": "Prata",
      "usd_oz": 85.713997,
      "usd_g": 2.7557689949311395,
      "brl_oz": 443.23564988670006,
      "brl_g": 14.250357049688416,
      "chg_1h": 1.050421490643384,
      "chg_24h": -3.13489064206322
    },
    "XPT": {
      "name": "Platina",
      "usd_oz": 2168,
      "usd_g": 69.70281856078546,
      "brl_oz": 11210.9448,
      "brl_g": 360.4402450596777,
      "chg_1h": 0.931098696461825,
      "chg_24h": -1.544050862851953
    },
    "XPD": {
      "name": "Paládio",
      "usd_oz": 1650,
      "usd_g": 53.04873183823617,
      "brl_oz": 8532.315,
      "brl_g": 274.3202972087031,
      "chg_1h": 0.794135613927917,
      "chg_24h": -1.9607843137254901
    },
    "XCU": {
      "name": "Cobre",
      "usd_oz": 5.80633,
      "usd_g": 0.1866778443238217,
      "brl_oz": 30.025113063,
      "brl_g": 0.9653298007829144,
      "chg_1h": 0,
      "chg_24h": -1.3605725314490877
    }
  }
}
