{
  "timestamp": 1784158361,
  "usdToBrl": 5.081,
  "metals": {
    "XAU": {
      "name": "Ouro",
      "usd_oz": 4058.5,
      "usd_g": 130.48380494877665,
      "brl_oz": 20621.238500000003,
      "brl_g": 662.9882129447342,
      "chg_1h": -0.10337832108340346,
      "chg_24h": 0.19256052273322144
    },
    "XAG": {
      "name": "Prata",
      "usd_oz": 57.941002,
      "usd_g": 1.8628464712343669,
      "brl_oz": 294.398231162,
      "brl_g": 9.465122920341818,
      "chg_1h": -0.005173961065865599,
      "chg_24h": -1.502760705435437
    },
    "XPT": {
      "name": "Platina",
      "usd_oz": 1681,
      "usd_g": 54.04540498186363,
      "brl_oz": 8541.161,
      "brl_g": 274.60470271284913,
      "chg_1h": -0.4146919431279621,
      "chg_24h": 2.8134556574923546
    },
    "XPD": {
      "name": "Paládio",
      "usd_oz": 1339,
      "usd_g": 43.04984965539287,
      "brl_oz": 6803.459000000001,
      "brl_g": 218.73628609905117,
      "chg_1h": 0,
      "chg_24h": 1.0566037735849056
    },
    "XCU": {
      "name": "Cobre",
      "usd_oz": 6.132102,
      "usd_g": 0.19715165733497678,
      "brl_oz": 31.157210262,
      "brl_g": 1.001727570919017,
      "chg_1h": 0,
      "chg_24h": -0.6411230671763081
    }
  }
}
