{
  "timestamp": 1774558473,
  "usdToBrl": 5.2366,
  "metals": {
    "XAU": {
      "name": "Ouro",
      "usd_oz": 4376.5,
      "usd_g": 140.70774235760035,
      "brl_oz": 22917.979900000002,
      "brl_g": 736.83016362981,
      "chg_1h": -0.146019807504153,
      "chg_24h": -2.901954843449773
    },
    "XAG": {
      "name": "Prata",
      "usd_oz": 68.417,
      "usd_g": 2.1996576279858204,
      "brl_oz": 358.2724622,
      "brl_g": 11.518727134710547,
      "chg_1h": 1.0665484895487236,
      "chg_24h": -4.152361447122954
    },
    "XPT": {
      "name": "Platina",
      "usd_oz": 1834,
      "usd_g": 58.96446920686372,
      "brl_oz": 9603.9244,
      "brl_g": 308.77333944866257,
      "chg_1h": 0,
      "chg_24h": -4.924831518921721
    },
    "XPD": {
      "name": "Paládio",
      "usd_oz": 1385,
      "usd_g": 44.52878399754975,
      "brl_oz": 7252.691,
      "brl_g": 233.17943028156904,
      "chg_1h": 0.8739985433357611,
      "chg_24h": -3.417015341701534
    },
    "XCU": {
      "name": "Cobre",
      "usd_oz": 5.448024,
      "usd_g": 0.17515803892380288,
      "brl_oz": 28.5291224784,
      "brl_g": 0.9172325866283862,
      "chg_1h": 0,
      "chg_24h": -0.8747834602080701
    }
  }
}
