{
  "timestamp": 1782793212,
  "usdToBrl": 5.1639,
  "metals": {
    "XAU": {
      "name": "Ouro",
      "usd_oz": 3975.800049,
      "usd_g": 127.8249397829377,
      "brl_oz": 20530.6338730311,
      "brl_g": 660.075206545112,
      "chg_1h": 0,
      "chg_24h": -2.412803972299454
    },
    "XAG": {
      "name": "Prata",
      "usd_oz": 57.514,
      "usd_g": 1.8491180381480699,
      "brl_oz": 296.9965446,
      "brl_g": 9.548660637192818,
      "chg_1h": 0,
      "chg_24h": -2.5995359785940435
    },
    "XPT": {
      "name": "Platina",
      "usd_oz": 1573,
      "usd_g": 50.57312435245181,
      "brl_oz": 8122.8147,
      "brl_g": 261.1545568436259,
      "chg_1h": 0,
      "chg_24h": -3.6742192284139623
    },
    "XPD": {
      "name": "Paládio",
      "usd_oz": 1243,
      "usd_g": 39.96337798480458,
      "brl_oz": 6418.7277,
      "brl_g": 206.36688757573236,
      "chg_1h": 0,
      "chg_24h": 0.24193548387096775
    },
    "XCU": {
      "name": "Cobre",
      "usd_oz": 6.028394,
      "usd_g": 0.19381736770983748,
      "brl_oz": 31.130023776599998,
      "brl_g": 1.0008535051168297,
      "chg_1h": 0,
      "chg_24h": -0.5251788672393418
    }
  }
}
