{
  "timestamp": 1775478828,
  "usdToBrl": 5.1818,
  "metals": {
    "XAU": {
      "name": "Ouro",
      "usd_oz": 4674,
      "usd_g": 150.27258946176718,
      "brl_oz": 24219.7332,
      "brl_g": 778.6825040729851,
      "chg_1h": -0.34964826758177153,
      "chg_24h": -0.08550662676357418
    },
    "XAG": {
      "name": "Prata",
      "usd_oz": 73.265999,
      "usd_g": 2.355556565946351,
      "brl_oz": 379.64975361819995,
      "brl_g": 12.206023013420802,
      "chg_1h": -0.14991278006313677,
      "chg_24h": 0.15720632449035105
    },
    "XPT": {
      "name": "Platina",
      "usd_oz": 1998,
      "usd_g": 64.23719164411871,
      "brl_oz": 10353.2364,
      "brl_g": 332.8642796614943,
      "chg_1h": -0.5475360876057741,
      "chg_24h": 0.4020100502512563
    },
    "XPD": {
      "name": "Paládio",
      "usd_oz": 1522,
      "usd_g": 48.93343627745179,
      "brl_oz": 7886.6996,
      "brl_g": 253.56328010249968,
      "chg_1h": -0.3926701570680628,
      "chg_24h": -0.522875816993464
    },
    "XCU": {
      "name": "Cobre",
      "usd_oz": 5.523714,
      "usd_g": 0.17759152893158234,
      "brl_oz": 28.6227812052,
      "brl_g": 0.9202437846176733,
      "chg_1h": 0,
      "chg_24h": 0.2428346889380345
    }
  }
}
