{
  "timestamp": 1772054946,
  "usdToBrl": 5.1287,
  "metals": {
    "XAU": {
      "name": "Ouro",
      "usd_oz": 5171,
      "usd_g": 166.2515105063753,
      "brl_oz": 26520.507700000002,
      "brl_g": 852.654121934047,
      "chg_1h": -0.12940484670144847,
      "chg_24h": 0.2870292936715513
    },
    "XAG": {
      "name": "Prata",
      "usd_oz": 89.307999,
      "usd_g": 2.871318842400281,
      "brl_oz": 458.0339344713,
      "brl_g": 14.726132947018323,
      "chg_1h": -0.09285051171650785,
      "chg_24h": 2.364600755415182
    },
    "XPT": {
      "name": "Platina",
      "usd_oz": 2300,
      "usd_g": 73.94671710784435,
      "brl_oz": 11796.01,
      "brl_g": 379.25052803100135,
      "chg_1h": 0,
      "chg_24h": 5.747126436781609
    },
    "XPD": {
      "name": "Paládio",
      "usd_oz": 1814,
      "usd_g": 58.321454275491156,
      "brl_oz": 9303.461800000001,
      "brl_g": 299.11324254271153,
      "chg_1h": -0.1651073197578426,
      "chg_24h": 0.8898776418242491
    },
    "XCU": {
      "name": "Cobre",
      "usd_oz": 5.905218,
      "usd_g": 0.18985716735050018,
      "brl_oz": 30.2860915566,
      "brl_g": 0.9737204541905103,
      "chg_1h": 0,
      "chg_24h": 0.7361570941565884
    }
  }
}
