{
  "timestamp": 1772127899,
  "usdToBrl": 5.1258,
  "metals": {
    "XAU": {
      "name": "Ouro",
      "usd_oz": 5176.799805,
      "usd_g": 166.43797856707775,
      "brl_oz": 26535.240440469,
      "brl_g": 853.1277905391271,
      "chg_1h": -0.15429718216477986,
      "chg_24h": -0.705851854922998
    },
    "XAG": {
      "name": "Prata",
      "usd_oz": 86.924004,
      "usd_g": 2.7946716233344047,
      "brl_oz": 445.55505970319996,
      "brl_g": 14.32492780688749,
      "chg_1h": -0.4466626046225404,
      "chg_24h": -4.318244961308571
    },
    "XPT": {
      "name": "Platina",
      "usd_oz": 2240,
      "usd_g": 72.01767231372668,
      "brl_oz": 11481.792,
      "brl_g": 369.1481847457002,
      "chg_1h": -0.7532122286220646,
      "chg_24h": -4.027420736932305
    },
    "XPD": {
      "name": "Paládio",
      "usd_oz": 1782,
      "usd_g": 57.29263038529506,
      "brl_oz": 9134.1756,
      "brl_g": 293.67056482894543,
      "chg_1h": -0.8347245409015025,
      "chg_24h": -2.622950819672131
    },
    "XCU": {
      "name": "Cobre",
      "usd_oz": 5.951208,
      "usd_g": 0.1913357801851914,
      "brl_oz": 30.504701966400003,
      "brl_g": 0.980748942073254,
      "chg_1h": -0.4048432581656903,
      "chg_24h": 0.16032497195238898
    }
  }
}
