{
  "timestamp": 1772226880,
  "usdToBrl": 5.1556,
  "metals": {
    "XAU": {
      "name": "Ouro",
      "usd_oz": 5259.299805,
      "usd_g": 169.09041515898954,
      "brl_oz": 27114.846074658,
      "brl_g": 871.7625443936864,
      "chg_1h": 0.11421392691674105,
      "chg_24h": 1.2884196953749874
    },
    "XAG": {
      "name": "Prata",
      "usd_oz": 93.789001,
      "usd_g": 3.015386402075796,
      "brl_oz": 483.53857355559995,
      "brl_g": 15.546126134541973,
      "chg_1h": 0.44337456492637106,
      "chg_24h": 5.4982508014729845
    },
    "XPT": {
      "name": "Platina",
      "usd_oz": 2368,
      "usd_g": 76.13296787451105,
      "brl_oz": 12208.460799999999,
      "brl_g": 392.51112917382915,
      "chg_1h": -0.04221190375685943,
      "chg_24h": 3.4965034965034967
    },
    "XPD": {
      "name": "Paládio",
      "usd_oz": 1807,
      "usd_g": 58.096399049510765,
      "brl_oz": 9316.1692,
      "brl_g": 299.5217949396577,
      "chg_1h": 0,
      "chg_24h": -0.3309431880860452
    },
    "XCU": {
      "name": "Cobre",
      "usd_oz": 6.08774,
      "usd_g": 0.19572538591569932,
      "brl_oz": 31.385952344,
      "brl_g": 1.0090817996269794,
      "chg_1h": 0,
      "chg_24h": 2.1605324657148586
    }
  }
}
