{
  "timestamp": 1773934624,
  "usdToBrl": 5.2987,
  "metals": {
    "XAU": {
      "name": "Ouro",
      "usd_oz": 4581.100098,
      "usd_g": 147.28578825631482,
      "brl_oz": 24273.875089272602,
      "brl_g": 780.4232062337353,
      "chg_1h": -0.6764457715037838,
      "chg_24h": -5.938026786422848
    },
    "XAG": {
      "name": "Prata",
      "usd_oz": 69.596001,
      "usd_g": 2.2375633903409797,
      "brl_oz": 368.76833049870004,
      "brl_g": 11.856177136399749,
      "chg_1h": -0.8123578371290877,
      "chg_24h": -9.443874590463707
    },
    "XPT": {
      "name": "Platina",
      "usd_oz": 1945,
      "usd_g": 62.53320207598142,
      "brl_oz": 10305.9715,
      "brl_g": 331.34467784000276,
      "chg_1h": -0.2052334530528476,
      "chg_24h": -5.765503875968992
    },
    "XPD": {
      "name": "Paládio",
      "usd_oz": 1461,
      "usd_g": 46.97224073676548,
      "brl_oz": 7741.4007,
      "brl_g": 248.89181199189926,
      "chg_1h": -0.408997955010225,
      "chg_24h": -5.252918287937743
    },
    "XCU": {
      "name": "Cobre",
      "usd_oz": 5.47796,
      "usd_g": 0.17612050367308135,
      "brl_oz": 29.026066652000004,
      "brl_g": 0.9332097128125562,
      "chg_1h": 0.06216028073139962,
      "chg_24h": -2.5433038772855032
    }
  }
}
