{
  "timestamp": 1777521718,
  "usdToBrl": 4.9854,
  "metals": {
    "XAU": {
      "name": "Ouro",
      "usd_oz": 4557.5,
      "usd_g": 146.52702748652203,
      "brl_oz": 22720.9605,
      "brl_g": 730.495842831307,
      "chg_1h": 0,
      "chg_24h": -0.9949342198014768
    },
    "XAG": {
      "name": "Prata",
      "usd_oz": 72.147003,
      "usd_g": 2.3195800091390426,
      "brl_oz": 359.6816687562,
      "brl_g": 11.564034177561783,
      "chg_1h": 0,
      "chg_24h": -2.4354885172144893
    },
    "XPT": {
      "name": "Platina",
      "usd_oz": 1911,
      "usd_g": 61.44007669264807,
      "brl_oz": 9527.099400000001,
      "brl_g": 306.3033583435277,
      "chg_1h": 0,
      "chg_24h": -1.9497178040020522
    },
    "XPD": {
      "name": "Paládio",
      "usd_oz": 1486,
      "usd_g": 47.77600940098118,
      "brl_oz": 7408.3044,
      "brl_g": 238.1825172676516,
      "chg_1h": 0,
      "chg_24h": 0.47329276538201487
    },
    "XCU": {
      "name": "Cobre",
      "usd_oz": 5.866915,
      "usd_g": 0.188625697304682,
      "brl_oz": 29.248918041,
      "brl_g": 0.9403745513427617,
      "chg_1h": 0,
      "chg_24h": -0.23140798871121682
    }
  }
}
