{
  "timestamp": 1782189327,
  "usdToBrl": 5.1519,
  "metals": {
    "XAU": {
      "name": "Ouro",
      "usd_oz": 4137.600098,
      "usd_g": 133.02693215312829,
      "brl_oz": 21316.5019448862,
      "brl_g": 685.3414517597016,
      "chg_1h": 0,
      "chg_24h": -1.2175905745776927
    },
    "XAG": {
      "name": "Prata",
      "usd_oz": 63.099998,
      "usd_g": 2.0287120441789326,
      "brl_oz": 325.0848796962,
      "brl_g": 10.451721580405444,
      "chg_1h": 0,
      "chg_24h": -4.0829429932078325
    },
    "XPT": {
      "name": "Platina",
      "usd_oz": 1647,
      "usd_g": 52.95227959853028,
      "brl_oz": 8485.1793,
      "brl_g": 272.8048492636682,
      "chg_1h": 0,
      "chg_24h": -1.5540944411237299
    },
    "XPD": {
      "name": "Paládio",
      "usd_oz": 1264,
      "usd_g": 40.63854366274577,
      "brl_oz": 6512.0016000000005,
      "brl_g": 209.36571309609994,
      "chg_1h": 0,
      "chg_24h": -2.0155038759689923
    },
    "XCU": {
      "name": "Cobre",
      "usd_oz": 6.153661,
      "usd_g": 0.1978447952802498,
      "brl_oz": 31.7030461059,
      "brl_g": 1.019276600804319,
      "chg_1h": 0,
      "chg_24h": 0.0380893980769611
    }
  }
}
