{
  "timestamp": 1780470212,
  "usdToBrl": 5.0056,
  "metals": {
    "XAU": {
      "name": "Ouro",
      "usd_oz": 4464.5,
      "usd_g": 143.53700805563963,
      "brl_oz": 22347.501200000002,
      "brl_g": 718.4888475233098,
      "chg_1h": 0,
      "chg_24h": -1.41327150270509
    },
    "XAG": {
      "name": "Prata",
      "usd_oz": 74.431,
      "usd_g": 2.393012217849549,
      "brl_oz": 372.5718136,
      "brl_g": 11.978461957667704,
      "chg_1h": 0,
      "chg_24h": -3.0341348870730913
    },
    "XPT": {
      "name": "Platina",
      "usd_oz": 1934,
      "usd_g": 62.179543863726515,
      "brl_oz": 9680.8304,
      "brl_g": 311.24592476426943,
      "chg_1h": 0,
      "chg_24h": -2.0759493670886076
    },
    "XPD": {
      "name": "Paládio",
      "usd_oz": 1387,
      "usd_g": 44.59308549068701,
      "brl_oz": 6942.7672,
      "brl_g": 223.2151487321829,
      "chg_1h": 0,
      "chg_24h": -1.9094766619519095
    },
    "XCU": {
      "name": "Cobre",
      "usd_oz": 6.302364,
      "usd_g": 0.2026257077472445,
      "brl_oz": 31.5471132384,
      "brl_g": 1.0142632426996072,
      "chg_1h": 0,
      "chg_24h": 0.2115738159832528
    }
  }
}
