{
  "timestamp": 1771901612,
  "usdToBrl": 5.1815,
  "metals": {
    "XAU": {
      "name": "Ouro",
      "usd_oz": 5188.200195,
      "usd_g": 166.8045096167513,
      "brl_oz": 26882.6593103925,
      "brl_g": 864.2975665791968,
      "chg_1h": 0,
      "chg_24h": 0.41224512578142525
    },
    "XAG": {
      "name": "Prata",
      "usd_oz": 87.593002,
      "usd_g": 2.8161804084873236,
      "brl_oz": 453.86313986299996,
      "brl_g": 14.592038786577067,
      "chg_1h": 0,
      "chg_24h": 0.30230506928270606
    },
    "XPT": {
      "name": "Platina",
      "usd_oz": 2139,
      "usd_g": 68.77044691029525,
      "brl_oz": 11083.2285,
      "brl_g": 356.3340706656948,
      "chg_1h": 0,
      "chg_24h": -2.506836827711942
    },
    "XPD": {
      "name": "Paládio",
      "usd_oz": 1763,
      "usd_g": 56.68176620049113,
      "brl_oz": 9134.9845,
      "brl_g": 293.6965715678448,
      "chg_1h": 0,
      "chg_24h": -1.1771300448430493
    },
    "XCU": {
      "name": "Cobre",
      "usd_oz": 5.851115,
      "usd_g": 0.18811771550889772,
      "brl_oz": 30.3175523725,
      "brl_g": 0.9747319429093535,
      "chg_1h": 0,
      "chg_24h": 0.9785110354520639
    }
  }
}
