{
  "timestamp": 1778110196,
  "usdToBrl": 4.9092,
  "metals": {
    "XAU": {
      "name": "Ouro",
      "usd_oz": 4692.600098,
      "usd_g": 150.87059649871682,
      "brl_oz": 23036.9124011016,
      "brl_g": 740.6539323315006,
      "chg_1h": -0.04898515512589562,
      "chg_24h": 2.4428558568871703
    },
    "XAG": {
      "name": "Prata",
      "usd_oz": 77.531998,
      "usd_g": 2.4927116186573715,
      "brl_oz": 380.62008458160005,
      "brl_g": 12.237219878312768,
      "chg_1h": 0.0696984977554331,
      "chg_24h": 5.34239144952151
    },
    "XPT": {
      "name": "Platina",
      "usd_oz": 2069,
      "usd_g": 66.5198946504913,
      "brl_oz": 10157.1348,
      "brl_g": 326.5594668181919,
      "chg_1h": -0.09657170449058425,
      "chg_24h": 4.284274193548387
    },
    "XPD": {
      "name": "Paládio",
      "usd_oz": 1563,
      "usd_g": 50.25161688676553,
      "brl_oz": 7673.0796,
      "brl_g": 246.69523762050937,
      "chg_1h": 0.06402048655569782,
      "chg_24h": 2.2236756049705693
    },
    "XCU": {
      "name": "Cobre",
      "usd_oz": 6.03554,
      "usd_g": 0.19404711694481694,
      "brl_oz": 29.629672968,
      "brl_g": 0.9526161065054953,
      "chg_1h": 0,
      "chg_24h": 2.0914440984753546
    }
  }
}
