{
  "timestamp": 1784682503,
  "usdToBrl": 5.0794,
  "metals": {
    "XAU": {
      "name": "Ouro",
      "usd_oz": 4115.799805,
      "usd_g": 132.32603645776345,
      "brl_oz": 20905.793529516995,
      "brl_g": 672.1368695835637,
      "chg_1h": 0.7959188795826772,
      "chg_24h": 2.2863898523701147
    },
    "XAG": {
      "name": "Prata",
      "usd_oz": 59.790001,
      "usd_g": 1.9222931694890135,
      "brl_oz": 303.6973310794,
      "brl_g": 9.764095925102495,
      "chg_1h": 1.3974171556490105,
      "chg_24h": 4.692698219353909
    },
    "XPT": {
      "name": "Platina",
      "usd_oz": 1656,
      "usd_g": 53.24163631764794,
      "brl_oz": 8411.4864,
      "brl_g": 270.43556751186094,
      "chg_1h": 1.1606597434331094,
      "chg_24h": 3.0491599253266957
    },
    "XPD": {
      "name": "Paládio",
      "usd_oz": 1322,
      "usd_g": 42.50328696372619,
      "brl_oz": 6714.966799999999,
      "brl_g": 215.8911958035508,
      "chg_1h": 1.3026819923371646,
      "chg_24h": 3.3620015637216576
    },
    "XCU": {
      "name": "Cobre",
      "usd_oz": 6.278399,
      "usd_g": 0.20185521510572735,
      "brl_oz": 31.8904998806,
      "brl_g": 1.0253033796080315,
      "chg_1h": 0,
      "chg_24h": 2.3552437018355272
    }
  }
}
