{
  "timestamp": 1778005038,
  "usdToBrl": 4.9525,
  "metals": {
    "XAU": {
      "name": "Ouro",
      "usd_oz": 4565,
      "usd_g": 146.76815808578672,
      "brl_oz": 22608.1625,
      "brl_g": 726.8693029198587,
      "chg_1h": 0.06136962168096288,
      "chg_24h": 1.0850310008857396
    },
    "XAG": {
      "name": "Prata",
      "usd_oz": 73.336998,
      "usd_g": 2.357839236801977,
      "brl_oz": 363.20148259499996,
      "brl_g": 11.67719882026179,
      "chg_1h": 0.02863767721540065,
      "chg_24h": 0.6781653507360881
    },
    "XPT": {
      "name": "Platina",
      "usd_oz": 1973,
      "usd_g": 63.43342297990301,
      "brl_oz": 9771.2825,
      "brl_g": 314.1540273079696,
      "chg_1h": -0.10126582278481014,
      "chg_24h": 0.9207161125319693
    },
    "XPD": {
      "name": "Paládio",
      "usd_oz": 1522,
      "usd_g": 48.93343627745179,
      "brl_oz": 7537.705,
      "brl_g": 242.34284316407997,
      "chg_1h": -0.3926701570680628,
      "chg_24h": 1.3990672884743505
    },
    "XCU": {
      "name": "Cobre",
      "usd_oz": 5.913711,
      "usd_g": 0.19013022364110754,
      "brl_oz": 29.2876537275,
      "brl_g": 0.941619932582585,
      "chg_1h": 0.005123948829502719,
      "chg_24h": 0.6545075389893542
    }
  }
}
