{
  "timestamp": 1782690829,
  "usdToBrl": 5.1759,
  "metals": {
    "XAU": {
      "name": "Ouro",
      "usd_oz": 4067.199951,
      "usd_g": 130.76351486853716,
      "brl_oz": 21051.420226380902,
      "brl_g": 676.8188766080615,
      "chg_1h": 0.036894016235287104,
      "chg_24h": -0.5720468009434795
    },
    "XAG": {
      "name": "Prata",
      "usd_oz": 58.933998,
      "usd_g": 1.8947720339740284,
      "brl_oz": 305.03648024820006,
      "brl_g": 9.807150570646174,
      "chg_1h": 0.20573342628330496,
      "chg_24h": -0.6138520692097529
    },
    "XPT": {
      "name": "Platina",
      "usd_oz": 1624,
      "usd_g": 52.212812427451844,
      "brl_oz": 8405.661600000001,
      "brl_g": 270.248295843248,
      "chg_1h": -0.06153846153846154,
      "chg_24h": -0.06153846153846154
    },
    "XPD": {
      "name": "Paládio",
      "usd_oz": 1227,
      "usd_g": 39.448966039706534,
      "brl_oz": 6350.8293,
      "brl_g": 204.18390332491705,
      "chg_1h": 0.163265306122449,
      "chg_24h": -0.08143322475570033
    },
    "XCU": {
      "name": "Cobre",
      "usd_oz": 6.036817,
      "usd_g": 0.19408817344818508,
      "brl_oz": 31.2459611103,
      "brl_g": 1.0045809769504612,
      "chg_1h": 0,
      "chg_24h": 0
    }
  }
}
