{
  "timestamp": 1782942546,
  "usdToBrl": 5.1874,
  "metals": {
    "XAU": {
      "name": "Ouro",
      "usd_oz": 4032.300049,
      "usd_g": 129.64145696406518,
      "brl_oz": 20917.1532741826,
      "brl_g": 672.5020938553918,
      "chg_1h": 0,
      "chg_24h": 0.588721986890355
    },
    "XAG": {
      "name": "Prata",
      "usd_oz": 59.223,
      "usd_g": 1.9040636640338549,
      "brl_oz": 307.2133902,
      "brl_g": 9.877139850809218,
      "chg_1h": 0,
      "chg_24h": 0.8651962871497838
    },
    "XPT": {
      "name": "Platina",
      "usd_oz": 1584,
      "usd_g": 50.92678256470672,
      "brl_oz": 8216.8416,
      "brl_g": 264.1775918761596,
      "chg_1h": 0,
      "chg_24h": 1.9305019305019304
    },
    "XPD": {
      "name": "Paládio",
      "usd_oz": 1237,
      "usd_g": 39.770473505392815,
      "brl_oz": 6416.8138,
      "brl_g": 206.3053542618747,
      "chg_1h": 0,
      "chg_24h": 0.5691056910569106
    },
    "XCU": {
      "name": "Cobre",
      "usd_oz": 6.033232,
      "usd_g": 0.19397291302173653,
      "brl_oz": 31.2967876768,
      "brl_g": 1.006215089008956,
      "chg_1h": 0,
      "chg_24h": -0.29409878784232535
    }
  }
}
