{
  "timestamp": 1783990595,
  "usdToBrl": 5.1155,
  "metals": {
    "XAU": {
      "name": "Ouro",
      "usd_oz": 4007.899902,
      "usd_g": 128.85697402163092,
      "brl_oz": 20502.411948681,
      "brl_g": 659.167850607653,
      "chg_1h": 0.23007355172271227,
      "chg_24h": -1.4773868731563393
    },
    "XAG": {
      "name": "Prata",
      "usd_oz": 57.655998,
      "usd_g": 1.8536833798593217,
      "brl_oz": 294.939257769,
      "brl_g": 9.48251732967036,
      "chg_1h": 0.04858749387753969,
      "chg_24h": -1.8153366710943166
    },
    "XPT": {
      "name": "Platina",
      "usd_oz": 1603,
      "usd_g": 51.53764674951066,
      "brl_oz": 8200.1465,
      "brl_g": 263.64083194712174,
      "chg_1h": -0.12461059190031153,
      "chg_24h": -0.3729024238657551
    },
    "XPD": {
      "name": "Paládio",
      "usd_oz": 1276,
      "usd_g": 41.02435262156931,
      "brl_oz": 6527.378,
      "brl_g": 209.8600758356378,
      "chg_1h": 0.3933910306845004,
      "chg_24h": -0.23455824863174357
    },
    "XCU": {
      "name": "Cobre",
      "usd_oz": 6.111401,
      "usd_g": 0.1964861047302596,
      "brl_oz": 31.2628718155,
      "brl_g": 1.005124668747643,
      "chg_1h": -0.19975070354477514,
      "chg_24h": 1.133427625668366
    }
  }
}
