{
  "timestamp": 1780381367,
  "usdToBrl": 5.0245,
  "metals": {
    "XAU": {
      "name": "Ouro",
      "usd_oz": 4528.5,
      "usd_g": 145.59465583603182,
      "brl_oz": 22753.448249999998,
      "brl_g": 731.5403482481419,
      "chg_1h": 0,
      "chg_24h": 0.5573588521164357
    },
    "XAG": {
      "name": "Prata",
      "usd_oz": 76.760002,
      "usd_g": 2.467891370909377,
      "brl_oz": 385.680630049,
      "brl_g": 12.399920193134163,
      "chg_1h": 0,
      "chg_24h": 1.432421054267369
    },
    "XPT": {
      "name": "Platina",
      "usd_oz": 1975,
      "usd_g": 63.497724473040265,
      "brl_oz": 9923.387499999999,
      "brl_g": 319.0443166147908,
      "chg_1h": 0,
      "chg_24h": 1.3340174448435094
    },
    "XPD": {
      "name": "Paládio",
      "usd_oz": 1414,
      "usd_g": 45.46115564803996,
      "brl_oz": 7104.643,
      "brl_g": 228.41957655357677,
      "chg_1h": 0,
      "chg_24h": 2.389572773352643
    },
    "XCU": {
      "name": "Cobre",
      "usd_oz": 6.289058,
      "usd_g": 0.20219790991340233,
      "brl_oz": 31.599371920999996,
      "brl_g": 1.01594339835989,
      "chg_1h": 0,
      "chg_24h": 1.701746087575249
    }
  }
}
