{
  "timestamp": 1778498924,
  "usdToBrl": 4.914,
  "metals": {
    "XAU": {
      "name": "Ouro",
      "usd_oz": 4669.299805,
      "usd_g": 150.12147468349903,
      "brl_oz": 22944.939241769996,
      "brl_g": 737.6969265947142,
      "chg_1h": 0,
      "chg_24h": -0.9839554696288468
    },
    "XAG": {
      "name": "Prata",
      "usd_oz": 80.591003,
      "usd_g": 2.5910609131645375,
      "brl_oz": 396.024188742,
      "brl_g": 12.732473327290537,
      "chg_1h": 0,
      "chg_24h": 0.15285703253822822
    },
    "XPT": {
      "name": "Platina",
      "usd_oz": 2049,
      "usd_g": 65.87687971911873,
      "brl_oz": 10068.786,
      "brl_g": 323.7189869397494,
      "chg_1h": 0,
      "chg_24h": -0.8708272859216255
    },
    "XPD": {
      "name": "Paládio",
      "usd_oz": 1506,
      "usd_g": 48.41902433235374,
      "brl_oz": 7400.4839999999995,
      "brl_g": 237.93108556918628,
      "chg_1h": 0,
      "chg_24h": -0.7251153592617008
    },
    "XCU": {
      "name": "Cobre",
      "usd_oz": 6.145421,
      "usd_g": 0.19757987312852432,
      "brl_oz": 30.198598794,
      "brl_g": 0.9709074965535684,
      "chg_1h": 0,
      "chg_24h": 0.1231699447087477
    }
  }
}
