{
  "timestamp": 1770978778,
  "usdToBrl": 5.1761,
  "metals": {
    "XAU": {
      "name": "Ouro",
      "usd_oz": 4977.100098,
      "usd_g": 160.01748389749147,
      "brl_oz": 25761.9678172578,
      "brl_g": 828.2664984018056,
      "chg_1h": 0.058298879946860276,
      "chg_24h": -1.7606480159734599
    },
    "XAG": {
      "name": "Prata",
      "usd_oz": 78.723,
      "usd_g": 2.5310032221221004,
      "brl_oz": 407.4781203,
      "brl_g": 13.100725778026204,
      "chg_1h": 0.27385360954856636,
      "chg_24h": -5.8753912039481175
    },
    "XPT": {
      "name": "Platina",
      "usd_oz": 2057,
      "usd_g": 66.13408569166776,
      "brl_oz": 10647.2377,
      "brl_g": 342.3166409486415,
      "chg_1h": 0.5376344086021506,
      "chg_24h": -2.6502602934216752
    },
    "XPD": {
      "name": "Paládio",
      "usd_oz": 1685,
      "usd_g": 54.17400796813815,
      "brl_oz": 8721.7285,
      "brl_g": 280.4100826438799,
      "chg_1h": 0.4770423375074538,
      "chg_24h": -2.7136258660508084
    },
    "XCU": {
      "name": "Cobre",
      "usd_oz": 5.933215,
      "usd_g": 0.19075729180218207,
      "brl_oz": 30.710914161499996,
      "brl_g": 0.9873788180972746,
      "chg_1h": 0.00509024824735472,
      "chg_24h": -1.5541535407529126
    }
  }
}
