{
  "timestamp": 1771943954,
  "usdToBrl": 5.1815,
  "metals": {
    "XAU": {
      "name": "Ouro",
      "usd_oz": 5127.600098,
      "usd_g": 164.85617125606998,
      "brl_oz": 26568.659907786998,
      "brl_g": 854.2022513633266,
      "chg_1h": -0.4755342391253362,
      "chg_24h": -0.71641558490324
    },
    "XAG": {
      "name": "Prata",
      "usd_oz": 87.028999,
      "usd_g": 2.798047290970378,
      "brl_oz": 450.9407583185,
      "brl_g": 14.498082038163012,
      "chg_1h": -0.9503312152947971,
      "chg_24h": 0.5081500135634931
    },
    "XPT": {
      "name": "Platina",
      "usd_oz": 2143,
      "usd_g": 68.89904989656976,
      "brl_oz": 11103.9545,
      "brl_g": 357.0004270390762,
      "chg_1h": -1.0161662817551964,
      "chg_24h": -0.9246417013407304
    },
    "XPD": {
      "name": "Paládio",
      "usd_oz": 1750,
      "usd_g": 56.26380649509897,
      "brl_oz": 9067.625,
      "brl_g": 291.5309133543553,
      "chg_1h": -0.7936507936507936,
      "chg_24h": -1.7957351290684627
    },
    "XCU": {
      "name": "Cobre",
      "usd_oz": 5.855349,
      "usd_g": 0.18825384176986928,
      "brl_oz": 30.339490843500002,
      "brl_g": 0.9754372811305777,
      "chg_1h": -0.13666220847356939,
      "chg_24h": 1.3437852269818469
    }
  }
}
