{
  "timestamp": 1777316120,
  "usdToBrl": 4.9681,
  "metals": {
    "XAU": {
      "name": "Ouro",
      "usd_oz": 4685.200195,
      "usd_g": 150.6326840927314,
      "brl_oz": 23276.5430887795,
      "brl_g": 748.3582378410989,
      "chg_1h": 0.008546576516959574,
      "chg_24h": -0.5434238570874549
    },
    "XAG": {
      "name": "Prata",
      "usd_oz": 75.839996,
      "usd_g": 2.43831249116176,
      "brl_oz": 376.78068412759995,
      "brl_g": 12.11378028734074,
      "chg_1h": 0.6783496215707153,
      "chg_24h": 0.04352764314017313
    },
    "XPT": {
      "name": "Platina",
      "usd_oz": 2003,
      "usd_g": 64.39794537696184,
      "brl_oz": 9951.104299999999,
      "brl_g": 319.9354324272841,
      "chg_1h": 0.15,
      "chg_24h": -0.9396636993076163
    },
    "XPD": {
      "name": "Paládio",
      "usd_oz": 1498,
      "usd_g": 48.16181835980471,
      "brl_oz": 7442.2137999999995,
      "brl_g": 239.27272979334577,
      "chg_1h": -0.2663115845539281,
      "chg_24h": -1.7060367454068242
    },
    "XCU": {
      "name": "Cobre",
      "usd_oz": 5.961792,
      "usd_g": 0.19167606368687376,
      "brl_oz": 29.618778835199997,
      "brl_g": 0.9522658520027575,
      "chg_1h": -0.276916010395521,
      "chg_24h": -0.9435283644195734
    }
  }
}
