{
  "timestamp": 1779170046,
  "usdToBrl": 5.0392,
  "metals": {
    "XAU": {
      "name": "Ouro",
      "usd_oz": 4539.399902,
      "usd_g": 145.9450958228567,
      "brl_oz": 22874.9439861584,
      "brl_g": 735.4465268705395,
      "chg_1h": 0,
      "chg_24h": -0.01101345868396197
    },
    "XAG": {
      "name": "Prata",
      "usd_oz": 75.988998,
      "usd_g": 2.4431030167019783,
      "brl_oz": 382.9237587216,
      "brl_g": 12.31128472176461,
      "chg_1h": 0,
      "chg_24h": 0.8707976583967143
    },
    "XPT": {
      "name": "Platina",
      "usd_oz": 1970,
      "usd_g": 63.336970740197124,
      "brl_oz": 9927.224,
      "brl_g": 319.16766295400134,
      "chg_1h": 0,
      "chg_24h": -0.5050505050505051
    },
    "XPD": {
      "name": "Paládio",
      "usd_oz": 1422,
      "usd_g": 45.718361620588986,
      "brl_oz": 7165.7424,
      "brl_g": 230.38396787847202,
      "chg_1h": 0,
      "chg_24h": 0.35285815102328866
    },
    "XCU": {
      "name": "Cobre",
      "usd_oz": 6.121607,
      "usd_g": 0.19681423524973904,
      "brl_oz": 30.8480019944,
      "brl_g": 0.991786294270485,
      "chg_1h": 0,
      "chg_24h": -0.36052858210375005
    }
  }
}
