{
  "timestamp": 1771864159,
  "usdToBrl": 5.1815,
  "metals": {
    "XAU": {
      "name": "Ouro",
      "usd_oz": 5219.5,
      "usd_g": 167.81082171495376,
      "brl_oz": 27044.839249999997,
      "brl_g": 869.5117727160329,
      "chg_1h": 0.44647529724279156,
      "chg_24h": 2.184852877721876
    },
    "XAG": {
      "name": "Prata",
      "usd_oz": 87.542999,
      "usd_g": 2.8145727747066527,
      "brl_oz": 453.60404931849996,
      "brl_g": 14.58370883214252,
      "chg_1h": 0.3070718921324047,
      "chg_24h": 3.27607771130026
    },
    "XPT": {
      "name": "Platina",
      "usd_oz": 2154,
      "usd_g": 69.25270810882468,
      "brl_oz": 11160.951,
      "brl_g": 358.8329070658751,
      "chg_1h": 0.1394700139470014,
      "chg_24h": -0.5999077065066913
    },
    "XPD": {
      "name": "Paládio",
      "usd_oz": 1774,
      "usd_g": 57.03542441274604,
      "brl_oz": 9191.981,
      "brl_g": 295.5290515946436,
      "chg_1h": -0.7274762171236709,
      "chg_24h": -0.5047672462142456
    },
    "XCU": {
      "name": "Cobre",
      "usd_oz": 5.764252,
      "usd_g": 0.185325005209707,
      "brl_oz": 29.867471738,
      "brl_g": 0.9602615144940967,
      "chg_1h": -0.2694372234453437,
      "chg_24h": -0.08782665683766795
    }
  }
}
