{
  "timestamp": 1774907563,
  "usdToBrl": 5.2402,
  "metals": {
    "XAU": {
      "name": "Ouro",
      "usd_oz": 4512.200195,
      "usd_g": 145.07060493635876,
      "brl_oz": 23644.831461839,
      "brl_g": 760.1989839875072,
      "chg_1h": 0.002218412664311863,
      "chg_24h": 0.3826517241379388
    },
    "XAG": {
      "name": "Prata",
      "usd_oz": 70.223999,
      "usd_g": 2.257753994884585,
      "brl_oz": 367.9877995598,
      "brl_g": 11.831082483994201,
      "chg_1h": -0.048398756793579696,
      "chg_24h": 0.5008987534576692
    },
    "XPT": {
      "name": "Platina",
      "usd_oz": 1901,
      "usd_g": 61.118569226961796,
      "brl_oz": 9961.6202,
      "brl_g": 320.27352646312517,
      "chg_1h": -0.052576235541535225,
      "chg_24h": 1.4949279231179926
    },
    "XPD": {
      "name": "Paládio",
      "usd_oz": 1434,
      "usd_g": 46.104170579412525,
      "brl_oz": 7514.4468,
      "brl_g": 241.5950746702375,
      "chg_1h": 0.06978367062107467,
      "chg_24h": 2.209550962223806
    },
    "XCU": {
      "name": "Cobre",
      "usd_oz": 5.508739,
      "usd_g": 0.17711007150171715,
      "brl_oz": 28.8668941078,
      "brl_g": 0.9280921966832981,
      "chg_1h": 0,
      "chg_24h": 1.1400041162939456
    }
  }
}
