{
  "timestamp": 1778700015,
  "usdToBrl": 4.9039,
  "metals": {
    "XAU": {
      "name": "Ouro",
      "usd_oz": 4691.399902,
      "usd_g": 150.83200930128814,
      "brl_oz": 23006.155979417803,
      "brl_g": 739.6650904125869,
      "chg_1h": -0.1702345015710476,
      "chg_24h": -0.21907592089674355
    },
    "XAG": {
      "name": "Prata",
      "usd_oz": 88.116997,
      "usd_g": 2.833027238935552,
      "brl_oz": 432.1169415883,
      "brl_g": 13.892882277016055,
      "chg_1h": -0.6527938199331885,
      "chg_24h": 2.0238672895181984
    },
    "XPT": {
      "name": "Platina",
      "usd_oz": 2162,
      "usd_g": 69.5099140813737,
      "brl_oz": 10602.2318,
      "brl_g": 340.86966766364844,
      "chg_1h": -0.871160018340211,
      "chg_24h": 1.550023485204321
    },
    "XPD": {
      "name": "Paládio",
      "usd_oz": 1529,
      "usd_g": 49.15849150343218,
      "brl_oz": 7498.0631,
      "brl_g": 241.0683264836811,
      "chg_1h": -0.649772579597141,
      "chg_24h": 1.1243386243386242
    },
    "XCU": {
      "name": "Cobre",
      "usd_oz": 6.336459,
      "usd_g": 0.20372188745150188,
      "brl_oz": 31.0733612901,
      "brl_g": 0.9990317638734201,
      "chg_1h": 0.27876934451933405,
      "chg_24h": 1.8407801955889171
    }
  }
}
