{
  "timestamp": 1772813054,
  "usdToBrl": 5.2765,
  "metals": {
    "XAU": {
      "name": "Ouro",
      "usd_oz": 5145.299805,
      "usd_g": 165.42523005016596,
      "brl_oz": 27149.1744210825,
      "brl_g": 872.8662263597008,
      "chg_1h": 0.8684533424818595,
      "chg_24h": 0.9377107405590908
    },
    "XAG": {
      "name": "Prata",
      "usd_oz": 84.554001,
      "usd_g": 2.718474257514517,
      "brl_oz": 446.1491862765,
      "brl_g": 14.34402941977535,
      "chg_1h": 1.887022242818504,
      "chg_24h": 2.7612394633392325
    },
    "XPT": {
      "name": "Platina",
      "usd_oz": 2136,
      "usd_g": 68.67399467058937,
      "brl_oz": 11270.604000000001,
      "brl_g": 362.3583328793648,
      "chg_1h": 1.0406811731315044,
      "chg_24h": 0.14064697609001406
    },
    "XPD": {
      "name": "Paládio",
      "usd_oz": 1662,
      "usd_g": 53.434540797059704,
      "brl_oz": 8769.543000000001,
      "brl_g": 281.94735451568556,
      "chg_1h": 1.033434650455927,
      "chg_24h": 0.12048192771084339
    },
    "XCU": {
      "name": "Cobre",
      "usd_oz": 5.797818,
      "usd_g": 0.18640417716902954,
      "brl_oz": 30.592186677000004,
      "brl_g": 0.9835616408323845,
      "chg_1h": 0.022168423780218324,
      "chg_24h": -0.17570522706263422
    }
  }
}
