{
  "timestamp": 1784070672,
  "usdToBrl": 5.1233,
  "metals": {
    "XAU": {
      "name": "Ouro",
      "usd_oz": 4050.699951,
      "usd_g": 130.2330275501548,
      "brl_oz": 20752.9510589583,
      "brl_g": 667.222870047708,
      "chg_1h": -0.0518184458796104,
      "chg_24h": 1.3004226532924976
    },
    "XAG": {
      "name": "Prata",
      "usd_oz": 58.825001,
      "usd_g": 1.8912676990502877,
      "brl_oz": 301.37812762330003,
      "brl_g": 9.689531802544339,
      "chg_1h": -0.052667528419654816,
      "chg_24h": 2.077120569067838
    },
    "XPT": {
      "name": "Platina",
      "usd_oz": 1635,
      "usd_g": 52.56647063970675,
      "brl_oz": 8376.595500000001,
      "brl_g": 269.3137990284096,
      "chg_1h": -0.061124694376528114,
      "chg_24h": 1.8691588785046727
    },
    "XPD": {
      "name": "Paládio",
      "usd_oz": 1325,
      "usd_g": 42.59973920343207,
      "brl_oz": 6788.3725,
      "brl_g": 218.25124386094356,
      "chg_1h": -0.2259036144578313,
      "chg_24h": 4.248623131392605
    },
    "XCU": {
      "name": "Cobre",
      "usd_oz": 6.17167,
      "usd_g": 0.19842379807520424,
      "brl_oz": 31.619316911000002,
      "brl_g": 1.016584644678694,
      "chg_1h": 0,
      "chg_24h": 0.7844526280395949
    }
  }
}
