{
  "timestamp": 1774413979,
  "usdToBrl": 5.2669,
  "metals": {
    "XAU": {
      "name": "Ouro",
      "usd_oz": 4569.5,
      "usd_g": 146.91283644534556,
      "brl_oz": 24067.09955,
      "brl_g": 773.7752182739905,
      "chg_1h": 0,
      "chg_24h": 5.428909473804304
    },
    "XAG": {
      "name": "Prata",
      "usd_oz": 73.557999,
      "usd_g": 2.36494458394439,
      "brl_oz": 387.42262493309994,
      "brl_g": 12.455926629176707,
      "chg_1h": 0,
      "chg_24h": 10.850231747483893
    },
    "XPT": {
      "name": "Platina",
      "usd_oz": 1982,
      "usd_g": 63.722779699020656,
      "brl_oz": 10438.995799999999,
      "brl_g": 335.62150839677184,
      "chg_1h": 0,
      "chg_24h": 7.600434310532031
    },
    "XPD": {
      "name": "Paládio",
      "usd_oz": 1484,
      "usd_g": 47.71170790784392,
      "brl_oz": 7816.079599999999,
      "brl_g": 251.29279437982314,
      "chg_1h": 0,
      "chg_24h": 4.65444287729196
    },
    "XCU": {
      "name": "Cobre",
      "usd_oz": 5.432222,
      "usd_g": 0.17464999282652544,
      "brl_oz": 28.6109700518,
      "brl_g": 0.9198640472180267,
      "chg_1h": 0,
      "chg_24h": 0.13517327266972715
    }
  }
}
