{
  "timestamp": 1773821204,
  "usdToBrl": 5.2089,
  "metals": {
    "XAU": {
      "name": "Ouro",
      "usd_oz": 4995.200195,
      "usd_g": 160.59941552900608,
      "brl_oz": 26019.498295735502,
      "brl_g": 836.5462955490398,
      "chg_1h": -0.29938923428587666,
      "chg_24h": -0.5870997045625724
    },
    "XAG": {
      "name": "Prata",
      "usd_oz": 79.762001,
      "usd_g": 2.5644078799576517,
      "brl_oz": 415.47228700889997,
      "brl_g": 13.357744205911413,
      "chg_1h": -0.31618821866136015,
      "chg_24h": -1.591572037912159
    },
    "XPT": {
      "name": "Platina",
      "usd_oz": 2106,
      "usd_g": 67.70947227353052,
      "brl_oz": 10969.9434,
      "brl_g": 352.69187012559314,
      "chg_1h": -0.4725897920604915,
      "chg_24h": -1.9096413600372613
    },
    "XPD": {
      "name": "Paládio",
      "usd_oz": 1608,
      "usd_g": 51.6984004823538,
      "brl_oz": 8375.9112,
      "brl_g": 269.2917982725327,
      "chg_1h": -0.37174721189591076,
      "chg_24h": -1.77153329260843
    },
    "XCU": {
      "name": "Cobre",
      "usd_oz": 5.718137,
      "usd_g": 0.1838423735316947,
      "brl_oz": 29.785203819299998,
      "brl_g": 0.9576165394892444,
      "chg_1h": -0.26765580363629027,
      "chg_24h": -0.9610771463201906
    }
  }
}
