{
  "timestamp": 1784578033,
  "usdToBrl": 5.1043,
  "metals": {
    "XAU": {
      "name": "Ouro",
      "usd_oz": 4009.699951,
      "usd_g": 128.91484694084104,
      "brl_oz": 20466.711459889302,
      "brl_g": 658.020053240135,
      "chg_1h": 0.05239676985356154,
      "chg_24h": -0.2388499958441368
    },
    "XAG": {
      "name": "Prata",
      "usd_oz": 56.543999,
      "usd_g": 1.8179317818257539,
      "brl_oz": 288.6175340957,
      "brl_g": 9.279269193973196,
      "chg_1h": -0.4524568309089034,
      "chg_24h": 0.8273840646439333
    },
    "XPT": {
      "name": "Platina",
      "usd_oz": 1598,
      "usd_g": 51.376893016667516,
      "brl_oz": 8156.6714,
      "brl_g": 262.243075024976,
      "chg_1h": 0,
      "chg_24h": -0.125
    },
    "XPD": {
      "name": "Paládio",
      "usd_oz": 1279,
      "usd_g": 41.12080486127519,
      "brl_oz": 6528.3997,
      "brl_g": 209.89292425340696,
      "chg_1h": -0.5443234836702955,
      "chg_24h": 0.7086614173228346
    },
    "XCU": {
      "name": "Cobre",
      "usd_oz": 6.126027,
      "usd_g": 0.19695634154957237,
      "brl_oz": 31.2690796161,
      "brl_g": 1.0053242541714822,
      "chg_1h": -0.09740704500978484,
      "chg_24h": 0.21972661042869102
    }
  }
}
