{
  "timestamp": 1783690159,
  "usdToBrl": 5.1453,
  "metals": {
    "XAU": {
      "name": "Ouro",
      "usd_oz": 4089.899902,
      "usd_g": 131.49333524025843,
      "brl_oz": 21043.7619657606,
      "brl_g": 676.5726578117017,
      "chg_1h": 0,
      "chg_24h": -0.8124363582525982
    },
    "XAG": {
      "name": "Prata",
      "usd_oz": 59.587002,
      "usd_g": 1.9157666000863287,
      "brl_oz": 306.59300139059997,
      "brl_g": 9.857193887424186,
      "chg_1h": 0,
      "chg_24h": -1.0839973079682148
    },
    "XPT": {
      "name": "Platina",
      "usd_oz": 1616,
      "usd_g": 51.95560645490282,
      "brl_oz": 8314.8048,
      "brl_g": 267.3271818924115,
      "chg_1h": 0,
      "chg_24h": -0.5538461538461538
    },
    "XPD": {
      "name": "Paládio",
      "usd_oz": 1292,
      "usd_g": 41.53876456666735,
      "brl_oz": 6647.727599999999,
      "brl_g": 213.7294053248735,
      "chg_1h": 0,
      "chg_24h": 1.4925373134328357
    },
    "XCU": {
      "name": "Cobre",
      "usd_oz": 6.052963,
      "usd_g": 0.19460727940228215,
      "brl_oz": 31.1443105239,
      "brl_g": 1.0013128347085622,
      "chg_1h": 0,
      "chg_24h": -0.05244265364450594
    }
  }
}
