{
  "timestamp": 1775685224,
  "usdToBrl": 5.0818,
  "metals": {
    "XAU": {
      "name": "Ouro",
      "usd_oz": 4720.899902,
      "usd_g": 151.7804563250627,
      "brl_oz": 23990.669121983603,
      "brl_g": 771.3179229527036,
      "chg_1h": 0.004230452936013277,
      "chg_24h": -0.5058062445086329
    },
    "XAG": {
      "name": "Prata",
      "usd_oz": 74.250999,
      "usd_g": 2.3872250513164492,
      "brl_oz": 377.3287267182,
      "brl_g": 12.131400265779932,
      "chg_1h": 0.021550481288464162,
      "chg_24h": 0.6561213186416942
    },
    "XPT": {
      "name": "Platina",
      "usd_oz": 2041,
      "usd_g": 65.61967374656972,
      "brl_oz": 10371.953800000001,
      "brl_g": 333.466058045318,
      "chg_1h": 0,
      "chg_24h": 3.080808080808081
    },
    "XPD": {
      "name": "Paládio",
      "usd_oz": 1586,
      "usd_g": 50.99108405784398,
      "brl_oz": 8059.7348,
      "brl_g": 259.12649096515156,
      "chg_1h": 0.06309148264984228,
      "chg_24h": 5.3120849933598935
    },
    "XCU": {
      "name": "Cobre",
      "usd_oz": 5.658565,
      "usd_g": 0.1819270892571084,
      "brl_oz": 28.755695617000004,
      "brl_g": 0.9245170821867735,
      "chg_1h": 0,
      "chg_24h": 2.2876856694040804
    }
  }
}
