{
  "timestamp": 1774514496,
  "usdToBrl": 5.233,
  "metals": {
    "XAU": {
      "name": "Ouro",
      "usd_oz": 4436.200195,
      "usd_g": 142.62714819714304,
      "brl_oz": 23214.635620435,
      "brl_g": 746.3678665156494,
      "chg_1h": -0.5269412510362705,
      "chg_24h": -2.817201531141393
    },
    "XAG": {
      "name": "Prata",
      "usd_oz": 68.460999,
      "usd_g": 2.201072228684094,
      "brl_oz": 358.256407767,
      "brl_g": 11.518210972703862,
      "chg_1h": -2.0936774217943226,
      "chg_24h": -6.733965543212432
    },
    "XPT": {
      "name": "Platina",
      "usd_oz": 1882,
      "usd_g": 60.50770504215786,
      "brl_oz": 9848.506,
      "brl_g": 316.6368204856121,
      "chg_1h": -0.9994739610731194,
      "chg_24h": -4.94949494949495
    },
    "XPD": {
      "name": "Paládio",
      "usd_oz": 1410,
      "usd_g": 45.332552661765455,
      "brl_oz": 7378.53,
      "brl_g": 237.2252480790186,
      "chg_1h": -0.7042253521126761,
      "chg_24h": -5.432595573440644
    },
    "XCU": {
      "name": "Cobre",
      "usd_oz": 5.4673,
      "usd_g": 0.17577777671465974,
      "brl_oz": 28.610380899999996,
      "brl_g": 0.9198451055478144,
      "chg_1h": 0.12597929720070367,
      "chg_24h": 0.7017979451108509
    }
  }
}
