{
  "timestamp": 1775154676,
  "usdToBrl": 5.1818,
  "metals": {
    "XAU": {
      "name": "Ouro",
      "usd_oz": 4657.399902,
      "usd_g": 149.7388839179548,
      "brl_oz": 24133.7148121836,
      "brl_g": 775.9169486860583,
      "chg_1h": 0.1225295432007041,
      "chg_24h": -2.2704422061223437
    },
    "XAG": {
      "name": "Prata",
      "usd_oz": 72.691002,
      "usd_g": 2.3370699831216295,
      "brl_oz": 376.67023416359996,
      "brl_g": 12.11022923853966,
      "chg_1h": 0.17778728137523114,
      "chg_24h": -4.08006429199415
    },
    "XPT": {
      "name": "Platina",
      "usd_oz": 1991,
      "usd_g": 64.01213641813831,
      "brl_oz": 10316.9638,
      "brl_g": 331.6980884915091,
      "chg_1h": -0.15045135406218654,
      "chg_24h": 0.7081436519979768
    },
    "XPD": {
      "name": "Paládio",
      "usd_oz": 1530,
      "usd_g": 49.19064225000081,
      "brl_oz": 7928.1539999999995,
      "brl_g": 254.8960700110542,
      "chg_1h": 0.13089005235602094,
      "chg_24h": 1.3916500994035785
    },
    "XCU": {
      "name": "Cobre",
      "usd_oz": 5.528308,
      "usd_g": 0.17773922946131862,
      "brl_oz": 28.6465863944,
      "brl_g": 0.9210091392226608,
      "chg_1h": 0.06019929114701884,
      "chg_24h": -0.7166928719526878
    }
  }
}
