{
  "timestamp": 1773672664,
  "usdToBrl": 5.2433,
  "metals": {
    "XAU": {
      "name": "Ouro",
      "usd_oz": 5000.799805,
      "usd_g": 160.77944717099922,
      "brl_oz": 26220.693617556495,
      "brl_g": 843.0148753517002,
      "chg_1h": -0.594358416144906,
      "chg_24h": -0.3765242796537313
    },
    "XAG": {
      "name": "Prata",
      "usd_oz": 80.527,
      "usd_g": 2.5890031689319053,
      "brl_oz": 422.22721909999996,
      "brl_g": 13.574920315660657,
      "chg_1h": -0.9288625016328961,
      "chg_24h": -0.20819133775325877
    },
    "XPT": {
      "name": "Platina",
      "usd_oz": 2118,
      "usd_g": 68.09528123235407,
      "brl_oz": 11105.3094,
      "brl_g": 357.04398808560205,
      "chg_1h": -0.1885014137606032,
      "chg_24h": 3.9764359351988214
    },
    "XPD": {
      "name": "Paládio",
      "usd_oz": 1627,
      "usd_g": 52.30926466715773,
      "brl_oz": 8530.8491,
      "brl_g": 274.2731674293081,
      "chg_1h": 0.3082614056720099,
      "chg_24h": 3.236040609137056
    },
    "XCU": {
      "name": "Cobre",
      "usd_oz": 5.823446,
      "usd_g": 0.18722813650209033,
      "brl_oz": 30.534074411799995,
      "brl_g": 0.9816932881214102,
      "chg_1h": -0.1943344956155271,
      "chg_24h": -0.8334258567383535
    }
  }
}
