{
  "timestamp": 1776252591,
  "usdToBrl": 4.9815,
  "metals": {
    "XAU": {
      "name": "Ouro",
      "usd_oz": 4806.600098,
      "usd_g": 154.53578160754043,
      "brl_oz": 23944.078388186997,
      "brl_g": 769.8199960779626,
      "chg_1h": 0.09579546022490398,
      "chg_24h": 0.5712195115158765
    },
    "XAG": {
      "name": "Prata",
      "usd_oz": 78.829002,
      "usd_g": 2.5344112655598683,
      "brl_oz": 392.686673463,
      "brl_g": 12.625169719386482,
      "chg_1h": -0.12163572550006885,
      "chg_24h": 1.4360596593643162
    },
    "XPT": {
      "name": "Platina",
      "usd_oz": 2111,
      "usd_g": 67.87022600637367,
      "brl_oz": 10515.9465,
      "brl_g": 338.09553085075044,
      "chg_1h": -0.18912529550827423,
      "chg_24h": 1.0531354715174726
    },
    "XPD": {
      "name": "Paládio",
      "usd_oz": 1615,
      "usd_g": 51.92345570833419,
      "brl_oz": 8045.1224999999995,
      "brl_g": 258.6566946110667,
      "chg_1h": 0.061957868649318466,
      "chg_24h": 1.3810420590081607
    },
    "XCU": {
      "name": "Cobre",
      "usd_oz": 5.906,
      "usd_g": 0.18988230923431684,
      "brl_oz": 29.420738999999998,
      "brl_g": 0.9458987234507493,
      "chg_1h": -0.23877829833639955,
      "chg_24h": 0.8272925447726164
    }
  }
}
