{
  "timestamp": 1780683140,
  "usdToBrl": 5.0599,
  "metals": {
    "XAU": {
      "name": "Ouro",
      "usd_oz": 4331.600098,
      "usd_g": 139.2641769874421,
      "brl_oz": 21917.463335870198,
      "brl_g": 704.6628091387583,
      "chg_1h": 0,
      "chg_24h": -3.29738381956775
    },
    "XAG": {
      "name": "Prata",
      "usd_oz": 68.740997,
      "usd_g": 2.2100743734218162,
      "brl_oz": 347.82257072029995,
      "brl_g": 11.182755322077048,
      "chg_1h": 0,
      "chg_24h": -7.223360986237277
    },
    "XPT": {
      "name": "Platina",
      "usd_oz": 1793,
      "usd_g": 57.64628859754997,
      "brl_oz": 9072.4007,
      "brl_g": 291.6844556747431,
      "chg_1h": 0,
      "chg_24h": -5.7308096740273395
    },
    "XPD": {
      "name": "Paládio",
      "usd_oz": 1269,
      "usd_g": 40.79929739558891,
      "brl_oz": 6421.0131,
      "brl_g": 206.4403648919403,
      "chg_1h": 0,
      "chg_24h": -5.439642324888227
    },
    "XCU": {
      "name": "Cobre",
      "usd_oz": 6.197962,
      "usd_g": 0.19926910550398663,
      "brl_oz": 31.3610679238,
      "brl_g": 1.008281746939622,
      "chg_1h": 0,
      "chg_24h": -1.8860379873375437
    }
  }
}
