{
  "timestamp": 1779342692,
  "usdToBrl": 5.0299,
  "metals": {
    "XAU": {
      "name": "Ouro",
      "usd_oz": 4526.399902,
      "usd_g": 145.52713611746452,
      "brl_oz": 22767.3388670698,
      "brl_g": 731.9869419572348,
      "chg_1h": 0,
      "chg_24h": 1.1983567192093558
    },
    "XAG": {
      "name": "Prata",
      "usd_oz": 75.315002,
      "usd_g": 2.42143354211771,
      "brl_oz": 378.8269285598,
      "brl_g": 12.179568573497868,
      "chg_1h": 0,
      "chg_24h": 1.2747657405071893
    },
    "XPT": {
      "name": "Platina",
      "usd_oz": 1935,
      "usd_g": 62.21169461029514,
      "brl_oz": 9732.8565,
      "brl_g": 312.9186027203235,
      "chg_1h": 0,
      "chg_24h": 0.2590673575129534
    },
    "XPD": {
      "name": "Paládio",
      "usd_oz": 1380,
      "usd_g": 44.36803026470661,
      "brl_oz": 6941.262,
      "brl_g": 223.16675542844777,
      "chg_1h": 0,
      "chg_24h": -0.5763688760806917
    },
    "XCU": {
      "name": "Cobre",
      "usd_oz": 6.11193,
      "usd_g": 0.19650311247519442,
      "brl_oz": 30.742396706999997,
      "brl_g": 0.9883910054389803,
      "chg_1h": 0,
      "chg_24h": 0.636079336782209
    }
  }
}
