{
  "timestamp": 1776112621,
  "usdToBrl": 5.0274,
  "metals": {
    "XAU": {
      "name": "Ouro",
      "usd_oz": 4740.799805,
      "usd_g": 152.42025306315594,
      "brl_oz": 23833.896939657,
      "brl_g": 766.2775802497102,
      "chg_1h": -0.027420193018461207,
      "chg_24h": -0.1768800988605345
    },
    "XAG": {
      "name": "Prata",
      "usd_oz": 75.640999,
      "usd_g": 2.4319145890468423,
      "brl_oz": 380.27755837259997,
      "brl_g": 12.226207404974096,
      "chg_1h": 0.03570899663313465,
      "chg_24h": -0.49070039729523796
    },
    "XPT": {
      "name": "Platina",
      "usd_oz": 2082,
      "usd_g": 66.93785435588346,
      "brl_oz": 10467.0468,
      "brl_g": 336.5233689887685,
      "chg_1h": 0.04805382027871216,
      "chg_24h": 1.3631937682570594
    },
    "XPD": {
      "name": "Paládio",
      "usd_oz": 1601,
      "usd_g": 51.4733452563734,
      "brl_oz": 8048.8674,
      "brl_g": 258.7770959418916,
      "chg_1h": 0.0625,
      "chg_24h": 3.490627020038785
    },
    "XCU": {
      "name": "Cobre",
      "usd_oz": 5.749056,
      "usd_g": 0.18483644246485012,
      "brl_oz": 28.902804134400004,
      "brl_g": 0.9292467308477875,
      "chg_1h": 0,
      "chg_24h": -0.13788445845174296
    }
  }
}
