{
  "timestamp": 1773342514,
  "usdToBrl": 5.1621,
  "metals": {
    "XAU": {
      "name": "Ouro",
      "usd_oz": 5091.5,
      "usd_g": 163.69552615416936,
      "brl_oz": 26282.83215,
      "brl_g": 845.0126755604376,
      "chg_1h": -0.3795789855404629,
      "chg_24h": -1.5716789372249764
    },
    "XAG": {
      "name": "Prata",
      "usd_oz": 84.821999,
      "usd_g": 2.727090593293416,
      "brl_oz": 437.8596410379,
      "brl_g": 14.077514351639943,
      "chg_1h": -0.3629676743947782,
      "chg_24h": -0.9354986284584872
    },
    "XPT": {
      "name": "Platina",
      "usd_oz": 2154,
      "usd_g": 69.25270810882468,
      "brl_oz": 11119.1634,
      "brl_g": 357.48940452856385,
      "chg_1h": 0.046446818392940084,
      "chg_24h": -1.3736263736263736
    },
    "XPD": {
      "name": "Paládio",
      "usd_oz": 1655,
      "usd_g": 53.209485571079306,
      "brl_oz": 8543.2755,
      "brl_g": 274.67268546646847,
      "chg_1h": 0.30303030303030304,
      "chg_24h": -0.30120481927710846
    },
    "XCU": {
      "name": "Cobre",
      "usd_oz": 5.817138,
      "usd_g": 0.18702532959273543,
      "brl_oz": 30.0286480698,
      "brl_g": 0.9654434538906596,
      "chg_1h": -0.15497324398699786,
      "chg_24h": 0.08137763212768864
    }
  }
}
