{
  "timestamp": 1775755186,
  "usdToBrl": 5.0992,
  "metals": {
    "XAU": {
      "name": "Ouro",
      "usd_oz": 4797.5,
      "usd_g": 154.24320666299275,
      "brl_oz": 24463.412,
      "brl_g": 786.5169594159325,
      "chg_1h": -0.03542663216616136,
      "chg_24h": 0.7306738525455232
    },
    "XAG": {
      "name": "Prata",
      "usd_oz": 76.455002,
      "usd_g": 2.458085393205945,
      "brl_oz": 389.8593461983999,
      "brl_g": 12.534269037035756,
      "chg_1h": 0.35308982042985254,
      "chg_24h": 0.8587950390639589
    },
    "XPT": {
      "name": "Platina",
      "usd_oz": 2115,
      "usd_g": 67.99882899264819,
      "brl_oz": 10784.807999999999,
      "brl_g": 346.7396287993116,
      "chg_1h": -0.18876828692779613,
      "chg_24h": 2.4709302325581395
    },
    "XPD": {
      "name": "Paládio",
      "usd_oz": 1587,
      "usd_g": 51.02323480441261,
      "brl_oz": 8092.430399999999,
      "brl_g": 260.17767891466076,
      "chg_1h": -0.06297229219143577,
      "chg_24h": -1.4285714285714286
    },
    "XCU": {
      "name": "Cobre",
      "usd_oz": 5.673382,
      "usd_g": 0.18240346686901576,
      "brl_oz": 28.9297094944,
      "brl_g": 0.9301117582584851,
      "chg_1h": 0.08268216935292078,
      "chg_24h": 0.15614691898031546
    }
  }
}
